,CD4 T,CD14 Monocytes,B,CD8 T,NK,FCGR3A Monocytes,Dendritic,Megakaryocytes
0,RPS3,LYZ,CD74,GZMK,NKG7,FTL,CD74,PPBP
1,BRWD1,S100A9,HLA-DRA,NKG7,GNLY,LST1,HLA-DRA,PF4
2,RPS25,S100A8,RPL18A,S100A6,GZMB,ACTB,LYZ,GPX1
3,SELL,FTL,CD37,CCL5,PRF1,PRELID1,CST3,TMSB10
4,VIM,LGALS2,CD79A,TXNIP,FGFBP2,FTH1,HLA-DPA1,OAZ1
5,RBM39,RPL32,FTL,CST7,CTSW,RPLP2,HLA-DPB1,HIST1H2AC
6,MT-ND4,LGALS1,CD79B,PFN1,HLA-C,RPL28,HLA-DRB1,TMSB4X
7,RPL22,MT-ND1,HLA-DPB1,GZMA,B2M,HLA-B,GZMB,FTL
8,RPL7A,MT-ATP6,RPL12,UBB,TYROBP,RPL29,RPL10,FTH1
9,RPL21,RPS24,MS4A1,CTSW,HLA-E,C1orf162,RPL19,SDPR
10,RPS14,UBXN1,RPL21,CCT2,ARHGDIB,SRGN,SRGN,TSC22D1
11,NEMF,NEAT1,IGLL5,HLA-C,GZMA,RPL24,UBB,GRAP2
12,UBXN4,MT-CO1,RPS27,IL32,FCGR3A,RPL23,HLA-DQA1,GNG11
13,RPL30,DUSP1,IGJ,S100A4,C14orf166,RPS19,RPS18,ACRBP
14,RPLP2,RPS11,RPS19,CDC42EP3,CST7,ARPC1B,S100A9,MYL12A
15,RPS27A,RPL11,RPS23,COX6C,PHF14,SAT1,FCER1A,CD74
16,MT-ND2,CALM1,RPL10A,RPSA,RPL15,COTL1,VIM,NGFRAP1
17,RPL13A,FTH1,EEF1B2,TMEM222,RPS4X,TYROBP,RPS2,C2orf88
18,SRP14,HNRNPA1,RPS15A,PTPRCAP,DHRS7,FCGR3A,ANXA1,TUBA4A
19,RBM7,IER2,COX4I1,RPL28,FCER1G,MT-CYB,RPL6,CCL5
20,MALAT1,C4orf33,JUNB,PTPN4,RPS6,IFITM2,RPL11,TUBB1
21,NAP1L1,CFD,HLA-DPA1,PCSK7,TMX2,RPL10,RPL12,PTCRA
22,RPL3,ZNF394,LTB,SH3BGRL3,RPL23A,S100A4,GNB2L1,PTMA
23,TRAPPC1,NPC2,RPL18,RPL36,SRGN,IDH2,ARAP1,GSTO1
24,RPS28,EDF1,RPS18,RPLP0,ID2,WARS,WHAMM,ARPC5
25,RPS10,H3F3B,RPLP2,RPS12,SPON2,RPL35,RPS7,NRGN
26,NOSIP,RRS1,LAPTM5,RPL13A,PSMA7,ISG15,RPL3,TAGLN2
27,RPS20,ASAH1,RPL5,CCNI,ZNF32,GZMB,H3F3B,CFD
28,ATP5H,NBR1,HLA-DQA1,LRRFIP1,RPL29,MALAT1,HLA-DRB5,TMEM40
29,MT-ATP6,RPS9,RPL15,RPL17,HLA-B,SH3BGRL3,RPL5,RGS10
30,RGCC,RPS4X,CGRRF1,HMGB2,CLIC3,CDA,CEBPB,RPLP1
31,RPL35,TMSB10,HLA-DRB1,LEPROTL1,TTC3,SAMM50,NACA,PRUNE
32,SH3BGRL,ATP5G2,RPL11,ANKRA2,XCL2,CST3,RPL23,RUFY1
33,ATP5G2,RPS16,BTG1,FOS,TMSB10,ADI1,HLA-DMA,MPP1
34,ACTG1,JUNB,TPT1,B2M,MLLT11,UBE2D3,SRSF7,SAT1
35,FAM210B,GSTP1,TCL1A,CTC-444N24.11,PSMC4,RPL7A,RPS5,RPS19
36,PPDPF,BRI3,CD52,GZMH,CD7,PPBP,HLA-DQB1,EOGT
37,PLP2,LY6E,EIF5B,RIC3,NT5C,C1QB,RPS8,MMD
38,RPL38,PSMA7,HLA-DQB1,ANXA2R,PLAC8,MYL6,CYBA,RAP1B
39,PTMA,S100A10,RPL29,STOML2,GOSR2,FAM26F,EIF3K,RHEB
40,JUNB,STRA13,LINC00926,RPS3,SELL,ABI3,NPC2,GP9
41,TMEM50A,TMSB4X,RPL23A,NCR3,JUN,ATP5L,RPS15,CLU
42,TAF1D,MT-CO3,RPL35,MALAT1,CALM1,RPL18A,RPLP0,MT-ND1
43,RPS13,MS4A6A,RPL9,DUSP2,RPL24,RPL12,COMMD5,TALDO1
44,TMSB10,SNRPB,SAFB2,MRP63,CD63,RPS15,CUL4B,CA2
45,CD3D,NKIRAS2,HLA-E,SDCBP,IFITM2,MT2A,RPL10A,TPM4
46,CISH,FAU,CCDC107,RP5-1028K7.2,GZMM,PSAP,IRF7,ODC1
47,CRIP1,ATP5O,RPL7,GIMAP4,MYL12A,CCL5,TYROBP,CLDN5
48,JUN,C6orf48,RPL8,MT2A,ITGB2,EIF1,RNASET2,CALM3
49,N4BP2L1,RFXANK,RPLP1,RPL18A,NDUFB11,COX5B,SPCS1,CD9
50,RPS9,RPS27A,ISG20,RPL4,GZMH,TMSB4X,IFI6,H3F3B
51,EAPP,HLA-DPA1,GLG1,MT-CO2,EIF4A1,RHOC,S100A8,SH3BGRL3
52,SRSF3,FCN1,HLA-C,PPIA,CD247,RAB8A,PLAC8,RGS18
53,GLYCTK,TNFSF13B,RPL37A,RPS16,MT-CO1,DRAP1,RPS4X,C4orf3
54,IL32,ZNF106,CXCR4,RARRES3,RPS7,CSTB,IRF8,NAP1L1
55,GALT,FYB,KLF2,CD8A,HOPX,MVD,RPL8,RPL35A
56,MAL,FAM32A,CD48,HCST,KLRG1,C1QA,LSP1,FCER1G
57,VAMP8,S100A6,RPL34,POLR2L,CNBP,RPL37A,RPL14,MAX
58,FYB,PNRC1,EIF3I,HLA-E,PPIA,RPL30,PLD4,PTPN18
59,RPL31,OLA1,SLC25A3,UBC,KLF6,ISCU,LILRA4,SPARC
60,RBPJ,RPL27,RPL24,UBXN1,HLA-A,RPL21,S100A10,LIMS1
61,TCP1,SRSF5,PTPN6,GPSM3,CRTAP,PPDPF,ARPC3,MAP3K7CL
62,EIF3F,RHOA,EIF1,IFI44,IGFBP7,HLA-DRB1,RPL28,ITM2B
63,SKP1,RPL13,RPSA,RPL3,TTC8,LILRA3,CLEC10A,AC147651.3
64,TMEM123,RPL6,PWP1,RPS27A,REEP5,EFHD2,GSTP1,OST4
65,GPS1,CXCL10,HNRNPDL,LAMP2,BTG1,CYBA,SERPINF1,H3F3A
66,ARID4A,CD63,VPREB3,HLA-A,BST2,LDHA,GPX1,FERMT3
67,RPL18,TPT1,NACA,RPL14,XCL1,NDUFA11,RPL9,NFE2
68,APRT,CHMP1B,CAND1,MOCS2,SAAL1,RPL37,FKBP3,NCOA4
69,B2M,TNFRSF1A,RPS7,MT-CYB,XBP1,IFITM3,ITM2C,PPIB
70,POLR3GL,CTSS,PTPRCAP,RPL10,EEF2,LSM6,IL8,TIMP1
71,MT-ND1,FGR,WTAP,HNRNPA1,PSMB9,MT-ND4,TAGLN2,GPX4
72,GTF3A,ITM2B,RPS29,EIF1,PTGDR,NKG7,TMEM165,YWHAH
73,RPL11,CCL3,TSC22D3,HNRNPM,CTSD,RPS21,EEF1A1,PRDX6
74,DDX17,RPL36A,EVL,FXYD5,HSP90AA1,SERPINA1,LIMD2,ESAM
75,CD69,SUMO3,JUN,NDUFA4,RPL35A,YBX1,ZNF263,SRGN
76,HMGN1,CDC5L,RASGRP2,RPL27A,ANXA6,ADAR,VAMP8,DNAJB6
77,GIMAP7,C19orf43,PTMA,LDHA,IL2RB,SLC25A6,CFP,NT5C3A
78,CWC15,CD14,TINF2,ANXA1,ABI3,FKBP1A,ALDH2,CTSA
79,GAPDH,EIF3K,CD69,RPS3A,DYNLL1,SERF2,IL1B,RPS11
80,OCIAD2,TMEM208,EAF2,PGK1,PTPN7,CASC7,CAPNS1,YBX1
81,CCDC109B,S100A4,ARHGDIB,CFL1,CIRBP,CD44,OAZ1,H2AFJ
82,DBI,CSF3R,RPS6,NFKBIA,ANXA1,TPI1,FOS,ARF1
83,NEAT1,NOSIP,RPL31,IER2,PTMA,AP1S2,PPIA,HLA-C
84,RPS23,SELK,HLA-DRB5,ZRANB3,KLRD1,SQSTM1,ZFP36,PDLIM1
85,TRAF3IP3,MT-CO2,RPS5,RPL27,DEF6,GABARAP,DBI,MYL6
86,RPS19,GPSM3,RPS21,ATP5A1,GHITM,PSMC4,RNASE6,LYL1
87,NBEAL1,ARPC2,HLA-DMB,RPS24,LCP1,ZNF706,EIF4A1,PGRMC1
88,NDUFC2,PSMD4,HNRNPA2B1,CXCR4,CCL3,AIF1,TXN,SEPT5
89,HCLS1,DEDD,BANK1,ZAP70,EMP3,LAPTM5,GRN,LAMTOR1
90,RPL27A,THYN1,RPS11,PHACTR4,CCL4,TMEM176B,HERPUD1,PRDX5
91,CD3E,PPIL2,EEF2,GIMAP5,PSME1,ACTG1,ZNF330,TGFB1
92,RPL35A,TALDO1,POLD4,C9orf16,AKR1C3,TUBA1B,RPL4,MZB1
93,CD40LG,ZFP36,FCRLA,PACS1,ARPC5L,MT-CO2,RPL7A,CDC42SE2
94,NAP1L4,CTSZ,GUCD1,DDX46,S100B,MYL12B,MYL12A,RPL35
95,RPS29,EIF4A1,SNX2,AMICA1,DUSP1,ATP5I,RPL32,ILK
96,COMMD6,CHIC2,RPL27,ATP6V0E1,FNBP1,RPLP1,CHCHD2,FAM110A
97,RGS10,FOS,EIF4A2,PRDX3,RPS2,COX8A,EIF3L,CMTM5
98,TOMM20,WDR83OS,TOMM7,PRR5,PIM1,C19orf53,RPS9,MAPK14
99,H2AFZ,SNRNP35,TRPC4AP,UBE2D2,SIVA1,LGALS3,COMMD6,PPDPF
100,CR1,RPL23A,RPSAP58,ATP5E,PRDX5,RXRA,HLA-DQA2,ETFA
101,RRAGC,APOBEC3B,LY86,PFDN5,ACADM,APMAP,FCER1G,HIST1H2BJ
102,SH3GLB1,CD37,FAIM3,TMX2,NACA,PRR13,RPL27A,MIF
103,FERMT3,EIF3M,DDX56,PLA2G12A,SERF2,WDR1,ALOX5AP,TMEM140
104,EEF1A1,CD74,YBX1,C9orf142,ARPC3,ARPC1A,CLIC3,CCND3
105,EDF1,NCF2,SNX3,HSPA5,STX5,GIMAP4,LAMTOR1,TREML1
106,RPS15A,EMC10,DDX5,ITSN2,PRSS23,RPL36AL,AP2S1,VDAC3
107,SLC2A3,KLF6,MYCBP2,APOBEC3G,RPSA,BID,TYMP,CLEC1B
108,COX4I1,RPL31,SAT1,C12orf57,LIMD2,TPM3,CXCR3,SLC40A1
109,ITM2B,ANXA2,NCF1,STX18,SSR2,APH1B,ATP5G3,DMTN
110,POLR2E,RGS2,HLA-DQA2,CCDC91,IFITM1,RPL7,C1orf162,AP3S1
111,PRDX2,TRIM14,GNB2L1,ABT1,CD69,ATP1B3,ZNHIT1,NDUFB7
112,NSMCE1,RAC1,FAU,BLOC1S1,PABPC1,DNAJB11,CLEC4C,MYL9
113,RPS15,GRN,CD72,RPL7,EMG1,PGLS,DNASE1L3,CLIC1
114,LDHB,HIGD2A,CYB5A,RPL36AL,RHOC,ACAA1,AP1S2,CCDC85B
115,CPQ,RPL3,TXNIP,POLR1D,LAMTOR2,TBC1D10C,MZB1,UBL5
116,C1orf162,MRPL9,AL928768.3,TMED10,RPS20,PKM,ALDOA,PLA2G12A
117,GIT2,CST3,CLIC1,CD3D,RPL32,LRRC25,PTGDS,RPL36A
118,RPL36A,RPS14,FCER2,NME3,HCST,CASP4,ID2,CD99
119,NDUFA12,MYADM,P2RX5,ATP5L,MRPL23,EEF1D,PPP1R14B,FKBP1A
120,RPL41,CEBPD,STX7,RORA,RPS14,ARL6IP5,SRP14,RBX1
121,GUSB,APOBEC3A,EVI2B,USP8,RPL10,COPE,SEP15,ICAM2
122,NOL7,GABARAPL2,SMIM14,METTL9,CHMP2A,TMED5,APP,GLA
123,BIN2,CPPED1,UBA52,UBA52,SLC25A5,FXN,GABARAP,SMOX
124,SH3BP5,CD99,RPL19,CLPP,RPS15A,ATP6V0D1,SSR4,RASGRP2
125,STK17B,VPS29,GNG7,RPS26,ICAM2,S100A6,EEF1B2,TSC22D3
126,TRIT1,POLR2G,COQ7,NFE2L2,MATK,MT-CO1,ARF5,TUBA1C
127,BTG1,NAAA,RPL17,MZT2A,GPR56,UFC1,LILRB4,PARVB
128,RPL9,GPX4,HLA-F,ATXN10,CLIC1,EVL,SCT,ITGA2B
129,PTGES3,EVI2B,GLTSCR2,GLRX3,CCDC12,HCLS1,H2AFY,AP001189.4
130,TRABD2A,ST20,TAGLN2,RPL13,SCP2,FCER1G,CIR1,FXYD5
131,RNASET2,MPEG1,ISCU,FUS,APMAP,ATP5H,COX6A1,MTPN
132,SOCS3,ZBP1,COMTD1,EID1,RPL3,NDUFA2,SRSF2,HIST1H2BK
133,LAT,HLA-DMA,AKNA,RPL26,GMFG,CHCHD10,UBA52,PNMA1
134,TBCC,SGK1,RTFDC1,SPSB3,H3F3B,UBC,DBNL,MFSD1
135,RTN4,COX7A2L,HMGB1,MT-ND5,DRAP1,HCST,MRPL14,RP11-367G6.3
136,RGS1,HSD17B11,RPL22L1,ATP5J,SLC25A3,UBE2L6,RPL18A,C19orf24
137,ATXN7L3B,POLR2J,HVCN1,UBE2D3,RPL6,RPS26,TMED2,FAM212A
138,SNRPD2,CD48,ANAPC16,PRDX5,TMEM141,PABPC1,ANXA2,SERF2
139,TTC39C,EXOC6,PPA1,RPS4X,LSM6,VAMP8,ARL4C,TLN1
140,C6orf48,TOMM7,PNOC,RPL15,ARF5,MRPS26,RPS10,FAM212B
141,ANXA5,RPL23,SRSF5,NPM1,CTSC,TIMM13,C9orf142,ARPC1B
142,LYPLA1,NHP2L1,SNHG7,POLR3K,APH1A,CSNK2B,COX8A,HSP90AA1
143,MLLT11,MRPL20,C15orf57,NDUFV2,PPP2R5C,CEP85L,RNF130,VAPA
144,CEBPB,ST13,STK17A,PRMT2,NDUFB2,LAP3,NDUFAB1,CDKN2D
145,LY6E,GNG5,PEBP1,MX2,SF3B5,ARF6,BST2,NDUFAF3
146,LDLRAP1,SAT2,FAM65B,TBCB,RPS3A,IFITM1,PLSCR1,LGALSL
147,MED28,SRSF2,MEF2C,NDUFA5,LSM1,RASSF5,SPCS2,RPS12
148,IGBP1,PCGF1,LAMTOR4,INTS12,MRPS7,GNAI2,GADD45B,TMEM91
149,COX7C,NANS,ADA,AHSA1,ACTB,GLUD1,CSTB,RPS28
150,ERP29,METTL9,HNRNPK,RPS8,EFHD2,RNH1,RPL29,HIST1H1C
151,SOD1,RPL34,RPL30,RPS2,TTC38,C9orf142,COX6B1,MARCH2
152,CAPZB,RPL7,FAM26F,GZMM,ICAM3,COX7C,BAG1,RAB32
153,DNAJA1,FPR1,SCAND1,TMEM165,PGK1,ENO1,CALM2,TPM1
154,LZTS2,ATP6V1G1,LRRFIP1,TIGIT,PTPRC,ISOC2,RNF181,CALM1
155,ATAD1,UBE2D1,RPL36,RALY,FIS1,TSPO,CEBPD,GFI1B
156,FTH1,LINC00936,MARCH1,CD48,GLRX,GNAI3,CCDC50,LY6G6F
157,RPS8,AP2S1,PKIG,LDHB,RBL2,SLA,PLP2,BBC3
158,ENTPD3-AS1,CLNS1A,HSP90AB1,GUK1,EIF4A2,RP11-792A8.4,RPL17,C9orf89
159,MRPS36,RWDD1,TYMP,MT-ND3,CD164,OAS1,NDUFS3,ERV3-1
160,CORO1B,LILRA5,PNISR,RPL34,GIMAP7,PRDX1,RNH1,RAB10
161,NDUFS5,EIF3F,MARCKSL1,RAD51B,SCFD1,GDI2,WDR61,RBBP6
162,GSTK1,COX4I1,RP1-313I6.12,CTNNB1,TMBIM6,NINJ1,KLF4,PYCR2
163,STAT1,PYCARD,PLEKHF2,LINC00152,BIN2,POLR2I,TGFBI,RHOC
164,EGLN2,BTF3,RHOA,CITED2,WAS,MNDA,ATP6V1G1,C9orf16
165,RPL23A,TMEM219,RAN,RNF14,SNX3,C5AR1,GDI2,POLR2L
166,UBA52,MZT2B,ARL4A,ADRM1,PNRC1,NME3,CYB561A3,ASAH1
167,RGL4,HSPA5,CXXC5,MLX,ALOX5AP,H2AFY,MT-ND6,ACTN1
168,DERL1,C1QBP,RBBP7,HNRNPR,SRSF3,STXBP2,UCP2,CD82
169,TFG,HMGB2,BBX,MMADHC,PLEKHF1,HLA-F,NCF2,STXBP2
170,EIF4H,SELT,PSMB8,ANXA2,VAMP2,DCTN3,ATP6V0E1,GMPR
171,XXbac-BPG299F13.17,RPL41,RPS25,ACTB,CSNK2B,MS4A7,SERF2,EFTUD2
172,PPP1CA,ATP5J,TANK,TMEM147,MRPS34,PLAC8,SEC61B,MKRN1
173,RPL5,PFDN5,ARPC3,MKRN1,PTPN6,PDCD2,DNAJC8,RHOA
174,ABRACL,LY86,ZCCHC7,ARL4C,HSPA8,ATP5E,BID,ATF4
175,TCEA1,CNPY3,IFT57,IL7R,HINT1,G0S2,GAA,RPL37A
176,CYLD,UBXN4,SWAP70,DPY30,PSMB8,TCEB2,RPL37,PTBP1
177,MRPL21,SRSF9,SP140,SMIM7,WDR45,PSME2,TMED10,SPOCD1
178,LUC7L3,NDUFB1,NBEAL1,MSI2,SUN2,LSP1,PSME1,NDUFB9
179,RPL13,THEMIS2,SMAP2,ATP5J2,PCMT1,CTSS,GSN,DYNLL1
180,ATP1A1,UCP2,PDLIM1,GNAS,PSME2,METTL13,GLIPR1,GP1BA
181,DARS,ATP5E,QRSL1,OCIAD1,CD300A,CSK,RAC1,TMEM219
182,PAIP2,CYBA,CD53,NDUFB3,ARHGDIA,NDUFA1,CD302,WDR1
183,SBDS,RABAC1,ELOVL5,FDPS,EEF1D,GIMAP2,CAPG,SUPT4H1
184,COTL1,UBXN11,LAT2,NAA20,RPL10A,SLC16A3,CHMP5,AATK
185,TAGAP,IFI27,SYPL1,NKTR,NOP58,CHMP4B,RPS23,STX11
186,CCR7,TMEM256,CD22,STK17A,EIF3I,DUSP23,CNPY3,LMNA
187,MYL12A,ORMDL2,GABARAPL2,SLC3A2,C5orf56,EIF3G,GRINA,DAB2
188,PASK,GSTK1,KIF5B,NDUFB8-1,RPL41,CST7,COA5,MT-ND2
189,CHMP4A,CTD-2035E11.3,SYNGR2,HNRNPC,TMEM230,PNISR,FCGRT,RABGAP1L
190,TIMP1,NDUFB11,CCNI,SYNE1,C1orf162,SOD1,CYCS,WBSCR22
191,C14orf80,S100A11,IFIT5,SNRPF,C19orf43,CCT7,RPS3A,CAPN1
192,TMEM66,CARD16,PFDN5,RABAC1,PPP1R18,MTCH1,FAM49B,HHEX
193,FKBP1A,MRP63,SNRPD2,BSG,NDUFB10,STX7,ANTXR2,TPST2
194,EMC7,PHACTR1,ORAI2,XRCC6,RPS24,SLC7A7,DDX5,DAPP1
195,CD52,PDIA6,FCRL1,HIST1H1C,ORAI1,SRSF3,S100A6,SNAP23
196,NDFIP1,BLVRB,NSA2,TMEM248,CFL1,KARS,PSME2,NENF
197,TMSB4X,ZNF703,AES,TIAL1,RPS19,ANKZF1,POMP,GLUL
198,ARVCF,DYNLT1,RPL37,RSF1,TPST2,VASP,ATP6V0B,F13A1
199,FLT3LG,RHOG,BTK,RAB8A,CAST,PPIB,PPIB,RAB37
200,THRAP3,RANBP1,SP100,TAF7,SEPT7,PCBP2,CYC1,ADIPOR1
201,ISG20,ALDH2,LYST,ENO1,JAK1,DERL1,CTSC,EIF1B
202,SREK1IP1,CLTB,WIPF1,SERBP1,KLRC1,DTYMK,LCP1,RP11-879F14.2
203,SF3B1,MGMT,SDCBP,EEF1B2,ORMDL3,STK10,OS9,TUBA8
204,AES,HSD17B10,RAC2,SDHAF2,GYPC,VMP1,CYTH4,PAIP2
205,RPL14,NENF,CD82,TGFB1,RAP1B,SNHG15,MRPL17,CHCHD10
206,ACAP1,COMMD6,ZFP36L1,RPLP1,COX5B,ZMAT2,EIF3J,NDUFS5
207,SCML4,HLA-DRB5,HLA-DOB,ZBTB8OS,SELM,OST4,VIMP,UQCRH
208,U2AF1,ANAPC16,CD55,HSD17B11,SRSF2,CD3G,H1FX,AMD1
209,VPS28,CLTA,STAU1,TEX264,ANAPC16,HSP90AA1,TCL1A,CTNNAL1
210,ETHE1,YWHAE,ANXA6,SERINC1,PSMA1,RPSAP58,NDUFA11,ENKUR
211,TMEM59,CCNI,C1QBP,ANAPC13,EIF6,NDUFA5,SEC11C,MAD2L1BP
212,GLOD4,DDX5,C16orf74,ERGIC3,ATP5G2,RHOB,COPE,LDLRAP1
213,CHURC1,SMIM7,POU2F2,HSP90B1,IL2RG,ANXA5,TRMT112,ATP5I
214,AIF1,SCO2,MRPS18A,BTN3A2,OSTF1,EIF2S2,ATP6V1E1,RAB4A
215,FAM96A,RPS13,POU2AF1,CCT5,APRT,MOB1A,RPS11,INSIG1
216,HP1BP3,BNIP3L,EIF3J,TOMM7,DDX5,SEPT9,C1orf43,SOD2
217,MPHOSPH8,FAM50A,C11orf31,RPS27,ARRDC2,CYTIP,PYCARD,GNAZ
218,SRRM2,RPL4,SCPEP1,KLRB1,MAP2K3,SPRTN,MIR24-2,RTF1
219,MRPS21,CLEC7A,DYNLRB1,PNISR,PFN1,C19orf38,SDHD,RBCK1
220,FOSB,KLF2,C11orf73,ID2,ZAP70,CALM3,SNRPD1,NDNL2
221,BZW1,EWSR1,CALM2,TMEM66,RPS5,PTGES3,GABARAPL2,RPS7
222,SDHB,RPS20,LY6E,RPS19BP1,RPL37,NUP50,CIRBP,CBX3
223,DEGS1,IL17RA,SMDT1,ZNF92,INPP4A,GUK1,PSMB10,SEC61B
224,THEM4,JUND,CNBP,AQP3,CYTIP,FKBP8,AKAP8,C16orf13
225,PIM2,DOK2,HCK,C16orf13,BCAP31,ZNHIT3,APLP2,GTPBP2
226,TRAPPC3,CTSH,ZFAS1,MRPL55,PSMD9,TUBB,MESDC2,CCNDBP1
227,GBP1,CALHM2,CIRBP,CD44,CDC42SE1,GLRX,TPM3,PSMB9
228,ANP32B,NDUFS7,WBP2,BTF3,SDF4,OSCAR,THOC6,CD27-AS1
229,IRF7,CASP1,CD40,HAUS1,PDCD6,MX1,CNDP2,CYB5R1
230,WHSC1L1,ASGR1,RGS2,ECHS1,CARD16,LYN,BLVRB,EXOSC7
231,PSMB8,DHPS,TNFRSF17,DCAF11,RAMP1,MT-ND2,MRPL55,XPNPEP1
232,RPS27,EIF5,CD19,HTATIP2,LSM4,CAMK1,AMICA1,PKM
233,ARPC5,TKT,LBH,TECR,MSN,BAX,EIF4A3,RAB27B
234,SH3KBP1,SUPT4H1,YBX3,TMBIM6,ARL4C,TMEM123,LAMTOR2,FKBP11
235,KARS,CXCR4,FCN1,FLOT1,SLC38A2,COX6B1,ID1,RPLP2
236,SELPLG,PSMB6,RABAC1,SAMD3,HSH2D,ENY2,RPL39,PTPN6
237,ANAPC11,NCKAP1L,CMPK1,OST4,PRDX1,SH3KBP1,PSMB8,WBP2
238,ARHGAP30,ZFP36L2,ARPC2,RPL31,RAN,RAB11B,TPGS1,PTGS1
239,TMC6,FOSB,DPY30,RPSAP58,RER1,LYST,DDX46,CHMP6
240,EBPL,ANXA4,SNAP23,PPP2R5A,RPL23,CMTM3,TNRC6B,TPM3
241,CD27,RILPL2,TMEM243,SFT2D1,BAZ1A,IFI44L,PHACTR1,CHMP2A
242,IL10RA,BUD31,LTA4H,RNPEPL1,TAGLN2,GPS1,DGUOK,CAPZA2
243,EEF1G,IFI30,TTN-AS1,MANF,STMN1,STX8,TSPAN13,PSMD7
244,YWHAZ,SNRPD1,MIS18BP1,MRPS16,LRCH4,MRPS16,RPS6KA1,EPB41
245,LSP1,CD97,HLA-DMA,STK11IP,RPL12,VAMP5,PFN1,SNN
246,PIGT,VIM,WARS,RPN2,COMMD10,PQLC3,LRRC26,SNX3
247,ARL6IP5,EGLN2,VAPA,GSTO1,SERBP1,ICAM2,RPS6KA4,TMCC2
248,UBE2B,PHPT1,MED9,COPS6,GLTSCR2,PRPF18,C21orf2,ABCC3
249,MYADM,CNPY2,ARHGAP24,LTB,ESYT1,PHKG2,ZNF706,USF2
250,KLF6,SNX3,ANKAR,PILRB,LAPTM4A,IL10RA,MT-ND5,TMPO
251,PTPN2,TUBA1A,AIM2,IFI27,TMEM160,ALDOA,ANP32B,GAS2L1
252,ICAM3,NDUFB9,UQCRC2,HENMT1,PPIB,LAMTOR4,COMMD3,MT-ND5
253,GYG1,CD52,DCK,GABARAP,UFC1,IL4R,PARK7,NUDT1
254,GRAP2,ZFAND5,TSPAN3,KLHDC2,PPM1K,TMSB10,DCPS,RNF11
255,TNFRSF4,BLOC1S1,CIRH1A,CORO1A,SLC9A3R1,MPC1,ARL6IP4,GALNT10
256,NR3C1,SSR2,SPIB,SPCS2,PRMT2,PSMD11,CCDC88A,MIR4435-1HG
257,SNF8,RAB24,SEC62,GADD45GIP1,TMC6,TXNDC12,IFI44L,MOB1A
258,SRP9,FAM107B,FAM207A,P4HB,GCHFR,FRG1,MCL1,SCGB1C1
259,NELFB,TSC22D4,RPL13,CNN2,TMEM173,SULT1A1,POLR2L,BRK1
260,IK,CCT5,CKS1B,PRR4,LUC7L3,IK,NDUFC2,NEXN
261,CCM2,PRDX6,MRPL20,ATXN3,CD53,NAPRT1,PPM1K,GNB5
262,APEX1,CECR1,UIMC1,GPKOW,TADA3,AKAP13,NDUFV2,DBNL
263,PCNP,SERP1,TAF7,TUBA1B,SMARCA4,TPP1,ACTR1A,RNF115
264,SUPT4H1,C11orf73,PBXIP1,FAM96B,HAVCR2,SPI1,MSRB2,C6orf25
265,UXS1,GTF3A,EMP3,C1QBP,GNAI2,ARFGAP3,ADI1,SKP1
266,TRADD,NR4A1,C19orf43,PSMB2,POP5,ZYX,HSPE1,ZNF524
267,EEF1D,SIRPA,MRPL45,UNC45A,AOAH,TMEM59,GNB1,C19orf43
268,MAEA,RBCK1,ATP5O,MYL6,RPL4,AKR1A1,KDELR2,DRAP1
269,NOP56,BRK1,RPL10,CLEC2B,BEST1,VKORC1,UCHL3,AGPAT1
270,FYN,CARS2,ATP5J,SDHAF1,YWHAZ,FAM49A,SLC20A2,LAMTOR4
271,CSRNP1,TIMP1,FCGR2B,UBE2I,PDIA3,ATP5EP2,FDFT1,GMFG
272,OAS1,SEPW1,ARL14EP,PDAP1,MTDH,COPS6,PTPRC,IFRD1
273,XRRA1,RENBP,ADAM28,AAK1,RAC1,DNAJC15,SULF2,TXNL4B
274,NUDT1,FLYWCH2,HIGD2A,SUN2,EPC1,RIN3,COX6A1P2,COX6A1
275,ITGB1,CAPZA2,PRKCB,HNRNPK,CX3CR1,TPGS1,RNF7,KLF9
276,TGFBR2,IGSF6,EIF5A,ALDOA,VPS28,LYSMD2,CD1C,NAPSA
277,MYL12B,PLAUR,PABPC4,NDUFA11,SSB,ANP32E,PHB,THYN1
278,TXNDC12,CHCHD5,BTN3A2,HNRNPH1,ATP5SL,ADRBK1,PFDN2,BCAP31
279,PRPF19,CHMP4A,PPP1R2,TOB1,ARL6IP1,NUP214,C14orf1,PRDM1
280,MORF4L1,SERPINB1,MT-CO2,PLEK,FAM96B,SERBP1,SON,GNAS
281,POLE4,SRM,MRPL40,SNX17,CAP1,PDCD5,COX4I1,SF3A1
282,HNRNPA3,RGCC,PYCARD,CLN3-1,SEC62,TAX1BP1,MORF4L1,SNCA
283,VPS26B,RPLP0,MRPL48,FAM98A,PLEK,ACADVL,IMPA2,AL928768.3
284,PMVK,BLOC1S4,AC079767.4,AP3S1,ARHGEF3,IRF1,GAS6,FCGR3A
285,LPAR6,GAPDH,PPAPDC1B,LAPTM5,ARF4,MED10,HSP90B1,RNF10
286,LARS,ZSWIM7,EHD1,NDUFA6,RUNX3,VBP1,GINM1,C10orf54
287,C14orf166,PLBD1,NDUFS7,COX7A2,TGFB1,RAB2A,NGLY1,GNPTAB
288,CD47,CBX3,IFNGR2,CHCHD10,EEF1A1,ACTR3,ALKBH7,FHOD1
289,RAB34,SF3B14,LINC00936,TBCA,UBE2D2,LSM1,LAP3,KIAA0125
290,EMC4,FOLR3,TMEM156,CD3G,TMIGD2,LEPROT,TRAF4,UBL4A
291,RBM6,CCDC23,LSM7,HMGB1,DCTN3,DARS,TMEM109,SMIM5
292,NEDD8,QPCT,UNC119,RAB9A,CD96,TMEM258,YIF1B,SIAH2
293,PBXIP1,CYTH4,LYL1,CHMP5,SH2D1B,SOD2,C9orf16,HIST2H2BE
294,EIF3H,SLC11A1,PIM2,CMPK1,CCDC28B,ARHGDIA,CD164,ARL5A
295,PSMB10,NDUFB7,SIGLEC10,SLA,GLO1,DDIT4,MPEG1,P4HB
296,ANXA11,ARHGEF40,WDYHV1,MYL12B,HNRNPM,GZMA,CSF2RA,THAP11
297,RPS12,CRIP1,MAF1,SSU72,SUMO2,ATP5G3,TSPO,GATA2
298,LINC00176,EIF4EBP1,XBP1,ABHD14A,MALAT1,C9orf16,FES,SENCR
299,IFI6,SMC4,BACE2,C11orf48,RP11-66N24.4,HSPA8,DPP7,REEP5
300,ARGLU1,IFNGR1,NUP54,POMP,MYO1F,ATP6V0E1,ATRAID,ATP5B
301,TNFSF10,HIST1H1C,DECR1,PRNP,STAT6,CLEC2B,SPI1,LCN2
302,RBM8A,NMI,CASP4,MT-CO3,MOB2,MT-ND4L,OFD1,TPI1
303,USP14,ERI3,RPL38,CASP4,UBA2,PLEKHO1,RNF5,UBXN11
304,SIT1,SEC62,TKT,NANS,ACTG1,ARL4A,PQBP1,COTL1
305,API5,PRAM1,ANXA7,PAPOLA,SQSTM1,CIRBP,ST3GAL4,ARG2
306,CRIP2,SERTAD3,METTL21A,S1PR4,PDLIM2,DUSP6,CCNL1,EIF2AK1
307,PPT1,GNAS,UBE2L6,CHST12,LGALS1,ARHGDIB,ZDHHC12,PREB
308,IDH3B,RSAD2,TMEM9B,MRPL51,PRPF8,ARHGEF1,SNRNP200,NDUFA4
309,EIF3E,MIEN1,CCT4,POLDIP2,DNAJC19,CEACAM4,EIF3I,CCNG1
310,SRP72,GMPR2,NOTCH2NL,KRT10,PPP1R15A,MRPL23,DNAJC7,LINC00152
311,SERPINB6,MRPS12,PSMC6,TRNAU1AP,POLR3GL,MGST3,TIMM8B,MPC2
312,ARHGAP15,PSMD7,BIRC3,IQGAP1,TRMT112,CUTA,RGS19,YPEL5
313,PIK3IP1,PPM1G,MMADHC,ATP5B,WBP2,LPCAT1,CUEDC1,RIOK3
314,DCXR,SOCS3,LIMD2,COA4,SEPT9,IRF9,FBXO6,SSR4
315,KIAA1551,THOC6,ATP5L,NDUFAF4,TAPSAR1,NCL,DNAJC4,SCFD2
316,RPS18,S100A12,NHP2L1,RPS4Y1,SYF2,C1orf63,DHRS4L2,ANP32B
317,C19orf52,ODF3B,TIFA,DNAJB1,HLA-F,DDX50,ZDHHC16,SNX6
318,SMARCA4,SSR3,SMS,AC092580.4,APOA1BP,IDO1,MRPS7,CMIP
319,BIRC3,LILRB3,CALCOCO2,HLA-F,GGPS1,PPP1R9B,PDCD6,TESC
320,ZNF32,TMEM147,PARP1,WDR83,SKP1,CIB1,TIFAB,KIF2A
321,STT3A,PSMB3,ERICH1,MYLIP,LSM2,PARVG,CD33,MMP24-AS1
322,CGGBP1,COQ7,HBP1,APBB1IP,COMMD7,CALM2,SMIM5,TCEB2
323,HMGN3,NCOR1,HOOK2,RSU1,ZBP1,APEX1,C20orf24,RSPRY1
324,OPTN,PTPRA,BLK,KLRG1,POLR2G,CKB,RRBP1,YY1AP1
325,CCZ1,NDUFB8-1,ARF6,C11orf58,RTFDC1,FCN1,SLC25A3,MRPL20
326,GSDMD,MARCKSL1,DGKA,IFRD1,PSMA5,ALKBH3,FUT7,EDF1
327,DGCR6L,SPG21,LCN8,LSM7,CIAPIN1,NUDT16,BTF3,DAD1
328,DEDD2,GIMAP7,PPHLN1,SEC61B,TMBIM4-1,EIF4G2,RASSF4,LAT
329,ITGA4,SRP14,DDX24,ADSL,AURKAIP1,BSDC1,ATP5D,C1orf198
330,NHP2,ARRB2,ATP6V0E1,TLE4,DDX39A,MYOF,RGS10,hsa-mir-1199
331,RP11-291B21.2,ARPC3,TLR10,SNRPG,PIN1,SPG7,GLRX5,U2SURP
332,STK10,MRPL54,GADD45B,JMJD6,CCDC107,TAF10,MLEC,IMPDH1
333,RPS11,HNMT,ZNF331,MRPL32,CCT8,VAMP2,NDUFS6,MRPL21
334,JTB,TIMM17A,SAMD9L,LITAF,TRABD,SIVA1,TOR3A,JUND
335,EPSTI1,STX11,ICAM3,PLEKHA3,SHKBP1,MFSD12,SPG11,COX7B
336,RPL32,EIF3D,U2AF1,NKAP,MOB3A,SHMT2,MED28,BIN2
337,ARL6IP4,RPS4Y1,IL6,TRA2B,DDIT4,MRPS15,TPM2,PTGIR
338,SNRPC,SEC61B,SIVA1,RBM3,TOMM22,GGNBP2,IFNAR1,ADI1
339,ORC4,COA6,WHSC1L1,CCL4,GADD45B,CNBP,C19orf10,VKORC1
340,PTGER4,SF3B1,ZNF3,DENND2D,RHOF,DDX23,RPS28,NBPF10
341,TALDO1,HLA-DMB,SEPT1,RNF126,IFNG,TPMT,KRTCAP2,CMPK1
342,C19orf60,CAP1,ATP6V0B,PRR13,SH2D2A,GBP2,IL3RA,H1F0
343,IMPDH2,PLCB2,TSPAN13,G6PD,STUB1,HOOK2,SFPQ,CEBPB
344,TCF7,CITED2,COPS6,STAMBP,GLIPR2,PRKCB,SNX3,EMC3
345,HDAC1,KAT8,PPDPF,FXR1,MCL1,SNX17,EMC10,SPCS3
346,ZYX,YBX3,NAAA,ST3GAL1,RNF213,POLR2C,MTPN,HGD
347,ATG12,ADSL,CAMK1D,MRPL28,EED,THRAP3,CTBP2,PRKCSH
348,PSMD4,ALKBH5,CBL,S100A10,COX4I1,CCT6A,RNASEH2B,HLA-E
349,TXK,SLTM,TPM3,PFDN6,EMC3,TXN2,LARP7,HSPB1
350,APH1A,ATF6,CEPT1,MRPL9,DYNC1H1,CCDC85B,PTPRE,DSTN
351,EWSR1,POLR1D,GID8,PSMB3,SON,CD53,SOX4,AP2M1
352,EIF4A1,ARHGAP9,CTSH,CHCHD5,MAPK1IP1L,METRNL,VPS51,TYMP
353,PMAIP1,AIP,REL,HOPX,IFI44L,LILRB2,DHRS7,NPM3
354,PHF20,ILF3-AS1,BCAS4,GLRX,DRG1,TCIRG1,ARPC5L,KCTD20
355,RGS19,RPL5,SMAGP,CD160,ADSS,PSMB8,NUBP1,ZFP36L1
356,IFIT3,C11orf83,TNFRSF13B,CD2,KLF12,TPM4,RPS3,FRMD3
357,ATP5O,AUP1,MAP3K8,SDF2L1,GSTP1,TRIM5,TAF11,RILPL2
358,MATR3,LMNA,KMT2A,LAG3,XPA,SARS,NHP2,TMEM261
359,ANKRD12,SUCLG2,TMEM154,C15orf57,UBL5,ZFPL1,MYD88,EPB41L3
360,TBC1D10C,TXNL1,MBD4,LINC00116,SRSF4,C1orf123,APEX1,TMEM9B
361,USP30,FLNA,KIAA0930,ARPC5L,CIB1,HMGA1,TMEM59,CISD3
362,PSMD13,DNAJC7,TCF4,SPOCK2,LAT2,SPAG7,PFKL,SERPINB6
363,DNTTIP2,CXCL2,ARID5B,LAMTOR4,CEBPD,VCP,SUB1,TMEM109
364,H3F3B,AGTRAP,IFI30,CNPY3,CCT7,LCP1,ATXN2,TUFM
365,KLHL6,TMEM141,GRB2,RBM14,ITGB1BP1,SAMHD1,LAMP5,ATPIF1
366,C2CD4D,VDAC2,ACTR3,PGAM1,ECH1,C1QC,BZW2,SERPINE2
367,SNRNP200,AOAH,IFI44L,PCID2,BFAR,TPGS2,ALG2,PCP2
368,TUBA4A,GNB2L1,BLOC1S4,TPT1,MIDN,RBM8A,MTCH1,PSAP
369,NUP107,RAB28,BLOC1S2,NSG1,TXNL4A,NUCKS1,ZBTB7A,TRAPPC1
370,RCAN3,PFDN6,SMIM11,ARL14EP,CTSA,RASAL3,PSMA3,WIPI1
371,MAT2B,EVI2A,STK4,YBX1,BZRAP1-AS1,SHISA5,BZW1,LYPLAL1
372,CCDC124,PGK1,DAZAP2,BEX2,ARL2BP,C17orf62,DCXR,SERPINA1
373,MRPL33,MYCL,RALGPS2,NCOR1,TMEM104,PAF1,PPT1,ALDOA
374,GIMAP1,ANAPC5,ARL2BP,CKLF,MARCKSL1,PSIP1,TNFAIP3,FAM65B
375,SPG21,SDF2L1,HHEX,CMC1,SCRN2,PAIP2,ATP6V1F,MFNG
376,SBNO1,CD1D,ITGA4,DAD1,SRP72,ANXA6,STRAP,ATP2A3
377,MRPL18,BAG1,DEGS1,IL16,FAM49B,ATP5C1,BLOC1S1,RNASEH2C
378,ZFAND2B,NDUFA8,RBM17,SETD3,TUBA1B,RAC2,BLNK,LSM1
379,APBA2,MAP3K1,ZNF207,GRAMD1A,ARHGAP25,PSMB9,PICALM,CLTA
380,UBE2L3,SLC2A6,HIRA,DUSP23,ASCL2,NFATC2IP,GYG1,MYLK
381,EIF4B,XRN2,NFKBIL1,TGFBRAP1,TMEM18,ATP6AP2,FOSB,SEC14L5
382,TAP1,PNKD,ATG10,ZC3HAV1,ARL5A,C9orf78,IGSF6,CTDSPL
383,KIAA0922,PTOV1,MTPN,LETMD1,CUTA,TRNT1,ATP5B,C7orf49
384,OGG1,RP11-139H15.1,DEXI,B4GALT3,TMEM9B,PSMG2,MTDH,PSTPIP2
385,RPL37,DGCR6L,ZFAND6,SSBP4,GTF3A,EMP3,CLTB,NDUFA6
386,TXN2,TMEM173,TMEM2,SH2D2A,BUD31,HAGH,NDUFB8-1,MSN
387,SAMSN1,TRAPPC2L,TMEM50B,REST,TMEM128,GMFG,NBEAL1,TIMM13
388,CANX,RPA2,AIMP1,PSMD8,MRPS6,DEK,C10orf54,PHPT1
389,PDCD6,MRPL32,CLK1,TSEN54,CELF1,GIMAP6,HNRNPC,UPF3A
390,MRPS18C,GGCT,BTF3,RAB11B,IDH3G,MAP3K3,MGAT1,KIAA0513
391,TRPV2,RBM3,RP11-347P5.1,EZH1,BZW1,DAP3,YIF1A,ABTB1
392,LIMS1,P4HB,TRAPPC12,RP11-220I1.1,ALKBH7,ARNTL,NFKBIA,PYGL
393,SF1,NDUFV3,PBDC1,MGRN1,PSMD7,ASB1,C14orf2,MTFR1L
394,USP33,CNOT2,EZR,TUBG2,PSMA6,ATP5A1,PRCP,ITGB3
395,SLU7,HMOX1,FGFR1OP2,CD53,ZNF83,CCL4,PLK3,ARF5
396,SENP6,HNRNPD,ENSA,ATG3,FAM65B,C5orf56,RABGGTB,MT-CO3
397,DSCR3,SCCPDH,CWC25,TSPO,SPPL2A,NT5C,EPC1,TAX1BP3
398,RASSF5,TRAF3IP3,NFKB2,STXBP2,DDX17,IDH3A,COX5A,FKBP8
399,MVP,MARCO,NAT9,SLBP,TSC22D4,TSTA3,PSMB3,R3HDM4
400,AIP,SCPEP1,FMNL1,PTP4A2,KAT6A,NXT2,RHOG,PDCD10
401,SHISA5,USP4,DNAJC10,TMSB4X,SRRM2,VIM,TPP1,FHL1
402,NSA2,NUMB,THAP7,ASB8,RBM25,NAPA,TMEM251,TNS1
403,ID3,ZNF277,NGDN,TBC1D1,UXT,CTSL,IRF2BP2,CD47
404,SSR4,SRI,NDUFS2,CHCHD7,UBE2N,CTSB,IRAK3,YY1
405,MOB2,RAB4A,RNPS1,RAN,ITPA,DCTPP1,TCEA1,GTF3C6
406,EXOC7,NEU1,SLC25A24,TMCO1,FBXO6,C21orf33,RAB5B,ZNF24
407,EVL,CD300C,ASF1A,SFPQ,ATP5F1,NOL7,MAGOH,NASP
408,HSD17B10,MZT2A,CHCHD10,RCN2,APOBEC3C,TNFSF10,SEC13,CLIC4
409,NDUFB4,OCEL1,SHMT2,TC2N,SNF8,COX5A,XAF1,DERA
410,TUFM,PSENEN,ATP1B3,KPNB1,LASP1,EIF3L,MSRB1,SERP1
411,WIBG,CHAF1A,CSK,SEPT7,HBA1,MVP,USP7,TRAM1
412,NDUFS3,CHMP2B,IQSEC1,FAM173A,MBP,C16orf87,NUP210,TNNC2
413,RP11-18H21.1,RRP7A,ARPC1A,MAPRE2,TCF25,AIMP1,MLF2,RP11-1143G9.4
414,LEF1,EMC7,EIF1B,YPEL3,HERC1,MAFB,SPCS3,YWHAZ
415,SLC38A2,PAFAH1B2,BLNK,ACBD6,LAIR1,SH2D3C,CDC37,AC078883.3
416,PDK2,SERPINB6,TEN1,HN1,MAPK1,FMNL1,GALK1,YIF1B
417,FIP1L1,LCK,TREX1,YWHAH,YIPF3,ALKBH7,TOMM22,SPRYD4
418,TRAM1,TCF7,ATF2,DUT,ARF1,C19orf70,CANX,HTATIP2
419,RNF25,ELP5,ATP1A1,OSBPL8,JTB,C11orf21,RPRD2,ACP1
420,PHF5A,CDS2,BCL7A,ZBED5,CD2,BST2,SERINC2,LRPAP1
421,CCDC85B,CAPZB,MRPL28,LCP1,TRIM22,DRAM2,BANF1,VASP
422,DGUOK,MLX,DNPEP,PSMF1,ARL6IP5,ATG4B,BRD4,PPCS
423,PTOV1,AP2B1,ADD3,SRP19,MIF,COMMD5,TNFAIP2,CX3CR1
424,LGALS1,RNF114,ARL6IP1,RSAD1,BCAS2,HCK,CCND3,MTDH
425,COX8A,FADS1,S1PR4,SERGEF,ARHGEF1,GLTSCR2,DNMT1,FURIN
426,PRKRA,SAR1B,ERGIC1,UBE2G1,MRPL17,VGLL4,APRT,MFF
427,NMRAL1,DECR1,MRPL16,UFC1,NRD1,TAPBP,IL6R,RP11-254F7.2
428,C1orf43,IDI1,CTC-228N24.3,LCK,GHDC,FUS,ACP1,RTN3
429,TMA7,LFNG,ABHD13,OS9,WDR83OS,PSMA3,AP2M1,GP6
430,PPP1CC,SPTLC2,VPS72,PLEKHF1,FKBP11,BAG5,TCF25,TBC1D20
431,YTHDC1,GSTO1,MDH1,PRPSAP2,C11orf31,MYL9,CPVL,ANKRD10
432,CSTB,CORO1B,PMAIP1,GMPR2,TRA2A,FGL2,SLC15A3,NHP2L1
433,BTN3A3,JUN,DNAJC15,YME1L1,EIF2A,COPS5,DAD1,PTTG1IP
434,MOAP1,LACTB,RCN2,CCNH,SH3GLB1,C4orf27,POLR2E,EGLN3
435,LSM14A,NDUFS8,CD180,CDC37,CMC1,SMIM7,ERCC1,STOM
436,CHRNB1,RNF181,NDUFB5,CHMP1B,LMAN2,MS4A4A,POP7,UBAC2
437,BPGM,RNF149,GPR183,DIAPH1,BNIP2,METTL23,RAB1B,MBNL1-AS1
438,RNF6,SHKBP1,ARAF,DEF8,ENSA,PIK3IP1,SYNGR1,PACSIN2
439,SMIM11,SEMA4A,LSM10,MYH9,RPA1,PRPF31,ATIC,RPA1
440,IL2RG,TMEM167B,POLRMT,OFD1,RASGRP2,TBRG1,TIMMDC1,SNAP29
441,PRPF40A,PRDX5,C11orf58,CLK3,MSH3,ATP6V0B,ETHE1,LINC00938
442,CMTM8,RP11-211G3.2,GGA2,RFNG,GOLGA7,SNW1,BCL11A,CTTN
443,POP5,WDR13,UPF3A,PXMP4,CHCHD2,PILRA,SVIP,TBXA2R
444,ATP5G1,CWC15,PA2G4,ARPC4,GRAP2,LEPRE1,TMEM203,PLEKHO1
445,RAB2A,MT-ND4,KXD1,NUDC,UBE2F,DERL2,PTCRA,ATP6V1G1
446,ITGAE,SUMO1,GRAP,SET,STOM,RAB4B,CSNK2B,PPCDC
447,CDKN1B,RP11-796E2.4,MALAT1,CAP1,TARDBP,CD68,MTHFD2,SNRPD3
448,SEP15,TBXAS1,KRAS,P2RY10,KIAA1715,MCRS1,SLC3A2,SRM
449,LMNA,USP15,B2M,ZDHHC6,MOB4,XAF1,CCNB1IP1,MX1
450,NDUFA1,HDAC1,BECN1,KDM2A,ITGB7,HSH2D,L3MBTL2,SELK
451,GPBP1,CSF1R,FLI1,KRCC1,SRPR,PIK3AP1,NSUN2,HMHA1
452,NOC4L,DNPEP,KIAA0125,NOB1,PRDX4,METTL3,TMEM167B,H2AFZ
453,GATA3,ATP5J2,MPP6,YWHAB,KRTCAP2,GRINA,SH3BP2,WBP5
454,CDC73,RNPS1,TPD52,CYB5A,ATP1B3,GNB2L1,RPL22,MAP7D1
455,RPA2,SNRNP70,DCAF8,S100A11,NPRL2,MYO1G,SUPT4H1,BNIP3L
456,HK1,ATP6V1F,RP11-428G5.5,MPRIP,C1orf21,EIF5AL1,EIF4G2,TOPORS-AS1
457,TCP11L2,ZFAS1,CTA-250D10.23,MINOS1,SLFN12L,PSMD6,ZNF593,ARMC10
458,RHOG,CD93,GNAI3,CNTRL,RAB18,CD2,TMED9,EIF4G2
459,SUCLG1,CUTC,DOPEY2,XRCC5,EHD1,CAPNS1,DNAJA1,TM2D2
460,FBXO3,ELOF1,ACBD3,PSMB1,LPCAT1,UQCRFS1,RBM39,CARHSP1
461,ETFB,CCDC47,EIF5AL1,LRIF1,BSG,TAOK3,CPSF6,COMMD5
462,IFIT1,TRIM28,SNX10,TMBIM1,QARS,LAMTOR5,LINS,CTDP1
463,SAMHD1,TGFBI,CAMLG,CPNE2,PTGDS,COMMD3,TBCA,LINC01003
464,RBCK1,SQRDL,STRBP,UQCR10,TMEM208,GPBAR1,PDIA4,TSPAN33
465,SELT,PGRMC2,C12orf10,CDC25B,C16orf13,SNAP23,MEN1,CHST12
466,RBBP6,STOML2,GPR18,GPANK1,NUTF2,SGK3,TMEM248,RPL24
467,SNHG15,VCAN,DRAM2,CRIPT,IDH2,ENHO,BABAM1,GUCY1B3
468,VASP,PSMF1,SMARCE1,VPS29,UCP2,HLA-DQB1,RP11-489E7.4,PLEC
469,OLA1,SEMA4D,GDI2,PNPT1,PLA2G16,RGS19,AMD1,KCMF1
470,CEP68,PARK7,STXBP2,FKBP8,PYURF,CNIH4,H2AFV,ARF4
471,CSNK2B,LSM10,ZNF92,NAA10,TSSC4,PITPNM1,SH3BGRL,TUBB4B
472,PTRHD1,SEC61A1,OSGEP,CCSER2,SHARPIN,CD302,C20orf27,SSX2IP
473,ATP2B4,TMA7,LINC00938,OGT,DCTN2,CCT4,MRPL23,BICD2
474,ATP6V1B2,EEF1D,LINC00909,PFDN1,PCBP2,TPD52L2,UBE2D2,UBALD2
475,PCNA,ARFRP1,CYTIP,DDX19A,NFU1,PANK2,SURF6,MRPL23
476,ATP6V0E2,KDELR1,PRAF2,PET100,CSNK2A1,ARIH2,SPIB,CRIP1
477,MYO1G,SPINT2,ARHGAP4,MORF4L2,IFT20,TOLLIP,YWHAZ,FYB
478,RNF167,WAPAL,TNFAIP8,NRBF2,TMEM41A,JMJD8,FAM20B,COX6A1P2
479,CTNNBIP1,GCA,TIMM22,CDV3,LAMTOR5,WDR55,TMA7,TIMM17A
480,RNF149,PDCD2L,DDX17,SUMO3,CHST12,PCBP1,FBXW7,SNRPD2
481,PSMD14,PEA15,RP4-758J18.2,RBM25,CALR,IL12RB1,PRKCSH,RBM38
482,PRKCQ-AS1,WSB1,NUDC,SNX5,HDDC2,CSDE1,NDUFS7,LRRC25
483,SPAG7,SORL1,UBALD2,GLTSCR2,ODF2L,TPM1,CARD11,SRSF6
484,CDC40,BANF1,HIST1H2BK,VPS13A,ASMTL,LRP1,CCDC107,CORO1C
485,GPN3,PSMC2,TBCA,ATG5,TMC8,GNPAT,DDAH2,SVIP
486,FMNL1,MANBA,CYBB,GMFG,KIF5B,TMEM167A,SMPD3,SSH2
487,CNBP,STK25,POLR2C,TFPT,MIB2,PGP,C2orf68,N4BP2L1
488,RPL39,OSTC,PNN,FAM46C,TPGS1,ASNSD1,MRPS14,ANKRD9
489,RCSD1,SUMO2,NAA38,TRAPPC3,GPATCH4,TSPAN32,UBE2Q1,PCID2
490,HCFC2,PRKAR1A,PEX3,TIMM17A,TAF11,CSF2RB,REL,C6orf226
491,CREM,GON4L,CARHSP1,ILF2,FDPS,RTN4,SIRT2,PPM1N
492,CTCF,SNORD3D,CYTH2,RPL7L1,STX10,IRF2,FAM96B,EMP3
493,SLC25A6,IFRD1,SMC6,MZT2B,RBM39,RABL2B,PPP1R14A,DUSP22
494,EEF1E1,OSTF1,SLC2A3,COMMD1,SPN,HNRNPF,SMU1,MLH3
495,CHMP3,NKTR,USP6NL,M6PR,CD99,KDM3B,HDDC2,SF3B4
496,FARSA,LINC00847,C1GALT1,DHX30,LYRM2,CD300A,NME3,ATP6V1F
497,COX5B,EXOSC4,NCOR1,UBTF,NBEAL1,AC010642.1,CCDC69,MPG
498,FOXO3,COA1,RP5-887A10.1,BIRC6,EAPP,ATP5B,STX4,ABHD16A
499,AMD1,CDK5RAP3,BEST1,PNKD,AHNAK,CHMP2A,ITGB2,RGCC
500,HSPE1,COX14,USP8,RRP15,YPEL5,LILRB4,C12orf45,ARRB1
501,ARF6,HMGN2,RPL41,ABHD14B,GLG1,LRRC47,MBNL1,AC144652.1
502,PARP10,PDCD6,UPF2,MTDH,IDH3B,ARL5A,HM13,AFAP1L2
503,SPG20,CASP8,KCNG1,MRPS14,FBXW5,NIPBL,ATP5G1,MPHOSPH8
504,TPK1,CCNL2,PARL,SPN,CYB5B,CNDP2,ATXN10,CDKN1A
505,SCAI,IFI27L2,EWSR1,CHIC2,MRPL20,PFDN5,PRDX3,ALOX12
506,ADSS,DUT,VOPP1,EIF4E2,PPP3CC,LYL1,HDAC9,MAZ
507,HNRNPUL1,HNRNPAB,ORMDL3,DDIT3,IRF7,FDX1,NDUFB10,ISCA1
508,FAM162A,KRCC1,SCOC,CTD-3184A7.4,STIP1,SSNA1,MEF2D,TNFAIP8
509,USE1,GPI,ANP32A,RHNO1,ATP6AP2,IAH1,ZNF296,NDUFA13
510,CORO1C,MTIF3,ADH5,ADAM8,INTS10,SEH1L,HMGN3,ABHD11
511,TBC1D4,MRPS36,IL4R,AIM2,SNW1,NDUFS5,RNASEH2C,VPS28
512,ATP6AP2,CCDC124,DUSP1,METTL8,SASH3,PYHIN1,C17orf49,MRPL14
513,HSF1,TMEM50A,TRA2A,C18orf21,HNRNPA3,HDDC2,MAF1,STK16
514,CCT3,WDR45B,HSPA4,NCK1,MARCH2,EMC4,FUOM,GRSF1
515,NPM3,SMCO4,SNW1,SSBP1,ERBB2IP,EIF4E2,IL13RA1,GOLGA2
516,BCL11B,RALA,MCUR1,NDNL2,PATL2,DESI1,SDHAF2,RABIF
517,PARP9,PSMA1,IRF1,PABPC4,RNF115,U2AF1,CHPT1,PHB
518,TDP2,LAGE3,C20orf196,RRS1,EIF2S1,AP4M1,AP3S1,PDZK1IP1
519,ARID5B,SIAH2,ARPC5,NUDCD2,TBX21,MED11,PKM,RNF44
520,FBXL12,PDHB,IFI35,TXN,WDR1,CLSTN1,GUK1,SHFM1
521,EIF2S2,PSAP,UBA5,ATP5G3,SPTSSB,LENG8,MRPS18C,CHMP1B
522,CBX6,UQCRC1,DCLRE1C,SMDT1,SIGIRR,TYMP,PID1,FASTK
523,HSPA8,CMTM6,MFF,ALG5,EID1,PTP4A2,SRSF4,MCUR1
524,VDAC1,MRPS6,PHF14,MRPS10,HNRNPU,ARL6IP1,TMEM256,RAB11B
525,SCGB3A1,GLO1,CRNKL1,BLK,AP2M1,DDX54,TTC17,FCGRT
526,MT-CO3,NME1,SERBP1,TSSC1,COX7A2L,ATM,SNRPE,GPR108
527,ALKBH5,HHEX,DDX39A,NOL8,ZNF326,RRP9,SPAG7,LSMD1
528,SNAPIN,PDAP1,SNX5,SLC25A5,UNC50,TXNIP,UROS,APOA1BP
529,PRKACB,SNRNP25,NT5C,TNFSF13B,N4BP2L1,COMT,ACYP2,PTBP3
530,RAB5C,QKI,DSCR3,MAP3K7,REXO2,LINC00309,ARL6IP6,ADAM19
531,ICAM2,CCDC12,CFLAR,ILF3-AS1,LY6E,SFT2D1,RCAN3,RNF141
532,CNIH4,PYURF,YPEL5,NDUFA7-1,PDCD10,CDKN1C,PEF1,MTHFD2
533,CCT4,LINC00493,TACO1,MAGOHB,MYLIP,AMICA1,PNOC,VIL1
534,ACTN4,CCDC94,DAPP1,TMEM14C,MAD2L2,TTYH3,HEBP2,CHIC2
535,HEXA,MKKS,TGOLN2,RABIF,CELF2,TTC3,USF2,HMG20B
536,FAU,TMX1,SLC25A14,MRFAP1L1,VPS4B,GTF2A2,COX7C,TNFSF4
537,ODC1,NCF1,PARP14,GGCT,GIMAP2,RRAGA,KMT2C,ANK1
538,CCT6A,CHTF8,MRPL43,UBE2A,DDB1,PTPRE,MAFB,RP11-85F14.5
539,SOD2,RAB34,MYC,SMAD2,MAF1,KDELR2,ARL1,AP2A1
540,ZC3H14,MYO9B,TAP2-1,YARS,GGNBP2,BTG2,CLEC11A,AP1B1
541,AKAP9,GSDMD,SPIN1,CHD8,NTAN1,SPATA5,MTCH2,TRAFD1
542,EMC3,PPP1R7,USP12,DEK,RNF114,HN1,DNAJC1,PGK1
543,CAPG,MRPL33,MRPS35,KMT2E-AS1,FGR,MRPS33,EIF1AY,NLK
544,TMEM230,NRD1,ZNF292,PSMC5,UTP3,SUPT3H,MRPS21,SWI5
545,RNF166,RTN3,TNIP2,ZNF836,RWDD1,ASCL2,SPINT2,HBP1
546,BCLAF1,IFFO1,MRPL52,DTD1,ITGAE,PLAGL2,GOLT1B,ATP5S
547,CHMP2A,PFDN2,GPR137,UQCR11-1,SNHG8,NAGK,SH3KBP1,ATP9A
548,TADA3,OAS2,CTC-459F4.3,DDX3X,FYB,VAMP3,SPPL3,IFRD2
549,TUBB,RTFDC1,P2RY10,JAGN1,ATF6B,UQCRB,DDIT4,DCTN2
550,PRKCA,SAFB2,SMARCB1,RNF139,COPZ1,NLRP1,TBC1D1,TRIM58
551,PNRC1,CD46,MCM5,FNTA,ZBTB16,NELFCD,EIF3E,TMEM60
552,ITM2A,POMT1,CTSS,MID1IP1,SRSF9,KTN1,RAB4B,ZFAND1
553,IKBKE,DGCR6,NFKBIA,TSTD1,IRAK4,CD47,NDUFA1,ARHGAP6
554,IREB2,SPSB3,ATRX,PPIB,CCDC47,RNF7,NDUFB5,CD68
555,NUCB1,PSMA5,MRPL47,TRIAP1,CISD3,PDIA3,ARHGAP4,BCL2L1
556,FCGRT,PBX2,BNIP2,IER3IP1-1,TMEM243,ATRAID,TBCB,ASB8
557,RP11-432I5.1,RSBN1L,RP9,TMEM106C,HAGHL,NDUFV2,UGP2,HLA-DMA
558,RPS21,SNX2,FRG1B,VPS53,FLOT1,SWI5,FRG1,AC137932.6
559,OXNAD1,MAF1,RAB7A,ABCC10,PPIG,ITGB2,ACTR2,MOB2
560,HSPB1,OGFR,DCAF13,EIF2S1,TMEM59,RPUSD4,LYPLA1,DYNLRB1
561,NR1H2,BUB3,PUS1,DAP3,STRAP,CHCHD1,PPP2R3C,APP
562,ATP5D,ITGAX,LYRM1,TAZ,SRSF1,SMARCB1,FGD2,DNPH1
563,CNOT8,PLEKHJ1,PRKCQ,SZRD1,AC010642.1,CASP5,HNRNPL,OPA1
564,IDI1,C19orf60,UBA6-AS1,C10orf32,XXbac-BPG299F13.17,RPN1,NDUFA8,HEXIM2
565,BTF3L4,CSRNP1,FAM60A,AIM1,SH2D1A,MIIP,MIF,BSDC1
566,EPS8L2,ARF5,FBXW5,U2AF2,PHPT1,ERGIC3,C9orf89,MAGED2
567,MAGEF1,HNRNPH2,NASP,SEC63,C15orf61,SNHG8,FAM133B,EIF5
568,DPF2,LYAR,TMX4,PITHD1,MTCH2,SLC35B1,EMC3,ADA
569,ZDHHC3,SCAF4,DHRS1,DCAF6,RBM8A,SH3GLB1,NAPA,SH3YL1
570,SP100,RPL14,FCRL2,MAN1B1,NHP2L1,TAPBPL,AKR7A2,TAOK3
571,EIF3G,PLIN3,ELOF1,SEC11A,PANK2,ACP1,TRIM41,NIFK
572,GLO1,ERH,KLHDC3,CEBPD,LAMP1,CYBB,SMC1A,ADD3
573,PSMA3,PKN2,RP11-343N15.5,SNHG7,KIR3DL2,ACTR2,ARL6IP1,FAH
574,LINC00936,RASSF1,GALNT1,ZNF101,MAT2B,PUF60,TRAPPC13,TBC1D22A
575,SEPT9,DCTN2,FAM53C,F8A1,HCLS1,TRIM13,NFATC2IP,TOR2A
576,PPCS,TMEM14C,RAB9A,USP20,BPGM,NCOA4,TUBB,AKIRIN2
577,MAP2K7,SRRM1,PSMA5,PLRG1,PLEKHB2,CLEC10A,RNFT1,NUP62
578,TRIM39,TMEM154,HAGH,RHOT1,GMPS,DDX18,RUNX2,ANAPC15
579,FBXL3,TERF2IP,ANKRD49,CWC22,SP110,TNFAIP8L2,EIF3H,TMCO1
580,STX16,C17orf89,ADK,MPC2,ATP6V0D1,GRPEL1,KLRG1,SLBP
581,ALDH9A1,ACOT8,WSB1,ANKRD36C,RABL6,TSN,NUMB,VEZF1
582,FRG1,CCDC159,ACP5,TARBP1,AGPAT6,CABIN1,CXCR4,ROGDI
583,RFTN1,ALOX5,ZNF45,DHX38,CAMLG,ZNF467,C10orf128,CCAR1
584,LARP7,SF1,TAF1D,SIN3A,NOP10,RBMX,CFDP1,MIR142
585,EFCAB14,HOTAIRM1,EIF3L,ATP5I,HMGB1,ETFB,PPP1R2,MPEG1
586,CARS,HAUS4,FCGR2A,MED13,SEC61A1,MBD2,LGALS1,TOR1A
587,PTGES2,CRTAP,YPEL3,ENSA,PGAM1,ORMDL1,FCHO1,RNH1
588,PPIG,BRD4,PPP1R14A,ERCC4,MAP3K11,SET,DYNLL1,SPNS1
589,FBL,WAC,C7orf55,POLR2C,OLA1,HMGCL,UQCRQ,RNF8
590,SERINC5,DPF2,TAPBPL,ECH1,BCL11B,ADH5,FAM213A,PSMC4
591,ATP6V0E1,PIK3CD,CDCA7L,ITGAL,PHF20L1,TOX4,OSTC,ARL6IP5
592,MRPL42,HOMER3,TCP1,PSME1,CTDSP1,OSER1-AS1,INPP4B,RP11-197P3.4
593,SORL1,NIFK,EGLN1,SUN1,TAX1BP1,UTP6,RP11-1143G9.4,RP11-475O6.1
594,C14orf1,CREB3,TEP1,BAX,CAPZA2,SNRPD3,TMEM205,CXorf23
595,SNHG12,IFIT3,CD81,ERP44,SNRPA1,EPSTI1,DCTN1,MRPL11
596,SON,EIF1AD,ACTR6,ROCK1,GRB2,SIGIRR,CDKN1B,RP11-192H23.6
597,LRCH4,DNAJC3,IER5,VKORC1,CLK1,SNRPF,SAP30BP,LACE1
598,APBB1,CDK5,LYSMD2,CLTB,SUV420H2,USP1,SUPT20H,MCM4
599,ZNF683,FCGR1A,RASGRP3,AP3B1,PFDN2,NUDT1,IDH3G,ZFAND2B
600,CMC2,PSMB4,PAX5,NUP37,PYHIN1,SLC31A2,DAZAP1,RP11-319G6.1
601,SEC61G,VTI1A,ARFGAP2,NONO,DENND2D,DDX46,HSH2D,TUBGCP5
602,TUSC2,RPL13A,DDB1,WIPI2,UNC13D,SLC25A19,LAMTOR5,SCLY
603,RNF34,EEF1G,DUSP18,ZNF622,ACLY,C1orf122,HLA-DMB,GPAA1
604,PMPCA,COA3,ATF3,CD8B,CMTM3,KLF11,FAM208A,CPNE5
605,ARHGEF1,CFL1,RRAS2,AP2S1,DPM2,LMF2,LGMN,GTF3C4
606,SLC25A38,FIBP,MED29,PPM1G,PTGER2,RAB5C,URM1,CLK2
607,SUPT20H,HPCAL1,KLF6,KTN1,PAIP2,PLSCR1,HLA-B,APOM
608,PSMG2,ENTPD1,ZNF684,REXO4,USP28,TSPAN33,WSB1,MCM2
609,LYRM5,MRPL28,ATP5D,DNAJC11,SYNGR1,MFNG,SCNM1,CARD8
610,CNIH1,PTP4A1,LMBRD1,RPN1,PLGRKT,CYTH1,RGS1,HEMGN
611,OSBPL7,HNRNPC,SETD5-AS1,CD27,SET,RFFL,S100PBP,AC113189.5
612,AZI2,PLAA,RP11-589C21.6,ARGLU1,IFITM3,CCPG1,MARK2,WWC3
613,UBE2D1,SMARCD3,MRPL12,ARL6IP6,DSCR3,RPL26,ITGB7,HDGF
614,RP11-51J9.5,ACIN1,FAM3A,PSMA2-1,TMEM50A,RBMS1,DNAJB9,MCM9
615,CAPN7,RANGRF,RPA2,MRPL14,CAPNS1,LILRA2,TRIM27,MIR4519
616,PRPF8,SMAD2,KIAA0226L,OSTF1,DNAJA1,NDUFB6,MCRS1,RP13-582O9.5
617,GNB2,NDUFA12,C1orf63,RMDN1,TWF2,CCDC115,OXA1L,TRAPPC11
618,TMEM14B,MRPS31,POLR2G,AK2,FRG1B,DNAJC19,DCTN6,CD3EAP
619,CXCR3,GTPBP6,SRI,GCDH,C19orf66,CYB561,SPAST,GNPNAT1
620,MRPL53,JOSD1,GRHPR,ILK,CD244,BTN3A1,CENPV,CCDC71L
621,TMEM70,ADPGK,SF3B5,ZNF207,ELOVL1,NAP1L6,UPK3A,GSK3A
622,UBAC2,PLXND1,RRAGA,TOR1A,ASXL1,MRPS21,HSPA5,CLPTM1L
623,COX20,AKAP9,YME1L1,LPAR5,FYTTD1,DDX56,ZC3H15,LY75
624,EIF4G2,KCTD12,KAT8,POLR2F,SURF2,ZBTB10,ADPRM,SETDB1
625,TOR1AIP1,GADD45GIP1,KMT2E,NUDCD3,TAF9,ATG3,SEC61G,SELO
626,DHPS,C14orf166,FUBP1,EOMES,C19orf53,EMC8,CINP,CAMTA1
627,FH,ABHD12,NAA50,EIF3B,PARP8,ROGDI,MAPKAPK5-AS1,UPF1
628,MACF1,MLF2,SNX14,UBL7,SF3A3,RP11-290D2.6,CBFA2T3,SYNGR2
629,ERBB2IP,CTNNBL1,PRPS2,TFRC,RABGGTA,CDC40,CD300A,CSTF1
630,FNBP1,ZNF22,EXOSC3,CCNG1,RHOG,ORAI3,SOAT1,SEPN1
631,PPP1R18,ARAF,ZNF75A,ADAM10,RAB7L1,MIAT,CORO7,FBXW9
632,SLC25A3,GPR42,GNL3,AKR7A2,KLF10,CUX1,PMF1,SUCO
633,DSTN,ATP5C1,PML,CBR1,SEPW1,CHPT1,NCDN,SLC38A5
634,EBAG9,MAP3K11,YDJC,ZNF428,C1orf112,G3BP1,NDUFA2,NR1D1
635,PYGO2,VPS26B,RBM8A,MCL1,PRR5L,DDX41,STT3B,LSG1
636,DCTPP1,NUDT2,CCDC59,C17orf49,CHST2,RSAD1,GHITM,RP6-109B7.3
637,ZNF146,MYH9,LRMP,TNFRSF25,GRHPR,SLC44A2,RAD23B,CDKN2A
638,BCL7B,MOB3A,LRRIQ3,IFNAR2,AKNA,SLC7A1,TAF9,VCPIP1
639,NCL,ATG4C,TRIM44,ST13,NOC2L,RPS27L,CTC-444N24.11,TAPSAR1
640,S100A10,CTNNA1,CDC40,PAFAH1B1,MRPL49,EIF3H,RNPS1,NCK2
641,COA6,GOLGA7,STARD7,JAKMIP1,NXT2,RP1-102H19.8,C6orf1,FGL2
642,ZNF688,PSMB5,IFIT3,HSD17B7,MRPS11,AC022498.1,IQGAP1,TNFRSF13B
643,ATPIF1,TMED3,CCDC57,IQGAP2,ELAVL1,ANP32B,NAA10,LCN8
644,MT-CO1,PSME3,POMT1,LINC00649,LINC00969,ADSS,SATB1,ATG3
645,TPR,CAPN1,ERP44,SNRPA1,ASB8,BEST1,MAN2C1,SLC10A3
646,STK4,RYBP,TAOK3,ARFGAP3,USP7,TNFRSF1B,BST1,HIVEP2
647,IRAK4,FTSJ3,BOD1,SUB1,THOC6,FLCN,ALDH9A1,ATP2A2
648,PTCHD3P1,CCNG2,TMEM63A,TMEM261,YIPF6,MRE11A,FBXO25,SAMD4B
649,AC013264.2,GBP4,JMJD1C,NDUFB5,INPP5D,SEC13,ITGB1BP1,CDKN1C
650,PSMD7,ZNF544,SERTAD1,METTL23,DDX19B,ZNF141,TAPBPL,TRAPPC6B
651,NLRP1,C3AR1,HIF1AN,MT-ND1,SNRPF,MORF4L1,RTN1,ASAP2
652,ZNF524,CCDC59,TSTD1,CERK,C1D,HDGFRP2,CCT8,ATF7
653,PHYKPL,RALB,SMCHD1,SLC20A1,MIR142,COL4A3BP,GTF2F2,IRAK1
654,TRIM38,FAM105A,RSU1,EVI2B,TNFAIP3,ZNF593,CAPN2,NOP16
655,DDHD1,RNASEK,AHSA2,FKBP3,RNF10,S100A11,TIMM10B,CCDC18
656,PPP2R3C,ITGAE,PARP11,ZNF581,AKR1B1,MRPL52,ANKRD13A,ZNF720
657,CTDSP1,ATP6V0A1,SLAIN1,VAMP2,SAMD3,PRDX2,KNOP1,SPINT2
658,RWDD4,ANKMY1,TCEA2,WDR6,RNF187,RBX1,PSENEN,TRIM52-AS1
659,LYPLA2,LILRA6,SLC35A5,NUCB2,SERPINB6,STAT1,GATAD2B,POM121C
660,FKBP5,MRPL51,TRAF5,UBR2,SEC31A,ACTN4,NKIRAS2,TPTEP1
661,P2RY8,MRPL41,TES,MAP1LC3B2,USMG5,SAMSN1,ANAPC11,SMC6
662,IFT20,RPS25,ADC,ARSA,NDUFA2,PRCP,MAN2B1,UBE3C
663,PEX19,FUNDC2,TCEA1,NMT2,ING5,NDE1,SIPA1L1,MEPCE
664,TMEM43,MID1IP1,KPNB1,POLR2K,CD38,LGALS9,RPS14,PTK2
665,FLAD1,NUDC,PSMD14,GNL3,ACTR3,UBR3,KIAA0922,SLC35B2
666,SMEK2,FXYD6,FIS1,SP140,COMT,STX10,TPRKB,DHRS4
667,DCUN1D1,VPS37B,SGTA,METTL5,TPRKB,UCHL5,UQCR11-1,SMARCD2
668,RP11-796E2.4,OAZ2,BFAR,URGCP,NFKBIZ,MAP1LC3B,UBXN6,MANBAL
669,UCP2,ALDH3B1,SRD5A3,CUEDC2,DERL1,ARSK,CTSB,SPNS3
670,PPA2,PSMD9,SEP15,COMMD4,KLF2,LILRA1,SLC25A5,TRIOBP
671,DDX41,C7orf49,ITPR1,URI1,TGFBR1,SFI1,TMEM55A,PSMB3
672,HAUS7,TNIP1,HMCES,RHEB,TXNIP,TMEM179B,MRPL34,CPNE1
673,PYURF,TMEM8B,SNRNP48,QDPR,SLMO2,RPA3,ITGB2-AS1,POLR3H
674,C21orf33,PLD3,BTBD1,TRMT1L,PINK1,ZNF600,MBD6,WHSC1
675,KPNA2,RBM6,SNX29P2,IFI16,FIBP,PQBP1,PITHD1,BTN2A1
676,SRRT,SRRM2,TOP1,GMCL1,EXOG,C12orf10,DDX19A,NIFK-AS1
677,HNRNPA0,MFSD10,ARHGAP15,HMGXB4,ADPGK,MIR142,TOMM40,GTF2A1
678,RILPL2,TAGLN2,NEIL1,NUBP2,BTF3L4,ZNF626,PDLIM2,CPSF7
679,LILRB2,ARHGAP24,FAM129C,EPB41L4A-AS1,TMEM107,RELL2,PGAM1,TCEAL4
680,MLEC,TICAM1,RAP1GDS1,MRPL36,UQCRH,GSN,QARS,MARCKS
681,THOC6,RP1-3J17.3,RBM5,BCAP31,DNAJB11,YPEL5,RBX1,TLE3
682,AKR1A1,MT-ND5,CACYBP,ATP6V1E1,MYH9,GINM1,CACUL1,RRP12
683,ARID4B,PPP1R15A,PRRC2C,SND1,NUDT5,ACOT9,MAPRE1,TRAPPC2
684,TNFAIP8L2,CBWD1,DNAJB9,DBP,MAPKAPK5-AS1,FBXO41,SLC25A11,METTL10
685,CITED4,PHC3,CHPT1,ANKRD44,HEXA,STAT2,GPR183,PHF20L1
686,UBALD2,RSRC2,TMED5,NDUFB10,HMGN1,SMDT1,MAP2K3,SENP6
687,PDCD4,MRPS25,RP11-693J15.5,THOC7,HP1BP3,NDUFS2,AHSA1,LUZP1
688,DYRK4,ENTPD5,MZT1,DYNC1LI1,ACO2,OSBPL9,SLC38A10,MARS
689,BET1,IMPDH1,SND1,C3AR1,EDF1,ADA,UBAP2,ALKBH2
690,ZNF224,CAST,RPAP2,INTS5,C11orf58,MADD,RNF4,PLA2G16
691,ERICH1,TGFB1,SMC4,CALM2,KLHL28,CNOT4,PARP4,POM121
692,AP5M1,CUEDC2,ALOX5,FBXO8,MRFAP1,MED21,ZNF385A,SNX4
693,EXOSC3,GATAD2A,PCDH9,ABCF2,SLC44A2,RTCA,ICT1,HSP90B1
694,ZC3H13,FAM200B,RAD9A,POC1B,ARRB2,SND1,IDH3A,MBP
695,MRPL23,MYL12A,SERPINI1,NUDT21,NSD1,MYEOV2,TMC8,C6orf106
696,CCDC66,DERA,PPIH,RP11-545E17.3,DIP2A,FUBP1,STK32C,SLC25A39
697,SRSF11,GYPC,PDCL,MAP2K2,PREP,TMEM11,RASSF7,MLXIP
698,RFC5,HDGF,HNRNPR,IFITM1,AGGF1,KYNU,SMEK1,YTHDF3
699,RC3H2,SLC25A33,USMG5,LSMD1,FTSJ1,SH2D1A,HCAR2,RAB2A
700,SF3B5,PSMD1,CPSF3L,SSRP1,WDR54,CNNM3,STX7,SLMAP
701,HLA-B,LINC00877,RTCB,UQCRQ,RASAL3,KHDRBS1,PSMC5,ACD
702,ATP6V1D,CISD3,AUP1,RNF4,RCN1,ERAP1,SUSD1,APOBR
703,SEPT1,YAE1D1,SNX11,ARHGAP9,ABI1,MRPS2,RP11-117D22.2,UBA1
704,CETN2,STX12,CTR9,LUC7L,RAB7A,FSTL1,ZKSCAN8,CENPT
705,FAM78A,CUL5,KDM4B,ECSIT,PTPN4,OTUD1,CXorf21,PTPRA
706,USP15,PGD,CSNK1D,NAA50,TSPAN32,MMEL1,BLMH,TWISTNB
707,STX4,PIH1D1,STIP1,RRP1B,MAP3K8,UBL5,MRPS30,IL6R
708,NR4A1,PSMA2-1,ATP6AP2,RIOK1,MPPE1,EIF6,NCOR1,KIAA1432
709,MRPS18B,DDX19B,KIAA1033,RNF145,NMD3,GTF2E2,TMEM101,PCGF5
710,PPP3CC,GBGT1,PPP2R5C,CD97,AUP1,BCL10,NDRG2,ATPAF2
711,SPTAN1,PRMT1,SERINC1,STX11,PRKCH,G3BP2,GNL2,FAM46C
712,CNDP2,MARK3,CORO2A,RPL8,SUPT4H1,TSSC4,CISD2,RP11-142C4.6
713,STX8,HDLBP,DDX27,DOCK10,FAM162A,CTD-2006K23.1,MORF4L2,ZC3H6
714,RP11-1399P15.1,ANKRD13D,AL592183.1,TRMT13,CBFB,MRPL21,DEDD2,MTFMT
715,TMEM134,KIN,CSDE1,SP110,ZBTB20,AHNAK,APIP,TP53I13
716,SDHD,CDH23,SSH2,DPM1,TIA1,S1PR5,HOTAIRM1,SLC39A3
717,TPP2,EIF5A,DDX18,HNRNPDL,PSMA2-1,TESK1,GADD45GIP1,CLINT1
718,RPS26,C20orf201,C1D,ACAA1,RP11-792A8.4,C15orf61,COPRS,HIST1H2BD
719,BCKDHA,UBE2G2,VNN2,CALM3,GIMAP6,RTF1,ARHGEF7,GPKOW
720,CSDE1,DENND3,ATP5F1,TSPAN3,LY9,LARP1,SDHB,PDCD5
721,RP11-83A24.2,SHC1,PAIP2B,TNFRSF1B,SH3KBP1,GPR183,U2AF1L4,BLK
722,KDM6B,TXNL4A,SAC3D1,SUMO1,SNRPE,GIT2,MPHOSPH8,ELAC2
723,HELZ,MED30,MEF2D,HCFC1,VRK3,C4orf48,COX15,C19orf33
724,CCNC,CD2BP2,RCSD1,MAGED2,CINP,LYPLA1,MRPS10,FAM73B
725,COX16,HGSNAT,FAM177B,KDELR2,MACF1,MRPS18C,DNAJA3,SERPINE1
726,SPINT2,TMEM230,GRPEL1,CREB3L2,HDDC3,RP11-1143G9.4,ESF1,BOLA3
727,HERPUD2,NFIC,VASP,EIF2B1,WDTC1,TMEM14B,POLR2J,MORF4L1
728,LRRC8D,POLR2J3,OXA1L,USP1,NIPSNAP1,UBE2L3,NCOA4,SNORD3D
729,ADTRP,DNASE1L1,RHBDF2,CAPRIN1,ADD3,DYRK1A,NCSTN,GNB1
730,SCAPER,RPL22,NOP58,NECAP2,RCN2,ATP6V1A,STX5,GADD45A
731,GNG5,PMF1,NHLRC3,EPS15,OSER1,CXXC1,RFX1,MR1
732,ISCA2,SPTAN1,ZNF747,MARCH7,TNPO1,STAT3,TTC32,METTL9
733,OXLD1,BRE,SLC25A11,ASH2L,VPS37A,METAP1,ABLIM1,ARL8B
734,PSMB9,SDF4,NDUFA6,GAPDH,CSRP1,PTPN6,BICD2,MPRIP
735,LYRM2,ESD,UGGT1,NEK9,TRAPPC1,SRRT,FIG4,FAM173A
736,CRTC2,DHRS4,POP4,TSPYL2,LNPEP,PPCDC,RBM17,ISG20L2
737,VPS35,RHBDF2,TRANK1,TMEM259,SAMD9L,DNPH1,RAB32,NOC4L
738,VDAC2,ANKRD13A,TCIRG1,MAF,MANF,NSD1,HNRNPUL1,MTURN
739,CDK16,ZC3HAV1,TMEM80,MTG2,NUP153,IDS,COMT,VTA1
740,ZNHIT3,NDUFB10,PIGG,NARS,WAC-AS1,DMAP1,INTS12,RPL4
741,NFU1,AZIN1,SRSF4,PITPNA-AS1,POLD2,JKAMP,NPC1,CCAR2
742,SMYD2,C1orf174,CTSA,SNRPA,HIST1H4C,ARRDC2,SAT2,PRKCD
743,TARS,LRRC8C,BLCAP,ARAP2,RTF1,RPL15,CAMTA1,ZDHHC24
744,CYTH1,BCLAF1,EXOSC8,PUF60,USP24,EPOR,TRIM22,GCAT
745,DDX50,KCNAB2,MX1,SIPA1,C10orf32,FIG4,PSMG4,DNAJC19
746,DCTD,LRRFIP1,USP16,LAS1L,UPF3A,HES4,AGPAT9,C15orf39
747,BCL2,ST6GALNAC6,PRMT1,VWA9,ICMT,PPP3CA,ABCC5,VCP
748,URM1,TMED9,RABEP2,MRPL41,PBX4,NACA,REPIN1,HSCB
749,BMPR2,ELL,TAGAP,RAD23A,EIF3A,PDLIM7,TARBP1,RDH11
750,CEBPZ,RNASET2,AC027763.2,RAE1,LOH12CR1,ZNF480,SPATS2L,HUS1
751,CD2,AP1G2,PAIP2,CAMLG,NIP7,SRP19,SSBP1,ENO1
752,DHX8,MCMBP,AKAP8,ISCA1,ZBTB7A,TMEM199,UQCR10,TMEM147
753,ZSWIM8,CASP6,HINT3,IP6K2,TRAPPC6A,RAB7A,EIF3B,NUDT3
754,SRSF7,STAT6,PTP4A1,MAN2B2,SMIM20,C6orf89,ASPSCR1,HYOU1
755,FASTK,ANXA2R,SLC20A1,DUS3L,SLC39A9,NDUFB2,AURKAIP1,CRBN
756,POLR2J3,CAMTA1,THEM4,GLRX5,ARPC2,VPS39,KMT2E,ICA1L
757,ELMO1,ISG20L2,RECQL,JARID2,DDB2,LSMD1,HBEGF,P2RX1
758,CLYBL,SLC25A39,ARL8B,NECAP1,SAMD4B,POLR2H,HEBP1,SSU72
759,ARFGAP2,FBL,ANXA4,C12orf75,PCNP,RIOK3,PLBD1,HELLS
760,DHX29,CES2,SEC31A,USP19,YY1,GGA3,TSR2,BTK
761,C12orf76,NEDD8,ALKBH2,PSMC3,NDUFA4,AP3D1,TRAPPC2P1,AKAP9
762,AP5Z1,NOP56,OSBPL10,NARF,MTERFD3,GAPT,PREX1,RCSD1
763,PGD,TAF6L,FAM102A,PKN2,PTPRA,MIDN,DUSP23,CTSC
764,CNOT6L,CALCOCO2,CDK4,TNFAIP8L1,MXD4,PHF19,TIMM10,PSME3
765,HPRT1,PIK3R1,ITSN2,HAGH,PYCR2,ROCK1,AP3M1,ERBB2IP
766,COX17,NAGPA,RBM4,DNAJB14,PRDM2,CHMP3,XRCC5,DHODH
767,ATP5EP2,TINF2,IREB2,TRAT1,MUS81,GRHPR,VPS29,NPC2
768,NR4A2,BAZ2A,TOR4A,ADH5,PRKCSH,PSMG3,SUMO3,ARF3
769,SRRM1,DNAJB6,GLI4,ATRAID,PTK2B,MRPL3,DGAT1,SNORA76
770,SAP18,IRF2BP2,ILF3-AS1,ST3GAL4,PRSS57,MAPK1,MX1,NDUFA11
771,NIPAL3,SLC25A5,TNNI2,SAT2,NAA15,DDX58,IL10RB-AS1,PPP5C
772,XRN2,SLC39A3,COPS5,HM13,UFD1L,NAMPT,OGT,MPST
773,POLR2J,STX5,MTMR9,POLR2I,GUF1,C7orf50,AIMP2,VTI1B
774,ARHGDIA,IL8,RNASEH2B,CD81,ORC4,GNB2,NSD1,KBTBD4
775,MXI1,DIAPH2,BLM,ABHD3,KLF13,CYB561A3,TAF7,INF2
776,TP53TG1,MRPS18B,AIF1,EIF2AK1,UBE2J1,PARL,RAB22A,CTA-29F11.1
777,SAP30BP,COX6A1P2,VMP1,HEXB,HENMT1,PEX11B,ADPGK,C1orf50
778,DDX23,PAIP1,UBE2G1,EVI2A,PDHB,PAG1,HIPK1,SPTBN1
779,EIF1AY,UGP2,MED4,PPIH,VDAC3,RPS6KA4,ARHGAP30,SYMPK
780,NME3,SAFB,SNX22,KIAA1430,EIF3L,HDAC7,TRIM33,FAM63A
781,ABHD10,UBE2S,BAG6,GID8,LAMTOR1,GNS,KDM5D,PELP1
782,C1orf228,PPM1M,TMEM258,HADHA,ERP44,ZBED1,RARA,RAD23B
783,RBM38,MRPL11,NDUFA13,NUP50,UQCRC1,NFKB1,POP1,CLN6
784,H2AFV,SSU72,MAPK1,TRAPPC2L,GAPDH,SH3BP5,RNF44,PHYKPL
785,EIF3D,UBE2B,HDAC7,WDR43,TXNRD2,CD79B,ERGIC1,UBE2B
786,PREP,PARP14,SHOC2,UBA5,FNTA,MTSS1,DDIT3,UBE2O
787,FAM134C,TRAPPC6A,COA4,DOK2,PHF11,CDIP1,EXOSC8,SSSCA1
788,LRP10,IMP4,HMHA1,BOD1,AK3,PAK2,TRABD,CSNK1A1
789,TCEAL8,DDX6,TBC1D22A,SRPRB,LIPA,TTLL4,CCT5,MACF1
790,UBE2K,PPP1R16A,SH2B2,EBP,HNRNPD,UBL3,SLC39A3,PXK
791,THEMIS2,MRPL40,SEMA4B,BRIX1,MED29,TIPRL,IFI44,RPS6KB2
792,SMIM12,PMM1,MICU3,RPL6,GSS,PSMB2,TUBB6,ICMT
793,NUPL2,PHTF1,TMA16,FRMD8,KPNA1,SORBS3,RAVER1,NOLC1
794,DDX3Y,NIT2,GXYLT1,CYTIP,WDR45B,CD55,HLA-DQB2,RFC5
795,PNKP,COX20,AGPAT2,PTPMT1,SART1,SETMAR,CYSTM1,RABEP1
796,ADCK3,HIBCH,GALNT2,MRPS23,NARS2,RELA,MAPKAPK5,TUSC2
797,RNF5,YTHDF2,LILRB1,SPSB2,EML4,PDLIM2,ADRM1,MRPS27
798,STXBP3,UBE2D2,THAP9-AS1,RCOR3,ABHD13,CLK1,TMEM19,CCDC57
799,C17orf89,CTSC,DDX21,RRP8,LAMP2,PTK2B,SNAP29,IFITM2
800,CEACAM21,ZDHHC1,ATP6V1G1,RP11-660L16.2,CYTH1,RNF168,TMC6,CD320
801,SETD5,THOC3,LPXN,PRMT1,MAP3K1,FAM117A,MRPL11,POP7
802,COPS2,CIAO1,PSMD13,FAM200B,PPCS,VDAC1,ERGIC3,SLC43A3
803,PTPN1,NCF4,PSMB2,C12orf79,SOCS1,BZW2,RP2,RAC1
804,SMYD3,IL10RB,PITHD1,MPV17,TXK,SBNO2,LINC00667,RPUSD4
805,NFKBIZ,SIRT7,TTLL1,DOCK8,DOCK2,UFM1,BCR,SREBF2
806,ZDHHC12,WIPI2,EIF3M,TPRG1,LSM14A,MCL1,RAP2B,PUF60
807,ANKRD39,PLXDC2,RARS2,CRTC3,ACTR2,ZCCHC2,MFSD1,MCTS1
808,FBXO25,SRA1,THAP7-AS1,BCL2L13,C11orf21,RPS12,ODF3B,NAA10
809,KHDRBS1,PIEZO1,LENG1,VRK1,DUT,GHITM,CAMK2G,BNIP2
810,CHERP,CARD8,RBM22,MGMT,VPS37B,CD8A,ELMO1,UBTF
811,CD5,MSRB1,TNFRSF8,SSNA1,YEATS4,GNG2,ZNF511,HSBP1
812,DIS3,APOA1BP,YWHAB,PCGF5,GBP1,SNAI3,DIABLO,PITPNM2
813,PSMD1,PRKAR2A,TSPAN14,RP4-539M6.22,IL4R,PUM2,UCK2,PVALB
814,YIPF4,DIAPH1,PI4K2B,KDSR,ANKZF1,FIS1,FADD,BET1
815,TOR3A,RNASE2,PEF1,LYAR,PITPNC1,TRIM8,ARHGEF40,TBC1D10A
816,PIGH,RASGEF1B,NAE1,GEMIN7,SLU7,RDH14,DIAPH2,WDR46
817,TYW3,RBM14,DPAGT1,SC5D,RDH11,DOK3,VDAC1,C8orf59
818,PDRG1,RPL22L1,FH,ARRDC1,CTDP1,C11orf58,ARSD,P2RX5
819,C14orf2,TCOF1,RP11-108M9.4,DHX16,C7orf73,TMEM161B,QDPR,BRD4
820,RPP25L,TAP2-1,ZDHHC21,CCT8,COG6,TSEN15,ZDHHC24,FKBP5
821,SURF4,MORF4L2,OGFOD2,ADO,TSTD1,PES1,KCNK6,ISY1
822,ATP6V1F,C19orf66,RP11-277L2.3,ERO1LB,H2AFJ,LMO2,TACC1,PRKAR2B
823,PLK3,ZC3H12A,MED19,ATG2A,MRPS27,VMO1,ORAI1,TMEM55A
824,P2RX4,RP13-270P17.3,IRF2,REPIN1,CITED2,NSMCE1,MAP4K1,PTEN
825,DLGAP4,R3HCC1,VDAC1,NXPE3,DNM2,C16orf74,SIN3A,ARHGAP18
826,CTSS,CARHSP1,KIAA0040,PDE3B,ZNF394,SYF2,DDX21,IMPDH2
827,ACTR1B,DXO,RASGRP1,PPP5C,IL16,LAIR1,MGAT4A,CASP3
828,TRAFD1,CC2D1A,COMMD6,ZNRD1,CCS,MCOLN1,UBL7,SDF2L1
829,ARL3,HRH2,MARK3,ZC3H8,MRPS30,PLEKHF2,EDEM1,NABP2
830,POP7,SIL1,LPAR5,DOCK2,RNF19A,C14orf159,C21orf59,FAXDC2
831,ZFP82,PPP1CA,POMC,ATP6V1A,ALKBH5,MRPS11,C9orf37,LGALS8
832,TMEM55B,ZKSCAN1,GOSR2,PDCD1,TBCC,PYCARD,HERC3,FNTB
833,SEPHS2,ZEB2,FCRL5,RP11-412D9.4,SDSL,MIER1,OPN3,PLP2
834,HMGN2,HCAR3,PANK4,POLR3C,COQ7,BAZ2B,ZBTB48,CFLAR
835,ASCC3,KRAS,PRDX1,FAM134A,NELFE,CITED4,FAM120A,NELFA
836,NELL2,HIATL2,CD3EAP,ZNF792,CCND3,CCDC18,GPR108,SMCHD1
837,C4orf3,COMMD7,CLIC4,B4GALT7,RAD23B,SLC6A6,SELT,COPS5
838,CASP8,XPA,ISY1,ARHGEF18,AKIRIN2,RING1,RP5-940J5.9,CHCHD5
839,KIAA0195,TBC1D1,ENO2,BRAP,TMEM165,CCNK,KIN,CCDC94
840,RPIA,LINC00152,C6orf89,EIF5B,ISG15,SH2B3,PAFAH2,MRPL43
841,UFD1L,AKR7A2,DZIP3,HMGCL,ADRBK1,BLVRA,CRLS1,CMAS
842,SMPD1,SPN,POLR3E,TMEM109,CXXC5,RNF166,SAMHD1,WDR55
843,DDA1,EIF2A,CEBPB,HDHD2,LSM3,FHIT,MS4A6A,SLA2
844,PLEC,CPVL,ORAI3,ZNHIT1,CLTC,ADIPOR1,ATPIF1,TPD52
845,ARID5A,GALNT2,SPPL3,ULK3,TRAPPC4,PA2G4,FXN,NIPBL
846,RP11-109G23.3,GAS7,KDM3B,HSPD1,RIOK2,RBM25,KIAA0355,ATP5L
847,ACO2,RNF214,MCFD2,BST2,CNOT7,IKBIP,LAMP2,AP2S1
848,NBR1,STAG1,DOCK2,CS,NAGPA,RAB1B,PPAP2A,ASNSD1
849,PARP12,EREG,CREBBP,RPL37A,MED28,BIRC6,CD101,LGALS12
850,DNAJC9,SLC4A2,ABCC1,CCBL1,ORAI3,IFT20,TMEM131,SPSB1
851,AC079305.10,ZNF331,RANGRF,HMG20B,TRIT1,HEXB,KDM2B,FBF1
852,MAP4K2,RPL18,RP11-403I13.8,MLLT6,CAPN12,CD33,INSIG2,VMA21
853,DYNLRB1,ING1,OPN3,GADD45B,DDX50,FAM162A,PRKCDBP,LY6G5C
854,UPF3B,DHRS4L2,GMFB,FBXO21,LARS,SEPT1,MNDA,DPCD
855,HMHA1,FRG1B,SYVN1,GSAP,FAM117A,FRAT1,GPATCH8,LRP10
856,TEFM,EEF2,SRCAP,FDX1,LCMT1,YPEL3,OTUD5,TSR3
857,RBMX2,DCAF10,SZT2,AKIRIN2,SLA,G6PD,EIF2B1,CPT1A
858,JADE2,MAT2A,DOCK8,CIDEB,PTRHD1,SLC1A5,UVRAG,CTNS
859,EFNA4,PTPMT1,PYCRL,PPP1R2,ZNF638,POLD4,DLD,USP5
860,SUV420H1,SLC38A1,SMCR5,PTEN,AMZ2,NUP54,C12orf75,SAV1
861,C9orf89,BOD1,ARHGAP25,EXOSC9,CNPY2,ZCRB1,SEC24D,PNN
862,MBIP,CTD-2336O2.1,RALB,AP3D1,UQCRFS1,IQSEC1,MYLIP,ISCU
863,KIF3A,SRSF4,RSBN1,DPP9,CBFA2T2,FBXW5,C10orf118,EIF2B1
864,GCSAM,KLHL36,DCP2,S1PR5,DNAJC1,MRPL24,CD86,KCTD10
865,CHKB,SMUG1,ZNF880,RP11-222K16.2,POLR2F,CPVL,CPNE3,DIAPH1
866,CPSF7,MYO1F,RBM33,PSMD11,MEA1,COQ2,EID1,C17orf49
867,LTA,ECHDC1,WWP2,AGL,IER2,MDH2,FCF1,POU2AF1
868,USO1,A1BG,STAP1,WASL,HNRNPA2B1,DHRS12,KLHL22,CD151
869,TMC8,CEBPG,CUTC,ASPSCR1,CD97,NUTM2A-AS1,DYRK4,EIF3K
870,TAX1BP3,CHD4,CCDC97,RNGTT,ANKRD12,TSTD1,GLYR1,KPNA6
871,KDM5A,MBTPS2,INO80E,GLS,MARCH5,ZNF10,EP400NL,TOR4A
872,CTBP1,MAZ,PTPN22,GGA1,SLAMF6,ATXN7,PAXBP1,BTG3
873,PAK2,RP11-262H14.1,HTRA2,BLOC1S6,IQGAP2,CNOT6L,TUBA1B,PTPLAD2
874,PNPLA6,ISCA2,RPS24,MAP7D1,ACP1,VMA21,MICAL1,TSPAN5
875,HNRNPA2B1,NUP62,LDHA,NRBP1,CNOT6L,SFXN3,CLEC4A,LRRC8B
876,USP10,RPIA,FAM107B,FAM177A1,HIGD2A,NCBP2,HRH2,APOL3
877,KIF22,CCDC88C,SLC5A6,RP11-124N14.3,CBX1,DDA1,RP11-84C10.2,TAF5L
878,ZNF830,CD27-AS1,TAMM41,EHD4,CHMP4B,TSEN34,ZDHHC7,XPO7
879,ZFP36L2,N4BP1,TSPYL1,BCL7C,CBLL1,FAM53B,LY86,MAP4K5
880,DDX39B,TMEM41A,ZNF485,TERF2,TPR,CCZ1,ACAA1,MRPS26
881,LSM1,ZMIZ1,UPRT,HSPA9,TRIM41,CLEC2D,TNFRSF10B,DSE
882,IFFO1,LMO4,EIF3H,CYB561D2,TMOD3,CCDC86,UGDH,AP1G2
883,KLRC2,GBAS,RP5-827C21.4,CREB3,C20orf112,C7orf73,DOK3,RP11-110A12.2
884,EFHC1,TLR4,UBXN7,FAM91A1,EMC2,CASP2,KDM4A,SEC14L1
885,CCAR1,CLIP1,CCDC84,F8,RBMX,SNAPIN,CNOT6,APBA3
886,PGP,WAC-AS1,UBE2Z,LAMP3,RPL18,MTCH2,RRAGC,KLHL6
887,MRPL1,GOPC,ZNRD1,IMMT,SNX14,MED31,CCR2,STRA13
888,ERV3-1,LGALS3BP,ITFG1,STK24,RP11-139H15.1,GTF2F1,SEMA4A,HIPK3
889,PIGF,COASY,MXD3,CBWD1,LEAP2,TMEM107,PLAA,TOR3A
890,C12orf5,C20orf27,METTL4,MYO1F,C17orf85,CHST2,TUBA1A,PFKP
891,CTC-479C5.12,LINC01004,POLR1B,DDX18,TOM1,NBN,DYNC1LI1,CSF1R
892,ZNF331,CARKD,WDR83OS,C2orf47,CWC25,EBP,RBM4,DPM3
893,THAP11,SP110,TBXA2R,ACSF3,TMEM203,STAC3,RAB5C,YRDC
894,SNORA76,NDUFA10,ERCC4,SLC35B3,TMEM204,GRASP,RMND5B,MAP1LC3B
895,RAB11FIP1,RNF135,ATF7IP2,OSTC,PELI1,GOLGA3,RNMTL1,KDELR2
896,CDK5RAP3,FBXO7,TRIM22,PPP1R37,HNRNPC,POMP,CSRP1,ABHD17A
897,TTC14,RP11-290F20.3,CECR5,RGS14,ZC3H6,MBOAT1,UBXN2A,CSK
898,ESD,SREBF1,RBM7,MYNN,SEMA4D,ERP44,CCT4,TAB2
899,ARMCX5,RAB11FIP4,VAV1,RNF170,VPS51,PHF8,PITPNA-AS1,MRPS25
900,TPRKB,RNF113A,RP11-488L18.10,MIA3,UBXN4,GTF3C5,FLOT1,CRKL
901,PLEKHJ1,TMEM243,EIF1AX,EIF2S3,LPGAT1,JAGN1,DNAJC15,LAMTOR2
902,PIM3,HSDL2,TNFRSF13C,NDUFA9,CRLF3,GNA15,CLCN1,GTPBP1
903,RPS4Y1,SENCR,GRIPAP1,GSR,CCDC127,NDUFA13,RSU1,DRAM1
904,CFD,TBC1D5,GMPS,MAP2K1,TXN,CYB5B,RPL27,ARHGAP21
905,PEX26,CCT2,MTMR4,RBM4,MESDC1,ANKFY1,RPP25L,EPB41L4A-AS1
906,DIMT1,VSTM1,AP3B1,PPHLN1,PIGC,EEF1B2,SNHG8,AL592183.1
907,RUFY1,PXN,CRBN,TACO1,DGKZ,CAMK1D,GPX7,SF3A3
908,RAB33A,AAAS,IP6K1,ARMC10,STK4,LLPH,FGR,PRKAA1
909,SUGP1,NIN,HSPBAP1,VPS37A,USB1,RBL2,UBE2R2,ASAP1
910,ZFAND5,SLC48A1,CNN2,COX6A1,ZDHHC24,NABP1,PDP1,CCDC90B
911,CLTA,MUT,USP48,RP1-3J17.3,ATAD3C,EMR2,TRMT11,CENPC
912,TSG101,MEFV,NT5E,RFWD3,CAPN1,COX7A2,CBX7,C16orf91
913,NELFE,ZNF787,ABCF1,CTA-211A9.5,RAC2,SLC9A3R1,PI4KB,UCK1
914,RABGGTB,YEATS2,LILRA3,PHB2,CHMP3,LATS1,RNF11,SPG11
915,CTDSP2,MED9,SFMBT1,CPSF6,EMC4,CIRH1A,BEX4,PDLIM7
916,SLMO2,C14orf119,CSTF2T,FCRL6,SEC16A,IFNGR2,TRAF2,RAB8A
917,HERC1,FAM65B,NIFK-AS1,NQO1,SLC25A45,C5orf15,SSR1,RNF113A
918,KIF2A,PITPNA,FAM212A,MTIF3,TAP1,SUCLG1,METTL2B,UBC
919,PHF1,GLI4,GGCT,DHX36,VPS72,NDUFAF6,LIMS1,ORAI1
920,AP2B1,PTGER2,PDE4B,C19orf25,MAP2K7,NDUFS6,PAPOLG,CPSF3L
921,SIRPG,SLC46A2,ECHDC1,MGST3,XAF1,WNT5B,PADI4,DNAJC15
922,SUPT7L,RABIF,ZNF277,SYTL1,CFDP1,LDLRAD4,FIS1,TPGS2
923,SRF,OSBPL8,SNX29,FAM3C,TMED2,RAB9A,LYSMD2,SH2B3
924,SSBP3,NUTF2,FAM96A,THAP2,KLRF1,DUSP2,USP24,STAG1
925,RCCD1,UQCRH,NUP88,DECR1,SDHA,CYSTM1,MESDC1,PTAFR
926,SRSF6,MTHFS,CASP6,IFNAR1,ALDH9A1,C16orf62,KPNA2,PDCL3
927,MICU2,CNIH1,CYTH1,IDH3G,MTCH1,POU2F2,PCSK7,GRB2
928,SDE2,C21orf119,ATF1,PPP2CA,VASP,ABHD6,PRELID1,HEXIM1
929,RAD50,ACP5,SUDS3,XAF1,TAF6,TMEM18,ACOT2,ZNF106
930,CCDC88B,GRK6,ARHGAP27,RSL24D1,RBM38,RSRC2,CARS2,RPAIN
931,MARCKSL1,AGPAT2,TBC1D25,TAP2-1,SIPA1,DNTTIP1,MGMT,ERICH1
932,APP,NRG1,SERGEF,GPR18,PEPD,HPS4,STARD7,TAF3
933,POLE3,PNRC2-1,THUMPD1,ZNF800,TSEN34,P2RY13,RAB20,ODF3B
934,NUDT2,PET100,APH1A,STOM,CDK5RAP2,CLEC4D,TMEM9,GOLPH3
935,PLGRKT,CCBL2,UBLCP1,VPS4B,ATP6V1E1,MAP4K4,XXYLT1,KDM6B
936,COPB1,FOXK1,RP13-977J11.2,PSTPIP1,STX8,ANAPC11,CCHCR1,G3BP2
937,UPP1,DDX42,DUSP11,OGFOD1,DNAJA2,RBPJ,PLA2G7,RGS3
938,ZNF253,PID1,AZI2,BAG5,YWHAQ,SON,NUDT16L1,MAPKAP1
939,PDE4DIP,CUL9,RBMX,GLTSCR1L,ARMCX3,PCGF5,SLC2A11,LEF1
940,SP140L,COMTD1,SMARCA5,HDAC3,HSD17B8,VPS28,DNAJB11,PEBP1
941,NUP62,TFIP11,SYTL1,OBFC1,RNF2,ISOC1,CKAP4,SUSD3
942,C17orf62,DNTTIP2,TTLL12,SLC22A18,COMMD6,ADD1,PSMB5,DAP
943,FRA10AC1,FLI1,GOPC,BAD,RAD51C,SNRNP27,EIF2AK2,AKT1
944,NCK2,DDOST,PRR13,METTL18,F2R,WDR18,COX5B,RPUSD1
945,GTF2A2,KHSRP,PACS1,HSPE1,SNAI3,WRAP73,MITD1,CNST
946,HARS,RP1-241P17.4,TRIP4,RPS6,FKBP5,ELF4,PLOD3,WDR54
947,ZFC3H1,KPNA4,CHMP4B,NCKAP1L,ANGEL2,ZNF621,TMEM242,ALDH16A1
948,TMEM106B,ZFYVE19,MED25,CCDC53,GEMIN6,FAM117B,KIAA2026,PRKAR1A
949,MRPS31,PPT1,KPNA6,MSL2,LINC00493,INO80C,NFE2,SNX9
950,LIX1L,UVRAG,MSRA,IL12RB1,RASA3,PPP1CC,CCDC47,LINC00877
951,ACAA2,NIP7,PGK1,UROS,BCLAF1,PTAFR,AP1S3,MCM7
952,ZNF263,BTN2A1,PSMD9,MLH1,MAPRE1,APRT,FAM65A,TSEN34
953,TAF12,SENP2,NCF4,ZFAS1,ZC3H13,TOMM22,PSD4,NDUFA2
954,RSRC2,CSNK1D,ANKRA2,SLCO3A1,FMNL1,PARP4,TMEM69,LRRFIP2
955,SLC25A16,NQO2,FAM211A,TBCD,FDX1,SDAD1,HINT1,ACYP1
956,AKTIP,TST,NOL11,MFF,C1orf56,MKNK1,ATP5A1,NAPA
957,MRPL16,CTC-241F20.3,SIAH2,CHMP2B,SMARCB1,CSAD,TXNDC17,CIB1
958,TASP1,SNX6,IQCB1,COX14,ERAP1,GOLGA4,SCAND1,ANAPC5
959,RAC2,JTB,CRLF3,ZNF75A,CRELD2,CASC4,RPUSD3,HCAR3
960,GALNT10,SNRPA1,MTDH,TKT,SRA1,MAT2B,METAP2,TNNI2
961,MBNL1,RPN2,DEF8,MPST,LEO1,KLF4,YWHAH,DAAM1
962,RFK,STRN4,ZNHIT3,ARL16,LPIN2,KCTD18,LEO1,TAF10
963,SUMF2,C12orf66,GPSM3,HIBCH,TSNAX,SSH2,ZNF394,EIF3A
964,SLC35C1,KLHL24,MPHOSPH9,SVIP,ADRB2,NECAP2,AC027307.3,MEF2BNB
965,FHL1,RASSF7,AKIRIN2,GPN2,SCAMP2,FUOM,CHPF,EHD3
966,GRSF1,MOSPD2,WDR74,GRK6,CAPN15,PHF1,SDR39U1,SCIMP
967,HAUS4,HSPB1,CENPC,TMEM71,ANKRD37,CEACAM3,POLD2,GABARAPL2
968,MRPL47,ASPSCR1,NIPSNAP1,KIAA0319L,SMC4,NANP,VCL,SORD
969,ATG4D,LSM4,HPS1,CHD4,PPP1R7,VDAC3,FBXL6,C1QBP
970,SUCLA2,CCDC91,RP11-326C3.12,LMBRD1,WDR83,HLA-DOA,ZNF586,USP22
971,MPHOSPH10,HDAC4,STMN3,SNHG8,CTD-2260A17.2,NCSTN,STARD3,DCTPP1
972,GGCX,CYLD,STAG1,UBA3,NCOA7,NFKBIE,SNX27,TMEM167B
973,RPA1,GPR137,RPL26L1,GHITM,GBP5,CX3CR1,TMEM138,IST1
974,ANAPC5,S1PR1,CMTM7,CSRP2BP,POLR2H,RNF139,STK38L,CGRRF1
975,RSAD2,SUPT5H,LDLRAD4,LONP2,NFKB2,SAMD9,MDH2,COA3
976,AC016831.7,TCTN3,NOC3L,AMPD2,RORA,CAPG,DNAJC21,RALY
977,AIMP1,KPNB1,C9orf91,WDR20,PSMD8,PTMS,ZC3H7A,GGA1
978,TARDBP,RPS27,ARMC2,TXNL4A,PRKAG1,FANCA,POLDIP3,LTA4H
979,EIF4EBP2,NSMCE2,RPF1,COX11,EZR,ARL2,RP11-213H15.1,AIFM2
980,TMEM33,ZADH2,FAM136A,BTN2A1,GNAI3,KLHDC10,NAGK,RIPK2
981,TDP1,RNF187,CCNDBP1,RP11-403I13.8,CAPG,MOAP1,PSMA4,C17orf89
982,RTP4,GOLGB1,PTCD3,CCDC23,SEC13,HADHA,TMIE,AP1S2
983,TTC1,IRGQ,RSF1,IL11RA,SMIM12,DCAF7,LRRC8C,METAP2
984,PAICS,PHF20,AEN,PGM2L1,DNAL1,C11orf48,LYSMD4,POLR2E
985,CENPT,CCDC101,COQ10A,NDUFB7,PSMB10,ATG13,KLF10,XPO6
986,C18orf32,WNK1,ZNF24,ITPKB,FAM136A,TRIM69,OSGIN1,DNM2
987,ZBED5-AS1,CYFIP2,AKAP9,NUP88,ANP32E,NEDD8,VPS36,MYBL2
988,PPP6C,ELMSAN1,ARRDC2,ADAR,SEC22C,YIPF4,KCNK7,MAN2C1
989,RNMT,CHRNB1,MTRF1,PRPS1,NDUFB6,SEPT7,WBP4,MGLL
990,TSEN15,SHARPIN,KYNU,POLR2H,IMP4,AC010226.4,EMP3,CD8B
991,SKA2,PSMD8,C12orf23,XPOT,VGLL4,BTN3A3,FAM53A,ADRB2
992,PML,SDR39U1,DENR,CRLS1,UCHL5,DKFZP761J1410,LRRC16A,TMEM128
993,RASSF3,HAX1,RP11-220I1.1,TRPC4AP,RPL22,PHYKPL,AC011893.3,DDT
994,TMEM206,WWOX,SNHG12,KCTD20,SYNCRIP,GPATCH3,ZFP91,NUMB
995,YBX1,FGD3,CCDC43,IVNS1ABP,COX6A1,RSL24D1,PGP,RNF149
996,ATP5C1,RBM5,CREB3,DNMT1,CDKN2C,WDR82,KLHL5,RPA3
997,RP11-752G15.6,ICAM1,RP11-94L15.2,GAR1,ATP5I,RPS19BP1,FAM26F,PNRC2
998,ELOVL5,NEDD9,SNRPB,MED20,ELOF1,SNRPB2,DERL3,TAPBP
999,C12orf45,TM9SF2,PJA2,RMI2,RBMS1,PINK1,PLA2G16,IFIT3
1000,GLTP,ZNF746,ST8SIA4,USP30-AS1,CERS5,MLYCD,SPG21,HNRNPAB
1001,SFXN1,NUP93,IFIT2,KAT8,ALG13,CLINT1,TAB2,TJP2
1002,BEX4,CD300E,SLC50A1,CBX7,PRKCQ,WBSCR16,GSAP,SLC44A1
1003,GPR82,COX6A1,AK3,EIF2B5,AP5Z1,IER3IP1-1,HEXA,FAM214B
1004,CMTM3,ADAP2,PKM,PDLIM5,PSMD14,IMP3,PRKCA,CHD9
1005,TRIP4,SIGLEC14,TXNDC15,CISD1,ZNHIT1,ARSD,C19orf83,ARHGDIA
1006,NT5C3A,KIAA0930,MMP24-AS1,HIST1H2BC,RAB1B,SMG5,CACNA2D3,SEC61G
1007,ZDHHC7,NELFB,PCGF5,FAM204A,RP11-589C21.6,UBE2O,RBM42,UPP1
1008,TRIM33,CCS,DHX58,MAT2A,EIF3G,TTC19,C7orf50,PTPN1
1009,MSH3,PDHA1,RP11-1143G9.4,ELOVL4,PPP2R2D,RRAGC,ACSBG1,NDUFA5
1010,C5orf28,E2F4,UBE2E2,PSMD3,PMPCB,SLC38A10,MYCL,TSEN54
1011,CSGALNACT2,PDZD11,PLRG1,SELK,LRRC8A,SF3A3,LRRC27,EBNA1BP2
1012,ATXN10,KLF7,MOSPD3,CDC23,SNRPD3,ITGAL,NECAP1,PPM1A
1013,PHF3,COPS8,CARS2,WDR74,BRK1,RRP36,KCTD17,TCEB1
1014,ACOT13,TNPO3,DPH5,PSMB6,SHPRH,XAB2,HSCB,CTR9
1015,VIM-AS1,UBA1,ACP1,APOPT1,CDS2,CHST13,TRABD2A,DOK1
1016,DHX9,IL1RN,MESDC1,ANKRD54,EPRS,DDX17,ATP6V1C1,COA4
1017,VPS45,FGD5-AS1,CSNK1G2,ZNF131,RAD50,CEACAM21,GATAD1,ZGLP1
1018,EGR1,KIAA1598,MARCH6,RUVBL2,RHBDD2,EIF4H,MECP2,LAPTM4A
1019,SUCLG2,PRKAG1,LRBA,ZCRB1,ZDHHC13,RUNX1,ADAM8,PAK1
1020,NUDT16L1,RDX,ANKRD54,SETD4,HPS1,REV1,NSF,HDAC5
1021,MAGEH1,EIF4A3,WDR11,PTTG1,TMEM126B,PPP2R5B,RRP9,VPS26B
1022,PDCD7,CHCHD4,MTSS1,KDM3A,UBE2M,TGOLN2,EIF4EBP1,FAM45A
1023,PIK3CA,ACTR10,PTDSS1,PRKAA1,CD55,SNAP29,ADO,CDK5RAP2
1024,ANXA7,MRPL4,SLC25A42,YARS2,FAM173A,UFL1,BTF3L4,PARL
1025,SLC25A40,PPIF,RBM43,CTA-29F11.1,PCYT2,C6orf1,C16orf13,HIST1H2AG
1026,SHARPIN,RP11-1094M14.11,USO1,RPA3,KATNA1,RNASEH2A,RASD1,KLF3
1027,TRAPPC6B,MFSD1,LATS1,SLC4A10,PPP4C,CRKL,SRPK2,RNF130
1028,TTF2,ZNF561,CHD9,MNAT1,ULK3,RASGRP4,NAMPT,PTPRC
1029,ISOC1,SLK,CYB561D2,APPL1,SEPT1,SNX19,ZDHHC13,AK3
1030,COA1,TOP1,CD300LF,KCNQ1OT1,NKTR,TMEM234,ATG13,DCUN1D5
1031,TRIP12,RITA1,FNBP1,NAPRT1,MRPL36,USB1,LSM7,LEPRE1
1032,SLC30A9,WWP2,ZNF91,MDH2,LIX1L,FOXN2,MTRF1L,TRIB2
1033,PRKD2,SUCLA2,BEND5,ILKAP,THRAP3,EFR3A,AK9,ORAI3
1034,PPM1M,SP140,ZNF675,TCF3,COPE,SNX9,OLA1,NDUFB2
1035,RAD23B,PDSS2,RIPK3,MT1E,RPL5,PSMB10,DRG1,TPR
1036,TOX4,HIP1,PDCD10,BRD9,SNRPD2,DCP2,PDDC1,VPS35
1037,C7orf50,DTNBP1,SMC3,CCDC28A,PEX7,PPA1,GGNBP2,CSTB
1038,RP11-44N11.2,HK1,RNASEH1,DHRS12,RNF8,NIPA2,RHOT2,HIGD2A
1039,FBXL8,VTI1B,HECTD1,RP11-734K2.4,MRPS15,ATP6V1D,FAM175B,MOB3C
1040,FOPNL,ZMYM2,MACROD2,C9orf114,TKT,FRY,N4BP2L2,MAPKAPK5-AS1
1041,LAPTM4A,STK24,HSP90B1,NTHL1,SPAG7,CYB561D2,ALG13,ENDOD1
1042,WBP1L,BAD,CCNG1,TM9SF3,CYC1,SHOC2,RLIM,FAM192A
1043,CNPPD1,EFNB1,IGBP1,SERP1,SLC25A39,TECPR1,DR1,TUBB2A
1044,RP13-1032I1.7,PHYH,RANBP2,SRI,FAM126B,KCTD13,MCMBP,TPP2
1045,SENP7,DLGAP1-AS1,COX7C,POLR1E,LRRFIP1,NFYC,CETN2,FAM46A
1046,CAPN2,PIM1,ZNF90,LIN52,CNOT4,CEP350,KLHL7,MZT2A
1047,TUBA1A,VIPR1,SUPT16H,C21orf91,C6orf106,SURF1,KDM6B,RBM23
1048,CHID1,CTBP2,JTB,TIMM13,EXOC2,PPM1B,CNPPD1,PLA2G4C
1049,CRELD1,APH1A,C19orf25,STK16,FBXW4,GPR132,KCNMB3,TBPL1
1050,PQBP1,PILRB,WIBG,UROD,PSMC6,C21orf59,SRPR,NOL8
1051,BRK1,SEPT6,RP11-1094M14.11,C19orf48,OGFOD2,SETDB2,PSMG3,STIM1
1052,UBA2,IL2RG,COA3,RAB35,HSPBP1,ETNK1,STAMBPL1,SIN3B
1053,PSD4,HSPB11,SRR,ANAPC1,SERINC3,DENND1C,G3BP2,UGP2
1054,TMEM258,ATF6B,COPS3,CCNB1IP1,PRPF4B,GLOD4,CCDC146,FBL
1055,WAPAL,RALBP1,TGS1,RABEP2,WIPF2,CFL1,CTNS,TIMM10
1056,RTCB,UBXN6,CCDC82,MAP3K13,SIRT7,LIPA,CMSS1,ACN9
1057,CD4,TMEM109,RTP4,SVIL,DDAH2,UBA3,TNFRSF21,SNRNP25
1058,KIF5B,FBXW8,MARCH9,SMYD4,NSUN2,SCNM1,KLF7,UQCC2
1059,NOL12,RNASE6,RAP1B,UTRN,APLP2,N4BP2L2,ATP6V0D1,SLC44A2
1060,COPS5,INPP4A,PRDX4,CLIP1,CHTF8,UBE2Z,PGD,CEBPG
1061,TRMT10C,PRCC,ISCA2,C12orf65,NDUFA9,ADK,TREM1,WDR74
1062,HERC5,NDUFA4,TADA2A,OTUB1,USP47,OTOF,ORMDL1,ATOX1
1063,PARVG,POLR3K,ZCCHC9,PHB,RINL,MSRA,ITPR3,ZFAND5
1064,GART,PARVB,PSMB9,SGSM2,HELZ,MTERFD1,LENG8,CAPZB
1065,APPBP2,RSBN1,AC022182.3,EFNB1,SRI,MPDU1,TMEM219,MS4A4A
1066,C21orf59,CHMP6,AK2,CDKN2A,RNF126,STARD7,PRRC1,FGFR1OP2
1067,WDR33,ADAM15,GNPDA2,ELP4,PRKD2,PPP2R3C,VBP1,CERS2
1068,THAP4,RP11-110A12.2,C6orf62,SEC22C,CD99L2,RPS6KA1,CMTM3,ISOC2
1069,ABR,ATP5D,GTF2H2,NUCKS1,PRPSAP1,OGDH,HNRNPA2B1,EGLN2
1070,PRMT10,PJA2,ZBED5-AS1,SLFN5,PCED1B,RAF1,EIF2B5,HNRNPU
1071,DIEXF,ADCY7,SERPINA1,UBALD1,MMS19,SLC15A3,ARHGEF12,RBM42
1072,NIT2,PRPS1,KIAA1407,SATB1,MYNN,HDAC6,NRDE2,XAF1
1073,C5orf15,DAZAP2,EHD4,SPG11,LZIC,RP11-690G19.3,TOR4A,C7orf73
1074,MICALL1,STX4,HADH,UBE2L6,PTPN1,OTUD5,SMARCD1,LSM7
1075,PPP2CA,PPIG,CYP20A1,MEI1,NFATC2,FAM177A1,TMEM259,CLASP2
1076,WDR37,SLC7A6OS,HDAC3,DIDO1,HACL1,PREB,EIF6,ZNF185
1077,CTD-2228K2.5,EPC1,RP11-861A13.4,MTFP1,APOBR,PKN1,MCOLN1,ATP5G1
1078,DDX52,BST1,TMEM11,LINC00987,GPR65,LSM3,ADM,G3BP1
1079,YIPF5,TAF12,COG4,STARD7,TMED10,ACSL5,TNK2,HDDC3
1080,CAMTA1,EIF2S3,CDK2AP2,PPP2R1A,BHLHE40,HELZ2,RP5-882C2.2,PTP4A2
1081,SFXN3,AIFM1,NCL,PLEKHA1,ZNF655,MIF4GD,IFT52,RPL22L1
1082,OAT,DAXX,MTHFS,USP9X,GPN1,ATF1,ZC3H7B,UBN1
1083,C9orf78,GNPDA1,WDR33,LLGL2,AP3D1,SIGLEC10,LARP4B,POU2F2
1084,ICA1,HBS1L,UBE2I,CXorf40A,DPH3,CR1,XRN2,IGLL5
1085,TMEM30A,STK4,AP001258.4,PDIA6,FTSJ3,KDM2A,RP11-293M10.5,GPN1
1086,CNPY2,PRDX4,ZMAT1,PBRM1,COQ9,ARL16,MYO5A,GSN
1087,RPS27L,CDNF,RWDD1,ABTB1,ARPC1A,PMAIP1,ANKZF1,TMEM50A
1088,PEBP1,EIF3A,RELB,DDX27,LRRC59,ACTN1,LTV1,RPGR
1089,FAM53C,FBXO9,C14orf119,FRYL,LTBP3,NUP43,USP9Y,RPS19BP1
1090,TMEM42,CORO1C,ELMSAN1,SPIN2B,TFEB,OGFOD3,PIDD,RIN3
1091,PARP11,INO80,CSNK2B,TENM1,BRD3,GDI1,KIAA0226L,SERPINB1
1092,PAFAH1B3,TMEM205,ZC3H15,ZNF550,ASAH1,ARID3A,HNRNPUL2,BRE
1093,ZNF90,WAS,NAA10,CSK,OXA1L,BANK1,TMEM230,RANBP1
1094,POLD2,KLF13,EDC3,BUB3,GSN,MMAB,PAN2,TRIB1
1095,OXR1,SFR1,FAM114A2,NCBP1,UBXN6,PPM1K,SHARPIN,SYK
1096,DLD,RGL2,UVRAG,PITPNM1,HNRNPLL,CYP20A1,DNASE1,SLC31A2
1097,STIM1,PEX16,MTHFR,AC007228.9,SLIRP,MIS12,WDR60,DTNBP1
1098,TCTEX1D2,RABGGTB,SYNJ2BP,BORA,RBKS,JAK3,SH3D19,FBXO3
1099,RALA,C9orf69,CCS,DPP4,MIS12,EI24,SDF4,AZIN1
1100,ZNF655,L3HYPDH,MED12,ZNF518B,IDS,VPS51,SHKBP1,RTCA
1101,TIMM10B,GSK3B,RHBDD1,CTBS,BCKDHB,TRAPPC3,SETX,TNFSF10
1102,FAM195B,TWF2,MYL5,ECHDC1,CALCOCO2,TRAM1,LRRC40,RTFDC1
1103,MARCH6,LAMTOR2,SMIM4,FBXO7,RPL38,MAN1A2,CBWD5,RNF187
1104,ACOT7,C17orf59,WDR54,DEAF1,FCRL6,POLR3GL,EIF3A,RHOBTB1
1105,CD59,CWC27,MRPL50,RAB11A,CTNNBIP1,EHD1,FUCA2,WNT11
1106,POU2F1,ERP29,HDAC9,AAMDC,METTL8,MITD1,SYK,ROCK1
1107,MAD2L1,STYXL1,RRN3,RPL19,DYNLT1,ITFG2,SMCHD1,PBX1
1108,LYRM9,SRD5A3,LOH12CR2,CNOT10,MANBA,MAPK1IP1L,MZT2A,NR1H2
1109,YTHDF2,SIGLEC5,EPM2AIP1,RDX,FAM104B,LSM4,MRPL15,SARNP
1110,SNX4,MICU1,PTGES3,MED10,ABRACL,IRF3,CXXC1,ZNF778
1111,FYTTD1,SSR4,COX7B,OSBPL11,NAE1,MRPL53,METAP1D,MSRB1
1112,EIF1B,GRB2,PHF6,YIPF1,SRP19,CRIP1-1,ICAM4,TXN
1113,PHKB,ZNF428,ARRB1,TOMM40,ANKRD11,RNF213,WDFY4,GTF2A2
1114,SLC2A4RG,PBRM1,MALT1,HIAT1,SFXN3,TCF25,LIPA,COX19
1115,ATOX1,ECSIT,GTF2F1,CSRP1,CCT4,MANF,PILRB,SLC38A10
1116,ST3GAL2,SLFN11,EMC3,ANXA4,LGALS9B,DSTN,EHD4,MOB3B
1117,RP11-196G11.2,EAPP,PIKFYVE,MLF2,C1orf122,SEC11A,USP39,TSPAN18
1118,SIKE1,RP11-258F1.1,NAPA-AS1,BRF2,CTNNB1,FFAR2,TMEM55B,TMSB4Y
1119,METTL21A,PRPSAP2,CNIH1,C2orf43,SNHG15,UNC119,CHIC2,SAT2
1120,PPP1R21,UBE2A,TTC9,ST6GAL1,MICA,COPB1,RP11-500C11.3,F11R
1121,RBMS1,C10orf118,UQCC1,ZADH2,DPM3,APOPT1,ZSWIM7,TFDP1
1122,AKAP10,TFEB,ZNF667-AS1,RNF123,SERPINB1,GCFC2,CLN3-1,ZBTB7A
1123,C15orf40,MIOS,C1orf228,XYLT1,ZNF281,TLE4,TRIB1,SH3BGRL
1124,ACBD5,BNIP2,ECH1,LINS,ERH,RRAS,METTL7A,RALB
1125,SQRDL,DUSP7,TCEB3,TFDP2,ARID4B,THAP4,FN3KRP,MBD4
1126,ISG15,C12orf57,TELO2,UNC119B,JUND,HEBP1,RASGEF1B,PANX1
1127,AGPS,LILRB1,HSPB1,WBSCR16,CDKN2AIPNL,VAV1,PRMT7,FGR
1128,ISY1,C10orf11,DDX3X,RUNDC1,PDHX,NCK1,PHLDA2,RP11-514O12.4
1129,RNU12,CLEC11A,RP11-353N4.4,CES2,ETNK1,C11orf31,SF3A3,AKIRIN1
1130,AIM1L,C14orf2,CLDND1,DEPTOR,ARHGEF9,SLC29A1,MZF1,MSANTD3
1131,PRR12,ZFYVE20,ARF3,EMC6,SMARCD1,CFP,TMEM141,YDJC
1132,SETD8,ITGB2-AS1,PI4KA,BET1L,ZNF580,NFKBIA,PLRG1,TACC3
1133,RNF44,PDCD6IP,DMAP1,REV1,ATG12,GRAMD1A,SMARCE1,ZCCHC17
1134,STAU1,PCBD2,TLE1,MTF2,GNGT2,CDK12,ZFAT,FAU
1135,BAZ2A,EAF2,RHOQ,RBM23,DR1,DNAJA2,WIPI1,NDUFB11
1136,NLRC5,BLVRA,CHMP1A,SLC25A24,CCT2,EMR1,C19orf70,CDC42
1137,RP11-66N24.4,GLYR1,TRAF7,NDEL1,ARHGAP30,FAM122C,NCBP2-AS2,KMT2E-AS1
1138,NINJ2,EXOSC7,LYRM2,AGPAT1,CHST11,PRR14,HNRNPA0,TNFRSF14
1139,PRCP,SMPD1,CDK5RAP3,SLFN11,HYLS1,RP11-680A11.5,C12orf73,CDC37
1140,DPH5,PIM3,APOBEC3C,MED4,VTI1B,PTEN,RETSAT,RP11-349A22.5
1141,SLC25A22,MTR,ZNF335,CKS2,APTX,RAB22A,QTRT1,TBC1D9B
1142,YDJC,FURIN,DDX1,USP40,PREX1,FAM136A,AKR1A1,TLK1
1143,ATP6V1H,TSPAN4,MAD1L1,PRPF38A,LYN,CIR1,IRF5,GK
1144,ZNF839,HEBP2,NRBP1,DDX31,G3BP2,ZNF136,PHF3,TMEM175
1145,SLC30A1,RP11-11N9.4,WIPI2,ZSCAN25,DPH5,PLEK,GABARAPL1,ANXA7
1146,DDRGK1,CDKN1B,LRRC59,TSC22D3,C22orf39,LINC00094,ABI2,ZDHHC5
1147,RBM22,ZNF821,SP140L,GGNBP2,MED6,ZEB2-AS1,PTK6,PDIA6
1148,KAT6A,BSG,EID2B,ID1,TNFRSF18,KIAA0922,PRDX1,HADHA
1149,SRA1,ATP11B,CYSLTR1,AMZ2,WDR82,NSRP1,GALT,HRASLS
1150,MRPL40,ECH1,MADD,NIN,RPUSD3,ACAD9,UQCRFS1,C12orf39
1151,STAT5A,ZNF226,PPP2CA,PPID,UROS,NMRK1,SLC30A5,CDYL
1152,TNIP1,RAB11FIP1,CCDC18,PPAPDC1B,EXOC5,FASTK,UFD1L,PCMTD1
1153,MAP3K7CL,TRIM39,SMUG1,SLAMF1,PSMC3,SLC31A1,FOXN2,FSTL1
1154,TOP1,TCF12,PER1,B3GNT2,NAGK,MRPL48,PFDN1,MRPS22
1155,TPGS1,COX19,EAPP,THAP7,TUBA1C,CTNNBIP1,NDUFA6,SMDT1
1156,MIF4GD,APOBEC3C,LUC7L,CREG1,GALNS,MRPS7,WDR1,CHD2
1157,LTN1,ST6GAL1,EHMT1,SYS1,TEX30,HYOU1,MAPKAPK2,MYO1G
1158,INADL,APBB3,CCDC126,UEVLD,RNF166,NUCB1,PI4KA,LINC00984
1159,DDHD2,SUPT20H,RAD21,NTMT1,NME1,RBP7,RINL,NCOA3
1160,AP003774.1,STK38L,TOR2A,SCP2,DAD1,CTSD,NDUFB4,EFNB1
1161,INPP5D,STX18,EML4,GBF1,TASP1,IPO8,RWDD1,PEF1
1162,NDE1,MOB4,CCDC53,RHOH,CETN2,NCAPD2,PRPF38A,SCAND1
1163,TAF3,CALR,NXF1,ADD1,TMEM223,TMED7,NUP50,DERL1
1164,ING1,ARHGAP25,SEC11A,CCDC34,CENPL,CCDC50,HSDL2,CTDSP1
1165,COPS8,PIGT,DAXX,RANBP3,BCL10,HECTD1,MYH10,MTHFS
1166,HSP90AB1,GTF2H1,TSC2,ZRSR2,HCCS,FAM78A,WNT10A,C11orf48
1167,ATXN2L,CSTA,MRPS7,GPATCH2,DYRK4,NKAP,CLTC,CTSL
1168,PTBP1,CYC1,MAP2K3,THEM4,SH2D3C,MAP4K3,RBPJ,COX16
1169,ZUFSP,AC062017.1,FLII,NDRG1,CTSF,IQCG,URI1,KIFC3
1170,BNIP3L,ARMC7,TCERG1,RP11-196G18.24,PSENEN,SHFM1,PLCD1,CATSPER1
1171,FAM195A,ARF4,NR2C1,FKBP2,CCZ1,MIR4458HG,MARCH2,UBE2Q2
1172,HSD11B1L,PUM1,RP13-188A5.1,C1orf123,SEC14L1,PPP2R1A,FAM101B,KIF5B
1173,TTTY15,AP5B1,CRYZL1,METTL13,SLTM,PITHD1,IKBKB,KLHDC3
1174,PI16,C2,NECAP1,RNF125,CDK4,THG1L,HIP1,ACAT1
1175,CD68,UPF2,FAM217B,FAM127B,TMEM30A,ZBTB40,TOMM70A,GPI
1176,SNX14,PRR24,GBAS,CPSF4,SMDT1,EIF3M,TRIM38,JKAMP
1177,SPATC1L,PTRHD1,CWC15,ATPAF1,ELP6,SLC35E3,TEP1,TMEM256
1178,THUMPD1,MRPL47,PAWR,SRGN,TOP1MT,ATP2B4,ACADM,CAMK1
1179,SGSH,FCGR2B,TIPIN,NDUFS6,AKAP9,TMEM126B,SRGAP2,LINC01011
1180,ZMYM2,TRAPPC3,BNIP3L,CAPZA1,UBE2E1,PPP3CB,SNX17,COMMD4
1181,SDHC,KDM4B,WBP11,HTATSF1,FAM122A,PRR19,ZNF789,CASP6
1182,RP3-325F22.5,SFSWAP,KLF13,AASDHPPT,RNF13,NDUFB5,SLC25A37,C12orf76
1183,NMRK1,TBCD,CRTC3,PPM1A,FDXACB1,FAM221A,DDA1,PCIF1
1184,BTLA,C7orf55,CRY2,AP1S2,CCNG1,VPS54,RPL7L1,RFWD2
1185,STRA13,TUSC2,RP13-1032I1.7,NBN,PBDC1,SRSF6,HMGCL,SYNCRIP
1186,TTF1,RAB27A,INTS6,NFATC3,VCPKMT,ETV6,SMAD3,CDIP1
1187,RAD21,AP1S1,RP11-533E19.7,PLIN2,TIMM22,RP11-78O7.2,STAT5A,CACTIN
1188,PEPD,OGFOD3,EXOSC10,BATF,HECTD1,UBA5,ELAVL1,COMMD1
1189,HGSNAT,SLC39A8,PRKD3,NR1D1,SLC2A3,FLT3,GCSAM,LIPA
1190,GFM1,POP4,MTO1,ZNF439,SERTAD1,SERPING1,C1orf52,WARS
1191,THYN1,DHX9,RNF139-AS1,KBTBD3,CHID1,RPS6KB2,RER1,PSMA6
1192,TMEM120B,STAT4,DDRGK1,MYBL1,IGSF8,ASRGL1,SAMD4A,DCAF8
1193,TMEM167A,HERC1,SEC14L1,CSNK1G2,ACTR1B,EID1,SPON2,LSR
1194,CDKN2AIPNL,EIF4E3,C16orf54,RP11-413H22.2,RBM23,ICAM4,CA2,NT5C
1195,GSKIP,SNRPE,SF3A1,ENDOG,JOSD2,ARMC1,TBL1XR1,ARCN1
1196,SRP68,NDUFC2,ZCCHC11,KATNBL1,CCDC69,C14orf2,DHRS3,PHF3
1197,RASA2,TP53,HNRNPA1,LTA4H,PAPD4,ARHGEF3,IFI27L2,SNRPB
1198,ETV7,YWHAB,NEK8,RER1,GATAD2A,RGL4,PTPMT1,BANF1
1199,YEATS4,MOGS,CDKN2D,MRTO4,KCNAB2,MTMR11,FAM122B,CXCL16
1200,RGP1,NISCH,NKTR,HECA,NOTCH1,DNAJC3-AS1,UBL4A,UBQLN1
1201,ZFAND3,SUGP1,LARP4B,GALC,INPP4B,ARHGAP27,PES1,RP3-395M20.12
1202,RRAGA,PHACTR2,ACSS1,UBXN2A,RAB22A,STAMBP,LINC00936,TIMM8B
1203,MT1F,FAM217B,POLR3D,EHMT1,PIGT,PACSIN2,AKIRIN2,HIPK2
1204,LSM2,DDX27,SMARCD1,LSG1,HMGA1,ERMAP,SSB,SPHK1
1205,LTBP4,CAPG,METTL10,ABHD15,HSD17B10,DHRS7,MAD2L2,MAP2K3
1206,CNOT11,IKBKE,SFR1,TUBA1A,RNPEPL1,DNAJC27-AS1,MVD,MRPS21
1207,MAST3,PNO1,GAK,WDR24,IGFLR1,GSTM4,ANKIB1,APOPT1
1208,PHRF1,EXOC3,EIF3F,C19orf24,DLST,RP11-119F19.2,DAPK1,PRDX2
1209,SLC52A2,SLC27A3,TMEM14B,NEIL2,STX4,FCRL3,C5orf24,KIFAP3
1210,RP11-468E2.4,USP30-AS1,KRIT1,RBM34,HNRNPA1,SASH3,MFN2,C19orf10
1211,MBD3,SCRN2,DTYMK,CD3E,MGEA5,USF1,SERP1,INPP5K
1212,RP5-1180E21.5,DDX55,ZNF688,SLC35F6,PEX11B,HNRNPUL2,CUL3,TGFBI
1213,PCYOX1,SLC20A1,IFIT1,DHRS3,SSBP3,RAB6A,PLCB3,SPG21
1214,FAS,C10orf32,MRPL32,CDK17,AIFM1,CTDSP2,MED13L,TRAPPC5
1215,BCAT2,C20orf24,RP11-212P7.2,CTR9,PLD3,DECR1,ZNF580,BLOC1S2
1216,KLHL36,RP11-76E17.3,GHITM,GCH1,LPXN,CD86,ATP6V1H,SSB
1217,RPL39L,OSGEP,TRMT1,FBXO4,THAP11,CYP4V2,BSG,PTGDR
1218,FAM35A,MAP3K2,ZNF582-AS1,XAB2,VAMP7,NUCB2,CALR,PIK3CG
1219,CORO1A,SNORD3B-1,HNRNPH1,RP11-353N4.4,USP4,XPO6,LAIR1,TUBB6
1220,SAMD9,HERPUD2,PIGH,PRR7,SCAF1,SNRNP40,PACSIN2,FIP1L1
1221,INF2,RAB18,NPRL3,SNAP47,OAS1,KAT5,TRAPPC3,SOX4
1222,IAH1,PSMD3,MFSD6,CTD-3185P2.1,FASLG,SEC61G,NIPA2,THEMIS2
1223,GALE,PARP9,PPP1R7,MT-ND4L,DHRS4,ARHGAP30,DDX41,MAPKAPK3
1224,MMD,MORC3,RB1CC1,FAM192A,MRPS12,SMAD3,MYL6,IFNGR1
1225,PRKAR1B,RPP38,HMOX2,CHMP6,PDE4DIP,IGBP1,NMD3,UXS1
1226,TNK2,FCGRT,NFX1,LIMS2,STRADA,ZNF92,EHBP1L1,ZNF217
1227,C19orf53,CLDND1,RNPC3,TSPAN32,KBTBD2,DEF8,PDCD4,EEF1D
1228,ZNF143,FAM102A,COIL,DTWD1,ZRANB2,STAT5A,INIP,BLOC1S6
1229,CLNS1A,PNPLA8,TAF1A,TUFM,JADE2,RRM2,LRRC25,GNA15
1230,ADPRHL2,LRRC42,RP11-349A22.5,CCDC82,PRPSAP2,CRIPT,PCYOX1,ZBP1
1231,ORC2,C17orf49,ATP10D,CKS1B,DCXR,AARS,DCTN3,GRINA
1232,TESPA1,TBC1D23,HDGFRP2,SLC16A1-AS1,MPDU1,LYRM2,IGFLR1,RAB11A
1233,EXD2,ZNF292,ZNF227,ATG16L2,ITGAM,GART,ARMC10,C14orf2
1234,TMEM102,MT-ATP8,PCBP1-AS1,CEP63,FADS2,MAPKAPK5-AS1,DDX3Y,BLOC1S1
1235,PSMD5-AS1,ESF1,SHMT1,NDUFV3,ZNF791,ENDOG,CAT,MYEOV2
1236,IRF2BPL,PAFAH1B1,POGZ,VAPA,PTPN2,GFOD1,GNA15,COPE
1237,BID,RP11-418J17.1,CD200,PRKRIP1,DIAPH1,MRPL17,GPX4,TBK1
1238,UTP11L,MAP3K8,CD300C,RRAS2,CMTM6,CENPC,SCYL1,PPIG
1239,RCBTB2,FARS2,SC5D,KDM5D,ARID1A,OGFOD2,RP11-354P11.3,NDUFA9
1240,NEDD9,NBEAL1,MIOS,HCFC1R1,BDH2,GNPTG,OTUD4,UBE2E3
1241,THAP3,ITPR2,MECR,RNF168,ISCA1,CPSF3,C19orf59,SVIL
1242,DDT,GOLPH3,HRAS,SNRK,VEZF1,AKT1,CAMK4,SMCO4
1243,LGALS9,ACBD5,TSR3,ZNF44,UBALD2,MAFG,ODC1,FAM118B
1244,TRIB2,UBE2G1,SUSD3,NSFL1C,OPA1,HEATR5A,B4GALT7,ATP2B1
1245,DAGLB,RNF167,OAT,TUBA1C,MGAT2,PUSL1,SERPINF2,SNX18
1246,DDX6,SRCAP,ERGIC2,MVB12A,MRPL42,PURA,PIK3CD,COPA
1247,NFAT5,VRK3,DHPS,CCDC61,ST6GALNAC6,NAA15,LDHB,NFKB2
1248,BAK1,NR3C2,MED22,NABP2,LMBRD1,VIMP,TMEM14B,NDUFA12
1249,MRPL10,MLEC,ATG2B,USB1,TBP,BTBD9,ZCCHC10,SMYD3
1250,CNOT7,ZNF780A,LRCH1,BOD1L1,PDGFD,ZBTB24,SEL1L,SPI1
1251,SH3BP2,SFXN5,SUCLG1,CDKN2AIP,PRPF38A,NUP88,REXO4,ETV6
1252,KLF7,PRKAG2-AS1,RP11-22P6.2,WDSUB1,PTOV1,LRRC45,JKAMP,GABARAPL1
1253,TRIM13,EBAG9,HIAT1,TROVE2,ADI1,KIAA1147,NOXA1,MAFB
1254,OXSR1,RNF40,SDAD1,PRKDC,HNRNPDL,FAM127B,RP11-109G23.3,BRD2
1255,PDE4B,CTNNB1,RHOT1,AKAP8,SREK1,EXT2,RIPK2,EIF5B
1256,CLUAP1,ALAS1,OSBPL9,SNHG10,RBM17,KHSRP,PRRC2C,GDI1
1257,PSMD2,CCDC22,TMEM106B,GPX4,EIF3E,LYPLA2,PXMP2,UBE2J2
1258,PLIN3,ZNF611,RAP2C,HPCAL1,C6orf62,TRMT61B,INPP1,SLC25A24
1259,POLR3D,SUGT1,RNF170,GLB1,ATG9B,LLGL2,ALG5,NPEPPS
1260,CTB-31O20.2,NUDCD2,NUAK2,CEP104,SNRNP25,SZRD1,ATP2B1,FAM3A
1261,C3orf17,SDE2,EIF4E,SLC39A10,RP1-3J17.3,SNRPC,NDUFA5,LSM4
1262,NGRN,BLOC1S2,GEMIN7,CASC4,NASP,APOBEC3G,SEPT7,ILF3-AS1
1263,PACS2,C9orf89,PYGB,MLKL,DAZAP1,HSP90AB1,TMUB2,TAL1
1264,VRK2,CD8B,WDR34,EXOC6,LCNL1,OMA1,HIF1AN,SECISBP2
1265,KMT2E,LYRM4,MDM4,TMEM115,PMVK,DPM2,C1QBP,ELMO1
1266,FCRLB,ZNF592,KRBOX4,EMC8,NT5C2,TOR1AIP1,CTD-2521M24.9,EPS15L1
1267,PACSIN2,EXOC5,TAPBP,PTMS,ADA,IKBKB,SNX5,TBL1XR1
1268,PI4KB,RPL35A,ZRANB2,SEC24D,STARD3,DUSP3,IL15,TRIM16L
1269,LINC00667,FAM98A,NTHL1,PIAS1,MRPL45,SIGLEC9,BHLHE40,CORO7
1270,ZNF451,UBE2E1,JADE1,FBXO32,CYP20A1,GGPS1,ERN1,RNF144B
1271,GFPT1,H2AFV,PGBD2,TRMU,TBXAS1,USP32,AKT2,UQCRC1
1272,ABCD4,ALAD,TMX1,SCAND1,RP11-108M9.4,RBM3,DDB1,GNA13
1273,JAK3,KIAA0368,CREB1,HINT2,ZFAS1,CDK2AP1,ERBB2IP,PICALM
1274,LGALS3,CTC-250I14.6,MYL6B,IL4I1,TBRG4,GGA1,EXD2,HOOK3
1275,SDR39U1,RP11-108M9.4,RPS19BP1,AAGAB,ANKRD28,TMBIM6,PPP6R2,PDHA1
1276,FAM104A,DEXI,RSL1D1,FAM63B,RAB33A,EFCAB13,PANK2,COMMD7
1277,MAPK13,FKBP2,ARID1A,SEC23A,FAM89B,GSTA4,KRT18,RIC8A
1278,EZR,PRPS2,C11orf35,XPO7,OS9,TDG,DUSP2,TBC1D5
1279,MFHAS1,TMPO,TRIM56,PPA1,SP3,PCBD1,IL18,SMPD1
1280,SDCCAG8,RP11-347P5.1,NDUFB1,MIEN1,EPB41L4A-AS1,HNRNPM,SUPT3H,NELFCD
1281,GMPPA,TBL2,UBE2V2,DCTN1,EFNA4,ABR,MARCH8,CHST2
1282,POLD3,IMPA1,ZNF561,WIZ,CISH,DRAM1,ITPR1,CYBB
1283,ZCCHC11,PPP2CB,HCCS,TAF2,RSBN1L,EIF2S1,AGPAT6,C1orf43
1284,HNRNPF,FARP2,SAMD9,UQCRC2,NDEL1,SSBP4,HADH,EGFL7
1285,PPP1R35,ZBTB43,SPCS2,TNFAIP8,ASF1A,ABHD2,GORAB,SPTSSA
1286,USP22,AL591479.1,AAED1,DENND1B,IRS2,KMT2E,CCDC101,HADHB
1287,FAM76A,RP11-87C12.2,ZMYM6,SSR3,CBR1,NUDCD1,FAF2,CRYL1
1288,TRAPPC6A,FAM114A1,MAGED2,KIAA2026,TM2D1,ZNF766,RNF13,PPIE
1289,PANK2,DHDDS,CENPT,TFIP11,CLTB,VPS37C,VRK3,STRADB
1290,FXN,TARS,NEK1,HVCN1,ANKRD39,MRPL10,VAC14,SNX2
1291,WDR44,UXT,ETS1,RANGRF,EBP,FGD2,KLHL18,CYB5R4
1292,ITGA5,NTAN1,SH2D3A,SNRNP70,ENY2,DUSP11,DOK1,MYD88
1293,CDC42,EMR3,WDFY2,TMEM99,ABCD3,LSM12,RPN2,SYTL1
1294,PIN4,MRPL38,SRPRB,UBE2E1,SORL1,SLC3A2,ARGLU1,TMED9
1295,CHI3L2,DLAT,SHPRH,MCRS1,RP11-81H14.2,CIDEB,RSPH3,ATL1
1296,PIP4K2A,RELT,TFEC,ISOC2,WDR41,CBWD2,PNP,P2RY12
1297,KRAS,NCOA1,HPRT1,ZNHIT2,RAF1,SWAP70,ZNF22,RP11-215G15.5
1298,LRRC41,TMEM60,LSM5,MRPL4,NCAPH2,DDB2,SNX20,PCSK6
1299,TCTA,FAM49B,WAC,PMPCB,ITM2B,STX2,HEXDC,RP11-559M23.1
1300,NACA2,LSM2,UBA7,TBK1,ARL8A,NDUFS4,ATP2C1,PDE2A
1301,LMAN1,UHRF2,BHLHE40,BTBD1,FOSB,BIN3,FBXL17,STON2
1302,LINC00861,BCAP29,RP11-1017G21.5,RNASEH2C,TAMM41,IFNAR1,AKIRIN1,HCFC1-AS1
1303,LYRM4,TOPORS-AS1,CHERP,RP11-285F7.2,HNRNPF,GLB1,IPO9,DNM3
1304,TPMT,GMPR,LRRC8A,DENND4A,GABARAPL2,SELL,TMEM206,DGKG
1305,BCL10,PTP4A3,PHF3,RPL9,NME4,KLRG1,STARD3NL,ADRBK1
1306,MBOAT7,LRRC58,PCF11,LTK,YPEL1,LGALS1,HEXB,RP11-96K19.5
1307,RNF19A,ARID4A,CD27,COMMD3,TMEM150A,NSF,ZNF428,CTB-133G6.2
1308,FAM179B,AL592183.1,PDAP1,UBQLN1,TPI1,NHP2,RP11-413H22.2,ZNF367
1309,ANAPC7,UTP14A,FOXJ3,TGDS,RAB6A,TMEM110,TM9SF2,DENND2C
1310,RRP1,FKBP3,PLAC8,MGAT2,ADAP1,GCHFR,GCLC,TRIP10
1311,FZR1,TSHZ2,TRIAP1,GABPB2,U2SURP,CCAR1,STMN1,GPR55
1312,ACTN1,VOPP1,NT5C2,GLUD1,CLPTM1,EHMT1,TRAF7,DAPK2
1313,SNRNP35,MXD3,ROMO1,ACACA,RP11-400F19.6,PRMT2,RHOF,CCNJL
1314,NDUFB5,APAF1,BCL2A1,PCSK1N,PGPEP1,PSMC5,AL139099.1,OTUD7B
1315,ACSM3,RPP21,TBC1D20,MTMR3,DENND1B,DOCK8,TAPSAR1,BATF2
1316,FHIT,TMEM9B,KLC1,PCYOX1L,GBP3,ARPC4,ILF3-AS1,CCDC26
1317,NUP98,UBAC1,SNHG8,COIL,RAB11A,GATAD2B,SDHC,AC005944.2
1318,VAMP7,SF3A2,FAM3C,ATP6V1C1,VIMP,FAM60A,ERICH1,CDKN2B
1319,MAPKAPK3,MXD4,TMEM179B,CHMP1A,FGFR1OP,CLK3,FBXO42,RP11-734K2.4
1320,REEP4,C1orf43,ADNP2,TMA7,SNRPB2,IFNAR2,STK17B,TMEM163
1321,VAMP3,GPRC5C,TP53BP2,ZNF511,MAPKAP1,APBB3,CXorf38,KIF5C
1322,HLA-G,NEURL1,TAZ,SLC35B1,TC2N,MPLKIP,RARS2,IGF2BP2
1323,HELZ2,RBM17,UBAP2L,SLC25A10-1,ZSCAN16-AS1,TMED2,RRAGA,CTC-246B18.10
1324,RNF11,GAPVD1,PRCC,TFCP2,CIAO1,IFT43,FAM43A,AFAP1
1325,IVD,MPDU1,CYB5R4,SNRPD1,NIPSNAP3A,RPP30,H2AFJ,POPDC2
1326,FAM207A,TWISTNB,ZNF567,ZNF468,PKN1,AP2A2,WRB,SLC35E4
1327,PRPF6,MBOAT7,PTGES2,GPR108,GTF3C1,TRIM26,KCTD18,NCKIPSD
1328,PPIP5K2,E2F6,COL19A1,MPLKIP,DALRD3,C2orf42,PLEKHG2,KLHL17
1329,MRPL19,IFIT2,ZNF641,CCPG1,RELA,NRBF2,CYHR1,RP11-589P10.5
1330,SFSWAP,LGALS9,TBC1D10C,RP11-403A21.2,ZNF720,COMMD8,POLI,TAF7
1331,SCML1,HERC3,NOLC1,PPARA,NOA1,SNX12,RABL3,CENPJ
1332,TBC1D23,MTG1,HN1,SNORD3D,ERCC3,DDX60L,TCEA2,CCDC134
1333,HSD17B12,PREX1,TAPT1,ITCH,NAPA,TOMM5,GTF3C6,WDR19
1334,IDE,JOSD2,ZSCAN2,DNAJC7,HPGD,MRPS10,MEAF6,POMK
1335,MFSD10,SUN2,PPP2R2A,SMIM19,L3MBTL2,MAP2K4,NDRG1,RP11-98D18.9
1336,MRPL11,MIR24-2,SYT17,AC120194.1,EIF1,GFER,EMILIN2,SLC39A14
1337,MMAB,POLR2F,RPS15,CXorf40B,GTF2E2,NFS1,SPG7,UBAP1L
1338,PMS2,EDEM2,GNL3L,HAR1A,KIR3DL1,BHLHE40,ATG3,PPP1R13B
1339,GDE1,GPATCH8,MT2A,DPH2,MFAP1,KIAA0930,TATDN3,EFHC2
1340,NSL1,IFI35,MRRF,SLTM,ZFAND6,UNC45A,C6orf211,SNX25
1341,CBR3,ALDH3A2,TMED3,FGD3,PPP1R2,STYX,PRKRIR,PKP4
1342,PRDX1,AC000003.2,YIPF4,BMS1,TMED5,PSME1,FRMD4B,AC147651.4
1343,MEMO1,KRT10,COBLL1,YRDC,EPG5,CBX7,ARFGEF1,ELF1
1344,C1orf131,ARHGAP18,SLFN5,GMDS-AS1,RNF34,NR4A2,JAZF1,MSANTD4
1345,CRLF3,RAP1A,DIDO1,P2RY11,C18orf8,UNC93B1,TM2D3,DCLRE1B
1346,SEPT6,ECI1,FBXW11,AP3S2,NCALD,CSTF2,GNGT2,CTD-2341M24.1
1347,E2F4,MEA1,PTPRK,MAP3K2,ELOVL5,ZNF622,PSTPIP1,TRIP6
1348,ZXDA,GNL1,CAMKK2,GPN1,ECI2,CD36,RP5-1068E13.7,ZNF117
1349,SNRNP40,ACADS,NDUFA10,AKAP17A,PRKAR1A,PUS1,PRKCD,ELL2
1350,IL2RA,ERCC1,TSPAN17,NCOA3,CALU,CCDC71L,DAP,IGF1R
1351,TMEM185A,GLIPR2,CNFN,HYI,WRB,WDSUB1,POLDIP2,MOB1B
1352,LTV1,PROSC,ACBD4,OAS3,ALAS1,PXK,FAM58A,SDCBP2-AS1
1353,DTX3L,PELI1,INPPL1,DHX57,OBFC1,DUS1L,IDO1,CRYM
1354,C4orf27,TPD52,C8orf44,DESI1,APBA2,RPS6KA5,LRFN1,MED26
1355,RNF214,SMARCB1,SPNS3,DOK1,EMC7,RPP21,SLC27A3,PPM1L
1356,CA5B,USP34,GOLPH3,FAM76B,GFI1,SIGLEC1,GSDMD,MCU
1357,DHRS7,CWF19L2,SLC27A5,C10orf54,SOD2,KMT2B,DNAJC9,HNRNPUL1
1358,C20orf27,RCE1,UGCG,EIF4A3,CYFIP2,BRMS1,SF3A2,PDHB
1359,PTCD3,CDK11B,RIPK1,SUPT16H,TMX4,HACL1,SNRNP40,NAA60-1
1360,CEP135,HSPD1,DERL2,PRPF38B,CATSPER1,ALG5,MAEA,FAAH2
1361,RING1,C11orf31,NOL8,FAM214B,CKMT2-AS1,SMIM19,AMBRA1,RAPGEF2
1362,UNC50,PNKP,ARHGEF19,GPR89A,ALG2,AP1M1,HAUS1,LINC01137
1363,SPRYD3,TMUB1,CD9,TOMM5,SEPHS2,PIWIL4,C1orf61,HIVEP1
1364,ADK,FAM120A,TRPS1,GPR155,MRPS2,YME1L1,BRIX1,JHDM1D-AS1
1365,CSNK1A1,SSRP1,PEX16,PRCC,FAM110A,SMAP1,SNHG10,VPS9D1
1366,FAM213B,SLC35B4,AC195454.1,CCDC88C,LAX1,IFT52,SPEF2,CEP76
1367,KIAA1143,PEPD,CCDC142,TRIM16L,TRAPPC10,DLST,IZUMO4,MROH6
1368,APEX2,PPP6R1,CENPH,IER3,SLC35E1,CRK,LOH12CR2,XRCC4
1369,CNPY4,STK11,RCE1,SLAMF6,MKLN1,POLR2D,ZMYND10,C16orf86
1370,CCNT2,GM2A,RP11-488C13.5,RBM12,NUP43,SNX13,LCNL1,PIP4K2B
1371,ACSF2,MTMR11,SAR1A,CMIP,EXOSC9,SLAMF7,CTB-55O6.4,ANKAR
1372,C19orf66,RP11-111M22.3,POLR2M,IMPA1,GGT1,WDR4,MCC,PLBD1
1373,ZFYVE28,CHID1,RFX7,C14orf142,UBASH3B,PLEKHB2,EIF5AL1,PGLYRP2
1374,MTX1,SOS2,SLU7,DNAJA3,SNX20,IGF2R,SEC22C,CNTD1
1375,LINC00954,APBB1IP,NCBP1,ZDHHC8,NARFL,CBX5,NUDT17,ZNF485
1376,ZNF236,ZNF668,NAP1L1,BIVM,SLC27A3,CCDC112,AGPAT3,BMP2K
1377,TIAM2,HTATSF1,ZNF580,WSB1,PPP1R35,GPR137,FEZ2,MFN1
1378,PDZD11,RNF141,SIRT1,DNAJC21,TNFRSF1A,IL6R,LRRC46,DGUOK
1379,PEX14,TEN1,XIAP,CBWD5,SYT11,FDX1L,AC073283.7,CKAP5
1380,CREB3L4,NPM1,WDR13,PLEKHG1,BTN3A3,MOV10,DOCK3,TMEM260
1381,RHOC,CCDC93,MARCH7,BCL11A,PSMD6,NMT1,RP5-914P20.5,BCOR
1382,PAQR8,MEF2C,MMAB,FCN1,IMPAD1,CCDC92,FYN,FRMD4B
1383,GPS2,SLC9A3R1,SLC35A4,KLHDC4,LINC00685,UNG,FBXO8,OAS3
1384,TPM3,ETHE1,RP11-69E11.4,MED21,PIGU,SLIRP,C1orf35,ZNF182
1385,CTD-2162K18.5,LARS,SLC25A37,STX17,MARCH8,CDC34,NAT9,FXYD1
1386,PLAUR,RUFY2,TCEAL4,ARSG,PHB,TRAPPC5,PCMT1,RP11-468E2.5
1387,PIGX,MAGED2,RP11-403A21.1,URB2,REC8,TRIM4,CASZ1,MAN2A2
1388,BACH2,MCUR1,FAM159A,ZNF708,CYTH4,SLC16A5,DTX2,MUT
1389,C1RL-AS1,C1orf159,NIT2,ZNF212,CREBRF,OSM,TMEM5,PRPF18
1390,ITK,MAPK8,SCAF4,NCBP2-AS2,RP11-796E2.4,SDHAF2,GARS,ZNF25
1391,ETFA,RPS6KB1,ADAP2,NDRG3,LBH,NTMT1,RP11-288H12.4,ZNF446
1392,RBMX,TXNDC16,MFSD2B,ZFP36L2,PPIL1,RABEPK,TMEM39B,KLF16
1393,MKNK1,FAM120AOS,FBXO45,CRTAM,BNIP3L,PHF11,SLC23A2,ERH
1394,SNHG9,BCAS3,ZNF766,ADIPOR1,CEP95,SFXN4,TLCD1,TULP3
1395,PIGL,AC026806.2,CCDC23,LINC00324,ARRDC3,MRPS17-1,RP11-215P8.3,IFT74
1396,COQ4,E2F2,ZFYVE27,IL15RA,SUGP2,AKT1S1,SNTA1,C5orf30
1397,PNO1,CASC3,C6orf47,ZC3H15,PSMG1,ABL2,RPS19BP1,TTLL12
1398,PARP1,TERF1,HADHB,CIR1,GNAL,SLC35C2,SLC39A8,POC5
1399,ZNF274,C12orf5,RP1-40E16.12,TMEM223,C3orf17,TTC5,LSM6,EHBP1
1400,PREB,TPK1,SEMA7A,SMS,CCDC92,DCAF13,COG5,KANSL3
1401,TMEM183A,KRT7,ATF6B,TFB2M,PCMTD1,GCH1,BAZ1A,MCTP1
1402,RBKS,RBM10,POLR2F,GOLGA4,FAM58A,RPF2,KRI1,WEE1
1403,TMEM2,PRRC2C,NME4,DCTN5,KARS,DDX21,BRICD5,UBA7
1404,WRAP53,ADAT1,ACSL5,SUSD3,DGKD,LCMT1,RP4-773N10.4,MIR22HG
1405,CDC42SE2,EIF2B4,NSMCE1,ADPRM,CSGALNACT1,TRMT10C,CLDND2,RHOQ
1406,CAMK2D,POLR3A,MLLT6,TBL1XR1,CD3G,ARL6IP6,NAALADL1,VIPAS39
1407,WNT7A,NUDCD3,CD1C,FAM178A,PARVG,SUGP2,TRIP10,RP11-672L10.6
1408,CLSTN3,TRIM33,SLAIN2,NCBP2,CHPT1,SPPL2A,NDUFV1,ABCC1
1409,BCAS2,YKT6,TMLHE,FMR1,HDHD2,MAPRE2,GATSL3,C20orf194
1410,CISD2,CCT3,C1orf56,DNAJB9,DUSP12,STK40,KDELR1,ANKRD11
1411,USF2,CATSPER1,JDP2,OSBPL2,LIM2,KLC1,PTGES3,ANKIB1
1412,DNAJC17,CHD2,SH3D21,B4GALT1,ETFB,MESDC1,EXOSC3,PCGF3
1413,DPP7,CTD-2017C7.1,KLF8,FAM103A1,MRPL12,PSTPIP1,NUP155,SNTB1
1414,TRANK1,ZFAND2B,P2RX5-TAX1BP3,FBXO18,C4orf47,MEGF9,F12,TPRG1L
1415,CHAC2,ZNF205,STRAP,ATXN7,VMA21,TMEM33,BASP1,DOCK5
1416,LILRA2,TXNDC17,MRPL36,FAM98C,LINC00339,ERLIN1,C3orf17,RASGRP3
1417,RP11-867G23.8,RRBP1,USB1,MOB3C,E2F4,PIDD,RBBP6,PTPN12
1418,ELP2,POGK,UBE2Q2,SIRT6,PPID,SERINC3,PCBP2,BTBD11
1419,TXNL1,FOSL2,CCDC85B,ZNF813,ARMCX4,IMPDH2,TIMP1,FADS3
1420,TRIM8,MGEA5,MYO1B,BRMS1,OAZ2,NME1-NME2,MRPL12,TVP23B
1421,TNFAIP3,PSMA6,PNPLA8,LINC00847,NDUFS2,KDM5A,SMARCD2,SIK2
1422,KCTD6,DENND5A,MYOM2,QTRT1,RBM33,RNMTL1,SLC25A29,PIK3CB
1423,VPS16,SERPINB9,UNC93B1,CREBBP,TIMMDC1,ZBTB8OS,MAMDC4,AXIN1
1424,LIN7B,EXTL3,RP11-817O13.8,GATAD2A,CALCOCO1,CDC42,PAFAH1B3,LXN
1425,CDK4,PISD,MOB1A,HNRNPH2,SAR1A,PPP2CA,NUDT16,CUL2
1426,ACSL3,LPP,SNAPC3,B3GALT4,CREBL2,PDCL3,CAPZB,RP11-356I2.4
1427,MRPS22,ASXL1,ARHGAP19,GADD45A,IK,GLIPR1,PRDX4,AMIGO2
1428,NMI,PMVK,GLS,PHAX,PAK1IP1,UBE2Q1,ABHD15,BTRC
1429,FAM118A,TMEM43,METTL8,PGM3,RHOA,AMMECR1,SLC9A3R2,FBXL4
1430,CLK4,TAF15,MB21D2,ZMYND11,ZNF266,RSL1D1,TMEM42,KIF3B
1431,SPIDR,WDR70,MTG1,RP11-386G11.10,WSB1,LCP2,LRRC42,TNFAIP8L1
1432,CARD8,CACNA2D3,B3GALT4,ZSCAN16,CCDC174,HDAC3,MTIF2,NECAB3
1433,LSM5,AC093323.3,TMEM87B,MRPS9,TMEM9,TMA16,NXF1,CCDC109B
1434,ZC3H7A,POLR1A,RABL2A,WDR81,TRAPPC6B,ASTE1,ARPC1B,MON2
1435,CAMKMT,LINC00116,ABTB1,RP11-473I1.5,COPS3,STK32C,RNF126,ZNF668
1436,INTS10,NNT-AS1,NOTCH2,OSGEPL1,DTYMK,BDP1,SCFD2,SULT1A1
1437,RAB20,HPS6,RP11-16E12.2,R3HCC1,RAB21,RNF169,MKKS,SIRT1
1438,TDG,USP36,FOXRED1,MYC,STT3B,PLP2,FOXN3,WDR81
1439,NDUFB9,CYB5R4,ATXN3,PURA,GTF2F2,PRADC1,IRF2BP1,PATL1
1440,TLE2,PEX7,NFKB1,MKS1,RABEP2,FKBP5,POLR1E,MRPL9
1441,RAD9A,EMD,RIC8A,RPL22L1,FBXO8,ARHGEF10L,RHOBTB3,GRK5
1442,CCR10,AKAP8L,SCAF11,THOC1,CTD-2267D19.2,MTFR1L,AP001816.1,JUP
1443,ZFP36L1,ATP2B1,GNS,TTI2,SLC10A3,INTS9,PAPD4,FAM76B
1444,TSC22D4,IGBP1,DOT1L,MEPCE,UQCR11-1,DDX3X,C11orf31,PFKFB3
1445,MTMR14,BRWD1,KLHL17,KPNA6,CHEK1,TMEM229B,PA2G4,ST7
1446,MRPS11,IWS1,MTX1,ANKS3,ETFDH,DKC1,CNOT10,SP2
1447,ANAPC4,DBI,ZNF492,RP11-727F15.12,ZYX,EML4,UFL1,PLXDC2
1448,TFB1M,EEPD1,DNAJC3,G6PC3,PPP1R11,RAB5A,NIPBL,ZNF821
1449,TAB2,DNAAF2,IFRD1,SNX2,MAP1LC3B,GNB1L,NAA40,ZNF431
1450,EDEM3,PTPN4,ASNS,PSMG3-AS1,RPL17,TOP2B,DIS3L,SLC39A10
1451,PTP4A3,FAM89B,USP11,CECR5,TIMM13,SNX5,GMPR,ADAT1
1452,ZNF574,ZC3H13,TSTA3,BCL9,IER3,ATP5SL,RAD23A,HDAC6
1453,TMEM11,MTO1,RP11-505K9.1,ZNF786,IARS2,CAMK4,CBX1,AGBL5
1454,G3BP2,RAB32,DAG1,RNF113A,RAB1A,CCL4L1,KLC1,RP5-882C2.2
1455,MAML1,ZNF350,SARNP,ZZZ3,MPP7,PROSER1,NIPSNAP3A,BLZF1
1456,KRIT1,ZEB2-AS1,RAB7L1,CXXC5,XRN2,SNX27,STK11,ST3GAL3
1457,STRADA,ELOVL5,LETM1,FXR2,ACYP1,TRIP6,RECQL,ARID3B
1458,TRAF1,CERS2,MCPH1,FBLN7,BAG6,ZSCAN29,TAOK3,CTD-2267D19.2
1459,TBPL1,SLC25A20,SGPP1,WTAP,NMUR1,LINC00667,KIAA1429,TMEM87B
1460,RBM3,BANP,RANBP3,HSDL2,ANKLE2,VHL,HOXB2,CD99L2
1461,FAM89B,MTMR14,ATP6V1E2,TTC37,SMS,CLPTM1,RRP1B,PSMD9
1462,RBM26,FGFR1OP2,NOS3,ERI3,PLCXD1,ZDHHC7,SEC11A,RP11-65J3.1
1463,LINC00863,S100Z,PTPRN2,TSNAX,CXorf40B,TMED8,ITPKB,FADS1
1464,FAM208A,SDHB,C7orf26,ABCF1,CPSF3L,RPS10P7,EIF2B3,SIGLEC14
1465,COMT,PCOLCE,ARMC8,EID3,RAB11FIP1,TYSND1,PARP8,DYRK1B
1466,ARF1,RYR1,TMEM222,OR2A1-AS1,ADK,SELPLG,SNRPG,TTC9
1467,BLOC1S4,IFIT5,PET100,TPRG1L,SRP68,GPCPD1,SAMM50,KIAA0368
1468,SUB1,CDC37,CCDC130,LARP1,MROH6,PPIL3,IKBIP,BRCC3
1469,DENND4B,DNAJC2,SH3TC1,MICAL2,RALGAPB,SPHK2,NDUFS4,INTS6
1470,CCDC174,ARHGAP15,TSPAN33,FAHD1,SNHG12,SLC7A5,SRA1,NPC1
1471,ATHL1,C6orf226,HSPA9,CYCS,MOSPD3,EIF4B,TRIM35,PIK3C2A
1472,DDIT4,SNX20,USP30-AS1,FAM126A,MESDC2,RAB11A,BRPF1,TLR1
1473,FXYD2,ATF5,ZDHHC17,ETS2,ALG3,MRPL44,TUBGCP2,TOR1B
1474,RP11-1398P2.1,KATNB1,EXTL2,ARL2,GABARAP,TM2D1,TP53BP1,TEX261
1475,DYNC1LI2,PTDSS1,COPB1,SMAD7,JMJD4,RELB,SMYD3,RABL2A
1476,XKR8,SUB1,ATE1,TMOD3,CCNG2,SKP1,ZFPL1,FCGR1B
1477,ARPP19,ATRN,KANSL2,GMEB2,ZC3H18,PRPF8,ARIH1,CNPY4
1478,PCMTD2,MED18,DUSP22,WBSCR22,RPS21,SLC25A37,NFAM1,KDM5D
1479,SEL1L,TCEB1,MAP1LC3B,TIPARP,ECHDC2,NT5C3B,MED22,C14orf28
1480,TMEM177,FAM127A,RNF19A,TNFRSF10B,PSMB2,TMEM134,GAPT,WDR20
1481,UBE3C,FAM204A,ALDH16A1,ZNF449,RBBP4,MRFAP1,WWP2,GAPVD1
1482,RAB24,IER3,AC006129.4,MRFAP1,RARRES3,TMEM128,RC3H2,RASGEF1B
1483,TYW1,SLFN12,MED24,RP11-345J4.5,UQCRB,SNRPG,LMO2,RNF24
1484,KIAA0430,HMOX2,GLB1,ATP1B3,SLC30A7,DCLRE1B,PLAUR,SLC24A4
1485,MYD88,AAGAB,AAMP,TRIM69,FAM149B1,PSMD2,OSBPL8,KPNB1
1486,USP16,FEZ2,DERL3,CUL1,PI4KA,MEAF6,AP001469.9,TPRA1
1487,MBD1,TMEM258,TYW5,RP11-277L2.3,UCK1,DOK1,MRPL49,C16orf58
1488,SPEN,MAPKAPK3,XYLT1,A1BG,SBNO1,EP400,CMTR2,C4orf33
1489,SAT1,FKBP1C,BDP1,MAFG,DPF2,GOLM1,MTERFD2,ZNF267
1490,NIPBL,PTBP1,PIGL,PSMD12,TSPYL4,DNAJC5,SLC35B1,GNPDA1
1491,UQCRFS1,TREX1,FAM98C,CHD1L,PQBP1,FAM219B,RNF168,UBE2D2
1492,SLC4A7,MAP7D1,ASB1,DPP3,RP11-1094M14.11,PIGX,WDR41,REPS1
1493,LIPT2,SUPV3L1,RP11-37B2.1,TGFBR3L,ABHD15,CERS6,JOSD1,RHOB
1494,ARCN1,EAF1,SLC44A2,CTD-2521M24.9,CYTL1,SLC39A1,ZNF174,AP3S2
1495,CXorf65,CHORDC1,ANKRD40,DHRSX,LRRC48,UQCC2,DBP,DUSP7
1496,PPIE,FOXJ2,TMEM25,CRADD,NDUFA10,ARNT,ARF4,SHMT2
1497,FAM45A,SIDT2,TTC19,THUMPD3,BCAP29,PEX10,HPGD,BOD1L1
1498,SPATA2L,ZNF160,RNASEH1-AS1,SYNCRIP,CCT3,HAT1,SLC8B1,TANGO2
1499,IKBIP,KIAA1143,KRR1,DERL2,EIF2B3,ITCH,HSPB11,HSPA9
1500,SIGMAR1,SESN3,UBE2H,GORASP2,LGALS9,HGS,GALNT11,C9orf37
1501,FOXP1,SUPT16H,MEX3C,NOP16,ACSS1,CTCF,CMPK1,LRIF1
1502,ASAH1,FAM174A,CTA-29F11.1,PGS1,COA3,SMARCE1,KIAA0020,ADORA2A
1503,DNAJC4,RAD54L2,C14orf142,ISYNA1,MIF4GD,ASAP1,LINC00493,IL15
1504,UQCRC2,TNNT1,MRPS26,TRIB3,PYROXD2,ELP6,SMARCA2,NDUFA3
1505,PRELID1,PAQR7,QSOX2,PAPD5,RAB37,RBM43,CALCOCO2,PHF10
1506,RNF7,MR1,RBM15B,C7orf49,PPT1,DCTN6,MIF4GD,MAU2
1507,PDLIM7,KMT2E-AS1,ZNF512,C20orf96,PPP2R2B,SLC43A2,HLA-DOA,FAF2
1508,LLPH,SLC25A38,MTOR,LINC00662,BEX5,BARD1,FLNB,POLB
1509,DIABLO,ZZEF1,ZNF609,PAAF1,STX12,LRCH3,TCF3,ZNF628
1510,METTL17,CTD-2031P19.3,SRP72,DDX21,STRIP1,STRN,LACTB,AGFG1
1511,USP5,FBP1,ATP5S,KLHL24,EIF3K,NOP10,SRGAP3,MBIP
1512,IFT57,ABHD14B,LSM3,MXD1,CANX,LYPD2,TM9SF1,CTA-445C9.15
1513,TRMT11,C4orf32,LGALS9,EIF4A2,TXN2,SNAPC3,KIAA1586,AK5
1514,ING4,RNF130,C14orf2,GLT8D1,C1orf27,HMGN1,HENMT1,MYO9A
1515,RP11-347P5.1,GSTT1,RAB11FIP3,SNAP29,AC079922.3,FN3KRP,USP16,PLCG2
1516,CMPK2,ZNF514,PLA2G12A,ZNF430,PAXIP1-AS1,SNRNP48,DPM1,HMGB1
1517,PRKX,DNASE2,ARHGEF6,CRNKL1,SF3A1,MAGOH,FCHSD2,C19orf55
1518,RAB27A,IQGAP1,JHDM1D-AS1,TIMM9,METAP1,SMC5,SLC7A5,C2orf68
1519,BOLA1,DHRS7B,PPP6R3,RP11-664D1.1,KEAP1,UBAP2L,DLG1,ARMC7
1520,FAM211A,RAB13,KCTD7,TRAPPC8,COMMD1,AKAP7,ITSN2,UPRT
1521,SRSF2,RHOT2,ZNF844,TCEB1,MRS2,TOMM40L,CCM2,AFG3L2
1522,MRS2,SETD5-AS1,PPAPDC2,ANAPC15,PTGER4,MAPKAPK2,ARHGAP27,TGFB1I1
1523,RMDN2,APOO,VAV3,CFLAR,SAMD9,RP1-39G22.7,TMEM14A,LIAS
1524,HSPH1,NARS,LLGL1,ACTR10,IFIT5,EIF3I,MB21D1,HES4
1525,GNG2,TUBGCP2,SNAPC5,CTD-2562J15.6,TRIM32,MZT1,GPBP1L1,POLL
1526,ZNF383,C1orf27,PUS7L,ZNF346,XXbac-BPG252P9.9,SDHAF1,SMPD1,PPP1R3E
1527,N4BP2L2,STT3A,FXR2,PTTG1IP,HERC4,MDP1,ATP2B4,ZBED5-AS1
1528,SNRPB2,XRCC1,PPP1R8,TBC1D2B,IGBP1,EIF4A2,SFT2D1,SEC22A
1529,TBCB,SPRYD4,SYNRG,SUGT1,VCPIP1,OGFRL1,FKBP5,TTC9C
1530,TNFRSF18,UBQLN4,OTUD1,TMEM87A,GAB3,CDC25B,UCKL1,CMC2
1531,STAT4,NPAT,HCG11,NQO2,CHD2,ST3GAL1,ADAT3,TSPAN2
1532,MCM3AP,SLC38A2,TMUB2,MC1R,IRAK1BP1,CTD-2186M15.3,DMXL1,RASA3
1533,RWDD1,RASGRF2,UBE2N,GNB5,ZNF664,STXBP3,GBA2,PRR11
1534,KIAA0196,BMS1,SESTD1,RBMXL1,RP11-354P11.3,POLR1B,WWP1,HSBP1L1
1535,DNAJC2,TPPP3,NDUFAF7,GTPBP1,DCAF10,ATR,IQSEC2,NEURL1
1536,ZNF16,ZNF791,EXOC4,TCEAL3,TRAPPC2L,CERS5,ACAD10,TIPARP-AS1
1537,NOTCH2NL,KAT6A,CNIH3,BMI1,PLA2G1B,SMURF1,TOX2,HYAL2
1538,RBM4B,UIMC1,CWC22,GNPDA1,RP11-545I5.3,CACNA2D4,TRIM25,SNX11
1539,SF3A2,CREBL2,RPS6KA5,PSTK,FAM114A2,ASCC2,RIF1,FUBP3
1540,SNAPC5,NPEPL1,PHACTR1,RTN4IP1,ZNF142,DMTN,KMT2D,E2F3
1541,WDR46,CPNE1,SCCPDH,FAM60A,RP11-222K16.2,MED25,MORC2,CASC4
1542,PERP,RP11-131L23.1,NBPF1,RP11-111M22.3,PTDSS2,METTL5,THUMPD2,HLA-DQA1
1543,TPRA1,CAPRIN1,TFB2M,NPRL2,NCAM1,PRKCDBP,ZNF563,WDR11
1544,JAZF1,KCNE3,VHL,CTD-3214H19.4,NDUFS1,RBBP4,EMG1,TTYH3
1545,FAM200A,JPX,RBMX2,SLC25A33,HOTAIRM1,RP3-402G11.26,ZRSR2,AASDH
1546,WDR91,HSD17B4,HSD17B11,FBXL15,ARID5A,CD4,CLEC12A,DCAF12
1547,C12orf42,FHOD1,NAA20,DCLRE1C,NIF3L1,P2RX4,POM121,PRKCB
1548,ZZEF1,FLOT2,ZNF195,NDUFS2,TAF1C,WIPF1,CISD3,PNPT1
1549,ITPR1,DDIT3,FARP2,MINK1,RP11-412D9.4,SETD1B,PRKACA,ARIH1
1550,TMX3,PFDN1,ZC4H2,LCMT1,WASF2,HNRNPR,ACACA,LPP
1551,FEM1B,KCNA3,GFM1,FTCDNL1,TCERG1,RFX5,PCTP,USP38
1552,EXOC4,SLC30A1,MICB,AKR1B1,UPF3B,RPS17L,MICA,NUDT11
1553,DDX19B,SYNJ2BP,FAM134B,SEC24A,DCP2,DDX52,TIA1,LPCAT4
1554,RARG,FAM3B,APEX1,CMTM7,AK1,HINT1,IBTK,CCNY
1555,TBC1D5,TRPV2,SRBD1,DCAF5,ACTR6,FAM65A,S100A11,FBXO32
1556,KRBOX4,SETDB1,MINK1,LPIN1,ACOT4,TBCC,RP11-356I2.4,ANKRD26
1557,ZNF573,PARN,RRP7A,COX6A1P2,PIGH,ECI2,KAT2B,TRAF2
1558,SLC25A12,PLBD2,METTL18,ACAD8,MAST3,SNAPC5,TOLLIP,C2CD5
1559,DDX59,C15orf57,IKZF1,PANK4,CPNE1,POLR3C,COL18A1,USP47
1560,MTMR9,APPL1,RPRD1A,RTFDC1,GCC2,PTX3,CORO1A,CIC
1561,FBRS,DDAH2,CDCA5,SPCS1,FANCM,PRDM4,CARS,DBP
1562,EEPD1,RAB33B,MTHFD1,PRPS2,RP11-473M20.7,RP11-598F7.3,NXPE3,RFX1
1563,HAUS8,PIK3CG,SOS2,COPS8,RIC8A,DLG1,PRKAR2A,KNOP1
1564,SNRPD1,PPP1CB,LY9,SLC25A44,EXOSC1,EMB,DNM2,MAPRE1
1565,ANKH,HEG1,PTP4A3,DYNC2LI1,OSGIN2,EID2,LYRM7,MAN2B2
1566,CEBPG,MIR4435-1HG,SPOCK2,CCAR2,DTNBP1,C7orf26,DOHH,PDK1
1567,VPS13C,RP11-52J3.3,VCPKMT,TMEM18,NDST1,GIPC1,PDIA3,MAGEF1
1568,PIGP,TBL1XR1,NUPL1,PHTF1,ZBTB25,UBR5,CLPP,IP6K1
1569,NPC2,HERC6,RP13-753N3.1,IKBKB,C6orf203,LOH12CR1,RP1-241P17.4,TRIP11
1570,FLI1,CHP1,PTK2B,DDX1,VPS41,TMEM230,ACOT7,A1BG
1571,WDR5,C10orf88,PCOLCE,FAM175B,LYRM4,STK16,CLPX,ASXL2
1572,FABP5,ATE1,AC009133.14,ATP11A,TPD52,UBE2D4,RAP1GAP2,GPANK1
1573,TRIM52-AS1,MARCH5,MAP3K4,ATF4,THEMIS2,FAM216A,MAT2B,DNAJB14
1574,B4GALT4,VPS36,SIDT1-AS1,ARFGAP1,HPS4,NUP85,CD2AP,SFSWAP
1575,SUDS3,SSB,AMDHD2,PTPRE,C10orf118,AP2M1,BCL2,MDM1
1576,ACTB,AHR,CAMTA2,MARCH9,COMMD5,SIK1,SLC30A1,C16orf62
1577,SMG7,GPR155,EIF3D,VPS51,RNF38,VPS13B,FAM118A,COQ2
1578,IL27RA,TMEM160,TRPM7,UCKL1,TLR1,MVB12A,SNN,RAP2C
1579,CDC27,FAM160A2,PIAS4,ZBTB14,CCDC146,NOL12,ANKRD10,RNF114
1580,TM7SF2,RNF216,BTLA,RPUSD3,UMPS,ILF3,SNUPN,PPP3R1
1581,ZNF770,SCLT1,PCNXL4,ACP5,NAALADL1,SUDS3,BTBD10,GUK1
1582,CHTF8,DUSP12,SOX7,MRPS5,ZNF226,CD300LF,SIRT7,SUSD1
1583,EIF1AD,KIAA0141,CENPE,NDUFV1,PCIF1,B4GALT7,TMEM50B,CMTM6
1584,DCTN3,FTSJ2,KLK1,CPSF2,ZNF48,PITPNB,ZNF430,TBCA
1585,COLGALT1,TMEM66,FBXO38,ATP13A2,C4orf33,PRPF6,LPCAT1,SMEK2
1586,MRPL22,SCIMP,SERTAD2,TSG101,PHF6,DPY30,UBE2J2,MEF2D
1587,SRPK2,CHD6,INPP5B,BROX,ADCK3,POLRMT,ATP8A1,STAM
1588,ZNF609,FBXL5,PLXNC1,PTPN22,SECISBP2L,RP11-156E8.1,NRIP1,THUMPD1
1589,ZNF592,AIMP2,PITPNB,DROSHA,COL6A2,RP11-545E17.3,CTA-29F11.1,HK3
1590,ZNF831,TAF1D,OXCT1,UBAC1,LTB4R,ABHD8,CYLD,INSIG2
1591,TTLL5,QRSL1,ATP6V0C,PON2,DLD,SF3B3,TMEM170A,MRPS7
1592,NDUFA10,TRMT112,CCDC94,ATP2C1,FUT11,TMEM129,RTN4,CDK11B
1593,OARD1,LARP1B,RHOT2,PGM1,INADL,AP2A1,CMKLR1,MOCS2
1594,ATXN7L1,CD68,CCT3,SYNE2,ATP6V1D,KIAA1033,FOXO1,PLXNB2
1595,FAIM,MTDH,TNFSF12,YTHDF3,SNAPC3,CD151,SAMD8,GON4L
1596,AP2M1,CTBP1,CLN5,TPO,PPP1R10,PPP1R16B,XKR8,REXO4
1597,CLN5,ATP6V0E2,UBL7,ZNF277,UBR7,CEP152,GNAS,AMFR
1598,IRF9,MLTK,JOSD1,GDI2,FAM60A,TRIM66,CLIC2,METTL7A
1599,SECISBP2,NDUFS1,AC084018.1,TM2D3,CHD6,COMMD4,SH3BP1,KLF11
1600,LINC00665,POLR2L,IL10,KIAA0020,INSIG2,IFIT1,GCC1,LUC7L
1601,RP11-383C5.4,LDOC1L,MRPL42,SAFB,COQ5,PDE4C,WAS,C19orf38
1602,IDH1,PDK2,STAT5B,LBR,RP11-445H22.3,ENO3,RBM15,ZNF302
1603,TLE3,NPM3,SCARB1,RLF,LMO4,DHX37,GPR114,NT5M
1604,SCAMP1,SDCBP,ZBTB4,GARS,ACAT2,TMEM115,RUFY3,ZC3H7A
1605,EML2,MGST1,VTI1B,CD1E,ABHD6,SURF4,PDCD11,SPATC1L
1606,AC027763.2,SF3B5,KCTD5,C2orf49,API5,SLC30A7,WDR5,HAUS7
1607,AGA,MRPL46,HSBP1,BLMH,MYADM,RNPEP,HIST1H2BN,RAB33A
1608,TRAF3IP2,RNF125,MAP3K12,DAK,SLC11A2,ZMPSTE24,CCS,CDK16
1609,ZFP14,YTHDF3-AS1,DPH7,TSPAN13,FBXL12,C8orf31,ZNHIT3,ZNF274
1610,ISCU,EXOC7,C19orf38,ANP32A,C11orf54,UBA2,SCAMP4,L1TD1
1611,CTAGE5,DHRS3,MAP3K13,PRIM1,HBQ1,ASH2L,PRR24,UBXN6
1612,QRICH1,CREB3L2,C15orf40,PPT2-EGFL8,TOX,RP11-22N19.2,GTF2A2,FAM195B
1613,MDFIC,ATF3,CTA-384D8.35,TRIM24,AK5,BASP1,TMEM129,CCDC28B
1614,TCERG1,FAM126B,NR1H2,TGOLN2,TMLHE,QDPR,KCNQ1OT1,KIAA0195
1615,FPR1,FAM172A,FOXK2,PRMT3,USP36,NDST1,LGALS2,DDX42
1616,COX18,CTSD,SFI1,PHF10,SAFB,NT5C2,NDUFAF1,RAB18
1617,CLASRP,TRADD,DBN1,HCG18,DAZAP2,PLD1,XPC,ZNF143
1618,SPRYD7,PCYT1A,FASLG,BRD4,MLC1,NFAT5,CHN2,MINK1
1619,RNF2,SULT1B1,FOXRED2,DMXL2,ZNF567,AL354822.1,CSNK2A2,DHX30
1620,TMEM167B,RFC4,C11orf82,PDCD2,ST20,FBXO38,AC006129.4,HADH
1621,DCUN1D5,SNRNP40,PAK1IP1,RSPRY1,PPP1R3E,MAST3,SLC25A45,RNF5
1622,TSR2,PABPC4,ELOVL4,CCDC78,AKAP13,CRTC1,HIGD1A,THAP9-AS1
1623,GAPVD1,FAM63B,TEX30,METTL16,CIC,CRTC2,MCM6,MGAT2
1624,TMEM50B,ZNF224,POLG,STK40,LIAS,TLDC2,SETD3,CREB3
1625,EXOC2,KCTD5,R3HDM1,CTA-384D8.35,BEX4,ZNF19,LCLAT1,KAT7
1626,PAN3,EDEM3,ZNF33B,BHLHE40,FBXO33,VSIG8,GAS7,HLA-F
1627,CDC123,PPP3CB,REPS2,TANGO2,TBC1D7,CCT8,CAPRIN1,SYTL4
1628,RFPL2,FAM213B,ZNF568,TSFM,USF1,C19orf33,RASSF2,HNRNPLL
1629,IL6ST,IL18BP,ATG4A,DENND1C,SDHAF2,ABHD11,GTF2B,PHACTR1
1630,COPS7A,IFI16,SSBP2,IFNGR1,C1orf35,RP11-452L6.5,ZNF692,NELL2
1631,NUP205,LMNB2,TMED4,IL12A,S1PR5,ZCCHC8,DDX10,TCIRG1
1632,KDM6A,TPR,FAM24B,KLHDC3,TIMM17A,ZNF146,MAPKAP1,BACH1
1633,NUP54,LCLAT1,DDX43,ZNF140,VAMP8,RNF6,ITGB1,ITGB1
1634,PNPLA2,PLGRKT,RP11-809N8.4,CCNF,RMDN3,MGST2,SMIM11,TMEM189
1635,CWF19L2,PGGT1B,VWA9,ATG13,NXF1,ULK2,HP1BP3,AGTPBP1
1636,MUM1,N6AMT2,IMPAD1,NUDT3,TGFBI,SLC27A4,RAB13,MRPS12
1637,ATM,CDC42EP4,ZNF721,MED11,AP2A1,ARFIP1,MAGEF1,PPP1R14A
1638,RPA3-AS1,CELF2,FAM115C,SEC13,B4GALT4,PDE12,IFNAR2,BTN3A3
1639,AC006129.2,KNSTRN,LIN7A,ABCE1,ERN1,CCDC43,CA13,M6PR
1640,ZCCHC3,YTHDC1,CTC-209H22.3,DNPH1,EDEM2,USP48,SDCBP,PTRH1
1641,ZNF528,LINC00969,LIN54,TAPBPL,RAB34,NAT1,ESYT2,GHITM
1642,ARF5,A1BG-AS1,UCKL1,GNL1,RPAP2,LINC00685,ZNRD1,GPR137B
1643,SYMPK,MED16,ATAT1,C6orf136,ZNF302,RBM15B,OSBPL9,UBE2E2
1644,RP11-640M9.1,GLRX5,MAGIX,LRPAP1,TTC1,KDM5B,DHX29,QRICH1
1645,USP42,STK17B,FNBP4,LINC01004,CDC42,ALKBH4,PAPD5,C6orf62
1646,C11orf80,NDUFA3,CNPY2,GTF3C1,CTD-2210P24.4,TXLNA,RAB31,YTHDC1
1647,H3F3A,FANCM,RP5-1028K7.2,CTU1,IP6K2,MAPK3,KIAA1715,RFC1
1648,LPAR2,CCDC157,CCNG2,ARHGAP4,ARHGEF7,NFKBIZ,TMBIM6,ZNF703
1649,TNKS2,PIGK,SLC25A25,SUMF1,KHDRBS1,SERINC1,NLE1,LCOR
1650,RXRA,RNPEPL1,ZNF852,ZBTB17,TRPV2,RBM48,CHMP1A,BPTF
1651,ARF3,TRA2B,CCDC109B,RIOK2,FBP1,AURKB,LPP,SELT
1652,ILF3,AHNAK,MCAT,PIP4K2B,ARFIP2,CD84,LMAN1,ITGAM
1653,TNPO3,IPO11,DTX1,CYB5R1,SMAGP,ARID5A,C7orf73,UBE3A
1654,ETFDH,SNUPN,NUDCD2,RAB3GAP2,BCL7C,COPG1,RECQL5,AHCYL1
1655,SESN2,IFI44,CMTR1,SUPT3H,LUC7L,RILP,FECH,SWAP70
1656,CTSO,SLC24A4,GATM,MPZL1,MTMR6,MUTYH,RTCB,PDE3B
1657,TAF9B,OXR1,CNTRL,SMC1A,C14orf159,TUBB4B,FABP5,TTC17
1658,DRAP1,TNFAIP3,C17orf59,NT5DC1,EIF4EBP1,NUDT6,PON2,CDC45
1659,TLN1,THOC1,ABI1,ZNF160,RP3-477O4.14,CD180,PRR12,HCAR2
1660,CASP1,HEXIM1,SPTSSA,SRM,SUMO3,GAA,MRPL24,DDX3Y
1661,NAE1,LINC00937,NEIL2,NPHP3,CLOCK,SLC25A38,MAN1A1,SYAP1
1662,UQCC2,RRAGB,COASY,SNX27,SLC6A6,ASNA1,FAM173A,DCAF6
1663,TMEM254,BBS4,E2F5,EFTUD2,PSMF1,MBNL1,ALG12,PAPD4
1664,S1PR1,H1F0,FPR1,IRF1,KPNA4,ZNF324,RBM3,CNOT10
1665,MRPL2,TMSB4Y,ZFAND2A,VPS52,NUFIP2,FAM96A,ARMCX3,NCOA1
1666,GTF2E2,SNORD3B-2,MED14-AS1,CSNK1G1,POLR2B,PBDC1,PRR14,CARS
1667,TIMM23,PAPOLA,SLC38A7,CBLB,POMC,AP001055.6,TRMT10C,FAM103A1
1668,STX12,H6PD,DNAJC13,GLG1,FAM78A,ZNF253,SLAMF6,AAED1
1669,USP24,ACOX1,YIPF2,BRE,LACTB,GALK1,ATP6V1A,HELZ
1670,POLR2A,RMDN1,RP11-164H13.1,TPD52,SAT2,GPR65,ZNF426,RP11-538P18.2
1671,RNFT1,AARS2,API5,UAP1,ASB1,MTG2,CDC42SE1,RABGGTA
1672,EPHB6,DR1,WDR35,MTPAP,CTDNEP1,SLC35A4,SLC2A6,CISD2
1673,H2AFX,PHB2,HNRNPA0,PYROXD2,VHL,DCXR,BBC3,POU2F1
1674,PSMC2,TXNRD2,NFAM1,CHMP7,REEP6,PABPN1,TCF4,ISG15
1675,COMMD7,IREB2,DYNC1LI2,ST6GALNAC4,ARHGAP1,HCCS,ENDOV,RELB
1676,XIAP,SPNS1,RAB18,BCS1L,GFOD1,THOC7,OGFR,CD55
1677,COQ10B,CUL4A,CBFB,SMCR5,WDR48,PET117,PABPN1,CCT7
1678,BANF1,PCM1,EBF1,CCDC134,TSC22D2,MARCH7,CCDC22,RP11-359I18.5
1679,TMEM256,LTBR,PDIK1L,HIST1H2AH,YDJC,TRIM27,ELOF1,BZRAP1-AS1
1680,UBIAD1,ACTR1B,PIK3AP1,KIAA2013,RP11-23P13.6,PIGF,ENOSF1,UFD1L
1681,ALDH16A1,XRCC4,RP5-1136G13.2,TCEA2,MAPKBP1,CIPC,TRAPPC1,EIF2AK4
1682,IL17RE,RP11-190C22.9,UHRF1BP1L,YIPF3,BTG2,ZXDC,FAM105A,DCLRE1A
1683,PELP1,TRIQK,SUGP2,CYB5R3,ZBTB48,GSTZ1,PGM2L1,MVP
1684,ORMDL1,MED14-AS1,ZNF652,EIF2A,PDCD2L,RP11-351D16.3,ZBTB11,MARK3
1685,IL23A,AC005082.12,AC147651.4,CCL4L1,TCEA3,DPP7,SLC7A6OS,HPCAL1
1686,CIAPIN1,WDR81,KLF11,SERPINB9,PSTPIP2,PHF6,PLS3,ASL
1687,C10orf128,RP11-544A12.8,BCOR,FLNB,MAP1LC3B2,TIFAB,MIR142,PCED1B
1688,REC8,CTC-378H22.2,SPRTN,RP11-79P5.9,TMEM14B,SIRPB2,C10orf11,AMPD2
1689,RMND5A,ASH1L,RP11-385D13.3,BLOC1S5,CTD-2037K23.2,GPBP1L1,CD40,TACC1
1690,KCTD17,CTDSPL2,NPEPL1,MIR142,MRPL39,TYW1,ZNF259,APH1B
1691,RMND5B,HAUS5,MFSD12,SLC25A20,AL592183.1,TMEM214,APOPT1,LCP2
1692,MTRR,POP5,SOCS5,TACC1,ARHGAP5,PDCD4,MDN1,ARMC1
1693,RP11-936I5.1,HES1,LMO4,SKAP1,RP11-468E2.4,CAPN7,APOBEC3C,SLC9A9
1694,RFXANK,CDK19,PWAR6,ANKRD26,SERTAD3,POP7,PPID,TRIP12
1695,IMP3,SEPT8,FUCA2,DYNC1H1,FIGNL1,TP53BP1,JMJD4,CMPK2
1696,MEAF6,TOP3A,ZNF785,NLK,SLC16A7,ZCCHC9,HTR3A,GFER
1697,MAP1S,LITAF,WIPI1,APOL2,WDR74,TP53I11,MAP3K11,TFG
1698,PPARD,MRPS5,NAT1,ATIC,HIGD1A,MTDH,ACOX2,B4GALT4
1699,MRPL37,NR2C2AP,LCOR,FEM1A,R3HCC1L,TM9SF3,KIF3B,ARMC8
1700,TRA2A,MARS,TP53,UGP2,TTC16,NAP1L1,NUP43,CYB5D2
1701,OMA1,RBL2,VGLL4,ZNF623,ZNF799,GPANK1,SCGB3A1,MMRN1
1702,RP11-143J12.2,CTC-378H22.1,RAB14,CCHCR1,C1orf131,NASP,SLAMF7,PRKACA
1703,TBRG1,RAB14,MAPKAP1,RP11-473M20.9,ZBTB38,ZNF254,CAPN10,SCN1B
1704,SEMA4A,PFDN4,TAF6,CDKL3,ZNF595,CERK,C18orf8,NPAT
1705,EML3,CDK11A,IPO4,SLC25A13,SNAPC5,NOA1,POT1,RAB31
1706,PHC1,SEC14L1,GPCPD1,NCOA2,SOCS2,MCM5,RMND5A,BZW1
1707,LMF1,TMED4,MGEA5,GNPTG,RAB4A,ARFIP2,STX16,LRBA
1708,SLC9A8,IPO5,BCS1L,TRAK1,RP11-103G8.2,PGM2,SNCA,C1GALT1
1709,AP4B1,ARPP19,MYCBP,EID2B,ZNF439,MYCBP2,LPXN,RP11-378A13.2
1710,CMSS1,SEPT2,MED11,ZSWIM7,SRSF10,CTAGE5,C12orf43,DDX24
1711,LCP2,USP19,COPB2,AEN,CYP2R1,MRPL55,FOPNL,F2R
1712,CD2BP2,DHCR7,DHRS12,ATPAF2,WDR37,NRROS,SMNDC1,RAB14
1713,NHLRC2,AGPAT3,ADM,PABPC1L,MCEE,THAP1,RNASE1,NUP160
1714,U2AF1L4,ATP6AP1,EMB,CASP3,VWA5A,PYCR2,ERP29,CDC25B
1715,SREK1,WASF2,RP11-166P13.3,RP11-356I2.4,USP25,RP11-468E2.4,SLC39A4,MEA1
1716,FAM122B,THBD,VPS37C,DHX35,NAT6,UPK3A,CLN8,TSR2
1717,ADNP,DNAJA3,OSCAR,C11orf57,APITD1,UBE2E2,SNX19,C6orf211
1718,CYTH2,ZNF320,FBRSL1,TP53I13,ING3,SLC12A9,TPCN1,MADD
1719,RMDN3,SLC50A1,KIAA2026,SDF4,KATNBL1,PARS2,USP3,PLEK
1720,LEPROT,IDH3G,UTP15,UBA6,ZMAT2,LEO1,CHCHD3,COX5A
1721,HAUS2,UBAC2,PMF1,GPR68,C1orf174,GSK3A,SH3RF1,RFTN1
1722,CSNK1E,TBC1D12,SENP2,DEDD,RNF146,RP11-400F19.6,PLEKHA3,DGCR2
1723,CELA1,HS6ST1,AC009403.2,MGAT4A,UQCC1,WDR77,MKL1,MICU1
1724,NUDT7,AKIP1,TET3,RNASEK,RHOT1,C11orf57,UBE2J1,ING2
1725,CACYBP,NELFE,AL928742.12,PHPT1,METTL6,CD244,TFAM,NPPA-AS1
1726,FLYWCH1,TPCN1,CFD,SCAF11,FCF1,CXCL16,FAM98C,ARID1A
1727,NOL11,SLC41A2,BCL2L11,ZNF576,RIOK1,ENTPD3-AS1,NKAP,ATF6B
1728,BAG6,IQCB1,USP15,RAB8B,SF3B3,ZC3H6,SSU72,NME1-NME2
1729,CD6,LINC00342,MUS81,SLC39A8,PHF20,GTPBP3,CSGALNACT2,KDM3A
1730,LINC00426,ASB1,TP53TG1,COLQ,MICU1,KIAA0513,AGPAT1,TDP2
1731,SMARCA2,BTF3L4,ATG9B,VPS4A,DHX32,STX3,HECTD1,GFOD1
1732,NDUFS4,PACS2,EGLN2,HBS1L,MLLT3,MGAT5,AFF1,DLAT
1733,TAPBP,THAP9-AS1,ZNF599,ECT2,NDUFS5,SREBF2,POLR2H,FAM134A
1734,UBE2M,KIAA0100,TBC1D12,MINA,RB1CC1,TMBIM4-1,AKT1S1,LRRC8D
1735,GRPEL1,DYNC1H1,AGO3,PBX4,HEXDC,SPHK1,P2RX1,CYTH2
1736,AKAP7,GMDS,DMD,GTPBP3,STARD9,NCOA7,ZDHHC4,MCTP2
1737,PPP1R12A,ZFP36L1,KIAA0753,RP11-539L10.3,NR1D1,C1orf35,TAF15,TRIP4
1738,SYNGR2,ATP5F1,FUT8,CDK7,TTC14,SECTM1,SNX9,ATPAF1
1739,SIL1,GDE1,PCMTD2,MAD1L1,GADD45A,CCNT2,MEX3C,SEPT6
1740,RIN3,WIBG,NEK7,FCHSD1,BTD,CBX6,DENND4B,PNKP
1741,AC093627.10,ARHGAP35,TAF1B,COX19,LPCAT4,MILR1,C19orf53,AP3D1
1742,BRF1,MPV17,AKAP10,ACTR5,SARS,M6PR,HELQ,SNX14
1743,GDF11,ECD,STIM2,C2orf74,CDIP1,TRAPPC6A,SLC30A6,ST3GAL5
1744,CTA-217C2.1,REST,C8orf59,RHEBL1,BLOC1S6,CTU2,RNF24,RP11-1398P2.1
1745,DUSP10,ITGAM,UGT2B17,ASB6,PHF19,RP11-664D1.1,SNRNP25,ATP5G3
1746,DNTTIP1,RBM41,NBN,MDM2,NR1D2,FBXO8,CCAR1,CD226
1747,TP53INP1,CEP63,ANKRD16,UBXN7,CTBP2,TRAK1,RAB11FIP1,EHBP1L1
1748,SNX20,TGIF1,RIT1,RPL30,DCAF17,PDE5A,HS3ST3B1,RNF170
1749,UBE2D4,ISY1,CSTF3,FAR2,B3GALTL,RETN,ATP2A2,AFTPH
1750,MAGOH,FCRL1,ALG13,CCDC57,EIF5,ATG16L2,NAGA,PRADC1
1751,PIK3CG,C4orf48,TMEM175,CCDC163P,NT5DC1,ZNF143,NOC2L,CLTC
1752,CD300E,GS1-251I9.4,GPS2,CUL3,LFNG,RWDD4,LAMTOR4,NDUFAF4
1753,TIMM10,SFMBT2,DDX42,RP11-407N17.5,PML,RP11-162A12.2,AC005523.2,XIAP
1754,ZFR,KCTD15,DDIT3,PEX11B,ENO1,ARHGAP10,CAPN7,PTRHD1
1755,CCDC7,EXOSC6,ATP6V0D1,FLNA,GBAS,JARID2,UBE2I,INTS10
1756,PGAP3,LMNB1,NXT2,PET117,RP11-326I11.3,GABPA,CNP,ABI1
1757,ZNF775,TRIM56,TACC3,HSPB11,RP11-166P13.3,STAU1,RHBDD2,RPL18
1758,STYX,CCAR1,KBTBD11,TRAPPC4,PPM1D,PIGN,TPK1,MIS18A
1759,BCCIP,JADE2,GYPC,IPCEF1,DLGAP4,RFK,SURF1,SPPL2A
1760,DAAM1,VPS33A,ARV1,CBX1,FOSL2,MCFD2,SLC43A3,GMPR2
1761,AKT2,PPIL1,UBA3,TIRAP,SOAT1,PRPSAP1,MTA1,NCF4
1762,APOL3,LAMTOR3,TROVE2,RP11-513M16.8,COX14,INPP5D,PRKAA1,TRIM22
1763,MCEE,ERAP2,ZNF146,TDRD3,IBTK,TRUB1,HOXB4,POP5
1764,TGS1,USP14,METTL7A,NDUFAF6,BTG3,GTF2H5,TMEM8A,PPP6C
1765,IMPACT,EML2,PTGER4,ZNF689,UBLCP1,ARPC5L,MILR1,TSPYL1
1766,ZFYVE27,WDTC1,MTMR2,FAM50A,RFNG,TOMM20,RELA,PDCD6IP
1767,MDS2,NSUN5,MRPS5,BIN1,RHEB,SMEK2,PCNT,BAP1
1768,KEAP1,HBP1,RP11-296O14.3,NME7,NUB1,PADI4,DARS,TSC22D4
1769,FLNA,C19orf24,RP11-325F22.2,RUFY2,RPIA,RHNO1,NUPL2,SEC61A1
1770,THAP1,AC006129.2,RP11-486G15.2,ANKRD16,AAGAB,RDH13,ZMAT2,PLIN3
1771,TSC2,PCMT1,PDE7A,NR2C2AP,CHD9,UBE2K,GALNS,VOPP1
1772,PBX2,ZNF335,LINC00657,SH3BP1,UQCC2,NME2,CDIP1,ACVR1
1773,FDX1L,KB-1732A1.1,SCAP,ARHGAP27,PER1,BCAS2,ABCB8,C1orf122
1774,RNPEP,ENOPH1,ZEB2,SLC41A3,SLC7A6,RBM27,SNX13,C17orf59
1775,NRAS,ZNF814,ZYG11B,RP11-485G4.2,HSDL2,CCR5,SLC29A1,ATXN10
1776,DNAJB2,DICER1,PARN,SPNS3,COX6A1P2,TOM1,RSF1,NRBF2
1777,TBC1D17,TMEM121,PDXK,WDR4,TAF15,MRPL15,PTEN,RASSF3
1778,PDCD4-AS1,SIGLEC9,ARHGEF3,C16orf54,ZFAND3,ZNF267,PNKP,PTPN4
1779,SEMA4D,COQ6,SKAP2,PIK3CD,SNRNP35,C18orf32,FEM1B,LINC-PINT
1780,CBX4,RPS6KC1,PDE2A,SYTL3,PSEN1,AQP10,DNM1L,TAF11
1781,ZNF22,NUP98,ME2,CHD6,C1orf43,PRKACB,ATP5S,NFE2L2
1782,C1GALT1C1,PIP4K2A,CD83,CNOT3,SP100,PPP1R13L,RP11-1070N10.3,CTC-479C5.12
1783,NPAT,ITPK1,WARS2,MVD,TSGA10,RNF207,IMMP1L,ASGR1
1784,RIT1,TMEM176A,CBX1,PVRIG,SYAP1,TMEM259,ARRDC1,VPS33A
1785,CHCHD3,ATP6V1B2,ASH1L,HAX1,CHMP6,XPC,NF1,AOAH
1786,RTN3,LBH,CPM,HPS6,CEBPG,USMG5,CLSTN1,AGTRAP
1787,RAP1A,CHD1,KCNMB1,SBF1,MPHOSPH8,HUS1,DIS3L2,CLDND1
1788,SEC24B,RP11-386G11.5,RBBP4,CALR,KCTD6,GAR1,SP110,KIAA1551
1789,ZNF600,CECR5,UFM1,SYK,ZNF276,MARS2,MAZ,PKIG
1790,SERTAD2,UTP3,ZNF569,RIPK1,PCCB,ECHDC3,WDR43,TRMT1
1791,ZNF302,UPP1,ZBTB7B,RNF185,COPS6,DPH3,SLC41A3,CSNK2A1
1792,B3GNT1,VPS72,MSL3,PAK4,ABHD17A,FNDC3A,BPTF,ANO6
1793,UBL4A,GBP3,SF3B3,NFIA,HSPA14,ZNF581,EMC8,PRKAR1B
1794,WDR5B,ELMO1,UBE4B,SRRM1,SDR39U1,L3MBTL2,CEP57L1,TMEM55B
1795,TMEM14A,RPAP3,CPSF3,PWP1,NOL11,MEN1,SCAMP2,MTG2
1796,B9D1,WDR77,APOLD1,DHX15,CLASP2,HNRNPUL1,C8orf82,POLR3K
1797,TRIM16,CYCS,HMBOX1,ATP2B1,FEM1B,MAP1LC3A,HDAC2,CAPZA1
1798,ZNF136,NAT10,NIPAL3,C21orf2,IKBIP,PRKDC,PRPSAP2,NDUFA1
1799,RPUSD2,PLEKHG5,NIPAL2,NMT1,GAMT,RP11-10L12.4,SMC3,RPS6KA1
1800,CDK13,OTUB1,BLOC1S6,LRR1,NDFIP1,MYLIP,ITGB3BP,SERINC1
1801,UBR4,HAUS2,POLM,SMURF2,CHD3,WDR92,DDX54,CDK9
1802,HSPA1A,ATP11A,TNFRSF10A,TSN,RBM34,SKA2,GSS,TCF7
1803,DCAKD,KMO,RAP1A,UFSP2,TYMP,ZNF385A,CCDC124,CRK
1804,KIAA0100,DRAM2,SFSWAP,RITA1,ZC3H15,NME4,RP11-1191J2.5,STX16
1805,SLC25A17,PML,TREM1,CEP41,CMTR2,EMC1,LILRA1,ATP1A1
1806,RP1-39G22.7,TCEB3,RP11-379H18.1,HEATR3,HYOU1,ZNF444,NUFIP2,SH2B1
1807,ASH1L,ZNF33A,SLC30A7,PIM1,PPP1R12A,RP3-329E20.2,SYNGR2,CAMK4
1808,GOLGB1,ID1,MS4A7,TMEM9,NONO,ETV7,SCAF11,BCAS4
1809,ESF1,TPRKB,TPI1,ZNF275,PDE4A,ZNF326,NUP160,STARD3NL
1810,GIGYF2,OLFM1,NEU1,LINC00526,TRAPPC13,SLMAP,TTC7A,MRPS34
1811,SLC8B1,MX2,SLC39A10,UBN1,RIF1,GALR2,FPGS,TMEM176B
1812,TWISTNB,METTL10,GPRIN3,HLA-DRB5,G3BP1,ATXN7L3,PHIP,FLI1
1813,RP11-169K16.9,SMG7,CYB5RL,ESRRA,MED17,C2orf49,SLC37A1,CMC1
1814,RRP9,CTC-428G20.6,DOK3,SIDT1-AS1,BLOC1S4,TNFRSF10B,SLC35E1,GCLM
1815,TCEAL4,AC027763.2,BCKDHB,PPP3R1,RNF165,ATP6V1E1,SEL1L3,RAP2B
1816,LYPD2,MTF1,BIK,PIK3R1,MSL1,SMCR5,RP11-390E23.6,PRRC2A
1817,WDR7,DSN1,PIP5K1C,NSUN5,RRBP1,EIF4EBP2,METTL10,STAT5A
1818,KIAA0040,VEZF1,ARL5B-AS1,RNASEH2A,ZFYVE16,LAT,CTDNEP1,ATHL1
1819,LZTFL1,FFAR3,NUP160,HSBP1L1,NFKB1,METTL6,PTPLAD2,DNAJC4
1820,FNDC3A,KDM3A,USP34,ZBTB38,CAMK1,POLE,CDKL3,FTSJ2
1821,EXOC3,TUBA1C,COMMD9,FUT8,TRIM37,INPPL1,CAMK1,RNF4
1822,IKBKG,CYTH2,NELFA,FBLIM1,HIF1A,C22orf29,ARHGAP9,NDUFS4
1823,NUB1,HOOK3,ASB16-AS1,MARS2,HNRNPH3,RARRES3,SLC5A6,GCC2
1824,KIR2DL3,C14orf80,PPP2R5A,ZNF76,GDF11,TOR3A,ANKRD39,CCDC91
1825,UBQLN2,SNAP47,MBLAC1,SMKR1,CCZ1B,PPP1R35,CMPK2,SPG20
1826,AC093323.3,RCC1,NUS1,CLCC1,MIR24-2,RANBP2,TMED1,DCP1A
1827,SLC40A1,RP11-804H8.6,HIST2H2BE,CCL28,RPP25L,KLHL12,RP11-802E16.3,OGFR
1828,UTP18,RPL39,PIGA,ZNF362,ANKHD1-EIF4EBP3,SFXN1,TIPARP,ENO2
1829,AC093642.3,UCHL3,LINC00998,ACAT1,MCM3AP,MAP4,IL23A,RRAGC
1830,PPME1,SRPK2,MBNL1,BZW2,PPWD1,RP11-362F19.1,SLIRP,MDP1
1831,MTERFD2,LEPROTL1,INSIG2,DHRS4L2,ACN9,MED4-AS1,SCO2,SUMO3
1832,YIF1B,HMG20B,PAPOLA,PEX16,WAC,PRKRIP1,P2RY13,SH3BGRL2
1833,ASB16-AS1,ABHD13,MRPS2,GP1BA,TYK2,SEC24D,TFAP4,CSNK1G2
1834,C7orf55-LUC7L2,DUSP28,AGPAT5,EMB,GUSB,CEBPZ,PAFAH1B2,MAP4K2
1835,GTSF1,TADA3,R3HDM2,EXOC8,SAE1,AGAP6,TMEM204,IER5
1836,RAB5A,RP11-51J9.5,CTB-31O20.2,PCTP,LINC00667,GPR162,BRAT1,ADCK3
1837,PTPN9,CNTROB,PANK2,CDC42SE1,SNRNP48,SLC37A1,MDH1,UBE2A
1838,C17orf67,CTD-2228K2.5,NCOA5,MRPL34,TBL2,CMTR2,PLXNB2,CYB5A
1839,C16orf62,RNF19B,CAPZA1,SNX10,DERA,PROSC,HSBP1L1,PSRC1
1840,OSM,ABT1,STAT3,C4orf32,MFGE8,CALML4,RNF41,RSPH9
1841,C11orf83,LRR1,SRSF1,RP11-690G19.3,SGTA,FRA10AC1,SCRN3,FAM127A
1842,HAPLN3,TTC37,ATAD3B,ZNF587,RHBDD3,CLEC4G,RNF138,DAZAP1
1843,TLR4,CCDC28A,XPNPEP1,FKBP15,THAP9-AS1,TRIM22,ENO1,TRUB2
1844,POLDIP3,UBL3,CELF2,CDK6,RP11-119F19.2,SETD3,SLC43A2,CUTC
1845,WRAP73,C1orf85,FAM122C,ZNF639,PLIN3,VAT1,KIAA1033,U2AF2
1846,VPS13D,INPP5B,RNF187,DNM1L,TTC17,UBR2,CCL3,PLEKHF2
1847,LRRC28,MRPL37,TIPARP,UTY,GPCPD1,PI4KB,PHKG2,YWHAQ
1848,AKIP1,NSUN6,PBRM1,RAB11FIP4,ASNA1,SREK1IP1,LRRC61,ARFGAP2
1849,GOLPH3,LAMTOR1,AP003774.1,AC092295.7,ZFAND4,LPCAT3,PLCG2,UBAC1
1850,TRIP11,MBOAT1,NDUFV1,MLF1,NPEPPS,GTF2F2,RABL6,DNAJB12
1851,UBXN11,SLC2A13,FTSJ2,ANKRD32,PYGB,SEC23B,SDAD1,PSMA4
1852,DEXI,CCNDBP1,COPRS,MTMR2,NDNL2,BRF1,P2RY6,DUSP6
1853,WDR53,AGGF1,IDS,MBD5,FAM185A,LMBRD1,ETV6,EIF2S2
1854,MOB4,KRI1,PEX2,DDOST,ZNF436,ARV1,MPST,CTSD
1855,PPCDC,LCOR,PPP1CB,OGFR,CHPF2,CAPRIN2,SECISBP2,RELT
1856,TBP,COX10,CTA-211A9.5,DNHD1,RFC2,DNAAF1,KAT6A,SIAE
1857,RP11-544A12.8,TEX264,PELI1,PPP6R3,TMEM120B,POLR2K,TAF6L,TMEM204
1858,SPATA5L1,LINC00324,SMIM7,UBL7-AS1,DPP8,OARD1,CDADC1,CD81
1859,RMND1,KDM7A,BAZ2A,PFKP,SMAD5,TAF11,NME1-NME2,NIPA2
1860,BIN1,SLC25A40,DLGAP1-AS1,ALMS1,SENP5,TNPO1,COPZ1,VRK3
1861,EIF2B2,EHBP1,PPP2R4,ABHD17A,C3AR1,RHOT1,RP6-91H8.3,PYGB
1862,KANSL1-AS1,DCAF17,SCRN3,SMARCD1,GATAD1,ELP3,C1orf86,OSGEP
1863,PPM1N,CLYBL,UBE2R2,SMARCA5,CDK10,ADAP1,ATP5J,ISCA2
1864,MTX2,ING3,CTC-378H22.1,MED31,CRNKL1,EP400NL,CLDN23,TNIP2
1865,ARHGEF37,FAM105B,CNTNAP2,RNH1,MIR181A2HG,RUSC1,NSDHL,CRTAP
1866,C7orf43,SMIM20,GBE1,HMGCR,SECISBP2,MRPL18,INTS6-AS1,PLAUR
1867,LENG1,ZNF362,RP11-146F11.1,CEBPZ-AS1,CD83,CD40,ZNF688,HDLBP
1868,C3orf38,WDR48,MAGT1,POLL,POLD1,TRAPPC12,GPBP1,SP4
1869,TMED7,AMPD2,KMT2E-AS1,SEC23IP,DDX18,CMPK2,RBM33,RILP
1870,TXLNG,LPIN2,MAPK9,C8orf59,PRPF4,MTRF1,TXLNA,CD2BP2
1871,XRCC1,RP11-20B24.5,SNAPC1,QKI,GTF2IRD2B,IFI35,TBL2,ARID4B
1872,MRPS27,TM9SF4,PLD2,C5orf45,ATG9A,DLG4,TTC19,WIBG
1873,NAGA,ZSCAN5A,BRF1,DTNBP1,MIEN1,NDUFA7-1,TAX1BP3,CNEP1R1
1874,RAB30-AS1,HYAL2,TMEM115,BABAM1,VPS45,RPA3-AS1,CTC-479C5.12,SPIN2B
1875,TRRAP,NAA10,KDM6B,TBCE,ZFAND2B,HCFC1R1,ORAI3,ZYX
1876,SF3B2,RP11-884K10.7,PCBP4,UBBP4,SMAP2,P2RX1,AC079305.10,LMO2
1877,RPS6KC1,IGSF8,CTNNB1,BDH1,RBL1,FAM120B,FBL,NDUFB6
1878,VTA1,SERINC2,CHSY1,EXOSC8,FUNDC2,BCKDHA,PTGDR,UQCR11-1
1879,MCCC1,PLK1,C1orf86,USMG5,CCNK,USP7,E4F1,SLC35D2
1880,RP11-138A9.2,STRADA,FANCF,ICK,C19orf25,RNF121,ARHGAP15,NLRP1
1881,ZNF264,LAMC1,EDEM2,MCM3AP-AS1,SCAP,CCDC94,PAFAH1B1,ACO2
1882,HNRNPU,SETX,MRPL38,CTD-2341M24.1,ARHGAP4,NRF1,PTRHD1,PCBD2
1883,COQ7,CDK6,XPO5,VAMP5,BCCIP,COQ9,CPSF3L,ZFYVE21
1884,FBXO31,CXorf65,TMCO1,SKP2,MED11,DIS3L,ATP6AP1L,TOLLIP
1885,EIF4EBP1,OXNAD1,PPP3CA,EDEM1,ZNRD1,TMEM63B,CIB2,KDM2A
1886,UBE2G2,CDKN3,BRI3BP,DENND4C,FAM45A,HSPB11,NOP56,SFI1
1887,AC093818.1,ATG2B,VPS41,TCEAL1,ENPP5,HPS1,ATPAF1,BRWD1
1888,EIF4E3,PPP4C,AFF4,HECTD4,NOL9,GBP5,CALCOCO1,C1orf85
1889,AK5,ZBTB7B,SCAMP2,LRMP,PRPF39,TRAP1,DUT,KDM7A
1890,ZNF771,NOG,EARS2,GABARAPL1,ZNF319,BAK1,MAP7D1,LIG1
1891,TADA2A,MTMR3,NCOA2,HSF2,AFF1,RPL9,LAPTM4A,DPEP2
1892,AC132872.2,SLC9B2,POLR3B,ARMC7,CARD8,RIN1,CRYM,SCAMP3
1893,RP4-583P15.10,IL27RA,EPHB6,RIT1,MRPL43,SYNRG,SRRT,USP12
1894,TTC5,THOC2,PDE3B,ATRX,ATG2A,OXA1L,CLASP2,TC2N
1895,SLC4A1AP,SP1,DPP8,TACC3,ATRX,RAN,HESX1,MRPL45
1896,KNOP1,AHCTF1,ZNF827,VDAC3,RP3-325F22.5,UQCRQ,WBSCR22,HK1
1897,PAPSS1,MYL5,MSH2,FGFR1OP2,DIEXF,ZNF302,NDUFAF2,YIPF3
1898,MITD1,CTC-503J8.6,HSF1,POLE,HERPUD2,SLC22A4,SLK,NAPG
1899,PGLS,DNAJB14,C21orf33,ALKBH1,LCORL,YPEL2,DECR2,SEPT4
1900,ITGA6,ARPC4,APOO,SRP54,CLEC7A,FOXO3,RP1-244F24.1,XXbac-BPG299F13.17
1901,TLK1,PCNA,TMEM60,RBM42,C19orf70,GALC,BMS1,NDUFS7
1902,C19orf70,PIGG,TSEN2,CROT,GTF2H2,GIMAP5,NOC4L,LAMP1
1903,ZDHHC18,ORAOV1,TNPO2,ZNF354A,MBNL1,ZNF512B,SOCS1,PBDC1
1904,DGKA,SLC12A7,PIGB,GEMIN8,SNORD3B-1,FBXO33,AKR1C3,MEST
1905,SNRNP27,LRRC8D,TUBD1,ZNF121,NMI,OSBPL2,PDCD6IP,LINC00493
1906,RP11-452F19.3,USP24,RASA2,CWC27,BCL2,PPIH,BAZ1B,NDUFS1
1907,ASF1A,UBE2I,PHF12,AC006129.1,NLRP1,IMPA2,NELFCD,AC092295.7
1908,XPC,CIITA,ZNF429,UCK2,CADM1,FRAT2,PRR11,AC007879.7
1909,GALNT3,CISD1,MAP3K11,RBM12B,LTA4H,HNRNPLL,PKN1,FAM13B
1910,PECR,GPRIN3,CD96,C9orf85,MVK,MPRIP,MRPS25,CTD-2336O2.1
1911,PXK,SSBP2,KPNA1,ZBTB16,FEZ2,METAP2,G6PC3,TMED3
1912,PSMB5,SBF2,BUD31,POMZP3,TRNAU1AP,SPATA33,IKZF5,ATP6V1B2
1913,C4orf46,GOLIM4,NECAB3,RICTOR,GMEB1,MYO19,TERF1,WRB
1914,PTPN7,IP6K1,CTD-3184A7.4,EIF1AX,ZNF559,VWA9,METTL1,MFSD6
1915,FIG4,MAFK,SPINT1,PLAGL1,SEC63,PXMP4,ABHD16A,SCP2
1916,GALNT2,LIN7C,ZNF354A,PGBD3,FAM120B,PPP1R12A,RP11-1000B6.3,PPP1R15A
1917,UBE2Q1,NDUFA9,HRASLS2,HYLS1,AP1S2,TPCN2,POLR2J3,NUTF2
1918,METTL25,TCTA,NFATC1,KIAA1731,TKTL1,DDT,LIAS,GPCPD1
1919,PGAP2,RBM7,NAF1,WNK1,RP11-977G19.11,NBAS,ARID5A,LNP1
1920,CKMT2-AS1,SYS1,CTC-338M12.4,MAP2K5,FAM8A1,MUL1,PRKAG1,TTC30A
1921,LPIN2,LINC01011,LXN,RUVBL1,CMPK2,CTC-425F1.4,WDR48,RAB6B
1922,BAZ2B,MED17,ZHX1,CBX3,TMCC1,TEX261,MEA1,PBLD
1923,ZNF586,LTA4H,ARFIP2,RP11-511I2.2,AKAP10,TTC39C,NUMA1,LEPROT
1924,DCAF12,NUDT9,C4orf3,NFYC-AS1,CHRNB1,HIGD1A,SLC25A36,SEC23A
1925,UBE3B,LMAN2L,CCR7,ERH,ARFGAP2,ARMCX3,SRP72,SEMA4D
1926,CSNK1D,YIPF6,SPG21,VMAC,EIF4E,AC074117.10,CLCN3,LTBR
1927,EIF3A,TTYH2,GANC,FAM71D,PITPNB,AC002116.7,SPATA20,TDRP
1928,SLC25A4,TSC1,TXNL1,HNRNPD,KLRB1,TBK1,SLC35C2,ERLEC1
1929,TRAF3,MAP4K2,SLC39A9,SRSF10,AUH,PGLYRP2,CTDSPL2,H1FX
1930,ZNF652,TMEM104,CRKL,MGA,EIF3J,PSMG4,FAM46A,CDC42BPB
1931,ANO9,TOPORS,FAM118A,GALNT11,KIAA1429,RPUSD3,ZBTB45,CBWD2
1932,NF1,TMCO4,ISG20L2,RASGRP1,NCL,CNTLN,NRD1,TXN2
1933,LAMTOR2,PIP5K1A,BCL7B,PCGF6,TOLLIP,KDELC2,PITRM1,LYN
1934,DNAJC5,FZD3,ACTR8,CARM1,MTERFD2,HSPA9,ENDOG,LEPROTL1
1935,CHCHD1,TRMT2A,YIPF6,C6orf211,PRR7,C1D,PHPT1,ITM2A
1936,HOTAIRM1,SLC35A2,UBR7,FADD,SF3B14,AC040977.1,RSL1D1,ZFAND2A
1937,RP11-535A5.1,SMS,NSMAF,UCHL3,LGALS9C,PSTPIP2,KIAA0141,SPPL3
1938,METTL4,MOSPD3,SLC35C1,AC004893.11,MED22,FMNL2,FAS,SLCO3A1
1939,EMD,CCNH,RGS14,UPF2,MX1,COMMD9,HCG18,ZSWIM7
1940,SIN3B,ZBTB4,XPO7,KANSL1,MTHFSD,BCL2L12,RP11-473M20.9,PCNA
1941,ZNF276,RP11-424N24.2,LACTB2,COX6B2,MMGT1,YTHDF1,UNC93B1,FTSJ1
1942,COG3,MAP6D1,NCAPD2,C3orf33,PTS,NOMO1,RPN1,RNPC3
1943,PDK1,ZNF574,MGAT2,GPR171,CSDE1,HSPA13,PACSIN1,CCDC124
1944,SRSF10-1,RNF13,BACH1,CACNA2D2,RNFT1,FN3K,XPA,CUL1
1945,WASF2,CTC-524C5.2,SLC2A6,ZNF33A,RP11-65I12.1,SNX22,PMP22,SSFA2
1946,NPDC1,CCDC69,AGA,POLR2B,SPATA13,CRYBG3,NUP133,SETX
1947,RP11-427H3.3,TOR1B,TAF4B,NIPA2,RP11-418J17.1,MRGBP,SP140L,SF3B14
1948,HNRNPAB,NUP210,FBXL15,NDUFC1,CREB1,EZH2,LTC4S,TAX1BP1
1949,INO80C,CPT2,AP4B1,PSPC1,HELZ2,TMEM216,CRLF3,CHMP4B
1950,STUB1,PLEKHM1,ZKSCAN1,ZXDC,NCAPD3,TOM1L2,KAT5,RENBP
1951,FAM127A,USP20,TTC38,TXNDC16,ZNF613,FBXL15,CROCCP2,EXOSC1
1952,RAB33B,AC023590.1,PRRC2B,FAM168B,CHMP7,ASB8,KDM1B,MTMR2
1953,TMSB15B,CAMP,KCTD12,SPAG9,TAZ,SLC25A35,DNAAF2,FNBP1
1954,MIR4435-1HG,NUB1,KLHL2,ZC3H7B,HARS2,RP11-849F2.8,POLR1D,SAMD9L
1955,TMEM184B,CENPW,DDX19B,PNP,ERCC6L2,IGFLR1,CREG1,PTPRJ
1956,C6orf25,CTA-217C2.1,ZRANB1,SH3BP5-AS1,NDUFA7-1,FBRS,PCGF5,SLC2A11
1957,SUPT6H,ZP3,SEL1L3,LRIG1,MRPL35,TP53TG1,ABHD12,MIDN
1958,TSPYL4,PPARD,PTPRO,ZNF845,MAPK7,MAEA,DPYSL2,HIP1
1959,ORAI3,TCEAL1,TUG1,COLGALT2,APH1B,LYRM9,GPATCH11,PDHX
1960,RP11-223C24.1,LETM1,PHF8,SEPW1,REV3L,AC008964.1,NAIP,CKS1B
1961,RAD17,IKZF3,RUNDC1,ELK4,RP11-996F15.2,MT1F,RP11-400F19.6,PET100
1962,CLDN7,TMEM106A,TRMT10B,ZNF202,CPEB3,SLC25A36,EBNA1BP2,APIP
1963,DNAJC8,CMC2,ID3,FBXO44,RILPL1,MRPL45,SBNO1,GMPPA
1964,RAB10,HAUS3,CENPV,PFKM,SCGB1B2P,URM1,SRP14-AS1,SOCS2
1965,VARS,CORO1A,THG1L,TNRC6C,PHTF1,PRNP,ZNF124,NIPAL3
1966,FAM188A,SRD5A1,CNR2,C6orf226,AP5S1,TCF7L2,RUVBL1,TMEM87A
1967,VCP,WIPF1,ACP2,DBN1,SLC20A1,LRP10,NFX1,MGST3
1968,MAPKAPK5,BNIP3,C12orf42,RP1-187B23.1,FAM217B,ATXN7L3B,KCNQ1,MIR24-2
1969,TMEM127,SLC25A43,FAM153A,EXT2,DHX29,PIAS1,DTNB,PTP4A3
1970,MCAT,RP11-274B18.2,TUBB2A,ZCCHC4,NHLRC3,SKAP2,HAVCR2,AP003068.23
1971,CUL2,FAM185A,ZNF689,DGCR14,IL21R,AC003075.4,USP33,RNF145
1972,PLCL2,SIRPB1,RP11-111A22.1,UNG,MMP9,SMYD5,ZMYM3,EPN1
1973,CHPF2,KIAA1586,H2AFX,SEPT11,HERC2,SLC41A1,BLCAP,MNDA
1974,TIGD1,MCM3,HEATR6,XYLT2,RP11-452L6.1,OXSR1,CAPN15,NIPSNAP3A
1975,TMEM160,EPM2AIP1,COQ4,HGS,NPTXR,CARD11,ANKLE2,EPRS
1976,TMED9,PDE6G,STUB1,SUPV3L1,LL21NC02-1C16.2,PIK3CA,PRPF6,NR4A1
1977,BBIP1,CTD-2571L23.8,C7orf31,EMC9,NSRP1,RHOH,STYX,WBP11
1978,JMJD1C,CLEC12A,GPBP1,BCL2L11,FANCL,PMPCB,HNRNPA1L2,PEPD
1979,TSPAN31,TRMT6,UBE2F,SDCBP2-AS1,DNAJC3,EZR,SERINC1,RC3H1
1980,KAT5,SBNO1,ARHGAP5,GLMN,MRPL50,WDR6,RELT,MRPL41
1981,SURF1,CIZ1,OGG1,ZNF329,BLZF1,SDF2,ACO2,BLVRB
1982,FUNDC2,CSNK1A1,RP11-66N24.4,TMEM169,RARS,METTL22,MPI,RNF135
1983,MR1,TMEM175,CLEC7A,APLP2,GATAD2B,LAMP2,CDKN2AIPNL,RP11-290F20.3
1984,ALYREF,ZBED5-AS1,ARHGAP1,RP11-793H13.11,NUP160,RNFT1,LNPEP,NFATC1
1985,GBP3,MLLT10,CTD-2228K2.5,TMEM182,KIAA0754,CRAMP1L,ZC3H8,ERGIC3
1986,ARV1,TM2D2,AXIN1,PROSER1,IKBKB,PIEZO1,C2CD3,NCL
1987,PISD,CMC1,TMOD3,EPB41,TNIK,AGFG1,IARS,ZDHHC12
1988,CCDC71,SULF2,ST6GALNAC4,MCTS1,SMARCE1,DAGLB,P2RY14,AURKAIP1
1989,PRKCI,ATP10A,SLC35E2B,TAOK1,SH3YL1,ARID1A,IGFBP7,DPY30
1990,CDK19,ARHGAP17,IFIH1,FCHSD2,ACOT7,RAB20,SIPA1,C19orf70
1991,TULP4,RWDD2B,PTK2,ZNF846,SURF4,HIST1H2BC,PER1,VAMP7
1992,SNRPB,MAML2,ZNF644,TRIM14,PRPF6,SSBP3,UFM1,XRCC6
1993,PITRM1,CNTD1,TMEM134,CCDC64,DBNL,KIAA0319L,RANBP9,PAFAH1B1
1994,TMEM107,PRRC1,UQCRQ,FAM3A,EPN1,MS4A14,RIOK3,VDAC1
1995,R3HDM4,ADCY4,SREBF2,NGDN,SEPT2,SCAPER,VIM-AS1,PNPLA6
1996,LENG8,SLC11A2,TMEM106C,EIF3K,TRAPPC12-AS1,ARHGAP31,AC007880.1,HCFC1R1
1997,CCNDBP1,PRAF2,FBXO3,AL645728.1,TCEAL1,CDK13,GOLGA4,SPSB2
1998,FAM227B,RP11-644F5.16,ZNF135,HK2,CASP10,RECQL,RBM6,ITGAE
1999,RUNX1,DNAJC4,SS18,AKT1S1,NAP1L5,SMAP2,RAD50,SAMD14
2000,FUBP3,MED28,HDHD3,ARHGAP35,SDCBP,MICA,ZNF100,PET117
2001,OTUD5,RP9,HIBCH,COX6B1,POP7,GPBP1,RP11-345J4.5,PIBF1
2002,YBEY,LRCH4,TMEM42,PHYH,SLC25A35,RASA3,ATF4,GID8
2003,MIDN,TMEM80,LIPT1,SLC2A8,COMTD1,MECR,TTC3,RSF1
2004,LPCAT3,SLC25A11,PPP1R10,CASC7,PRKACB,RAB3GAP1,AGPAT2,PTPN11
2005,ZNF350,MTHFSD,CASP3,NCOA1,TMEM87B,TDRD3,XPO1,CKLF
2006,KIF20B,MDFIC,FPGT,VPS33A,STK39,PREP,ROBO3,PDZD11
2007,TMEM204,SAV1,RBAK-RBAKDN,TMEM192,MRPL47,RAB11FIP2,RAB21,MPPE1
2008,MAD2L2,IDNK,AC062017.1,SIK3,MUTYH,PSMD5-AS1,BET1L,EIF2B2
2009,B9D2,C1orf131,KPNA4,C1orf51,TAF1,MTL5,MAP1LC3B2,RNF185
2010,KCNN4,UBXN2A,COG5,KIAA1671,PPP4R1,D2HGDH,CCZ1,SEL1L
2011,ATP5B,COPS2,CDK12,PARL,TLE4,ARAP3,GMIP,GLS2
2012,NAA38,TGM2,MTMR14,TRAP1,NFRKB,HMHA1,FAM175A,PUM2
2013,HLA-A,CLEC4E,TUBE1,STIM2,TRADD,NMNAT1,INTS6,BTBD7
2014,TAF1,ZNF317,DNTTIP2,RFC4,EOMES,AFF3,ATP6AP2,STRAP
2015,MTERFD3,CD19,AC010642.1,ERAP2,RTCA,CNOT7,RARS,CLN8
2016,MAST4,OSR2,WDR25,MED24,USPL1,CBLL1,TFDP2,GNAI3
2017,TOLLIP-AS1,FAAH,HDHD2,LRRC57,GPN3,TP53RK,STK11IP,CLASP1
2018,MRPS35,PRKAA1,PLGRKT,TTC19,ACP2,HNRNPA3,PAK1,C7orf31
2019,ELF4,C7orf43,RITA1,TXLNA,CHST7,TMEM255B,C5orf30,MINOS1
2020,ACTR3,EPHB2,FLT3LG,NRL,C12orf23,TCP1,CORO1C,RAB3GAP2
2021,ZNF599,FHL3,PSIP1,NECAB3,FBL,NCOR2,SLC1A5,EML6
2022,ARID1A,MSRB2,NTAN1,ZNF548,ZKSCAN5,TIMM23,ALG14,SMIM13
2023,CHD1,RP11-110I1.13,RP11-727F15.9,NOM1,TP53RK,AC016629.8,MLX,ZNF841
2024,ZNF507,ZNF529,NMD3,DCP2,ADIPOR2,TRMT13,C14orf64,EIF3J
2025,PMF1,C19orf10,MORC3,PCBP1,ZNF443,CDKN2AIPNL,BCL6,PRR24
2026,BRWD3,RPRD1B,PYROXD1,ACOX3,WARS2,SLC25A22,FRYL,SLC25A26
2027,RN7SL832P,ZNF525,FAHD2B,BAZ1A,VIT,GSR,ZSCAN9,TNFRSF1A
2028,TMEM216,FUT11,LONP2,RPF1,AFTPH,AAR2,ALOX5,TBC1D17
2029,SLC12A7,FAM111A,ZSWIM6,STX1A,RUVBL1,OS9,PTP4A2,IL10RB
2030,TNFSF12,GPX1,IKBKE,IFRD2,KANSL1,ZNF691,CLECL1,USP10
2031,PIK3R4,GADD45A,KNOP1,TTC32,MRPL10,EHD4,DLGAP4,GOLGA1
2032,NUDC,ACAP2,ING4,PPP1R10,SCYL1,ZNF174,HUS1,CRAT
2033,MSN,MCPH1,MAPK1IP1L,VEZF1,CYB5R3,SH3BP1,ASCL2,PGS1
2034,CHRAC1,SLAIN2,BTG2,NFYC,PIK3R4,CCDC6,KLF3,TOMM40
2035,RFXAP,PTPN7,CYHR1,LFNG,TRIM21,SCGB3A1,TAOK2,C15orf26
2036,ANKRD13D,ETV2,SSPN,ADAL,ATG16L2,SCARB1,GMDS,ZFYVE19
2037,SOAT1,TYK2,AFF3,C12orf44,KDSR,PPP1R12C,CCDC62,ST3GAL1
2038,C6orf1,ANKRD42,KLHL5,CNP,ZNF259,PQLC2,DCAF11,MRP63
2039,BRCC3,RP11-298J20.3,ATXN7L3B,BCKDK,PLRG1,RAP2B,ADAM28,TSPAN15
2040,THOC7,RB1,SOWAHD,ORC3,CTB-58E17.1,FAM101B,SECTM1,CLCN3
2041,INVS,TMED1,CHMP6,TRAF3IP3,AGTPBP1,SDHA,ZFAND1,IFI27L1
2042,HAUS3,AGPAT6,MGRN1,MAZ,DCPS,CHST14,MRPS9,TBC1D15
2043,C7orf55,GEMIN7,DMTN,FOXN3,C9orf37,AP3S1,RP11-73K9.2,TRPS1
2044,RIOK3,SCML1,CSGALNACT2,WBP11,MECP2,TMEM101,SNORD3B-2,FADD
2045,U2SURP,CEP164,PDE9A,RUNX2,CCNC,ANPEP,DACT1,ACTR10
2046,SLC46A3,MAP2K6,RNF2,ZNF134,TRIM39,KIAA1191,MIA3,NFKBIB
2047,MFAP1,ADTRP,SMURF1,RP11-299J3.8,CCDC88C,GATAD1,CYFIP1,RHOF
2048,WDR11,SLC35A3,MIEF1,NSMF,WDR61,GSPT1,NME8,C11orf83
2049,PTGER2,DRG2,MGME1,ACYP1,KIAA0100,PPP2R5D,C10orf76,FNTA
2050,RP11-379K17.12,ATL3,EP400,SUMO2,NDUFA11,TCF3,UAP1,PMS1
2051,BCAS4,ZNF276,HIPK2,LRIG2,CBLB,GSS,RP11-14N7.2,CTSZ
2052,ZFY,CCDC137,ADRB2,RP11-349A22.5,PRRC1,S100B,OAS1,ETHE1
2053,KMT2B,LONP2,POLR2I,MCM5,FBXO2,GNG10,FCGR1A,FCER2
2054,NIFK-AS1,PINX1,ZNF718,DBF4,GTPBP8,KDM4C,RAB11A,MSH6
2055,FAM115C,SMIM12,DAK,FAM129A,IMPDH2,SGPL1,MAN1A2,ACADM
2056,NAGK,MTERFD2,SLC25A17,SGPL1,TMEM117,DYM,OGFOD2,PEX26
2057,ENTPD5,REEP5,NRROS,FAM21B,RAB11B,C1orf21,ETV3,POLR3C
2058,FBXO48,TNRC6C,DCTN5,RP1-241P17.4,ATP13A1,NADK,PSPN,PTK2B
2059,MAN2A2,CYP27A1,C9orf85,RDH14,FAM111A,KLF12,DGCR6L,CSPP1
2060,CCDC25,IGF2BP2,RPH3AL,CNIH3,SMN1,ARL13B,RFC1,MAPRE2
2061,ST3GAL5,INPP5E,PFN2,LMBRD2,DUSP28,ERCC3,CLNS1A,MAP3K8
2062,DDX55,PHF5A,ACYP1,CLEC2D,MED25,CBR1,SLC39A7,TNIK
2063,TIAM1,FASTKD3,OPA3,TMEM62,RIN3,TMEM183A,TES,DHX36
2064,NAA35,SH3BP5L,ASNA1,MORC3,C16orf91,PCTP,KIF16B,UBE2G1
2065,HOXB2,C7orf60,TXNL4B,ICA1L,SRP14-AS1,PTGS1,AC005076.5,TRAPPC12
2066,PPIL1,KHK,SNRK,HIST1H1D,RTN4,DEF6,FICD,ODF2
2067,RNF111,HIBADH,CCR6,AARSD1,INPP5K,ACSL1,PSMD8,HSD17B4
2068,LYPLAL1,GUF1,SAAL1,ZNF195,CTD-2020K17.1,DOT1L,ATF1,SRI
2069,SLC35A2,OAF,CERS4,CDK20,RENBP,CTNNBL1,RPPH1,ATP13A4
2070,PEX11G,PIGU,HMGA1,ASMTL,WBP1L,KLHDC3,MSH2,IGF2BP3
2071,FXYD1,FAM71D,NFRKB,SIRPB1,PPP2R4,CCND3,MGST2,BEND2
2072,ZC3H12A,PPP3CC,HLA-DQB2,TTC33,CERS2,MIB2,P2RX4,LAMP5
2073,ZNF530,CYB5D2,HERC6,STK11,SPATA2L,TNIP2,FAM129C,POLR2M
2074,UBFD1,DSCC1,PDLIM5,U73166.2,XPNPEP1,C9orf66,AP1M1,CEP290
2075,IRF2,SMC1A,HNRNPU-AS1,TMEM53,C3orf62,PNPLA2,RABGGTA,INPP5A
2076,ADHFE1,PAXIP1-AS1,SSSCA1,TCTN2,DNMT3A,DDB1,LTB4R,PRTFDC1
2077,COG1,PLB1,FCGR3A,MEF2A,CEP44,WDR26,U2AF2,MBOAT2
2078,SLC39A4,CTPS1,RPS17,CHTF8,FES,YIF1A,HEATR2,IRS1
2079,BTAF1,TXNRD1,ADAMTSL4,PJA1,UROD,EPRS,IL16,RP11-159D12.2
2080,IFI27L1,KIFC2,CHRAC1,TIMMDC1,UBE2Q2,SAP30BP,RP11-532F6.3,CLIP2
2081,RANBP1,SELO,LINC00665,ZNF182,RP11-97C16.1,FXR1,CRELD2,HBQ1
2082,PEMT,C11orf71,MTMR12,MVB12B,NSFL1C,PCNP,DET1,LEPR
2083,RUFY3,ETFDH,TSTD2,SLC25A11,PPARD,YIPF5,ABCF3,RAB5A
2084,BRI3,PEX14,LAMTOR5,SLC7A5,TARS,USP5,RNU12,TMEM107
2085,HN1L,LRRFIP2,NSUN3,MALSU1,MAU2,ARSB,EPSTI1,TIMM9
2086,TRIM35,ALG12,UBXN11,TMEM179B,IDNK,SAYSD1,GSTM2,RP11-712B9.2
2087,RYK,GRIPAP1,GLUD1,APOL3,AHI1,RPE,FRMD8,CCDC28A
2088,PDS5A,RP11-135A24.4,CEP57,EIF5,RAB28,ARHGEF2,C10orf2,SMIM1
2089,RP11-386I14.4,THAP2,LINC01003,RLTPR,PET112,LIMS2,OCEL1,MARK4
2090,CAPNS1,OPN3,RASGEF1B,ARMC1,EPS8L2,METTL17,ATP1B3,CPAMD8
2091,TMCO6,LIPN,ZCCHC17,RERE,DAB2,BRD7,DSN1,RERE
2092,VPS36,TFDP1,RNF41,ME2,DIABLO,RCSD1,RNF139,PPP1R26
2093,PPWD1,MPP1,UEVLD,GTPBP6,CEP104,TRMT1,CTNNBIP1,TRAPPC9
2094,ZNF496,TIMM22,VRK3,RABEP1,SLFN13,GLE1,HAGHL,PHF2
2095,HMGCS1,MRPL22,LRRC58,SF3A1,OGT,SUZ12,CSRNP1,JMJD1C
2096,TMEM126B,MPP7,SUGP1,CCNA2,SP140L,DENND1A,SEPHS1,MFSD10
2097,SNX9,CHCHD3,ARMC6,ZC4H2,RNF11,HRAS,ZNF672,PPIP5K2
2098,SNN,PRMT10,HTR3A,FAM53B,MRPL40,SH3D19,COX14,HIST1H2AE
2099,CCDC90B,ICA1L,ZNF106,PEX1,CRYZL1,DAZAP2,ACAT2,MYH9
2100,DDX47,HYPK,C1QTNF6,SLC35B2,FBXL5,ENSA,MIIP,C12orf10
2101,TSPAN14,ANKRD11,TMF1,RGS3,SYVN1,MEPCE,RP4-728D4.2,DBN1
2102,GBP2,SCFD1,CRTAP,THOC5,SLC17A5,KB-431C1.4,OAF,NUCB1
2103,SNUPN,ARID4B,POLE3,MAPK3,GDAP1,GNL3,NUDT18,IREB2
2104,FLII,RBM26,SMARCC1,ZMYM1,ATP5D,NFKBID,TMEM187,UHRF2
2105,ALOX5,CAMK1D,CCDC180,ASNS,TSPAN3,EXOC1,NAGS,TRIM11
2106,ATP11B,SERINC5,C19orf48,HSP90AB1,SGCB,SNHG9,CRYL1,ATP6V0E2
2107,RABEPK,KCTD10,UBR4,ENO2,ARID2,MLXIP,ZNF846,KAT6A
2108,CDC14A,OSBPL3,LRPPRC,RP11-538P18.2,KLHDC7B,DYRK4,TRNAU1AP,RP11-647K16.1
2109,TWF2,STX6,EBAG9,PABPN1,SPICE1,RASA1,AEBP1,DAG1
2110,HIP1,PSMD12,AAAS,RRM2,PSTPIP1,RP11-98I9.4,CBX5,RFX3
2111,PTPRN2,UBTD1,ETFDH,PHKG2,SLC25A11,SSSCA1,PCF11,CLN3-1
2112,MYO5A,GANC,RSPRY1,XPNPEP3,SLC12A2,IL10RB-AS1,DNAL4,RP11-218M22.1
2113,SOS1,UBFD1,CBLL1,TLE1,GNB1L,FGD6,RP11-468E2.5,SIRT3
2114,NSRP1,C1orf213,EMC8,ALKBH2,TNFRSF11A,TIAM1,SURF2,KDELR1
2115,PHF23,APEH,ODF2L,RP11-398K22.12,USP16,ALKBH6,SLC25A19,BNIP3
2116,C12orf73,RP11-1399P15.1,UBR5,IGFBP4,TMEM186,ECHDC2,RALGAPA1,ADSL
2117,CD2AP,OCIAD1,REV3L,INO80C,ATF6,ZNF707,ZNF581,TCF19
2118,METAP1,LPIN1,SPI1,VPS9D1-AS1,DOCK9,AC084018.1,DERL2,UIMC1
2119,SLC16A3,LSM14B,DIS3,SMPD4,DNTTIP2,C14orf1,CCDC106,SLC38A6
2120,TMF1,THAP7-AS1,FN3KRP,HDAC2,NDUFB4,USP33,MAP3K5,DDIT3
2121,C9orf41,TAF9,C1orf122,ECE1,ERICH1,CLCN6,CTB-55O6.12,GMEB1
2122,KIAA0226,ARHGAP26,HMGN1,ZSCAN2,PLXND1,PURB,CAMSAP1,NRIP1
2123,SNW1,METTL14,CXorf56,ANKHD1,TP53BP2,NDUFAF5,PPP6C,SDF4
2124,MAGT1,ILF3,RALGAPA1,POLE4,SKAP2,B4GALT3,USP25,CIAPIN1
2125,NFXL1,LINC01135,SLC4A7,ZNF687,NCR1,MAGOHB,SELL,DCTN1
2126,AC005523.2,MBP,FIBP,CCDC65,MRE11A,FAM110B,RP3-402G11.25,C11orf57
2127,TSC22D2,HMBOX1,CCAR2,TRAPPC2P1,ZMAT4,PARP3,DIP2A,MTHFD2L
2128,SYTL2,CGGBP1,SLC22A18,PIEZO1,LANCL1,DYNLL2,LLGL2,CDKN1B
2129,TMEM69,BOLA1,IER3IP1-1,SMIM13,SLC3A2,TLE3,MARK3,MAN1A1
2130,CCDC22,SLC35F6,DBNL,PTDSS1,SEC23A,UBN2,C19orf66,PSIP1
2131,WDR18,TRMU,FRYL,THOC2,NDUFB8-1,RP1-40E16.12,DYNLT3,FBXL8
2132,PCBD1,NCBP1,ATP11A,APOBEC3H,UBXN7,DTX3L,PRPF40A,TMEM127
2133,RECQL,MARK4,MIER1,RAB4B,TMEM214,LNPEP,LHFPL2,ZNF414
2134,C1orf63,RPRD1A,BDH2,PDCD10,CDON,DNAJB2,HUWE1,ZG16B
2135,RANBP6,ZNRF1,RP4-798A10.4,TOB2,RP11-106M3.3,IKZF5,XPR1,GPD1L
2136,CISD3,C22orf39,TMED1,TSPAN17,CDKN2D,CDKL3,MAML3,LPAR5
2137,ITFG2,GOSR1,TMEM182,ODF3B,APOL6,SYNCRIP,RP11-611E13.2,PFDN2
2138,RDH5,CXorf21,AKAP1,KIAA1919,RHOBTB3,SPECC1,FADS3,LIPT2
2139,PRKAB2,CD164,CHAC2,CYSTM1,COPG1,FBXO34,NUTM2A-AS1,TMEM68
2140,CTD-2336O2.1,BAZ2B,RAB3GAP1,POLR2D,RASSF5,GPR75-ASB3,GAK,DUSP10
2141,STK32C,ASB7,BEX2,VPS13C,NOL12,RFWD3,EFHC1,SCRN3
2142,PSAP,SPATC1L,NUBP1,EIF4G1,ZBTB2,SYK,TBC1D31,PI16
2143,DDX54,INO80E,STAG2,AGER,PAPSS1,IGFBP6,GRSF1,SCARB2
2144,ATP2A3,NRBP2,RRM1,RABGAP1L,NUP62,RBM39,YIPF1,CCDC92
2145,SMC2,CLINT1,CTU1,LRBA,CCDC71,NDFIP1,VPS13C,LACTB
2146,RAB2B,RCBTB2,ZNF232,TRIM28,CDC34,SLC1A4,WDR74,UCHL3
2147,RABL2B,CD83,GSTCD,FAM105A,GLE1,QRICH1,MTM1,RAB38
2148,ITPR3,POGZ,EFCAB11,RFC2,SLC39A3,EMC9,UBXN1,FLII
2149,FKBP11,TXNDC15,CYB561A3,RGS16,CD2AP,PCSK7,DDX23,ZNF622
2150,ATL2,COPA,YIPF5,CREBRF,KIAA1033,KPNA2,ZNF600,RBM4B
2151,MLLT10,SPATA2,LRRC41,LRRC14,CPSF1,SIGMAR1,VPS13D,SPRYD3
2152,CYP4V2,CDKAL1,DUS3L,TOPORS-AS1,FUNDC1,EID3,FBRS,RFK
2153,ABHD16A,ATOX1,CUL4A,LETM2,RPP30,PKD1,CD83,TMEM116
2154,BCAP29,BUD13,DDX50,NFE2L1,SYNJ2BP,TMEM106B,ERLIN2,ANKRD49
2155,LIAS,FKBP15,IMP4,MBD4,UTP14A,ZNF460,C11orf54,PCED1A
2156,GCHFR,HSPA14,SNN,ARAF,FNBP4,CXXC5,MED8,MID1IP1
2157,XRCC4,ARFGAP2,FAM222B,SARDH,CDC25B,XRCC6BP1,CCDC71,MAST4
2158,ZNF628,DNAJC17,EXOG,RP4-612B15.3,ERCC1,TIMM44,HAUS3,NBAS
2159,DPH3,RP5-1073O3.7,NSUN5,B3GAT3,VPS33B,NBEAL2,CENPH,HSDL1
2160,TNRC6A,PEX11G,TMEM161B-AS1,C4orf48,LINC00910,THOC5,PPWD1,GNG5
2161,H2AFY2,CHAMP1,MPPE1,ZNF501,OGFRL1,TPRG1-AS1,MGAT2,LILRB2
2162,PIBF1,DCAF11,KCNAB2,SPTLC2,SLC35E3,DNMT3A,EHD3,PITPNC1
2163,PREX1,GTPBP1,EIF4G1,ZNF584,RBM42,GYG1,FYTTD1,NCOR2
2164,VTI1B,TSPAN31,PPIE,FAM135A,ARSD,ZDHHC12,PIAS1,LENG8
2165,RALGDS,RP11-468E2.5,FNTA,HDLBP,MTERFD1,CWC22,MYPOP,LAMP2
2166,ZKSCAN1,ZNF185,MRM1,RAP1B,RBM18,OTUD7A,TRIM39,SLAIN2
2167,FAM117A,RP11-63P12.6,NOC2L,SMCO4,DGCR14,CXCL9,USP32,TRPV2
2168,IGHMBP2,MAP2K5,INTS1,RP11-385F7.1,LSMD1,CKAP4,CDH23,SYPL1
2169,PYROXD1,PPAPDC1B,DUS2,UBE2S,AC091729.9,RP5-1057J7.6,TMEM38B,RPP25L
2170,HAVCR2,MEAF6,SEMA4D,PDCD5,KLHL42,SEC31A,SEH1L,C18orf32
2171,ZNF260,CHTF18,CTD-3185P2.1,FAM175A,NEDD9,EFCAB4A,HNRNPK,BSCL2
2172,ARL6,ITPA,GNG3,AGPAT9,GLIPR1,RPL38,PEA15,AC093673.5
2173,ZNF618,TBC1D2B,CDK2AP1,ESPN,LSM10,NMRAL1,UBA2,RP1-39G22.7
2174,CD36,PATL1,RNF214,ELL,ACSL6,HSPA1A,CARD8,CDIPT
2175,REM2,C14orf142,AFTPH,IPO9,C1GALT1,GNAQ,PXK,TREX1
2176,TRIM4,CCNY,C19orf73,AFF3,BFSP1,IQCH-AS1,CNOT3,MRPL32
2177,TAOK3,GTF3C3,MTERFD2,DDX43,MED19,REC8,GPR84,SMARCA2
2178,DUSP5,ZNF43,C11orf83,DENND6A,COL4A3BP,TP53INP2,C15orf48,RP11-773D16.1
2179,OASL,ACOX3,HAUS8,RSRC1,CAMK4,ZNF688,USP10,POLE4
2180,CASP6,CABLES2,BRD2,TMED5,AATF,TMEM150A,CCDC28A,CTD-2541M15.1
2181,CD58,HPSE,GDAP2,CEP85L,MAGED2,EFNA3,PMEPA1,GPR137
2182,ALS2,PTER,DENND5B,RPP38,TUBG1,PPM1F,IDH3B,SDCBP2
2183,HMOX1,SARNP,FBXO18,AKAP13,ACOX3,PDE8A,LZTFL1,SORT1
2184,ELMOD3,MRPL27,TM7SF3,MOSPD1,NME1-NME2,ABCD4,ZYX,TMEM115
2185,BTG2,ZNF131,HUWE1,POMGNT1,PPP3R1,MTHFR,CCDC152,COA1
2186,SEC31B,GTF2H2,SH2D1B,SARS,PKNOX1,YIPF3,COA1,RP4-781K5.2
2187,PRKCSH,CHSY1,TTYH3,VOPP1,YBEY,FIBCD1,IL10RA,OGFOD2
2188,HMGN5,HMGXB4,PDE4DIP,EAF1-AS1,ALDH3A2,HIPK1,FNTA,LRRC23
2189,DNAH1,NUDT5,C5orf45,SAV1,FCRL3,RRM2B,POLR2F,UNC45A
2190,STRIP1,LRPPRC,RP11-423O2.5,PRPF31,C16orf45,CYSLTR2,PTPN1,ACTR3B
2191,ALG10,IKZF1,PTER,PPP1R3E,EEF1B2,C12orf39,FAM129A,ZCCHC2
2192,MCM6,ABCF2,PLCG2,TXNRD1,TMEM140,GADD45B,MCUR1,NUDT16
2193,CDK5,PARP12,ZNF622,RP11-197P3.4,GTPBP6,UTRN,FDXACB1,TSPAN13
2194,R3HCC1L,PHF20L1,HERC4,ZFP1,ALG1,KLHDC7B,LRRK1,LY6G5B
2195,INTS8,NABP2,CASC4,SPOP,FOXJ3,KLHL8,ELK4,MAP1A
2196,AC020571.3,USP13,ENDOD1,BSDC1,IRAK1,SHARPIN,COLGALT1,CAAP1
2197,SLC39A14,OSGIN2,ITPKB,BBS10,TMEM57,RP2,ARMC2,THBS1
2198,EGFL7,TWF1,OAS1,ACSL1,ZCCHC6,ESCO1,CCDC132,LRR1
2199,AIG1,NEK8,DUSP16,ZNF197,KIFC2,FAM134C,ENTPD4,PA2G4
2200,UNC13D,NFIL3,ZNF318,METTL12,PPM1G,MGLL,ARL2,EIF4E
2201,GSPT2,CPNE8,FAM134A,NMD3,C17orf80,ETS2,C11orf49,TMEM104
2202,TANGO6,ILK,TTC13,SLC35C2,WWOX,ZBTB38,TWF1,JAM3
2203,HELB,PPM1L,C1orf174,C5orf63,CIZ1,ENTPD1-AS1,PHB2,KCTD18
2204,VPS39,PPCS,FAM126B,EIF3J,PDCD6IP,SKIV2L,FLVCR1,YIPF2
2205,LAMP1,GBA2,SART1,MAP9,ATPAF1,CCDC77,GMPR2,MAP4K1
2206,SMCHD1,EGLN1,SLC35E3,SARS2,DTHD1,LINC00649,DGKD,ALPK1
2207,QSOX1,MSMO1,RP11-661A12.7,CRK,RP5-827C21.4,MPPE1,GPR107,POLD4
2208,HIST1H1E,TNFRSF14,MRPL44,RFESD,PLEKHJ1,PTPLAD2,RAD54L2,MCF2L
2209,RNF139-AS1,TLR2,PAAF1,TAF6L,MTPN,PRR12,STAT2,VCL
2210,PYHIN1,TM6SF1,PEA15,AGAP6,PRDM1,ZNF568,EIF4H,ARHGEF40
2211,ZNF568,OSM,ITFG2,PCMTD1,SETBP1,FAM63B,DTD1,HOMER2
2212,SFT2D2,SLC39A10,C7orf60,LL22NC03-75H12.2,HDAC5,CPSF2,COX6C,SSBP2
2213,CDYL,LIN7B,CEP164,TESK1,MAF,ZFYVE1,SLC52A2,GSTM4
2214,TTBK2,DNAH1,UBTF,ILVBL,C17orf62,CD38,MOB4,TSPYL4
2215,NASP,TRAF3,FAM122A,RNF220,SH3BP2,RP11-109G23.3,MINA,AC093818.1
2216,LASP1,SACM1L,NAPRT1,RP11-539L10.2,ATF1,AATF,RPS6KA3,SLC38A2
2217,C3orf62,API5,DENND4B,RPTOR,IFI35,NUDT7,STX3,EYA3
2218,TM2D1,DPP8,CAPN12,RP11-89K11.1,KLF4,WASF2,FBLN2,POLR2A
2219,TNF,RP11-410L14.2,SMG9,IRS2,ERCC8,U91328.19,NCOA7,DNAJB2
2220,EIF3J-AS1,PRRT2,YTHDC2,APEH,MTMR12,MRPL39,SAP18,PTCH1
2221,MDH1,IQSEC1,ARAP1,RP11-611L7.1,ARHGAP26,ZMYM5,RPGR,PRMT2
2222,KIAA1147,PCGF3,PIK3C3,RIC8A,CDYL,G2E3,LRMP,AK1
2223,BOLA3,LTB4R,RTCA,PROSC,PRADC1,RP11-802E16.3,MAFG,DPY19L1
2224,PEF1,TTC39B,MCOLN2,AP001816.1,LAIR2,MITF,ASPHD2,C1orf52
2225,KIAA1109,UAP1L1,RFTN1,RP11-395G23.3,GTF2H5,AP003733.1,NFE2L2,SERINC3
2226,SLC25A46,PNP,ING3,CECR1,MRTO4,NUP153,RUVBL2,SLC39A4
2227,PIH1D1,SEC63,TMPO-AS1,ZSCAN18,FAM168A,ZRSR1,ECHDC2,USP21
2228,CAMK4,NBPF14,MYLPF,MFNG,IVD,CCNC,MOB3A,PCK2
2229,RP11-820I16.4,RFC1,ACD,UPF3A,UBE3A,ELAVL1,CHCHD5,GALM
2230,CLCN7,ZNF207,METTL20,HRSP12,URI1,IFIH1,TANGO2,KANSL1-AS1
2231,PRR14,AURKAIP1,VBP1,RP11-302B13.5,C6orf229,TMEM138,MSL3,SFT2D1
2232,FAAH2,WDYHV1,FKBP4,SHFM1,GPX4,BCOR,ARCN1,SMAP2
2233,BABAM1,THUMPD1,PHLPP2,FRAT1,WRAP53,BCAT2,SNRNP27,C9orf3
2234,DPEP2,MRPS18A,PLEKHJ1,LRRC8B,ACYP2,URI1,CEPT1,MEIS1
2235,RRP12,PIAS4,ZNF7,ASNSD1,NDUFAB1,BIN2,FAM177A1,SIDT1
2236,MCOLN1,BCL11A,AC013264.2,LCP2,MT-ND4L,PPP1R21,ATP6AP1,MSRB3
2237,ATF7IP2,PTBP2,UNC50,PPIL4,CYP27A1,PIF1,NME2,SLC30A5
2238,PLCD1,TMX2,CTD-2037K23.2,SNX30,ACD,ZFP69,RLTPR,TM6SF1
2239,MX1,ZNF493,PHF21A,WDR92,PROSER1,CASP10,TMEM159,EMC8
2240,AP2A1,GIMAP8,ZFAND1,COMMD2,ETS1,TEX10,VPS72,AC004069.2
2241,AC083843.2,CASP2,DCAF15,CPNE3,HMOX2,TBCA,CHTOP,CDR2
2242,USP53,LINC00998,PDPR,NPLOC4,R3HDM2,MTA2,RNF113A,HIST1H2AM
2243,SNTA1,SSBP1,TP73-AS1,CRYL1,SCO1,PRDM1,ANKRD17,IFI16
2244,YWHAQ,MRPS23,RP11-317N8.5,TPCN2,PHTF2,ZNF337-AS1,ASF1A,MARCH6
2245,ZNF701,C17orf80,KIAA0355,ADCY7,AZI2,RBBP8,LRRC8B,PDGFC
2246,TP53BP1,DLGAP4,LIMD1,SERTAD1,FEZ1,DEAF1,MRP63,NUB1
2247,GFOD2,CSTF1,PTTG1,ADA,IL18R1,NOL9,SSRP1,CPVL
2248,STAT5B,THUMPD3,CLK3,C1orf86,CCDC77,CCNT1,SSFA2,ACCS
2249,LONP1,YLPM1,FAM73B,NDUFAF5,HIRA,TATDN2,CEP170,AC145212.1
2250,SAP130,JMJD4,SLC25A45,FAH,TTC31,ADRBK2,MYO19,ABHD2
2251,GOLGA1,DDX49,NFKBIB,CUTC,POMT1,UQCC1,COX19,CDK2
2252,HPS5,EPB41,ARL6IP6,UBASH3A,MPST,TRAF5,ARL8B,PLEKHB2
2253,C20orf112,SNX1,DNAJC2,CCS,TMEM5,TCEAL8,MGAT4B,SLC9A1
2254,SLC36A4,HSD17B14,NPIPB11,HEBP2,XRRA1,CMTM2,CDK4,ACO1
2255,DYRK2,TRIM11,IARS2,RP11-138I1.4,MXD1,CLN8,FUS,STX7
2256,ARFIP2,MACF1,NAALADL1,TTC7A,PPAN,MKRN2,SIRPB1,AIG1
2257,FNIP2,TBC1D17,TAF15,SIRT7,KHSRP,ZNF839,C1orf54,SRSF2
2258,CDK10,CBWD6,LDB1,AGPAT4,TMEM216,ATF7IP,CIC,CDK2AP2
2259,USP48,RBM4B,WDR70,VPS11,ARMC8,ZNF783,RNF166,RASSF1
2260,TMA16,AMICA1,CA5B,CLU,ZNF12,GGA2,UPF3B,PLEKHJ1
2261,CCDC104,MED1,PRR5,SLMAP,UBA3,NOL8,HIVEP3,ZHX1-C8ORF76
2262,DYRK1A,PSMC3,NSUN4,TSHZ2,RBM5,COPS7B,NBPF12,EXOSC4
2263,PPP4R1,RNF10,TBCD,YIPF2,PLCL2,STEAP3,COMTD1,PSMG3
2264,C2orf42,NUDT3,CHD7,HMGN4,DMXL1,NDUFV1,N4BP3,ASRGL1
2265,DUS1L,MEF2BNB,MRPL54,C2CD2L,TSR3,SOGA1,PPIF,RAB30
2266,PCNXL2,GSTM2,UBE2W,NFKBIE,NDUFAF2,MRAS,SYAP1,GNL3L
2267,L3MBTL3,KIF13A,TREML2,IRF2BP1,MARCH9,ITPA,STX11,HLA-B
2268,ROMO1,NAA35,SETBP1,ZFP64,PRKRA,ECE1,RFXANK,NAGK
2269,RASD1,TMEM99,CTA-384D8.34,UNC119,PLCG2,DYNC1LI2,AMPD2,PRPSAP1
2270,DNMT3A,MPZL1,BRCC3,PDPK1,GTPBP10,RP11-277B15.3,TBCE,RAB7A
2271,KRI1,COX16,ZNF281,PLEKHA7,ST6GALNAC2,PAN3,FAM20C,CTB-55O6.12
2272,SBNO2,IRF4,OCIAD1,KRAS,IDI1,C7orf55-LUC7L2,POC1B,ARFGEF2
2273,SETD2,FAM168A,C6orf120,PDE5A,EBAG9,RP11-353N4.4,SAE1,TCP11L2
2274,MIER2,LGALS8,USP40,YEATS2,MVD,AC093818.1,TMEM214,ARMC5
2275,ZNF737,RFC2,VAMP5,ZNF527,RNF216,EFTUD1,DEK,RMND5A
2276,CCDC122,TANC2,ARID2,PDXK,RGL4,ZFAND6,ASCC3,SDHA
2277,TLR1,GFOD2,ADAM8,DARS2,SAP18,CBWD5,FAM32A,TMOD3
2278,PCIF1,SIK2,NUDT18,CLPTM1,PNRC2-1,NEK6,TEN1,NPLOC4
2279,RP11-23P13.6,MKL2,PUS3,STPG1,PDE6G,RAD51C,A1BG,FKBP2
2280,COPS4,ALDH6A1,REPIN1,NUDT18,CTC-524C5.2,NDST2,UBALD2,UQCRC2
2281,CENPC,TDP1,RP11-115C21.2,AGFG2,ASCC3,KMT2C,UBE2V2,FAM105A
2282,AC093673.5,ATPAF2,MPND,NUPL1,TARSL2,SLC10A3,RP11-140K17.3,HPGD
2283,NBPF10,PLK2,TBC1D24,PCCB,IFT80,AGPAT4,MYO1C,KLHL28
2284,ETAA1,CCR10,ZNF480,STAT4,AP1M1,RP11-427H3.3,SMCO4,BHLHE40
2285,S100A4,RBFA,STX12,PSMC1,ZMAT3,SYNE3,RP11-499P20.2,MTMR10
2286,RP11-798M19.6,ATXN2L,CDCA4,MPHOSPH9,GPBP1L1,NDRG1,FAM211A,SH3GL1
2287,DXO,ZNF563,SLC25A26,JMJD4,MCFD2,WDR74,BCL2L12,TSPAN14
2288,C22orf46,CHD1L,SUPT7L,SLC37A3,MAP3K5,ABHD16A,CD59,TBCK
2289,LMF2,TACC3,ZNF43,TIMM17B,TSPAN2,CCDC117,KIAA0907,ATF2
2290,ECI2,RNF144B,STAG3,DUSP7,ITPRIP,NUDT4,SH2B1,PLAGL2
2291,PIAS4,CDC37L1,ANKRD52,TAPT1-AS1,MTHFD2L,LINC00984,PBRM1,CREB1
2292,BLCAP,PGAM1,SSR2,PRPF3,C1GALT1C1,SEC22C,AK3,SAP18
2293,RP11-611E13.2,LINC00657,TBL3,NSD1,SP4,PCK2,RABGAP1L,MOAP1
2294,FBXO42,VARS,MIR4458HG,N4BP1,PLEKHG3,CHCHD2,TOMM34,PASK
2295,GPAT2,ZNF777,TLR1,LETM1,TM7SF3,NPL,UTY,TRRAP
2296,PAFAH1B2,CRYL1,ZNF296,DAZAP2,PHLPP1,PSMB7,WDR18,PRCC
2297,CYFIP1,EIF3J,HSPB11,RASSF1,GRIK4,CCM2,TBP,CEACAM3
2298,ZFP90,CREG1,AP001055.6,MYCBPAP,RP11-489E7.4,C19orf73,RNF115,ACOT13
2299,NGFRAP1,RAB3A,SMIM15,ENOPH1,NABP1,PKIB,TMEM208,KCNE3
2300,LINC01136,CENPP,NAA15,RAB39B,HIPK2,SPINT2,VIPR1,RARG
2301,ANKRD13C,RRP8,PLEKHM2,RLIM,SCD5,FUCA1,KRR1,RAB13
2302,CAMK2G,NDOR1,ZNF273,IGFBP3,MPHOSPH9,POLD3,GNB1L,AUP1
2303,FLOT2,NLRP12,PARP9,SERINC3,ZNF641,DBR1,S100A5,CASP8
2304,FMN1,AC073283.7,YKT6,RPS27L,AGK,TGFBR2,CLK4,SETD5-AS1
2305,COMMD8,ADAT2,NFKBID,UBE4B,CLPP,USE1,PRPSAP1,LSM14A
2306,FAAH,CNOT11,CDC16,DCK,POMGNT2,PRKCE,TTC24,ADRM1
2307,BNIP3,C11orf48,HNMT,MAFK,CANT1,ADAM10,FAM179B,JTB
2308,VPS4A,IRAK1,CCDC65,LZTR1,RP11-309G3.3,RCC2,UBE2L6,CD63
2309,MT-ND6,MAP3K6,PRKDC,EDC4,HIP1R,RP11-119B16.2,BRI3,RNF34
2310,LOH12CR1,CCNA2,TP53RK,MIB1,SIRT5,C19orf12,NRP2,NAE1
2311,TFEB,FBXO21,REV1,SPAST,C14orf119,PCMTD2,FIZ1,B4GALT1
2312,INPPL1,SMARCC1,FAM110A,SLC25A26,SEC24B,IQGAP2,MED14,FAR1
2313,PTPN18,ARRDC4,RFFL,ALG6,STX11,TRPC4AP,M6PR,ST7L
2314,SNURF,CCNL1,TRMT112,hsa-mir-8072,NUDT2,LMBR1L,MOB1B,RP11-1094M14.11
2315,DUSP18,WDR86,BZRAP1-AS1,AC016629.8,HELQ,RCN1,C7orf55-LUC7L2,MRPS24
2316,ARHGAP25,TCP11L2,ZNF418,AC006369.2,METRNL,RECK,OAZ2,CREM
2317,LINC00944,GLYCTK,CCDC127,C8orf33,FBXO22,AP3S2,HSPA13,CHTOP
2318,INTS1,TRPM4,CROCCP2,METTL1,PARN,PDXK,ATP6V1D,CENPP
2319,UBE2E3,CDK8,LIN7C,GTF3C6,PDCD4-AS1,CNP,TGDS,DNASE1L1
2320,ING5,WDR61,RP11-498P14.5,ERCC8,TIMM9,EEA1,ATL2,RP11-94L15.2
2321,RELB,HIST1H4C,USP27X,METTL3,ROMO1,PIGV,ACER3,ATL3
2322,TMEM39B,HIC2,ABHD5,JHDM1D-AS1,ADPRHL2,PDS5B,FAH,UBE2C
2323,ENDOV,TOR1A,CD70,C5AR1,APOBEC3G,SEC16A,AAGAB,STARD4
2324,PFAS,TMEM164,DIMT1,HSDL1,ALG11,POLR2M,ZNF74,WDR11-AS1
2325,TAF10,SMG6,ZNF41,ZC3H11A,ZNF330,INPP4B,NIT1,IL17RA
2326,TACC1,RP11-81H14.2,RALA,MOB3A,SLC35B4,AARSD1,USP38,CALD1
2327,ZNF780B,P2RY8,ANGEL2,ASAH2B,CSGALNACT2,ANAPC1,CPEB4,PAPOLA
2328,GPI,B4GALT4,TBC1D2B,AC004951.6,IPO11,KLHDC2,AD000090.2,KMT2D
2329,RIPK3,TCEANC2,RGS19,RAB6B,CREBZF,HNRNPL,CPED1,COPZ1
2330,SAYSD1,CES4A,ASCC1,NUMBL,PDGFB,FBXO28,PSMB7,CMTR1
2331,EMP3,RP11-463J10.3,CAB39L,RNASEH1,TP53TG1,ACOT2,SPRED1,TBC1D25
2332,PRIM2,RSL1D1,IMMP2L,CLCN6,STAT3,ATG4A,JOSD2,KLHL22
2333,CFDP1,XKR6,MARCH3,GMFB,TRIM52,ACAT2,CCDC59,AGPAT2
2334,PRUNE,ZYG11B,KCTD6,MYO6,FAHD2A,SCGB1C1,ARRB2,UNC119
2335,LRRC27,RAB35,GRSF1,LENG9,A1BG,SLC26A6,TRAPPC4,DCTD
2336,C5orf30,CTDSP1,TMEM223,IFT27,CHAC2,DCP1A,AIM1,NDUFV1
2337,ZNF791,RMND5B,IFRD2,BECN1,BAG5,NCOA2,MYO9A,SIGLEC10
2338,FLVCR1-AS1,KIAA0232,UBA1,RP11-94L15.2,TUBGCP2,VPS25,RPP38,BUD31
2339,TRIM21,TMEM127,FXR1,MSRB1,ACAT1,GFM1,MAN1B1,MEG3
2340,CREBL2,RP11-83A24.2,ZBTB24,CD28,SLC30A1,HMGN3-AS1,RNF187,TBC1D13
2341,LIG1,DPYSL2,DNM3,TMED4,ATOX1,RP11-455F5.5,GTSF1,CDS2
2342,MCM3,EFCAB2,OARD1,AKT3,B3GAT1,SIN3A,SLC22A18,TMEM14C
2343,C11orf31,HSD11B1L,CCDC93,PRR24,PARP4,HEATR3,HNRNPU,EMC4
2344,RAF1,OPA1,NUDT14,NKRF,MEMO1,NEK4,MDM2,EBLN2
2345,TBCK,PGM1,GNPDA1,HIST1H2BD,DDX1,BCL2L13,TXNDC5,LASP1
2346,APIP,ALKBH2,SERP1,GSTK1,SCAF4,U2AF2,SEZ6L,PNKD
2347,MED19,MRPS14,C21orf49,MPG,LRRCC1,CCDC41,GLTP,GPR65
2348,RNF135,FAM192A,PARP2,ATG16L1,SMU1,CDC42SE1,ZRANB2,NCSTN
2349,DAPK2,DPYD,LRRK2,TMEM245,SMYD2,DFFA,CD4,LILRA6
2350,WDR61,GPR141,DDX60,PARN,ANAPC5,MAN2A1,TAF1C,CETP
2351,ERCC3,TXNDC11,KIF22,PLD2,PEX14,TMX3,IL18BP,RBBP7
2352,RAB5B,TLR5,WASF2,MAP6D1,POLR2M,WDR83,SEC23B,ARRDC1
2353,RP11-127B20.3,RP11-1299A16.3,SCARB2,PTPRA,SPATA20,RNF4,RBM26,C18orf8
2354,NT5E,EIF2AK2,TMPRSS11E,DDX49,EPS8L1,HAPLN3,PPP3R1,OSER1-AS1
2355,DPH7,CTD-3088G3.8,AC012358.8,N6AMT2,PUS7L,ZNF575,KIAA0226,ECH1
2356,EXOSC1,IL1RAP,PATL1,FECH,RSBN1,B9D2,MED10,ITGAL
2357,SLC9B2,EXOC4,ATG4C,CARS2,KBTBD7,NOTCH2,HMGXB4,CANT1
2358,CLEC16A,ABAT,SNAI3-AS1,YAF2,CCDC43,B3GALT6,WDR20,COX17
2359,FAM98B,ANKDD1A,KHDRBS1,SLAMF7,C15orf40,CACUL1,TSR1,PARVG
2360,ZNF148,RERE,TANGO6,JADE1,FKBP4,GABARAPL1,NPIPB11,NOMO1
2361,PTPLAD2,AC131097.3,FAM86A,RPPH1,GOLGA3,ARSA,FANCF,G6PD
2362,C19orf55,TMBIM4-1,SPOP,ING3,POLR2J3,TRIM21,PRDX6,RNF2
2363,TOMM70A,TOE1,PCCB,CHGB,HOMEZ,RHOG,ATF6B,MIF4GD
2364,SPTBN1,VASH1,ESF1,DNAJC19,FXR1,ZZZ3,TUT1,LYRM4
2365,DYNLL2,CPQ,NDUFA7-1,SLC25A53,SRFBP1,CDK16,NSRP1,FN3KRP
2366,PARK7,PKP4,WBP1L,ZNF500,PTPN12,NEDD1,B9D2,C7orf55-LUC7L2
2367,DDX60,XXbac-BPG299F13.17,ZDHHC1,MIOS,STAP1,FYN,ABI1,FBRS
2368,SLC6A6,TMEM184B,TRA2B,CXorf24,FAM102B,RALGAPB,ELAC1,RCOR3
2369,RHOH,MFF,TMEM41A,CIPC,SETD3,C9orf72,C19orf25,ORMDL3
2370,MIAT,KIF16B,HLA-DOA,EFR3A,DNASE1,ALG3,GANAB,ATP5J
2371,PPP1R16A,SRF,ENOPH1,SCNM1,WDR55,SLC35A5,GIPC1,MAP1LC3B2
2372,GDI1,ANG,CCDC174,CAMKK2,MTMR10,SYNE1,CCDC112,SDR39U1
2373,COPZ1,DENND4B,MIER3,SBK1,AMPD3,PSEN1,MAT2A,NAP1L4
2374,BEX5,HIST2H2AC,ZNF701,SMAD3,COPS7B,KB-1507C5.4,TTC1,C8orf76
2375,CACNA1C-AS2,RABEP2,EGR1,ELK3,MMP23B,WDR45,SLMAP,ATP13A1
2376,MRPL46,SETD2,C1orf131,ZSCAN32,SCAND1,FAM114A2,ZBTB41,USP20
2377,YLPM1,CDADC1,MTIF2,TP53RK,RAB11B-AS1,CTC1,GNB4,STX4
2378,MYO9B,NAA30,ANKRD17,RPL26L1,MKKS,CLCN5,KIAA1143,CEACAM21
2379,DCP1B,ATG4D,RINL,ZNF266,PIK3AP1,MRPS28,CHD7,ACYP2
2380,ZBTB41,GGCX,DYNC1LI1,INIP,MVP,SDCCAG8,NTPCR,CD36
2381,MCTP2,FLAD1,ATP1A3,COX5A,LAT,FAM199X,TBC1D7,CHURC1
2382,ATG4C,BECN1,RBL1,AP000692.10,BACH2,ADAM17,ZNF331,ATP6V1D
2383,PODXL2,CA13,PLCE1,RNF217,FAM134C,DOCK11,AC010883.5,PIGC
2384,GABPA,PDE4A,PLOD3,TRIQK,POLD4,SYTL3,FAM174A,EML3
2385,FAR1,SNHG7,POLR1D,PTPLB,NEDD1,ASB6,DENND1A,XRN2
2386,PHIP,TSC22D2,C12orf76,PDE12,ZNF775,TTC14,CSTF2T,TBCC
2387,CCDC167,PLEKHA8,EIF5,TARSL2,CACYBP,ATXN3,CRIP3,TTC7A
2388,C11orf30,ACER3,SLC7A7,CHCHD6,CPSF4,MFAP1,IFT27,ANKRD13A
2389,NIT1,DNMBP,PHKA2,SLC2A1,SH3BP1,RP11-611L7.1,SF3B4,CCND2
2390,MZF1,U2SURP,SSR3,TBC1D9B,KRTCAP3,RP11-403I13.8,CNOT1,DTYMK
2391,ERCC6L2,RFESD,FARS2,XXcos-LUCA11.4,TRIP11,MCCC2,RAB7A,SUCLG2
2392,CLEC17A,BAG4,DHX30,NUTM2A-AS1,EIF4EBP2,JTB,POLR2A,IFI27L2
2393,UBA1,AKNA,PDZD11,CDK5RAP1,METTL23,SOWAHD,HSF1,STK3
2394,NAPA,LINC00909,LPP,NDUFS4,ZNF317,SRPR,PIN4,HS1BP3
2395,COX7B,SLC12A6,LYPLA2,NUP85,ATP6V1H,MPHOSPH8,LINC00528,ENSA
2396,GAK,RBM12,GCAT,MVK,ARV1,CDC73,NUP214,TCTA
2397,RAB14,IQSEC2,MEF2A,CDR2,UBA1,LARP4B,SRPRB,GUCY1A3
2398,ERF,DGKA,NADSYN1,ZBP1,BLCAP,WDFY1,PDE6D,CDC5L
2399,CUTA,DOCK2,TRAPPC4,NSUN4,TRIM33,CHRAC1,PHF11,FIS1
2400,ITPK1,COQ10B,PPP5C,ABI2,SERPINB9,ZNF280D,ACN9,MEF2C
2401,NEDD1,NMNAT3,DALRD3,PEBP1,SCO2,ZNF12,ACSS2,IQGAP1
2402,LRRC58,DDX60,TRIM23,FAM58A,RSF1,TMEM63A,BAX,RNF216
2403,UTP14A,PPOX,G2E3,CD70,RFXAP,MFSD2B,ZNF251,TOB1
2404,TXNDC9,NIF3L1,DESI1,PIFO,ABCA2,PSMD13,KB-431C1.4,GSTP1
2405,SH2B1,EVA1B,SETD2,TRMT2B,EOGT,FGFBP2,PIP5K1C,SOS1
2406,TTPAL,RARRES3,FASTKD2,POLR2J,MZT1,RP11-849F2.7,COMMD7,ETS2
2407,FAM160A2,TFRC,GSPT1,AC131056.3,SPDYA,CHN1,LRRC41,PTPN2
2408,ABL1,COX18,STRADB,C17orf58,NDUFAF3,RP11-820I16.4,ZNF395,SEP15
2409,OTUD6B,TIGD1,MRPS30,KIAA1841,CCNL1,CAMSAP2,ATG4D,ITGAX
2410,TUBB4B,TFEC,ALG12,SPCS3,EBNA1BP2,ZNF614,COQ3,PEX16
2411,CD84,MBIP,DTX3L,RAP2C,CUL1,SIK3,TIAL1,AP1M1
2412,SLC27A3,GRWD1,AAR2,FAM174A,TGFBR2,ENG,PROCR,RICTOR
2413,NR2F6,PCNX,SLC2A1,ZNF410,GIGYF2,TOMM34,KLF8,VAPB
2414,DDI2,FAM219A,ANKRD32,DIS3L,PRKAR2A,C10orf76,RP9,ARRDC3
2415,TMEM116,CCDC57,FAM120AOS,POM121,DNASE1L1,PRKCA,ADCK2,LCMT1
2416,NUP214,CPT1A,RRP8,C15orf41,AP5M1,TNFSF13,ATG4B,GSAP
2417,TNRC6B,FAM91A1,VAPB,MAN1A1,TIMP1,PRIM2,UTP15,LYPLA1
2418,TYSND1,hsa-mir-1199,CDK10,DMKN,ZNF268,HSD17B7,XRN1,CEBPA
2419,NFATC2IP,USF2,RWDD2A,SUSD4,AKR1A1,ITGA3,HPS5,C3orf38
2420,CMTR1,SLC16A3,CEP70,VAMP4,CCDC97,MFSD7,PLEKHB2,CLEC4A
2421,ZHX2,PPP1R3F,SELK,RP11-152N13.5,SIAH2,GPATCH2L,CCDC25,TMUB1
2422,ZFAND1,FBXL20,COQ2,ADARB1,IFT122,MFSD5,CD1E,SCYL2
2423,HIP1R,RNF170,PRKAG2-AS1,SCPEP1,TTC27,EXOSC9,EXOSC5,MATR3
2424,SPERT,FBRSL1,CUX1,CEP250,GINM1,BAZ1B,TMEM150A,TRA2A
2425,NFYC,GNAI1,FANCE,PRKAR2A,MTHFR,ERICH1,DBN1,UCHL5
2426,SS18L2,SCAMP2,FAM126A,ZNF287,KIAA0247,ERLIN2,TNNT1,MTG1
2427,F12,SRP54,CIAO1,FAM169A,TYMS,RGS14,MAP2K2,C19orf66
2428,CDC5L,ILF2,CCT2,ABHD17B,EPHX2,UBALD1,KATNA1,JARID2
2429,MLLT3,EMC6,NFAT5,STAU2,LDB1,BRCC3,LINC00324,RPIA
2430,HNRNPU-AS1,RP11-727F15.9,ARMC7,DRG2,ARFRP1,GOSR2,SIRPA,BCCIP
2431,HDAC5,NDUFA13,CIB1,GRINA,FAM46A,ANKRD44,RBM23,PILRA
2432,TBL1X,POMK,PRDM2,WDR13,DCAF13,CHIC1,TMEM106A,HSD17B12
2433,DKC1,UTP20,FAM199X,NDUFAF7,OAS2,DCAF8,FLOT2,AZI2
2434,C16orf80,LAT2,FAM185A,FUCA2,ANAPC7,SESTD1,PTK2B,USP14
2435,TMEM168,PPP3CA,RDH5,HDAC8,ATP6V0B,MXD1,C6orf47,URM1
2436,FAM168A,MPI,LRRC8D,ACADSB,YWHAG,ARMCX4,FAM122A,C6orf136
2437,FAM84B,GSE1,MAP2K7,AP000442.1,UBE2R2,PDS5A,EIF1AX,IFNGR2
2438,SLC11A2,MDM4,FAM19A1,RTF1,PIK3R5,RNASEH2B,UTP18,HDAC10
2439,PSME4,C12orf4,CCDC66,FHL3,PEX16,AKAP17A,ZNF419,PMF1
2440,SDR42E1,FLJ27365,FIGNL1,NUBP1,IL10RB,ADCK4,ROGDI,WDR26
2441,AMBRA1,TMEM185A,DTX2,TMEM187,ZMIZ1,APOM,ST3GAL6,GTF2F1
2442,INO80B,DHX57,FIP1L1,GSTZ1,GPAA1,RP11-5C23.1,OGDH,PPP2R5A
2443,TIMM8A,TBRG4,ATF7IP,ZNF180,TBCA,ANGEL1,SMARCC1,FAM127B
2444,UBLCP1,TAF4,MFN1,GS1-251I9.4,TBC1D25,MRPS35,NUP98,PKN1
2445,YY1,NFAM1,TRMT61B,CNRIP1,SUPT20H,TMEM189,MBOAT7,MYO5A
2446,RGL2,ERGIC1,NDUFA12,MGAT5,MAFF,RIPK3,AGO3,JAK1
2447,MAPK8,SSNA1,KBTBD3,KHK,PAM,PHF12,NSL1,AKTIP
2448,TRMT5,DNAJC14,PLIN3,SRPK2,SCCPDH,CROCCP2,FOSL2,POLR2C
2449,NIPSNAP1,MARCKS,AP4M1,GIPC1,MR1,HSPA4,HLX,GNG2
2450,BCL9L,RAB7A,IFNGR1,MAPKAPK2,CCDC65,UBE2R2,RP11-85F14.5,SERPINB9
2451,TRMT112,CLPX,PIK3CG,ORMDL2,GBP4,IRF8,COA6,RP11-220I1.1
2452,TGFBR3,DCUN1D5,LARP4,CACNA2D4,KDM4C,PAQR3,CMC1,MYO1C
2453,SH2D3C,HSCB,CLP1,C9orf64,GNPTG,VPS13A,UPF1,ORC4
2454,NME6,AC011899.9,ITGA5,CTD-2256P15.2,REPS1,TRIP4,ADAR,MGRN1
2455,TRMT12,MRPL34,DMXL1,RPUSD1,R3HDM4,CD300E,TMEM167A,ZNF615
2456,CTD-2037K23.2,FNBP1,CELF1,NCAPD2,ZNF692,MAP2K2,CDR2,ARRDC2
2457,RP11-489E7.4,NOB1,ERO1L,RNF144A,SWT1,IMPAD1,SLC35F5,TP53RK
2458,UHRF2,TAMM41,IFI16,JOSD1,HPS3,RARS,SLC2A8,PGLS
2459,IKBKAP,HECTD4,EIF2AK3,SLC35F2,ACTR1A,FAM86A,RXRB,PSMD8
2460,MIS18A,TESC,TMEM261,QTRTD1,CFP,NAP1L4,SESN1,MRPS11
2461,FAM63A,GLMN,USP36,INO80,TMEM60,SIPA1L3,RUSC1,CDC16
2462,HTT,ASAP2,BASP1,ENTPD4,CNP,SCN1B,KAT2A,STX12
2463,HHLA3,ZNF280C,GABBR1,KIF19,KIR2DL3,AURKAIP1,LIN52,PIM1
2464,CDC14B,TMEM87B,UBXN2B,NCAPH,PPP1CB,RNF38,GAPVD1,C4orf48
2465,WARS2,EIF4E,PATL2,STAT2,KIF1B,QTRTD1,PASK,STK24
2466,CCR6,VPS53,RAB31,BCL6,GRAMD1A,MED6,ACAD8,RP11-51J9.5
2467,NUAK2,FAM126A,DENND6B,ME1,RP11-10L12.4,PRKX,SMAD5,CCDC88C
2468,C10orf88,CAMTA2,ZXDA,POLK,ZNF677,JAZF1,ASL,LILRB1
2469,KYNU,MRPS34,FDX1,CTD-3138B18.5,ACTL6A,HINT3,ACAP2,COA5
2470,LTBP3,SS18L2,RP11-876N24.4,RAD18,LEF1,CREB1,ATPAF2,MAP2K1
2471,CMC4,CD4,PDXDC1,PFDN2,CHFR,AP000769.1,DGKZ,MTMR14
2472,IL6R,ZBTB44,LINC01013,ARHGEF6,TMEM102,LRRC7,SP2,FOPNL
2473,CERS5,MIS18A,CCDC117,FAHD2B,C19orf68,CETP,THOC3,CAND1
2474,RBFA,KIAA1467,SEC11C,ZBTB2,SIGLEC7,PRR14L,GNB2,EMC7
2475,AMDHD2,CCNF,RP1-3J17.3,ACTR3B,ZMAT1,C17orf75,ID3,NMD3
2476,MLH3,ULK3,CHMP2A,PDE6B,FNDC3B,FAM45A,MGST1,EHD1
2477,TOPORS,SBF1,CYB561D1,YBX3,EPS15,FUT7,TNFRSF4,TMC6
2478,RANBP2,CTB-133G6.1,SIRT6,GTF2F1,NSUN5,ITPKB,FAM76A,KPNA4
2479,FBXO22,C17orf75,C11orf24,CPD,RPP14,ATAD3A,KLHL6,PPP2R4
2480,EFHD2,NDUFAF4,AC074289.1,KBTBD4,EEF1G,ATP5L2,MYLPF,DCPS
2481,FUOM,HDAC10,SMC2,GBA2,PPM1M,TATDN1,DAXX,ANKRD28
2482,PPP6R2,NOL10,AC016629.8,ABHD2,MB21D1,NIT1,NTAN1,CCT6A
2483,LIN37,STUB1,RMDN3,POLR3F,TRIM65,TTC16,UBE2E2,LPCAT1
2484,TNFAIP1,SATB1,SF3B2,ATP6V0A1,METTL7A,BEX2,POFUT1,ACOT8
2485,RP11-950C14.3,MIS18BP1,MAP3K1,GSK3B,TRIM26,TRMT5,MTF1,ARAP1
2486,SLFN13,EBNA1BP2,YPEL1,AGAP2,SNAP23,USP47,TMEM86A,CDC6
2487,AURKC,UBAP1,AMN1,BIRC5,IRF3,C3orf58,MVB12A,MCM10
2488,CDAN1,RANBP10,TCF12,HDAC7,ELP2,RAB1A,PMS1,HMGN2
2489,SMG9,INPP5K,PGP,H1FX,PLK4,MLLT11,TFG,FOXM1
2490,ZNF571,BRD3,ZXDC,TYW5,HUWE1,C12orf75,AK5,UCHL1
2491,C6orf57,ZNF641,IL2RA,DENND3,AC074138.3,TIMM50,PPCDC,PKMYT1
2492,DGCR2,USP28,TRRAP,C10orf35,JAZF1,DCUN1D4,CXCL2,ESCO2
2493,AC025171.1,MAP3K13,CDKAL1,ANTXR2,CYBB,BRD8,MRPL39,GPR61
2494,GRIPAP1,UPF3A,CENPK,METAP2,PIKFYVE,TASP1,RCC2,AC015971.2
2495,DDX26B,ZBTB1,NCF2,NSUN6,STK40,PDGFD,CTBP1-AS2,ZNF625
2496,PCYT2,PTPLB,HYOU1,RPGR,OCEL1,YTHDF3,TCEA3,VPREB1
2497,ACTL6A,TMEM64,ASH2L,SPPL3,DNAJC14,MED8,PPIH,CCDC3
2498,P2RX5-TAX1BP3,PRMT5,AK8,DUSP28,NEU1,TMF1,MTMR9,DNAJC9-AS1
2499,PIAS3,UTP18,KDSR,MRPS33,HAT1,SYNGR1,SPA17,RBL1-1
2500,PCM1,KLK1,RP11-102N12.3,KCTD2,CASP8,FEN1,RHBDF2,RP3-466P17.1
2501,LINC00672,KCNC3,SLC25A53,RP5-1007M22.2,FARSB,AC009506.1,GTPBP4,AC004540.4
2502,ZCCHC17,SNX4,C4orf47,RASAL3,PHC3,YIPF1,CCT6A,CTD-2541M15.4
2503,SNX6,ZNF775,ARID3B,RP4-673M15.1,MLEC,TAF1,BRE,RP11-531A24.5
2504,KLHL5,RP11-372K14.2,POR,NFYA,EIF2S2,CEP104,CWC22,SKA1
2505,CLASP1,AP006621.5,MED13,TMCO3,CCDC86,SORL1,EIF3D,OSR2
2506,OPA3,NR2C2,RP4-539M6.22,FOXO4,LRRFIP2,ZC3HC1,ACSL5,GPR125
2507,DHX34,PI4K2B,LIMA1,TRAPPC2,ZSWIM7,NOP58,CEP41,AF127936.7
2508,TATDN1,TRIO,VRK1,ZP3,PLCB2,CTU1,LANCL2,SHCBP1
2509,HIC2,GPN2,SNF8,C8orf88,ITGAX,DUSP18,SYVN1,C1orf61
2510,ZNF267,LYNX1,ENTPD1,NPRL3,ESD,ZNF333,ATRX,ZGPAT
2511,SLC9A9,C16orf52,CTC-241F20.3,RHOT2,RPS6KA3,CHKB-AS1,FAM3C,NIPAL1
2512,CDADC1,ANKRD37,ERCC3,BANP,NUP210,AC069363.1,EMC1,RASIP1
2513,AMMECR1,RNF139,B4GALT5,COPE,UBE4A,MEMO1,LOH12CR1,RP11-347C12.1
2514,TAF4B,DHX34,UBE3D,NPL,PRAF2,ESYT1,CHKA,KIF18A
2515,SIRPB2,NDC80,MVD,PROK2,DNAJC5,ZNF263,CDH1,PAPL
2516,ZNF682,OLIG1,BARD1,CACTIN,SFXN4,LRRK2,PGLS,ADIRF
2517,CLIP4,RP11-533E19.7,RABL5,AREL1,TRIM8,CHST7,MED4,RP4-684O24.5
2518,FAM69A,RP11-343N15.5,CACFD1,NPEPL1,TMEM69,NRDE2,LMBR1L,RAB15
2519,RALGPS1,CHMP4B,ANAPC5,NCKAP5L,AIDA,TRABD,HADHA,RP11-314O13.1
2520,UBQLN4,FZR1,RETN,RBBP4,TMEM185A,PHF23,FHIT,RP4-798A10.7
2521,AC009133.14,TUBGCP3,NUP107,COQ6,CTC-378H22.1,PXN-AS1,IFT172,AL590822.2
2522,PLA2G6,MPHOSPH6,GCC2,RP11-367G6.3,CTD-2035E11.3,ZNF792,ATP9B,GTF2IRD1
2523,RAP1GDS1,RBMXL1,RARA,IL18R1,HIF1AN,ACSF3,DTD2,OPLAH
2524,INO80E,KIAA0586,ALMS1,PHLDA1,MAPK8IP3,CES1,POLE3,AASS
2525,GOLGA7,SH3GL1,PNKP,SSBP2,BBS7,LENG1,ZNF24,SCARA5
2526,VPS37B,HIST1H4E,LINC00996,ALAD,EXOSC7,THOC3,ZBED5,SAPCD2
2527,HDGF,KDM1B,FAM50B,GIT1,RFFL,NFYB,RP11-169D4.2,RP5-1142A6.2
2528,LIG3,ALG14,CWF19L2,GSTT1,SAP130,CEP89,STIM1,CELSR3
2529,FAF2,ADCK1,CHKB,LYRM7,R3HCC1,ARHGEF6,GLO1,RP11-138P22.1
2530,FANK1,RUFY1,INTS9,CAPN12,GPR137B,IPO7,PIGH,ARHGEF10
2531,CD320,PHACTR4,NAA35,ARMC8,TUBD1,FEM1B,PPP3CB,CTC-459I6.1
2532,LRPPRC,AGA,CHD1,UHRF1BP1L,SAYSD1,UTP23,MSI2,PLIN5
2533,AKAP8L,RPL26L1,SSU72,GYLTL1B,WDR4,PFKFB3,IRF9,TRIM60
2534,DUSP12,FOXJ3,ADSL,AC104820.2,ATAT1,EIF2B1,IL27RA,ZNF724P
2535,KAT6B,CTD-2302E22.4,ASB6,ZBTB49,CCDC130,TCAIM,UFC1,PSMA8
2536,METTL15,MIA3,ALKBH3,SEC22A,RP11-644F5.11,ZNF675,SYNCRIP,SLC12A5
2537,COA5,ATG5,UBL3,IL8,GOLPH3,ARHGAP29,NEIL1,COL4A4
2538,VKORC1L1,USP8,EIF2B2,HPGD,MAGEF1,DPH5,AHCYL2,RP4-784A16.5
2539,DFFA,USP42,OXT,ABCA5,RP11-347P5.1,PPP2R5E,CSDE1,KIF9-AS1
2540,MANEA,KCTD21,RPP14,COPB2,RNMTL1,TPST2,GOT2,MOK
2541,RAB40C,BCKDK,HOMER1,KIAA1432,OSBPL2,RP11-304L19.5,AXL,CABLES1
2542,TBC1D22B,GTF2H2C,RNF10,ZNF677,AC113189.5,CTD-2267D19.2,SS18,RASAL1
2543,VIPAS39,COX11,PUF60,RALGAPB,ENGASE,AKT2,PRMT10,LOXL2
2544,MRPL24,ANKRD27,PCMTD1,SHMT1,BNIP3,RINL,ARID2,ZNF709
2545,PRADC1,GATC,F8A1,ZNF699,AC132872.2,MICB,MOB3B,SEMA4G
2546,NARF,GPATCH4,ZC3H10,PRMT5,PLCB3,HS1BP3,SUMF1,RP11-264L1.4
2547,RP11-799D4.4,CAAP1,PLD6,PGRMC2,RNF121,SDHC,NT5C2,MEX3B
2548,TBKBP1,SAMD8,MAML1,TES,ANKRD13A,ECHS1,RPL22L1,RP4-583P15.15
2549,GSTM2,TAGAP,CLN6,RP11-244H3.4,TMED4,ATMIN,ARMCX1,TRIM31
2550,NAAA,ZNF518B,RP11-629O1.2,KIAA0101,PNPLA8,MEF2A,RILP,RP11-56G10.2
2551,PLA2G15,GSKIP,FAM46C,CLDND1,ELAC2,FNIP2,SSSCA1,RP11-305K5.1
2552,RP11-418J17.1,LIMD1,VEZF1,S100PBP,ZMYND8,MRTO4,ST14,NUPR1L
2553,CCRL2,SMIM13,SESN1,SS18,TRIM14,ZNF420,CHAMP1,ATP8A2
2554,RBM27,TBC1D9B,GPS1,LANCL2,HOXB-AS1,FAM160B1,NDEL1,RP11-532F12.5
2555,RAB13,KIAA0226,KIAA0368,UBAP2L,SPRTN,NOL6,PEX11B,RP11-6F2.5
2556,NAPEPLD,ZNF384,CIITA,PER1,GNL2,WDR37,RP1-39G22.7,SUN3
2557,SPATS2,P2RX5-TAX1BP3,CDKN1C,DIRC2,SMARCD3,NCAPD3,RP5-1125A11.1,TRIM54
2558,ARL1,TAF3,UBE2S,GLI4,FOXRED1,PPM1N,RBM15B,AC137934.1
2559,PLEKHB2,PPIL4,FAM169A,ATP6V1E2,FBXL3,CCDC104,KDM5C,PTRF
2560,KLRK1,PWWP2A,PPME1,GALK2,C20orf24,TNRC6B,ELP3,ZFYVE9
2561,BCL2A1,C1orf86,ZCCHC18,PMS1,HSD17B4,ATAD5,DST,SOX12
2562,RASGEF1B,MON2,P2RY14,C9orf69,ZNHIT3,C2orf76,FUBP3,RP11-260M2.1
2563,CXCR5,RAP2C,TAPSAR1,MTMR12,FKBP2,RXRB,TP53BP2,FGF14-AS2
2564,PDE6D,HMCES,DNPH1,ARHGAP31,CCM2,MICU1,HECA,DOCK4
2565,AL592183.1,CERS4,B3GALNT2,NOP9,ANAPC10,RAE1,SMYD2,KLB
2566,C1D,RAB21,PELI2,RP11-708J19.1,TOR1AIP2,EIF2B5,TFPT,RNF222
2567,CCDC30,ARSG,GPR114,SCOC,CTDSP2,S100PBP,PNISR,RP3-486I3.7
2568,UBE2R2,RCAN3,DAP3,LINC00094,ARHGAP9,APOL6,SEPT2,SLC23A3
2569,CTD-2015H6.3,DNAL4,RP11-58E21.3,EIF3M,RHBDF2,ZNF487,DUSP3,ZNF280B
2570,CTD-3074O7.5,CDC16,FAM53B,GATAD1,PPP5C,RNF220,CEBPA,CACNA1C
2571,FLJ27365,PVRL1,MIR940,AC084018.1,HERC3,CD8B,RPE,RP11-661A12.12
2572,MTR,BCL2L13,PPP1R11,MTA3,ALKBH6,SUMF2,SIRT3,WNT2B
2573,HIST1H1B,MKL1,KIAA2013,ATF7,RP11-78A19.3,UQCRC2,RSRC1,RP11-429E11.3
2574,MT1X,TMEM245,PPP1R15B,ZCCHC9,PDZD4,OSER1,ZFYVE19,DLG5
2575,HCG27,GPR137B,GALK2,APLF,PACS2,BCL2A1,ATG16L2,FRMPD3
2576,CCNT2-AS1,CHST11,TBC1D5,TCF12,ADIPOR1,SLC37A4,TBC1D23,RP11-10C24.1
2577,EFCAB11,EXOC8,TMEM254-AS1,TESC,C19orf35,FAM58A,POLR3E,MAP1B
2578,GPM6A,PCBP1-AS1,HAUS6,KIAA0232,SPECC1,RNF217,RSL24D1,LHFP
2579,GALNT6,RNF14,PRAM1,PGAP1,SIK3,SLC9A6,ZNF260,AC004540.5
2580,GIMAP8,ERGIC2,LMAN1,RNF169,BAALC,SLC9A1,ETF1,C9orf24
2581,ENTPD1,CEP57,MCRS1,CEP152,NF2,C16orf91,SPNS1,ZBTB8A
2582,SMIM1,POLD2,ZNF181,GOLGA7B,ANKRD35,FAM173A,HYI,RP4-548D19.3
2583,RAPGEF6,SNORA76,TTC9C,TRAPPC12,VAV1,PRKRA,PSMD10,KB-1507C5.4
2584,RP11-390E23.6,AP001053.11,PFKL,CYHR1,STXBP3,ROMO1,BOLA1,LIG3
2585,MFSD12,ATG10,SYF2,C8orf76,ABT1,TMEM102,C10orf32,FNBP1L
2586,SLC30A7,VDR,CLEC4A,FOXK2,KMT2E,UPF3B,RP11-467D6.1,ZACN
2587,HNRNPL,RGS12,SIDT1,SRPK1,SLC35C2,TIMELESS,TRIM56,ZNF252P-AS1
2588,SPCS1,AGO1,RP11-53I6.3,RTCA,SEC23B,TRAPPC13,NLRP3,CRHBP
2589,ZBED1,AHSA2,EIF4H,B3GNTL1,TUBGCP6,ATRX,SOGA1,CECR6
2590,AARS,CCDC126,CHMP3,PELI2,RP11-355B11.2,PLCD1,FAM96A,ZNF396
2591,ZMYM3,AC040977.1,RFXAP,TTN,COPA,RCOR3,THRAP3,RP3-477O4.16
2592,GAPT,COQ4,GBF1,CCDC14,FBXO31,LYRM5,EEF1E1,AVEN
2593,KLHL3,TBC1D10B,SNRPN,DYNLT1,FAM43A,CPNE3,FAM122C,PLA2G1B
2594,AP000350.4,SMU1,CDC34,PLEKHA5,ASH1L,GDAP1,NFKBID,UBXN10
2595,ANAPC10,PTPN11,FASTKD5,SMARCA5-AS1,MAP4K4,NUP160,PURB,ANKHD1-EIF4EBP3
2596,NAALADL1,HIATL1,AHI1,GNAO1,AHCY,SBDS,LSM3,RP11-265P11.2
2597,RAB3D,NR4A2,TSPYL2,GSK3A,CUL3,XBP1,DENND6B,QRICH2
2598,SLC35F5,ASCC3,ALAS1,PRKCH,GPR114,APOL2,ITFG2,LRP5
2599,PIGU,GGT1,PLEKHO1,GIGYF1,CBX4,ALG6,RFX5,TMEM254-AS1
2600,PLXNA1,PLXNB2,MPHOSPH6,FAM219B,BUB3,DHODH,CDKN1A,RUNDC3B
2601,NCAM1,APOBEC3F,CEP68,DZIP3,CSTF2T,ZCCHC6,BRD7,ALDH4A1
2602,UQCC1,RP11-488L18.10,RPL36AL,LINC01135,C4orf29,RFTN1,WAC-AS1,RP11-540O11.6
2603,RBL2,SMARCE1,MAT2B,MINPP1,ZNF254,MBLAC2,NSUN3,RP11-1079K10.4
2604,CAT,RP11-448A19.1,SCAPER,E2F6,SC5D,ZNF524,TMEM179B,COL17A1
2605,SLC9B1,POLM,GPN3,RP11-110A12.2,MCTP2,MSL1,EFCAB14,C4orf47
2606,ERP27,PPFIA1,DCAF4,ENTHD2,C12orf4,IL3RA,LAMP1,AC137932.1
2607,KB-1208A12.3,BMF,CD84,CPT1A,KCTD11,DAG1,RASSF3,FGF9
2608,NISCH,H2AFX,LINC01004,FOXK1,NAA40,SIN3B,JUP,C19orf77
2609,FAM172A,SVIL,AMPD2,ANKRD17,HSBP1L1,LGALS8-AS1,ZDHHC3,RP11-403A21.1
2610,IGFBP6,RMND5A,PPP2R1A,RP11-182L21.6,GPATCH2L,SRPK1,RP5-821D11.7,ANKRD31
2611,ADI1,EBPL,DTWD2,AP003733.1,ZNF783,SYT17,XPNPEP1,RP11-458D21.6
2612,ALDH3A2,RNF123,VWA8,SUZ12,PMPCA,ATP13A2,EMC6,RP11-46J23.1
2613,CDC34,MPG,SETD5,HIC1,LINC00861,TRAFD1,ZMYM5,PRDM10
2614,GBP4,NFKBIA,DAAM1,USP34,RGS9,KIAA1468,PITPNM1,SLC10A1
2615,ANKRD10,FYTTD1,ZNF775,USP21,LEMD2,RP11-128M1.1,CYB5R1,RP11-279O9.4
2616,TERF2IP,ATF7IP2,CTSL,AC016683.5,TCP1,CNRIP1,UBE4A,TMPRSS3
2617,RPF2,ST7L,RAB30,IPO7,FAM3C,CTDP1,NINJ2,AP003068.9
2618,VMO1,LRRC14,C12orf79,RINL,VAMP4,SENP6,ZNF133,DHDH
2619,HIRA,ZER1,TIMM9,ZNF71,NRIP1,UBR4,NFRKB,GCNT4
2620,ING2,DNAH6,NUBPL,NLE1,OSGEP,SLC5A10,RAB39B,DPEP3
2621,FBXO11,HERC4,ZNHIT2,CEP78,PSMB7,RAMP1,HINT3,RP11-212I21.4
2622,SIGLEC10,CRIPAK,TRAPPC12-AS1,CCBL2,RPP21,HLA-DQA1,NR2C2AP,YY2
2623,CARD16,NARF,TMEM214,MYEOV2,HINFP,KIAA2018,ASRGL1,LIG4
2624,ARL8A,RALGAPA2,FRA10AC1,FRMD4B,UBE2V2,PTRH2,PDS5B,CTD-2532N20.1
2625,COMMD9,MLLT3,DENND4A,FBXO38,SETD6,XXbac-B135H6.15,SUPT5H,C1orf204
2626,KLHL9,AC009403.2,CBLN3,AP001055.6,ZCCHC7,IRF2BP1,PSMC3,LA16c-358B7.3
2627,ICOS,MON1A,SEPT10,F11R,TECR,DCAF6,MPHOSPH10,PODN
2628,SMARCD3,COPS3,U2SURP,CHIC1,FAM50B,FLII,CD180,CTC-550B14.7
2629,POLR2G,SSH1,COQ5,TSPAN2,CDV3,CD99L2,GGCX,FAM47E
2630,CLN8,ZBTB20,LYRM5,PXN,ERO1LB,GPA33,FUZ,CTB-113P19.5
2631,C6orf89,KIAA0196,ZBTB44,RNF212,USP42,RP11-420G6.4,ACOT13,PARK2
2632,RP11-474G23.2,PDE7A,TRIM14,LY6G5C,C5orf24,PAGR1,RALGAPB,RP11-417F21.1
2633,EXOSC6,DMXL1,POLR2K,SF3B4,NFKBIL1,CBLB,IFIH1,KTN1-AS1
2634,ABHD12,ZNF37A,RHOH,YAE1D1,LINC00925,SKI,DPH7,GNA11
2635,NAA16,PLXNC1,PKNOX1,SPARC,TRPT1,CH25H,ECI2,KLHL23
2636,RNF40,FAHD1,MAML2,GMDS,MEX3C,RALGAPA1,ZNF398,RP11-477N3.1
2637,LINC01003,RABGEF1,ETF1,POFUT2,PLA2G6,ARL3,C21orf119,LRRC37A2
2638,NCDN,HOXB4,AGAP6,SNX11,SLC25A33,LETM2,IFI27,IL12A
2639,RNF10,CPT1B,MKRN1,FAM73A,C9orf78,MBNL1-AS1,C2orf76,RP11-513M16.7
2640,MRPL54,ADIPOR2,SRSF11,EPT1,LRPPRC,DNAJC1,TSPYL2,LINC00865
2641,RP11-211G3.2,SPTLC1,SZRD1,RP11-22P6.2,MDFIC,PORCN,LINC00402,CTD-2054N24.2
2642,CTNNA1,SLC7A6,TMX2,MON2,ISCU,MINPP1,NISCH,RP11-317J10.2
2643,ZNF317,RP11-542M13.3,DYNLL1,MCF2L-AS1,SSRP1,KCMF1,HOMEZ,RP11-361D15.2
2644,C4orf29,EDEM1,TCTN1,TCF20,EI24,ZMYM4,MPLKIP,AC099850.1
2645,EXO5,TMEM256-PLSCR3,COG3,RPAP3,JPX,HYI,RNF20,AC008174.3
2646,SCO2,CALU,UBR2,TYMS,AP2B1,ZBED5,ASAP1,RP1-151F17.1
2647,RPP30,CLTC,BAX,MROH1,PER3,PGM1,HIF1A,RP11-707M3.3
2648,USP3-AS1,CBX4,TMEM194B,GALM,PRR3,SF3B2,DOCK10,AC139100.2
2649,RPL34,JMY,PLK2,PAM,APEX2,COIL,VPS45,CTA-407F11.8
2650,PAK1,REXO4,HNRNPD,RP4-728D4.2,YARS2,ELAC1,DAPK3,CTB-47B11.3
2651,HSH2D,STRADB,QRICH1,C17orf70,MCUR1,CDC23,PARP10,PKN3
2652,RP11-727F15.9,NBPF12,IWS1,HIST1H4H,AC018816.3,TPRA1,FAM35A,RP11-849F2.7
2653,DPH1,TRIM52-AS1,UBL4A,AC104532.4,IPO5,NOTCH4,CMTR1,C15orf52
2654,MCM7,DROSHA,PAPSS1,THEM6,DYNLRB1,AP1AR,KLHL8,TIMD4
2655,DERA,MARC1,COG2,SEC62,SMG7,AC002467.7,CPT2,TMEM52
2656,SSFA2,CNPPD1,ADD1,SLC38A1,TOMM20,RNF144B,ST6GALNAC4,ZNF208
2657,APITD1,JMJD6,XRN2,DCBLD1,RABL5,WDR24,THAP7,SLC45A1
2658,TMEM86B,ZNF124,LARGE,PORCN,PLCG1,ZNF655,GLRX2,GPM6A
2659,PDDC1,TBC1D2,CORO1A,TBC1D10A,EEPD1,CTD-2319I12.2,GTF2H5,C4BPB
2660,TNFAIP2,MRS2,LTBP4,ATF7IP2,FAM26F,PCID2,TCEAL3,FAM228A
2661,DPP8,RP11-65J3.1,RP11-493L12.4,ATAT1,RPN1,RP3-475N16.1,ANKFY1,RP11-290L1.3
2662,DGKE,ACTR8,WDR6,KIAA1009,SMC3,USP16,CHST12,LGALS8-AS1
2663,STAG1,INTS1,RIC3,CPVL,MTG2,F8A1,C12orf5,ZNF284
2664,LSM3,ZNF589,ADAM10,DTNB,MCM7,CISH,RALY,RP11-362F19.3
2665,COPA,NCBP2-AS2,UTP18,CCDC15,ASAP1,RP11-799D4.4,CTU2,BRSK1
2666,THRA,DTD1,VAV3-AS1,HMBOX1,PPP2R5D,TRERF1,PYROXD1,EFEMP2
2667,RAD51D,DGCR2,ATRAID,ATP9B,CXXC1,EFCAB4B,NDUFA4,FBXL22
2668,CCDC112,ZNF516,VPS45,TMED2,EXOSC10,CEBPZ-AS1,ARMC5,NEB
2669,ADAM17,FAM178A,TMEM161B,AC005076.5,HSPA6,PIM3,TLE4,RP11-252C15.1
2670,DTYMK,KCNMA1,AGFG2,BAP1,C12orf45,NELL2,SNTB1,SRRM5
2671,CRY2,EVI5,ZBTB49,REEP3,PSMG2,PRRG2,PHC3,RP11-33O4.1
2672,RP11-108M9.4,ILVBL,MAPK3,EBLN2,PHC1,GYS1,TRIM13,NHS
2673,SELO,HSPA6,CTSO,CHST11,TOMM40L,SPTSSA,TMX2,KLHL29
2674,PIK3C2A,RP11-386I14.4,TIGD1,ATMIN,TMEM14A,CD58,COX16,HOXB3
2675,GSTM4,CHD3,ABHD10,RGS9,SRBD1,PRDM10,GART,RP11-305L7.7
2676,NFATC2,ZFR,E2F4,BBS4,TMED3,TTBK2,NUP37,TMEM238
2677,ARL13B,UBE3B,ENDOV,KIAA2018,OCIAD1,GDPD5,TMEM183A,SLFNL1
2678,SAP30,MTX1,HPS5,SGK223,CREB3L4,JAK2,UBE2V1,RP11-624C23.1
2679,MAP7D3,NUDT14,NUDCD1,UBE2H,THUMPD1,INPP4A,VASH1,AC124944.3
2680,ERGIC2,ZNF117,RMDN1,SMIM15,LGALS3BP,NGLY1,FCHSD1,RP11-56B16.4
2681,TRAF5,ABCA7,GTF3C3,RPRD2,FBXO44,HK2,FAM50A,MYO10
2682,ZFYVE20,NAA16,PDE8A,RP11-290D2.6,SYNGR2,HAGHL,SMAP1,CTD-2319I12.2
2683,CDKN1C,PPP1R15B,SLC24A1,BRD7,NICN1,SOCS4,AC025171.1,CERKL
2684,RP11-46H11.3,PFKFB4,RBM45,VNN2,PTP4A1,NCOA5,NFYB,RP11-362K14.6
2685,ZNF81,INTS6-AS1,PODXL2,RABGAP1,TCHP,NEK9,TYW3,KRT8
2686,AC116366.6,IMMP2L,CRY1,MOGS,MAPK9,SMEK1,BCAS4,RP6-206I17.1
2687,AZIN1,NACA2,ORAI1,GAA,RP11-94L15.2,UROS,MACF1,RP11-95P2.1
2688,LRRN3,SLC8A1,NOL7,ATF2,MCM8,ITPRIP,CES4A,PTPRM
2689,USP38,UAP1,GLTPD1,C1orf52,GNPAT,ATP6V1C1,RP11-386G11.5,ZNF219
2690,SP3,SCYL2,SURF2,DCBLD2,NLRC5,PRR5,CUL1,RP11-111J6.2
2691,PIP5K1B,ARMCX1,ZNF419,FUT7,RHOB,FANCG,AC093673.5,RP11-498C9.2
2692,TUBGCP2,CPSF3L,TRAPPC6A,SARM1,SMIM15,EMILIN2,PDCD4-AS1,SGPP2
2693,ABCB7,RP13-582O9.5,SPTBN1,EIF2AK2,SDCCAG8,CCDC9,DYNC1LI2,FAM132A
2694,BAIAP3,PDCD10,ERCC2,CORO7,SLC35A2,ZNF576,CD151,CRIP1-1
2695,SETX,TNFRSF25,ZNF439,NUBPL,OSBPL8,VIPAS39,CTSH,ADAMTSL5
2696,LINC00685,WDFY2,KAT7,AMMECR1L,MRPL48,LAS1L,SLC25A4,RP11-774O3.3
2697,BACH1,IMMP1L,SF3A2,ZFR2,TBCB,DHX30,PCBP1-AS1,TCEAL2
2698,NAPB,RP11-158I9.5,GALNT6,PLEKHO2,ZDHHC6,COX6C,SMIM19,RP11-793H13.10
2699,SLC29A2,C16orf13,PTPN1,DLGAP1-AS1,SP2,HAUS1,C3orf58,MYO1B
2700,NARG2,ICOSLG,STK38,LUZP1,AACS,LY96,TTLL5,TRIM74
2701,TUBD1,BACE2,FAM214A,NUDT4,ZFYVE27,RP11-936I5.1,RNPEP,CNKSR1
2702,TATDN2,MDH1,PARP15,NRM,EIF1AD,DDX28,CCDC53,ALPL
2703,TRUB2,TRUB2,ZNF280D,ST7,TEX261,HDHD1,SCRN1,AC104699.1
2704,CDIPT,WIPF2,CCDC159,CD99,RNF181,IDH3G,CD99,PDE5A
2705,SLC20A2,SRSF1,CROCC,IQCB1,INIP,RP11-318A15.2,IST1,GPR157
2706,C14orf64,JHDM1D-AS1,SENP5,CRYBG3-1,PPM1L,SPNS3,ABR,C1orf115
2707,SLC25A25,EPHB6,CYB5R1,SH2D1A,UBBP4,ANKRD36C,ACAP3,TVP23A
2708,TYMP,ADAM9,INIP,GTF2H3,ASXL2,TFE3,EIF3G,USP27X
2709,PRSS57,WBSCR22,FGD3,TPM4,LARP4,FKBPL,NT5C,KRT73
2710,NUDT9,RRP12,KCNN4,RP11-218M22.1,MCM2,MED7,TMIGD2,CD1B
2711,FAM89A,ZNF800,ZMYM1,ZFP14,ZNF143,TRIM65,TRRAP,RP11-206L10.9
2712,C1orf186,AC093495.4,PSD4,CSTF2T,NDFIP2,NLRX1,VAV3,CTD-2085J24.4
2713,MKRN2,NSMCE4A,CDK9,TRAF4,EXOSC4,GNMT,GHRL,ABCC6
2714,RASGRP4,TMEM91,SMEK2,APH1B,OXCT1,CTD-3154N5.1,GTF2IRD2,KIAA1107
2715,COL18A1,TMC6,TOP1MT,KIAA0907,HIRIP3,YOD1,ASB2,SYCP2
2716,MACROD1,TP53I3,GLYCTK,BZRAP1,ZMYM2,PPP1R32,APOL2,BTBD19
2717,TBCCD1,BMP2K,HSPBP1,RP11-297N6.4,FAM219A,DBNL,ITGAV,AP001610.5
2718,CTDSPL2,NMB,DDX6,EIF2B4,GPM6B,GGACT,ZNF780A,CRIM1
2719,FAM178B,CHURC1,RP11-862L9.3,MLST8,PARK7,HMGXB3,UTP11L,MINOS1-NBL1
2720,DLGAP1-AS1,TJP2,VPS35,CCDC18,PPM1F,B4GALNT3,ZHX1,CASC5
2721,KIAA1328,AQP9,SLC41A3,CARKD,TRMT61A,FADS2,ZNF224,RP13-131K19.2
2722,AP1M1,NGRN,SLC12A9,PM20D2,CRY1,C5orf24,NOL12,RP11-392P7.6
2723,CYC1,ASL,MAGED1,PLCG2,ITGA4,SLC35E1,COMMD10,TMEM63C
2724,DDTL,ZNF548,KHNYN,ZBTB25,TM7SF2,MPHOSPH10,TSG101,CTC-507E2.1
2725,PSMA4,SVIP,SNRPC,PPP1R14B,ZNF211,PNPLA6,ARSB,RP11-137H2.4
2726,SF3A3,CRISPLD2,VPS53,TK1,STARD4,ICK,TMEM44-AS1,DUSP19
2727,LRRFIP2,SRFBP1,ISCA1,FAM102A,RP11-973H7.1,KCNN1,BECN1,RP11-13P5.1
2728,RP6-206I17.1,NR2C1,ST6GAL1,YTHDF3-AS1,UBR2,SPEN,TNS3,RND1
2729,PSD,PIAS3,TRAM1,SETD1A,DDX56,BNIP1,ALCAM,SCARF2
2730,PRMT5-AS1,TUBB6,RAB10,RP11-140K17.3,ETV5,GPATCH4,MAP1LC3B,MYO5C
2731,UVSSA,LINC00528,ZNF770,FBXW7,RAPGEF6,C16orf72,EXOC7,CTD-2659N19.9
2732,SYNJ1,CROCC,DNASE2,TOR2A,TTLL12,ZNF211,YY1,RP11-317N8.5
2733,ALKBH8,CAMK2D,RPL7L1,RP11-139H15.1,EIF2S3,NDUFAB1,TMEM53,SUGCT
2734,ZNF181,HSPH1,PDRG1,DDX58,HECA,SCAP,PARP11,GP5
2735,GPRIN3,SAP130,ADAT1,BTN2A2,PSMG4,CTD-2256P15.4,CTPS2,AC009950.2
2736,PELO,FAM120C,SGK1,LARP4B,TK1,PAPSS1,GAB2,RP11-11N7.4
2737,ZFX,TTLL4,CCDC141,ZNF558,VAPA,CCL3L3,NRBP1,ARC
2738,GTF2H1,PDPK1,BPNT1,MRPS28,CXorf56,TMEM248,EPS8L2,AKR1CL1
2739,AGFG1,CTSO,PPP1R15A,ARHGEF11,TMEM71,RAB11B-AS1,POP5,RP11-23P13.7
2740,TMEM251,CARD9,DLEU1,AGPAT3,SUV420H1,CYP2R1,TTC14,CDON
2741,USP3,TRIM65,FGD2,TNFSF14,ALKBH8,DPH7,CTA-217C2.1,FRMD4A
2742,BPTF,MGA,KDM4C,VPS8,SIRT2,C21orf91,RBM4B,B3GNT9
2743,FGD5-AS1,MINK1,ZNF266,PTPLAD1,CNOT2,TMEM237,MPG,TUSC1
2744,TMEM150A,SARS2,RASSF1,NDUFB1,ANAPC11,LYRM1,YTHDF1,CTC-366B18.2
2745,CPOX,HARS,DDAH2,HINT1,MED15,GLIPR2,PDHX,OTUD7A
2746,FAM201A,ABHD5,FAM172A,ARNT,DEDD,SNF8,HIVEP2,AC024940.1
2747,ZBTB32,ADHFE1,ZDHHC5,RANGAP1,TFE3,NOTCH2NL,B3GALT6,ADD2
2748,TRMT2A,WDR46,ADRBK1,G0S2,PRKDC,FANCB,DENND1B,NEK2
2749,ATRN,MT1X,CEP128,SMPD2,ZHX1-C8ORF76,SLC25A15,ATF3,NPAS2
2750,CCDC6,ANAPC2,INTS10,DNAL4,FAM35A,NME6,MAPK9,SV2A
2751,ZNF414,CALCOCO1,IL7,GAS7,SIK2,MAN2B2,MXD4,PANK1
2752,MED15,ZNF609,IDH1,TM9SF4,XPC,PLEKHM2,BZRAP1-AS1,CELSR1
2753,TMEM242,HIVEP3,TDRD7,IGSF6,EMC10,SWSAP1,PIK3R5,ZNF541
2754,ARHGAP17,PPAN,MPZL1,TMEM101,NUP62CL,MALSU1,TMEM161B-AS1,AC012074.2
2755,SAE1,RP11-334C17.5,VIL1,CHP1,SLC5A6,NUMA1,DHRS9,TPO
2756,SBF2,TRIB1,DOK7,TMEM237,ATP13A2,CDC37L1,SCYL3,RP11-159D12.5
2757,KLHL42,FBXL15,TLR9,TRAK2,RP11-57H14.2,GM2A,SLC2A9,RP13-131K19.7
2758,KB-1507C5.2,FAM168B,XRCC6BP1,ZKSCAN3,YIPF4,UBASH3B,IFI16,AC007228.5
2759,C1orf56,TMC8,FEN1,NNT,CNOT11,NOB1,CCR1,ZNF449
2760,MARK3,IFI27L1,STPG1,CEP57,FAS,TYW3,RP11-156E8.1,GAS2
2761,ITGB2-AS1,PPARA,DBNDD1,CANT1,CXorf24,AMT,RAD9A,RP11-511I2.2
2762,KMT2D,LCMT2,RP5-1042K10.10,SQRDL,BAZ2A,PLA2G7,ZSCAN12,SLC16A10
2763,ZBTB11-AS1,ZNF585B,MICAL1,LINC00909,MALT1,LYPLAL1,CDK10,TMEM262
2764,GOLGA3,PDE4DIP,C21orf58,CNTD1,CSTF3,SCGB3A2,ZNF480,LATS2-AS1
2765,PBLD,AIM2,GALNT12,NUFIP1,RUSC1,SEC24A,CAPS,KLHL25
2766,RAD51C,FSD1L,TMEM50A,BTN3A1,LEMD3,DHX35,MINOS1,RAPGEF3
2767,VPS25,AC116366.6,AGFG1,PLEKHO1,ICAM1,GIN1,ATXN1,RP11-114O18.1
2768,POP4,QARS,UBE2A,NME1,CDK5RAP3,ANKRD52,GRK5,AC010894.5
2769,RWDD2B,CMKLR1,NISCH,CA11,ETV6,MAPK8IP3,RP11-46D6.1,RP11-552D4.1
2770,EPS8L1,TACC1,SLC23A2,ATPIF1,BRMS1L,FUT4,QSOX1,RNU11
2771,WDR54,RARG,C11orf57,ZNF337-AS1,GNL3,AC062029.1,GCLM,RP5-1042K10.10
2772,TSTD2,ARL8A,BMI1,DUSP16,RP11-66N11.8,ZNF582,WDR3,FKBP9
2773,ZNF138,NHLRC3,MASTL,SNX18,DVL3,LAPTM4A,CRCP,RASA4B
2774,MAGED1,TIMP2,HIPK3,CASP10,ELMSAN1,APOL3,ATAD2B,RP11-173M1.8
2775,CLASP2,ZNF468,LINC00092,RP11-713P17.3,SNX22,CEP78,VHL,RP11-379K17.4
2776,SLC35E2B,CCND2,TMEM218,ZNF286A,TPGS2,MTFMT,ZBTB21,ZFP2
2777,RP11-473M20.14,MRPS22,GCNT1,INPP4B,NUBP2,MED19,CDC34,TMCC1-AS1
2778,DPM2,POLB,RFC2,DCTN4,PPM1B,ACAD10,FOCAD,MYCBP2-AS1
2779,PLEKHA8,KPTN,CLPX,ATP8A1,RSBN1L-AS1,HDAC10,KIAA0100,ACVR2B
2780,RAB37,MGAT4B,C14orf166,ZNF256,C7orf60,ACO1,EDRF1,SUMO4
2781,PCED1B,ISCA1,ELP6,RNF20,GTSF1,SNAPC4,ALG1,RGPD2
2782,RAB6A,BACH1,ZMIZ1,KAZALD1,MFSD11,CPSF4,TRIM26,RNF157-AS1
2783,AGO3,NUP37,LINC00115,ZNF865,KIAA1683,SACS,PPARA,SEZ6
2784,UBR7,RPP25,PIP5K1A,KDM1A,METTL17,GPALPP1,PHF20L1,RP11-600F24.7
2785,NDUFS7,DYNLT3,COCH,FOXD2-AS1,C1QC,CCL4L2,FANCG,C9orf116
2786,CCNB1,SEC16A,PSKH1,FAM13B,RP3-395M20.12,ASGR2,PPP2R4,C5orf27
2787,ZMYM5,TMLHE,MFSD9,YY2,EPT1,LMAN2,GSE1,CXCL9
2788,GOLGA8A,VAC14,PDE6G,HMBS,RDX,HSPA6,PIGS,MTCP1
2789,PHF8,RP11-8L8.2,ANAPC2,CHEK2,POMZP3,KBTBD2,ZDHHC5,RP4-536B24.3
2790,AC005944.2,FXYD5,AMPD3,SLC39A11,EDEM1,ZNF264,LUCAT1,GDPGP1
2791,NCALD,NOLC1,PNKD,ENTPD1-AS1,UGDH,UROD,TCEAL8,RPL34-AS1
2792,CCDC137,HIRA,CTD-2576D5.4,HDAC10,PCMTD2,SRGAP1,POLG,RP11-677M14.7
2793,TNFRSF14,TTLL3,TUBB1,APOBEC3D,PHACTR2,KIAA2013,ZNF689,COX6B2
2794,DLG1,ZNF696,TTC21A,ZNF793,TMEM183A,MICAL3,MAPRE2,MADCAM1
2795,TFAM,TCEA1,POLR3F,CXCR6,HIC2,GATSL3,RNPEPL1,RP11-196G11.2
2796,MRPL50,ANGEL1,LYRM4,FMO4,PDCL,CRLS1,SCRN2,RP11-161M6.3
2797,NT5C3B,ZNF721,RCL1,ZNF280C,EAF2,NUPL2,KSR1,RP11-764K9.1
2798,CTD-2576D5.4,HYAL3,ITPRIPL1,RP13-580F15.2,CSNK1A1,USP3,G3BP1,SLC19A2
2799,PWP2,CHD9,PCIF1,TMOD2,HRAS,ORC3,ANAPC7,C10orf111
2800,SPTSSA,ST14,MRPS28,DIS3L2,MPC2,REEP3,FANCA,C1orf101
2801,SCFD2,CD2AP,NLRC5,LEMD2,PTPLAD1,AAED1,ARHGAP31,MLLT4
2802,ZFYVE21,DYNC1LI1,ZNF431,CMTM6,DUS4L,RPSA,CTD-2017D11.1,TMEM200B
2803,C6orf106,NIPSNAP3A,MIS12,LRRC45,MICAL1,HELZ,LMAN2L,EPM2A
2804,PHF11,ZNF81,ACSF3,ZNF493,KXD1,C11orf74,FLYWCH2,SIPA1L2
2805,GALK1,C17orf70,PNMA1,CYB5R4,PPIE,PVRL2,SLC35A1,ZNF711
2806,STAM2,GCN1L1,GOT2,GNB1,CRTC3,TMC4,MTMR1,AC006547.15
2807,RANBP10,KIF1C,NEDD8,PLBD1,TTLL3,C11orf95,ICMT,BCL2L15
2808,C8orf44,SMPDL3A,TSSC4,FLJ20306,DNAJB2,ARRDC1,HMGN4,RP11-292F22.7
2809,MTFR1L,CYSLTR1,MYO1E,IST1,MOSPD1,LTBR,C19orf12,FA2H
2810,CLUH,CFH,FAM162A,ZMPSTE24,ZNF473,ZNF484,COA4,CEBPA-AS1
2811,IGFLR1,KIAA1109,ACAA2,RNF121,SUCLA2,FTCDNL1,MAN2B2,CTC-209H22.3
2812,SGK3,EHBP1L1,VPS13A,UBE2V2,TMEM8A,ABTB1,CSRP2BP,NLGN4Y
2813,CDK2,ANKHD1,DGKD,RP11-686O6.2,TNFSF13B,IL16,LIN37,CDH20
2814,ACAP3,SLC36A4,UBE4A,COQ2,USP33,PPP1R11,ZGLP1,CTD-2196E14.4
2815,SYAP1,RCOR1,IFNG-AS1,RP3-467N11.1,NCKAP1L,FDFT1,OSER1,CTC-518P12.6
2816,ZSCAN22,RIPK2,ICOSLG,RBM19,CRAT,ABI2,NCF1,COL6A1
2817,DENND5A,ZMYND19,MLH1,SLC33A1,ZNF566,ERAL1,ATP13A2,OVGP1
2818,LDOC1,PDCL,ESD,KDM3B,FAM76A,STAT5B,WIPF2,PLS3
2819,RBM28,ZHX2,SAMD10,RAB12,ST8SIA4,PPM1D,B4GALT4,Y_RNA
2820,NFKB2,ALOX5AP,RBM18,ZNF25,AC093609.1,PAXIP1-AS2,TEX261,ABHD16B
2821,KIN,ZNF230,PARP3,LIPT1,AC010226.4,ITGA6,ALKBH8,MUC20
2822,AFAP1L2,PGBD2,CDIPT,ACVR1C,NRF1,SLC4A10,ZC3H11A,RTEL1-TNFRSF6B
2823,MARS,RP1-111C20.4,GNB4,NOP10,SIPA1L1,FAM118A,GORASP2,RP1-257A7.5
2824,ZMYM4,TBCCD1,OSGIN2,ZNF543,DRG2,OCRL,HDAC3,CIT
2825,ZNF296,SGSH,ASXL1,ARHGAP10,IL1RAP,NUDT22,D2HGDH,MAMSTR
2826,USP25,PTBP3,UBQLN2,ELMSAN1,TDP2,ACP2,SETD2,MCAM
2827,MST4,RAB10,FAM206A,SKIV2L2,DUS1L,SUSD1,RBM47,GAS8
2828,EEA1,NSUN4,ACSL3,CCNB2,SMCO4,DCPS,BCAP29,SPR
2829,MDC1,HSF1,RNF40,ENOSF1,KBTBD4,GNB5,TDRD3,FAM127C
2830,NSMCE4A,S100A13,DVL2,RP11-973H7.4,SERTAD2,FCGR3B,R3HDM2,LINC00656
2831,MTA2,FEM1A,MICAL3,AUP1,SMG6,EIF1AY,MFSD8,LSM11
2832,CCDC58,DGKZ,PRIM1,ZNF483,TNFSF12,RP11-849H4.2,GFM1,ZNF286B
2833,RP11-147L13.2,ARMC6,AC009404.2,ZNF764,CTD-2023M8.1,TAZ,FLT3,RP11-302B13.5
2834,ACSL6,HAAO,TRAP1,CMKLR1,ZNF880,YIF1B,RP11-192H23.4,RP11-225H22.7
2835,HAX1,IVD,GM2A,WDR76,NLRP2,FKBP4,RNASEH1-AS1,SEPP1
2836,ACOT2,HIF1A,GEMIN2,LAGE3,SERP1,UPF1,MSANTD3,LYG1
2837,MSL3,UROD,USP22,STK3,THAP1,ITPRIPL2,SLC6A6,GNMT
2838,BCL2L1,FAM104A,AKT3,RP11-66N24.3,DNAJC15,ZMYM3,FAM120C,SERINC4
2839,DDX28,EIF5B,PMM1,MED6,RPA3-AS1,EPB41L4A-AS1,TFIP11,RP11-830F9.6
2840,GPA33,ZNF618,CLK4,SRCAP,TMEM115,RTP4,TOPBP1,RP11-293A21.1
2841,BIRC2,TIGD5,MEGF9,METAP1D,BDP1,XXbac-BPG181M17.6,BLOC1S6,KNTC1
2842,CAPN15,FAM159A,PRKX,RNF24,DDX3X,JMY,POLR1A,RP4-794H19.1
2843,LINC00852,PTGER4,LYPD3,PDIK1L,DENND3,RP1-90J20.12,COX20,SNORD3A
2844,LINC00339,RPAIN,AC010226.4,SH3BGRL2,HMBOX1,CLCN7,ABCA7,PM20D1
2845,PRKAB1,ADAM28,TIPRL,CFL2,TMCC3,ZNF770,RHEB,ABTB2
2846,USP44,GNS,DNM1L,DHDDS,CENPP,SUOX,DTNA,RP5-930J4.4
2847,ZFAND4,XIAP,ZNF385A,MAN2A1,TMEM175,FCHO1,ERAP2,RP11-166B2.8
2848,MPV17L2,AP1G1,MAPK6,ZNF674-AS1,ZC3H14,IBA57,OGFRL1,RP11-46H11.3
2849,RBX1,PIK3C2A,DHDDS,PXN-AS1,UBE3B,PLEKHO2,AMDHD2,KDELC1
2850,TBC1D31,FAM122A,ABCB4,ENTPD6,TTC21B,P2RX7,ADAM19,CDH1
2851,GM2A,PAPD5,PXK,TTC12,MEIS1,NAB1,BCCIP,CTD-2555C10.3
2852,RNF38,RDH11,CIPC,ZBTB1,BORA,TRIAP1,AC010642.1,ZNF57
2853,KRT18,NOC3L,RPP25L,L3MBTL4,GTF2I,PRPF4B,LPCAT4,LINC00630
2854,ETNK1,CCR1,C12orf73,SLC25A42,HMCES,PPP1R17,CASC3,PLCH2
2855,THEMIS,PLA2G16,LRWD1,TNFRSF1A,DROSHA,ADSSL1,TUBGCP3,DTNA
2856,DOHH,TMEM30A,TWF1,CNST,NCBP2-AS2,EIF4ENIF1,BCKDHA,CTD-2516F10.2
2857,CAMSAP1,RP11-345P4.9,VAT1,LPHN1,H6PD,CEPT1,DOCK2,CSRP2
2858,TIFA,FIP1L1,CEP290,TBC1D14,GTF2F1,CDC123,FAM69A,TEX14
2859,COA3,ABCB7,MAPK7,GEMIN4,AGAP2,GTF3C2,UBALD1,USP54
2860,CCND2,KIAA0226L,APITD1,PLCG1,GCLM,C2orf69,WAPAL,SDS
2861,SKIV2L,SYK,HS3ST1,SDHA,APOBEC3H,PEX6,CDK6,CEP170B
2862,CNOT2,IRF5,ZFAND3,SEC31A,PAM16,HES6,NPLOC4,PYCR1
2863,INSIG1,FNDC3B,LIMS2,ATXN1,MDN1,NID1,ARIH2,CTD-2353F22.1
2864,RBM26-AS1,PRKAB1,CTB-133G6.1,BTBD8,WBP1,TMEM218,CYP4V2,RP11-452H21.4
2865,KLC2,RP11-44N11.2,RP1-197B17.3,GAMT,RP11-319G6.1,ZNF283,DUSP5,CRYGS
2866,CYP2R1,TNNI2,CDK2,CATSPERG,IL12RB1,TGDS,ASCC1,TEX12
2867,ATP13A1,TK2,ADPRH,RPRD1A,NDUFS3,EOMES,PML,TLL2
2868,TXNRD2,DCP1B,ANAPC7,HYOU1,C17orf59,RBMXL1,EML3,CTD-2083E4.6
2869,SLC18B1,E2F3,PRPF6,MBNL1-AS1,ROGDI,PGAM5,PTGER4,AC123768.4
2870,FAM133B,GEMIN8,CENPM,ZBTB43,XRCC5,OSBPL5,DICER1,CTA-445C9.14
2871,ZSWIM6,ACO2,SIPA1L3,ADRB2,RP11-262H14.3,PLVAP,COX17,ABLIM2
2872,PANK3,EPHA1-AS1,PRCD,SLC9A7,BRI3BP,MAGEH1,ST3GAL1,CTD-3064H18.1
2873,CENPB,NUDT15,TP53I11,MED8,ZKSCAN2,NOXA1,PPP3CC,CELSR2
2874,C14orf182,TRAPPC9,TOLLIP-AS1,SRD5A1,ABCD1,ZDHHC13,TBC1D9,RP11-571M6.7
2875,POGK,ZNF808,GPR160,TP53,ZNF30,PELO,POGK,RP6-206I17.2
2876,UBE2O,ADAM8,MRPS9,RP11-318E3.9,ERGIC2,DPEP2,YPEL2,RBFOX2
2877,SSR1,GMIP,PITRM1,CCR2,TNPO3,SENP5,F11R,RP5-1157M23.2
2878,SPSB2,RHBDD3,SETDB2,IL23R,FAM76B,ELMO2,BEND5,AC083843.2
2879,MYEOV2,SPOP,RP11-588G21.2,PHF12,NDUFA3,NDUFS3,ELF1,TMEM136
2880,TIMM22,LINC00426,NBPF10,METRN,AREG,SHISA4,KB-1208A12.3,CTH
2881,AAED1,ACTA2,GPATCH8,STX10,ACAP2,KCTD6,HCG11,ZNF492
2882,SETD5-AS1,OAS3,RPP40,TBC1D19,RAP2B,KBTBD8,ECE1,ECT2
2883,RP11-298J20.3,ST3GAL5,PSTK,LARP1B,BRE,FKRP,ELK3,RP11-106M3.3
2884,MAX,TMEM44-AS1,LAX1,ANKRD9,MTRF1,MTMR10,CENPN,RP11-96D1.11
2885,BUD13,TBL1X,GCFC2,AGO1,TSTD2,NF2,NEDD1,KHDRBS2
2886,ETS1,SAR1A,RP11-464F9.20,TIMM44,CCDC91,RBM38,TRIP11,CTD-2215E18.1
2887,ALDH6A1,CHCHD7,UAP1,LMO2,NCLN,MAML1,ETV5,TMPRSS13
2888,SNRPE,ZNF134,GS1-251I9.4,ATP5L2,TIMM8A,U2SURP,SH2D1B,TRIM61
2889,FAM21C,ENDOD1,PXMP2,RP11-468E2.5,CCDC152,ARHGAP4,TMEM243,CUBN
2890,GRAMD3,SNX29P2,DEAF1,PUM1,RP5-1050D4.3,KIAA1841,TIAM1,RP4-789D17.5
2891,GEMIN2,GPN3,CCNK,BRAF,ZNF814,RP5-1043L13.1,UTF1,DAB1
2892,RP1-29C18.10,CEMP1,EML6,ZMAT3,TSHZ1,SH3TC1,LMBRD2,AP006222.2
2893,RAB3A,FGD4,CAB39,RP11-305L7.1,MAGT1,TLR8,TADA2A,CTD-2086O20.3
2894,PRKAG2,VPS13C,TMEM19,PEMT,MPC1,SLC25A1,RAD21,RP5-940J5.6
2895,PSIP1,MROH1,HRK,NACA,MST4,IDE,GSTM4,PFKFB2
2896,IMPA2,TMEM223,NDUFAF2,PTPN18,EPC2,XYLT1,CMC2,KLHDC9
2897,DYRK1B,SLC27A5,FAM63B,TRDMT1,RP11-1407O15.2,PRSS53,RP11-1398P2.1,CTD-2201I18.1
2898,IDUA,PTGS1,DPYSL2,AC069363.1,CLPB,ZFYVE21,MDP1,ENAH
2899,GNAI2,OPA3,RBM48,MGAT1,C8orf76,YWHAG,KPNA3,EIF4EBP3
2900,GCNT2,ETS1,BCCIP,RAB40B,STXBP4,NT5DC1,SLC46A3,ANKRD18B
2901,CD200R1,UPRT,SUPV3L1,SURF6,CHTOP,INTS1,PICK1,MXRA8
2902,SLC35A1,ATHL1,MYO7B,KANSL1L,ZNF430,IRS2,UGCG,FAM83G
2903,ESYT1,RFC5,GFM2,PCED1A,PLXDC1,ANXA7,MAP2K1,KLHL11
2904,SACM1L,LATS2,DCAF10,PSMB4,ZNF721,GALNS,TXNDC11,S100A5
2905,NCOA4,DDI2,TOP3B,FASTKD2,TOX4,EXO5,PIGB,ZSCAN31
2906,HECTD3,LZIC,LINC-PINT,MCCC2,REXO1,FECH,MLYCD,PHLDB1
2907,FCGR2A,PHLDA2,AIG1,CTNNAL1,GLCCI1,TRMT10A,DHX58,HKDC1
2908,RP5-827C21.4,AGPS,ARMC1,FANCI,C6orf48,EMG1,FAM118B,MAP3K14-AS1
2909,CACNA1I,TMEM161B,TCTN3,ATL3,KIF2A,CCDC34,SIAH2,SLC2A1-AS1
2910,POLB,CSE1L,IRF4,C16orf46,TFAM,HPRT1,PRKAR1A,DCHS1
2911,FZD3,CDKN2A,EBP,RP11-649E7.5,CXCR1,NSUN7,POMC,WNK3
2912,MTX3,RABL5,FAM115A,MAPRE3,KIFAP3,BCORL1,CSRP2,PGBD3
2913,SMARCC1,SMC2,ARMCX2,GPI,MPI,TRIM41,BBS12,PKD2L1
2914,SLC2A1-AS1,ESRRA,ATF6,HTRA2,MIS18BP1,METTL4,LINC-PINT,RP13-131K19.6
2915,TECPR1,SMNDC1,NR4A1,MIR4519,MYH11,MEF2D,PRKD3,RP1-140A9.1
2916,TMEM64,EIF3E,GIT1,NUDT8,RAE1,CEP192,DEDD,CLECL1
2917,ANKRD28,BRWD3,VRK2,CBY1,LRRC61,ZNF714,TRAPPC5,CHRNA1
2918,BEX2,CCL2,ZNF566,IPP,EFHC2,TRIOBP,ZMYND8,ERMN
2919,RPUSD1,YY1AP1,AEBP1,CSPP1,KCNA3,IRF7,PNKD,RP11-656D10.3
2920,SPATA13,CDK7,RMDN2,TRIM5,SIN3A,CYP2S1,LRRC48,C9orf47
2921,INPP1,KDM2B,FBXO33,RP11-138A9.1,FICD,ACBD6,TAB1,VWDE
2922,UQCRC1,R3HDM1,FAM63A,ZNF841,C16orf87,EIF1AX,TSPYL5,PLGLB1
2923,RP11-861A13.4,FAM63A,COG1,SLC39A7,IRAK2,B4GALT1,FCRL5,PRDM11
2924,MEGF9,TET2,CUL1,PAG1,AC013264.2,RP5-899E9.1,CCNT2,MIR3615
2925,ANP32E,AFTPH,MTX2,ARIH2,DGCR2,ADPRHL2,MYO15B,RNF175
2926,SMC4,MON1B,PPRC1,NAT10,RIPK2,TUFM,STX18,C1orf213
2927,AC009120.10,ADCK5,MANEA,ABCB10,PDCD4,SRC,TTTY14,TLR9
2928,TOMM22,PLCXD1,PDSS2,MPPE1,DGCR6,SNIP1,RPUSD1,AC009501.4
2929,SUGP2,RP11-428J1.5,DPY19L3,DNAJC27-AS1,PRPF18,PRPF40A,ADPRH,CRB1
2930,NABP1,REXO1,PSMF1,CASC3,RP11-407G23.3,PRRT3,CTD-2086O20.3,SCGB1B2P
2931,ZNF823,TIMMDC1,COX17,TMEM138,APOOL,NUDT5,CHCHD10,CNKSR2
2932,RP3-475N16.1,GTPBP8,TSPAN31,RP11-542M13.3,DGCR8,MGME1,RP11-1407O15.2,CCL3L1
2933,RXRB,NDUFC1,HACL1,LACTB2,IFIT2,ARL5B,DEAF1,C9orf147
2934,HEXDC,NEK6,AAMDC,SHC1,DOHH,TMEM97,ADCY3,CTD-2135D7.5
2935,ZNF37A,DVL3,WDR45,ALDOC,KIAA1328,AIDA,SEPSECS,AP000254.8
2936,ERCC5,OBFC1,MAP3K3,SNX6,CHMP1A,RPRD2,NCKIPSD,HIST2H2BF
2937,RCN3,SKP1,NELFE,MAMDC4,FUBP1,ST3GAL6,BET1,HPD
2938,VAV1,DCAF12,PPP1R16A,PHF7,STK25,ATXN1,SMAD7,LINC00562
2939,TMED3,SH3GLB2,UNG,CCDC25,ATG4B,PFDN1,RP13-516M14.4,RP11-46A10.5
2940,ATAD3A,DDX39B,SLC2A11,PAK1IP1,TMEM79,CARD9,RP11-274B18.2,RP11-227D13.4
2941,P4HTM,RP11-1191J2.5,PRRC1,TRIM56,BANP,TREM1,PCGF3,NRCAM
2942,RIC8B,CHST15,MST4,ZBED6,EGLN2,TARBP2,MAPK8IP3,ANKRD50
2943,GCLC,TSFM,NOMO1,CRYZL1,ZMYND10,COL19A1,FAM49A,RP11-206L10.2
2944,SKAP1,ANO10,KCNH8,SLC43A1,C7orf26,TCHP,PRRC2B,AC006129.1
2945,ALDH2,USP30,FZR1,ERLIN2,DAPK1,PPP1R10,CTSO,CPA5
2946,MSRB2,AP003774.6,KBTBD8,BDP1,DYRK1B,SPATA6,MRPL36,SH3D21
2947,MIS18BP1,MXI1,PPM1B,DYNLT3,IMMP1L,ATF7,CDH26,TNFRSF21
2948,NPEPPS,MFSD3,BSPRY,ALDH5A1,E4F1,CBFB,TTC31,C1QTNF4
2949,SLC35E1,RAI1,CCNC,ABCD2,AL590452.1,TARSL2,PPP1CB,PPP1R32
2950,HSCB,KAT7,ZNF160,ACAP2,PRKCD,SAAL1,BEND2,CTD-2540F13.2
2951,MZT1,ZNF133,YEATS2,POLA2,CHERP,RETSAT,ZNF276,SERPINB2
2952,INPP5K,MOCS2,RP5-1007M22.2,APOO,PARD6A,ZNF430,FKTN,RP1-100J12.1
2953,BBX,TAF6,C16orf80,TRIM25,FGFBP3,FCHSD1,PNPLA4,HSF5
2954,SMIM8,SEPT11,POLK,MAP4,CPSF3,LINC00106,TESPA1,AL020996.1
2955,TXNDC11,PRRC2A,RAB30-AS1,SYT5,FUT4,PIN4,APOBR,RP11-379F4.9
2956,KHSRP,CSNK1G2,SLFN13,AC005253.2,GATSL3,WIZ,C5orf66,CTD-2227I18.1
2957,RP11-326C3.11,TGFB3,IMMT,CCDC93,PHIP,RP11-428G5.5,NDUFB9,OXT
2958,GOLGA2,PDE4B,RAB1B,ZNF710,USE1,RALBP1,YTHDF3-AS1,RP1-223E5.4
2959,ENOPH1,CLPTM1L,EEF1E1,C1orf54,RP3-467K16.4,ERCC1,RNF141,CTD-2017C7.1
2960,LRRC56,EIF2AK4,C5orf63,ABCC5,RP11-254F7.2,TRNAU1AP,C4orf36,FAM106A
2961,ERO1L,AC005523.2,KIAA0947,RP3-477O4.14,CTD-2521M24.9,TMEM70,BCAT2,RP11-863K10.7
2962,ANKRD36,PPID,CYP4V2,TMEM191C,SIK1,DUS2,WDR55,HIST1H2BH
2963,DNAJB12,TVP23B,RPA3-AS1,CDKN1A,ITFG1,CNOT8,NFKBIB,CTD-2023M8.1
2964,FAM104B,NUSAP1,RP11-147L13.2,ATG10,UBXN2B,PGRMC2,NOTCH4,PIFO
2965,TTC27,LRRC29,CYLD,RP11-339B21.11,C12orf73,CEP57L1,C7orf13,RNF32
2966,FBLN5,EXOC2,QTRT1,AIMP2,ITGAL,EXOSC1,KIF9,FOXN3-AS1
2967,HCK,TCERG1,PIH1D1,RP11-383H13.1,APOLD1,LBX2-AS1,EIF2D,RP11-529K1.4
2968,AFMID,RP11-326K13.4,EBI3,ISG20L2,SCLT1,PTS,SLC25A46,EHHADH
2969,GMIP,MBNL3,CEP95,ZNF107,LINC00174,AP4E1,CS,DSCC1
2970,STMN3,MMS19,MSH6,KTI12,BCL2A1,DNM2,ZCWPW1,BDNF-AS
2971,ATP11C,SH3BGRL,DHTKD1,MARCH5,SMNDC1,PCCB,TMEM170B,INHBA-AS1
2972,VAMP1,CCDC127,TXNL4A,RP5-1068E13.7,TRIM66,SLC35G1,NGFRAP1,DYX1C1
2973,RAD1,DNAJB4,ADARB1,SLC4A2,TLE3,TRAPPC1,FUT4,RP11-930P14.2
2974,MFN1,RNF144A,UBR3,GUCY1B3,AHSA2,NOP16,CCDC57,RP1-261D10.2
2975,DNASE2,WBP1L,CBFA2T2,KCNE3,RNF7,RSBN1L-AS1,RP11-79P5.9,CTB-91J4.1
2976,PDHA1,CTSB,EXOC6B,HDGFRP2,C5orf45,MICAL1,TRPV2,ZBED3
2977,C9orf156,TIPARP,DGCR2,IPO13,ZNF92,COMMD10,C10orf91,RP11-274B21.10
2978,TADA2B,ARL11,HLCS,CUL9,PRIM1,IL15RA,SLC25A30,DLL3
2979,PIGV,NAA20,CDK16,TMEM185B,RP11-603J24.5,RP11-319G6.1,PHC2,RP11-707G14.1
2980,NCLN,MTX2,MOSPD1,CYB5D2,UCKL1,PLD4,IFIT1,ITPKB-AS1
2981,SLC12A6,C12orf44,WDR89,ALG8,COMMD8,RP13-582O9.7,RP11-598F7.3,OVCH1-AS1
2982,NDUFA13,FCGR2A,SLC6A16,C11orf84,ZNF415,KIF23,CD300LB,CYP2J2
2983,F5,SNX18,HBEGF,ACIN1,PABPN1,NCKAP5L,KLHL42,ABCA1
2984,GNA15,KATNA1,SPESP1,RP11-362F19.1,NME8,SGMS1,FBXL3,RP11-661A12.14
2985,TTC9C,TBCE,ZNF138,ELF1,SPSB3,ZNFX1,LILRA2,WNT10B
2986,DOCK9,HSD17B12,TMEM128,FBXO28,TBRG1,KHNYN,CWC15,RP11-138I18.2
2987,NKD1,MTMR4,ARL2,SOX13,GALNT11,C17orf85,TNFAIP8L2,CABP4
2988,TEX10,PSMD14,TRAPPC5,XPO6,HCG14,NPHP3,NOL6,CTD-2006K23.2
2989,DCTN2,SLC39A7,EXOC5,CLPX,POLL,SMIM14,ADCK1,RP11-318A15.2
2990,SEC16A,ARF3,TCL1B,LLPH,GPS1,C1RL,NUDT14,CTD-3065J16.9
2991,GLUL,RP11-395A13.2,POLDIP3,DNAJB6,ELF4,IGHMBP2,DLAT,CASS4
2992,LOXL1-AS1,GORAB,FOXP4,SLC50A1,MPZ,GDAP2,GYPC,ADAM22
2993,FAM193A,IRF2BPL,HYLS1,CDK11B,STAMBPL1,MFHAS1,OTUB1,LINGO3
2994,RP3-402G11.26,SLC25A25,RNF34,EPS15L1,POLR1C,TFB2M,SPTSSA,AC013449.1
2995,AP000769.7,C18orf21,METTL5,MTM1,COX5A,CCNG1,ZC3H14,RP11-98D18.3
2996,JAK2,SYVN1,MAD2L1BP,GOLGA8B,B3GNT2,TRIP11,METTL3,SSC5D
2997,PGAM5,C8orf59,DHX15,ACTA2,PNRC2,MRPL35,TTC26,RP11-20B24.5
2998,SKI,TTI2,NAPB,MTG1,FAM193A,KLHL28,RP11-11N9.4,TLR3
2999,RRM1,C15orf48,RYK,TUBGCP5,SKIV2L,TMEM181,ZNF451,RP11-356C4.3
3000,NAP1L2,XRCC6,ZNF302,WIPF2,ZSCAN30,DMTF1,ST3GAL2,RP11-996F15.2
3001,GCA,NSFL1C,UBA2,ZNF516,GPR132,C8orf76,ATG10,IL1RL2
3002,AMFR,PEX19,TULP3,TMEM194B,UFL1,ZNF189,CWC27,RP11-379K17.12
3003,ZC3H12D,FAM35A,KIF20B,FPGS,DENND5A,DPAGT1,RP11-159D12.5,RP11-442N24__B.1
3004,LAPTM4B,GARS,TMEM170A,RP11-175O19.4,TUBB,TIMM17B,RP11-446E9.2,RP11-441O15.3
3005,ATP6V0A2,BTAF1,URB1,RP11-154J22.1,ATXN7L1,PLA2G15,AGO2,TNFRSF11A
3006,PRELID2,NADSYN1,SMN1,SLC38A6,GATA3,RP11-728F11.4,SNHG12,JMJD7-PLA2G4B
3007,GTF2IRD2B,PITPNC1,YIPF3,GPATCH1,PNN,CTTNBP2NL,UBE3C,RP11-641A6.2
3008,AP1G2,GLT8D1,HMGXB3,ZNF540,ADAT2,PLTP,AGO4,FAM167A
3009,HPCAL4,MTMR6,VPS13B,AQP10,CARF,ARL6,SLC45A1,RP11-656E20.5
3010,RP11-326I11.3,DYRK2,C1orf27,SHMT2,LTA,GLS,SENP3,CCDC78
3011,PSMD5,L2HGDH,CREBZF,RP11-798G7.6,ACAD9,CSTF2T,USP5,RP11-46D6.1
3012,TRAF3IP1,KCTD1,BICD1,HNRNPH3,SPG20,GORASP2,N4BP1,RP13-317D12.3
3013,LCLAT1,TMEM116,SIAH1,UHMK1,RP11-63P12.6,INTS3,MRPS15,ZNF415
3014,TSR1,SRGAP2,CTB-55O6.12,WAS,SDE2,PTGDR2,ZNF503,CTD-3203P2.2
3015,P2RY12,CMTM7,MOAP1,AHCY,CENPQ,SAMD4A,GRB2,LINC00511
3016,ABI2,LY9,ELMOD3,BCL3,ZNF7,GSTM1,CRK,HSPG2
3017,GK,GDPD3,RBPJ,SCYL2,PTCD1,DBF4B,NPTN,AC195454.1
3018,AGMAT,ZNF282,RHOBTB2,CDKN3,RUNDC1,ARHGEF12,RETN,PIWIL1
3019,SLC11A1,SRBD1,TRIB1,VAC14,GOSR1,NUP188,PDE4A,CTD-2410N18.3
3020,BICD2,TAB2,TRPT1,TSR3,LINC00843,NDUFA4,TTN,AP003774.4
3021,RP11-372K14.2,RP11-398C13.6,ZC3H11A,CEP89,ERBB2,KPNA3,PDE4DIP,CTD-2350C19.2
3022,KMO,PPP2R2A,RREB1,VPS26A,SMARCAL1,CEACAM1,SETD1A,RP11-36B15.1
3023,NCSTN,TXN,RP11-166O4.6,KPNA1,NCBP2,EIF2S3,ZBTB40,TMEM144
3024,FOXP3,LINC00886,MEPCE,TMEM8B,G6PD,ITGA4,PDGFC,DCUN1D3
3025,ZCWPW1,RP11-473I1.5,OSBPL1A,HIATL1,FBXL18,RNF146,CDPF1,PHLPP1
3026,ZNF664,YARS2,GORAB,SPRY1,NT5M,TMTC1,DLGAP3,TAS2R30
3027,PRRC2A,EHMT2,PRC1,CD46,RAB5A,CCDC152,RP11-147L13.2,RP3-380B8.4
3028,AFG3L2,ZNF681,FBXL4,UBL5,MGRN1,RARS2,N4BP2L1,RP1-317E23.3
3029,MICA,ACTR6,UBE3C,TRUB2,ACOT9,SUV39H1,GCSH,SORBS1
3030,ZNF707,TSPYL4,UTY,UNC45B,TAOK3,TSSK6,ZNF562,MXRA7
3031,TRAF2,RAB37,MB21D1,KDM5C,C16orf98,COQ5,XXbac-B135H6.18,DNAJC5B
3032,H1FX,NDEL1,PSMB4,SIGIRR,FAM208A,G6PC3,LUC7L3,LRP12
3033,CNTD1,GLRX2,JMJD6,THAP9-AS1,DYNC2H1,SNX8,RMI1,RP5-1057J7.6
3034,ARHGAP5-AS1,FIGNL1,ZDHHC9,PFKL,ACBD4,IMMT,WDR4,CCNT2-AS1
3035,SLC22A5,WASH4P,FAM127A,GTF2B,FITM2,CUL3,SCARB2,C5
3036,PAGE5,C6orf211,SMIM20,MCC,UVRAG,RB1,FAM220A,DPY19L2
3037,CCT6B,UBE2J1,FAM46A,DESI2,SS18L2,TWF2,TAF3,SPATA21
3038,CDK9,COLGALT1,MRVI1-AS1,AC097713.4,PYROXD1,DENND5B,KLF16,TGFBR3L
3039,MED22,TMCO1,TGFBR2,SLC25A51,NSUN3,REV3L,KIAA0196,PLEKHM3
3040,DUSP4,CETN2,MED8,CLMN,ENPP4,CCDC30,PPM1F,ADORA2B
3041,NDUFC1,MTF2,C22orf39,ANKRD13A,PIP5K1C,JOSD2,ZNF775,AP001046.6
3042,SH3GL1,PICALM,KRTAP5-AS1,IRF3,CTD-2302E22.4,ANKRD18A,MRPL10,ZNF223-1
3043,SPATS2L,SLC22A15,OAZ2,TRIM47,APOL2,RP11-134P9.3,ZNF879,SCRG1
3044,PDSS2,SORD,RP11-111M22.3,ZC3HC1,CSRNP2,CCDC65,CIDEB,GRB10
3045,DCP1A,MTOR,RP11-773D16.1,HSPBAP1,KLF3,RP11-425D10.10,RCBTB1,RP11-713P17.3
3046,GNA12,ABCC10,SPATS2,LRRC37B,COG4,EIF2B2,KIAA0825,FAM178B
3047,SYCE1L,TTL,MAPK13,DNAAF2,ICT1,RP11-261C10.3,PNMA5,CALCRL
3048,KCTD11,PEAK1,TMEM106A,COA5,DHCR7,NSDHL,MAGED1,PPM1J
3049,UBE2F,ABL1,GOLGA4,PUS1,CWF19L1,OXLD1,GS1-124K5.11,RP11-666A1.5
3050,KCTD9,DNAJC13,RP11-660L16.2,CCDC51,PMM1,METTL8,CMIP,RP11-803B1.8
3051,BRD3,C18orf25,HDAC5,NME1-NME2,SLC4A10,ACOT13,PZP,AC145110.1
3052,PHF2,SLC18B1,C9orf116,C17orf75,USP18,CENPQ,TMEM14C,ATP2A1
3053,TIMM8B,SEC24C,GSAP,KIAA0753,MRPL19,TMEM9,CHD9,GPR124
3054,PQLC3,ZNF586,RP11-108P20.1,ZNF593,PROCA1,INTS4,NUP93,ZFP28
3055,CHTOP,COPG2,DNAJA2,LRCH3,ZNF274,MAP3K6,RPS6KB1,RP11-15A1.7
3056,HIST1H4K,SETDB2,LIPE-AS1,TRIM59,SLC25A12,MSL3,SMPD2,HSPB9
3057,ZCCHC14,ZNF76,SPINK2,CLCF1,DERL3,AL133245.2,AC000003.2,ZNF763
3058,UIMC1,CBFA2T3,ALAD,SQSTM1,DCAF7,ATG12,PLEKHA8,RP1-224A6.3
3059,SGOL2,PTPLAD1,S100A13,WDYHV1,DLGAP3,PARP16,AMFR,C14orf132
3060,WDFY4,EFCAB4B,TMEM251,BLOC1S3,ZNF398,TDRD7,RP11-820I16.4,C14orf79
3061,IL10RB,KIAA1432,ZNF670,PTCH1,CCT5,TMEM5,CXCL16,RP11-381K20.2
3062,SMPD3,ZCCHC7,AKAP7,TRIM7,PIAS1,TRAK2,ZDHHC6,LINC00304
3063,RPS10P7,IMPACT,MAP2K2,ACTG1,CREG1,TET3,FAM214B,RP11-782C8.1
3064,TMEM229B,C12orf76,PHYKPL,CLEC7A,HDAC7,ZNF710,NT5DC2,ASMTL-AS1
3065,RNF141,GBP1,GSTA4,SLC26A2,INPP5F,GPSM2,MTHFD1,LZTS1
3066,TMEM199,MMGT1,CLASRP,TULP3,ALOX5,NBPF10,NFKB1,RP11-66B24.2
3067,RP11-252A24.7,EPS15,SLC45A1,LIPE-AS1,CDKAL1,ANKLE2,MID1IP1,AC104655.3
3068,RFX1,MYO9A,CTC-503J8.6,UBOX5,GPANK1,STRBP,AIG1,RP5-1112D6.4
3069,CNOT6,RASSF3,ENY2,MFSD11,GTF3C5,RBBP7,PBDC1,PARM1
3070,BARD1,CTD-2192J16.22,ZCCHC6,SPATS2L,MRPL16,ACLY,SCRIB,AC007285.6
3071,CCDC101,NUBPL,MAP4K5,CATSPER2,ZNF438,TRMT44,ARHGAP22,MRPL30
3072,RP11-467D6.1,DALRD3,NAGA,PALB2,ESYT2,POT1,TBX19,BMPR1A
3073,COX15,STARD3NL,CNOT1,TLDC1,MKNK2,BRI3BP,ALDH18A1,ARSE
3074,TERF1,ZNF606,CHIC1,CASP1,ABHD5,FAM193B,TMEM180,MTSS1L
3075,RPS6KB2,DDX24,QPCT,GADD45G,MAN1A2,PRICKLE3,SNORD3B-1,ZNF547
3076,RNASEH2B,CAT,ZDHHC4,UBE2J2,ZNF675,APEX2,SMUG1,C5orf54
3077,TMEM65,GAB1,WDPCP,ELOVL6,CASP9,FBXO18,LINC01004,RP11-580I16.2
3078,C2orf76,SPATA20,KATNBL1,KIAA1407,TIPARP-AS1,GALNT11,TMOD3,CTD-2571L23.8
3079,WHSC1,NFU1,HERC2,COPRS,DPH7,CEP135,TRADD,RP11-566K11.5
3080,SLC39A1,FAM46C,CLIP1,PPP6R2,EMC9,CHN2,SAFB,NPIPB3
3081,FKBP14,NUFIP2,RNF169,DKK3,GRN,FAM72A,LHFP,KCNH3
3082,FAM126B,FHIT,RP11-4F5.2,RTN4R,AC016629.8,NQO1,FGFR1,CKM
3083,AC040977.1,ZC2HC1A,GABPB1,CCDC41,SOWAHD,MBD1,ATXN2L,MFSD2B
3084,COASY,TARS2,SNX16,MRPL52,TM6SF1,AP3M1,AZIN1,ZNF300
3085,GTPBP10,RBM22,ZFYVE21,AP1S3,RNASEL,RP11-154J22.1,BCAS3,RP11-216B9.6
3086,RP11-229P13.20,AP1S3,TPCN2,UTP14C,C3orf38,TBC1D14,ERMARD,USP12-AS2
3087,HIVEP3,SKIL,TMEM38B,HMGXB3,LCAT,LPGAT1,FAM91A1,SPIRE1
3088,STXBP5,FAM118B,ZNF626,ALKBH4,CMPK1,PPARGC1B,NPIPB5,RP11-91G21.1
3089,CD300LF,NUDT21,INTS2,RBX1,PINK1-AS,B3GNT8,GMPS,RP11-558F24.4
3090,CXCL16,AC007036.6,ORC3,MGME1,RANBP1,YRDC,ZNF613,RILPL1
3091,ZNF398,VEZT,PKHD1L1,AP3M1,NOL10,SDR42E2,RP3-510H16.3,PRR7-AS1
3092,TMEM106A,AC120194.1,ZNF576,VSIG1,MYSM1,CLN6,LMO4,AC107081.5
3093,TIMM50,RP11-815J21.2,SIAE,SLC39A6,FIP1L1,CCDC24,MFSD2A,CTD-2666L21.1
3094,CFH,BRD9,MLKL,AGK,C17orf49,CEP97,MAP3K3,LINC01119
3095,ZNF280D,ZNF337,EXOSC4,SLC12A9,GCC1,PGPEP1,POLR1C,RP5-1043L13.1
3096,SLC25A1,FASTKD5,ZNF813,GPR124,TMEM167A,SRSF10-1,DYRK1A,RP11-17M16.1
3097,SLC35A3,ZNF865,FER,ACSS2,RP11-660L16.2,FOXN3,EP300,CLDN12
3098,SULT1A1,THADA,TIMM21,ZBTB21,TMEM97,ARMC6,FAHD1,PRR22
3099,C1orf159,FAM102B,TOM1L2,MAP3K6,MTX1,ZNF880,CTD-2341M24.1,RP11-692D12.1
3100,ELF1,RASSF4,MSANTD2,NRDE2,POLR3F,NFE2L2,IL1R2,RP11-134G8.7
3101,DDX11-AS1,SEC11C,FANCA,ARID2,HS1BP3,HK3,AC009005.2,RP11-791G15.2
3102,KLF5,HDGFRP3,PITPNA,SAP30L,DCTN4,BATF3,SSR2,TMOD1
3103,ANKRD34A,TFPT,PPTC7,C19orf40,DDX60L,REEP4,PAPSS2,RP11-89K10.1
3104,NBPF14,LBR,C12orf66,NHLRC3,BIN3,ZNF747,LINC00665,RP11-342I1.2
3105,NARS2,MAP3K5,RBM10,HCG11,UGP2,ATIC,CASC4,LINC01063
3106,RP11-589P10.5,GPX3,KPNA5,KIF21A,SAMD8,PCYOX1,AC147651.4,ARHGAP42
3107,LRWD1,KANSL1-AS1,ZBTB38,CA13,OSBPL5,STAG3,TP53I11,FAM92A1
3108,UPF1,CPOX,VAV2,ZNF646,ZFY,BAG3,BTN2A2,DACT1
3109,MKL1,HGF,POC1B,DAPK3,G2E3,KLHL17,FAM104B,AC004381.6
3110,STRN4,ERCC4,LINC00342,SMG1,RRP7A,GOLGA5,KCTD2,INTU
3111,ARL2BP,UTP14C,PLCB2,WWP1,RP11-220I1.1,C6orf106,CDC42EP4,PSD
3112,PHB2,BABAM1,NFKBIE,RP1-111C20.4,SMIM13,CCR7,REXO1,SNX33
3113,RP5-1073O3.7,STK38,TICAM1,GTPBP2,SGPP1,TBC1D8,RP11-386I14.4,KIAA0895L
3114,FAM228B,LACC1,PIN1,E2F3,APC,REEP5,PARVB,PPP2R3A
3115,SH3D19,PCF11,LRRC47,GCN1L1,MZF1,PARP10,ATF7,TNKS1BP1
3116,CUL5,RNF145,PDCD2L,PAFAH2,TXLNG,DMD,FGD5-AS1,CLCN4
3117,ARL4D,PARP11,SKP2,PRKCZ,SUSD1,RP11-381K20.2,DCLRE1B,RP11-421M1.8
3118,BRD2,FAF1,ZNF136,ASCC1,CLCN3,ATXN2,RNASEL,RP11-439L18.2
3119,MRPL44,MRPL18,UXT,PCYT1A,ATP6V1G1,TRA2A,CTU1,KCNH2
3120,ZNF692,ZNF322,EXOC1,PLAA,TMEM134,RP11-206L10.9,ZNF785,COL4A3
3121,KCTD5,RP11-390E23.6,INTS4,ACSL4,RP11-356I2.4,ACD,TMEM63B,RP11-16N11.2
3122,RIF1,IL17RC,KLHL14,LZTS1,CDC23,CD5,C3orf62,FAM47E-STBD1-1
3123,TTC31,CWF19L1,ARFGEF1,UBE3D,ATG13,TCERG1,SLC22A4,LINC00968
3124,ZNF766,MYL6B,RP11-258F1.1,FAM214A,FAM172A,STRIP1,MRAS,ZBTB39
3125,ABHD11,LRRK2,FZD6,RP11-85F14.5,FAM220A,MAK16,RP11-58E21.3,PTK7
3126,RBM33,TMEM55B,TMEM241,SMIM14,CGGBP1,DHRS9,TRAPPC8,KRTAP5-AS1
3127,NHEJ1,PRKAG2,MMP17,HIST4H4,LRPAP1,ODF2,CCNK,SGMS2
3128,CTSZ,POM121C,CLEC17A,APBA3,RRP1B,CXCR5,STRADB,RP5-899E9.1
3129,OCEL1,DENND6A,ZNF707,FLYWCH2,SLCO4C1,MBNL2,JDP2,C22orf43
3130,POMT1,PRKCQ,ZCWPW1,RRAS,ZEB1,LRRC69,NDUFS1,CTC-338M12.6
3131,LINC01011,FRMD4B,C8orf82,MRPS17-1,MTHFS,RABGAP1,TSNARE1,PRKAR2A-AS1
3132,NVL,FANCI,TXLNG,PEAK1,RCC1,PTOV1,ITGAE,C9orf169
3133,LMNB1,DNAJC25,RAPGEF2,PCF11,ANKMY1,CTDSPL,ZNF609,AC129492.6
3134,HMG20A,NDUFAF3,RP11-110G21.1,NUS1,SETDB1,LYPD3,FTSJ3,RP13-314C10.5
3135,RAPGEF1,ALDH9A1,CDKL3,FTX,C21orf2,NDC1,MUC12,RASSF6
3136,ZNF611,EIF2D,TRAF3IP2,TUBB2A,CD151,PIN1,C4orf46,XXbac-B476C20.9
3137,CRCP,BRIX1,RP11-658F2.8,SLC35G2,ZNF784,ZNF701,LMO7,POLN
3138,SPAG16,TCEAL4,FADS3,RALGDS,AC016586.1,ZDHHC4,RBCK1,ZNF70
3139,STK33,TNFAIP2,SPTLC2,NADK,ZNF565,COMMD2,AC008964.1,SLC4A5
3140,GPHN,UBR1,BCL2,PRR5L,VAMP1,FAM133B,CCDC96,C6orf229
3141,DTD2,C16orf93,WDR86,KRTCAP2,HSPA9,POLR1E,DMTF1,CLTCL1
3142,AC074138.3,ARHGAP32,AGK,SCRN1,SLC1A7,FAM211A,ZNF710,OMG
3143,NCF4,NCLN,PUSL1,TLCD1,SYK,TOB2,ZNF749,NPIPB6
3144,COG2,DDX26B,SDHAF1,TLR2,ZCCHC8,MED27,ADAMTSL4,LTB4R2-1
3145,MYOM2,CCSER2,ZDHHC14,STYXL1,TPCN1,LINC00339,PLK2,DLC1
3146,PRDM1,PAFAH2,MAX,SWSAP1,TMEM209,DHX8,UBE2B,CTC-428G20.3
3147,RGMB,KRIT1,FADS2,PPOX,SH3PXD2A,ABHD1,LOXL1-AS1,RP11-336K24.12
3148,AC004854.4,GIT1,B3GALNT1,RP5-1125A11.1,HEATR2,PARP8,ARHGAP35,UNC45B
3149,SLC23A2,NCOA2,PHC3,WDFY1,DYM,ZC3H18,TFRC,YOD1
3150,RNF138,MSH3,HIST1H2AC,KRBA2,C6orf136,METTL16,CLYBL,BOP1
3151,ZBTB6,CDYL2,ERMARD,TCOF1,DDX46,GAS6,ZNF576,LINC00880
3152,PPP1R9B,RP11-305L7.7,PABPC1L,STX7,S1PR1,FAM134B,LIX1L,PADI2
3153,SP4,FANK1,KIF5C,AMT,ANTXR2,SLC38A5,AC079922.3,NXPH4
3154,C17orf85,C5orf45,PILRA,FBXW2,RP11-500C11.3,ARRB1,ZNF587,AC068580.6
3155,CDK11A,RP11-327P2.5,TAPT1-AS1,AC023490.1,ABHD8,RAPGEF6,CD200R1,ZBTB42
3156,DSEL,PQLC1,ATXN1L,FIZ1,ARFGEF2,GFRA2,RAB34,CDK1
3157,RP1-197B17.3,ZC3H3,SLC35B3,NUMA1,FADS1,LPP-AS2,ZSCAN30,BTBD3
3158,TRMT6,HNRNPH3,NXPH4,YLPM1,ZNF91,MRPS24,USP31,TULP2
3159,TMPO,IL13RA1,SNAPC2,RBM10,IVNS1ABP,RP11-661A12.7,S100A13,CLIC5
3160,SLC10A7,ELOVL1,INHBA-AS1,CTC-241F20.3,NFIC,PAAF1,PEX10,AC073115.7
3161,ZNF606,SOCS6,TMEM186,INPP5E,PDCD11,ZNF846,PCK2,C10ORF68
3162,NDRG2,RP11-490O6.2,MYBL1,EPHX2,ERAP2,CTD-2538C1.2,SMARCAD1,EML5
3163,CTC-301O7.4,CCDC125,AC145110.1,CENPK,EIF4E2,LRPAP1,NFIX,CTB-129O4.1
3164,MOCS2,USPL1,NONO,RP11-265P11.2,ASTE1,RPS8,PAK1IP1,RP11-513M16.8
3165,PRPF31,ADAT3,DICER1-AS1,ZNFX1,WDR76,LASP1,CHP1,RBMS2
3166,TNFSF8,CLN5,FAM216A,CIZ1,ATP8B3,SP3,GEMIN6,RP11-261C10.3
3167,IRAK1,BANK1,PRADC1,TSEN34,SKI,C8orf82,LAX1,RP1-234P15.4
3168,MTHFD1,MCM4,NHSL1,SPA17,M6PR,ALDH16A1,USP14,COLCA2
3169,RALGAPA2,IKBKAP,LMBR1,COG8,PRKACA,DHRSX,ZCCHC11,GPER1
3170,EMR2,RFT1,MAP7D3,FBXO2,TIAM1,RNASE3,BMPR2,NEURL4
3171,SAMD1,RASSF2,CNNM4,FAM65A,HIST1H2AG,THAP6,UBP1,TCAP
3172,SLC35G1,TADA2A,AMFR,ADC,NAA30,TXLNG,PELO,ITIH4
3173,ARFRP1,MGME1,RELL2,FAF1,LILRB2,PAK1IP1,SPINT1,RP11-15H20.7
3174,BRD1,MPHOSPH9,MRPL53,C7orf60,CCDC102A,TFG,TNFSF8,RP11-60I3.5
3175,PRRC2C,DISC1,OSER1,CHD3,KLHL12,MED1,LIMK1,KLHL32
3176,EPG5,TMEM51,ANAPC10,LAMTOR3,UNK,IPCEF1,CIAPIN1,SRCRB4D
3177,PRKACA,FBXO4,CEACAM21,SULT1B1,IL18RAP,ZNF75A,MRGBP,ADAM12
3178,SERPINB8,EPHB3,KIF1C,DR1,HMGN3-AS1,SEC23IP,ZNF621,LINC00482
3179,FAM216A,SMYD3,PCBP1,HARBI1,ZNF862,LINC01003,GPAA1,OTOA
3180,B4GALT5,SIRT1,NPHP1,SIRT5,ITGB2-AS1,BRAP,PGBD4,ERI2
3181,RCOR1,RGAG4,CHMP7,CENPO,CD320,LRRC27,ACO1,FAM218A
3182,RP3-395M20.12,PCIF1,TRMT10A,CYBA,SDHC,ZCCHC3,PPP1R3D,CTD-2545M3.2
3183,CAMK2N1,ZNF585A,TM2D2,AKIRIN1,RRAGC,ZNF546,PEX1,GPR126
3184,YAF2,RP11-803D5.4,MFSD5,PPIL2,DTD1,PBX3,ATG12,NPR2
3185,SORBS1,RP11-309M23.1,RP11-383H13.1,RYBP,SFR1,PELI2,AC007228.9,C7orf25
3186,KIF27,ATP8B4,PDIA5,ZNF672,CAMK2N1,FDPS,SRSF1,CCNI2
3187,VEZT,CTD-2020K17.1,MCTP2,KIAA0825,EPB41L5,ARIH2OS,GLOD4,VPS9D1-AS1
3188,TM9SF2,ZDHHC24,AKAP17A,TMED8,CDK17,DNAJC2,CTB-31O20.2,LRRC20
3189,GNL3L,ATG2A,WDSUB1,MBLAC1,CDK8,TMEM71,PELI1,RP11-80H8.4
3190,SGK1,GSAP,DHX37,NAIF1,IER5,ZNF77,FARSB,AC116614.1
3191,B3GALT6,TBC1D31,ZNF487,RBAK,KRT86,EDA,ATXN7,LRG1
3192,PRPSAP1,ASXL2,PRKRA,RSL1D1,PSMA4,AGO2,UBE2M,AC004463.6
3193,ZMIZ1,DCAF16,RP11-421L21.3,TAGLN,ARL5B,POR,IFFO2,CITF22-92A6.1
3194,STAT3,JADE1,PRICKLE4,ACTR8,C2CD3,SUPT6H,TGFBRAP1,STEAP1B
3195,PANX1,AGO3,BCL10,APOL1,LIG1,BEST4,MFSD3,ADAM23
3196,C12orf10,ALS2CL,C1RL,TSPAN15,C18orf25,HERC5,MICAL2,RP11-560J1.2
3197,RASSF7,UFSP2,ATP2A3,PSIP1,YARS,WDR59,ORC4,KIAA1211L
3198,GDPD5,RP11-195F19.9,PTPMT1,CCNDBP1,ITGB1,GOLT1B,SRP9,ACE
3199,COQ10A,GMFB,RELT,METTL14,CHIC2,C5orf30,C1orf50,CTB-114C7.4
3200,CETN3,MOCS3,ZDHHC20,HRAS,ACOT8,CLCN3,ZNF623,C1orf51
3201,FBXO9,ACPP,L3MBTL3,DBT,TNRC6B,UBXN2B,BAP1,CTB-118N6.3
3202,CTD-2287O16.5,PPP4R2,AMMECR1L,RALGPS2,TMEM194B,DOLPP1,GDAP2,SKA3
3203,AC009299.3,PABPC3,CD59,PAIP1,CMIP,GNL2,CEBPZ,RP11-58B17.2
3204,BATF,KIF3C,UBE2J1,PPP2R2B,LEPROT,RNF41,C4orf27,RP11-421L21.2
3205,NFS1,C2CD3,LRRFIP2,STX18-AS1,VAPB,TRMT2B,C1orf56,NUGGC
3206,H1F0,ETF1,SESN2,SLC44A1,ZNF22,SDSL,GSTK1,RP4-549L20.3
3207,STAC3,OXSM,GRK5,MRPL27,FAM120C,METAP1D,FAM72A,C22orf15
3208,ZFYVE16,COPS7A,GPBP1L1,PLBD2,DDX10,ALMS1,PALB2,CDK5R1
3209,FAM47E,GS1-393G12.13,TPD52L2,TREML1,RP11-464F9.20,RAPGEF2,TMEM218,CTD-2583P5.3
3210,DZANK1,S100P,WRAP53,EXOC1,MBTPS2,CNN2,RP11-22P6.2,BEND4
3211,SLC10A3,KHDC1,SLC16A13,GCLM,VPS26A,C15orf38,SNX24,RP11-191L17.1
3212,MRPS25,CLPB,CD2BP2,FANCF,CTD-2162K18.5,FASN,MKL2,CA6
3213,TMEM262,AMER1,SMG6,PPP1R15B,CD86,ZDHHC16,RICTOR,AC109333.10
3214,ASCC2,RDH5,ZNF699,ATR,GRPEL2,PLAGL1,LYRM5,RP11-89F3.2
3215,ACADS,TIMM17B,OCRL,RNMTL1,EXTL3,GIGYF2,CHD6,C2orf62
3216,BIN3,ELAC2,TEX2,MIS12,PIGS,OGG1,NEK9,LRRC16B
3217,PUS3,PLEKHA2,CHST2,RWDD3,SUGP1,NFIX,ANAPC4,AC004158.2
3218,RARS,RP11-117D22.2,RP11-219B4.7,PLEKHA2,ATHL1,MRFAP1L1,FAM162A,ZNF239
3219,PDIA4,RP11-480D4.6,IFNLR1,PLEKHG2,TM2D3,RP11-70C1.1,TMEM143,GEM
3220,CASP9,CLUH,ZNF254,SYNE3,ZNHIT2,PHC2,ZFR,PDGFB
3221,ST6GALNAC6,CXorf38,CFL2,RORC,CYP4F35P,RP11-78A19.3,TMEM216,RP5-1074L1.4
3222,ZBTB7B,YWHAQ,RP5-1092A3.4,ALAS1,AP2A2,OAS3,SNAPC2,LAMTOR5-AS1
3223,SPINK2,TPRG1L,PFDN6,NOP14-AS1,PECR,LY6G5C,ULK4,CHGB
3224,BTBD11,NEK1,FBXO42,PCAT1,GLT1D1,HCG18,P4HB,PGF
3225,RP11-430B1.2,CD163,SLC11A1,RP1-40E16.12,MED13,CENPV,PHF2,PNMA3
3226,HEMK1,SPICE1,MTRF1L,TRIM11,SMIM7,ZNF25,CKAP2,ESPN
3227,ZFP69,AC091729.9,PAF1,AHCYL1,PIK3CA,LIAS,CALU,ZNF578
3228,RFC3,ARID3B,NUDT3,LRRC23,MIR22HG,RP11-221J22.2,KIF21B,CAMSAP2
3229,NCOA1,LDLR,CSRP1,SSX2IP,TTI1,DDX10,ZNF782,ESR2
3230,TAF6,CYB561D2,LINC00494,TRMT1,EVL,UBE2I,PRMT5,CABP7
3231,C17orf103,NAB2,SIKE1,GID4,LINC01011,BROX,NENF,PPIP5K1
3232,PTP4A1,ETV3,CLCC1,PHLDB2,WDR27,PRDM2,P2RX7,FAM66C
3233,RNF157,EPS15L1,POLE,CTRL,TMED7,LTA4H,NAB1,CAPN8
3234,KIF11,CCDC97,CSNK1G3,GANC,RP11-1017G21.5,CCDC12,TWSG1,NEDD4L
3235,RFC1,SLC16A1,DKC1,TTC16,SPRYD4,FAR1,CSTA,CSNK2A3
3236,GCFC2,CIAPIN1,ABCE1,TSEN15,ZNF772,RPS6KA3,MKNK2,CTD-3093M3.1
3237,TSPAN18,ZNF319,PPIF,MTIF2,XXbac-B476C20.9,KLF10,LDOC1,FBXO10
3238,NFIC,SP140L,METRN,THNSL1,CBL,C11orf24,PATZ1,DMD
3239,SLC16A7,STAB1,SAMSN1,NAPG,RRN3,RP11-634H22.1,SFT2D2,CTRL
3240,ARRDC4,RBP7,PPIL3,SHQ1,AC002117.1,CD101,C18orf25,DLGAP1-AS2
3241,ZNF584,ANKS3,ZC3H13,HNRNPUL2,KIAA0195,EPT1,SEC61A2,CTB-102L5.4
3242,ZNF551,RP1-197B17.3,ASPH,APOBEC3F,PROSC,SMPD4,GPANK1,CCL27
3243,RP4-800J21.3,SLC27A1,DOPEY1,RIPK2,PRICKLE4,SLC25A14,PGAP3,CTD-2651B20.3
3244,KDELC1,SMARCA4,SPPL2A,PDE4D,BRI3,GAB2,TIMM50,PC
3245,RP11-294J22.6,TAB3,ARHGAP6,HSPA13,ARL13B,ABHD10,MAP4K2,RP11-326C3.2
3246,LMNB2,BRAF,ZNF37A,OVCH1-AS1,CC2D1A,HDDC3,ZNF639,TTC30B
3247,WDR27,WDR54,POLR2J3,SYNRG,SNX12,C1orf112,HSPA1B,RP11-90D4.3
3248,CCR1,RNF139-AS1,RNF220,IFNG-AS1,CTA-292E10.6,R3HDM4,MPDU1,C17orf51
3249,TAF1B,RP11-102N12.3,RRP15,PLA2G16,PELP1,NOC4L,GALM,EPPK1
3250,BICD1,RP3-325F22.5,LIX1L,LIPE,SNHG10,KCNE3,ZNF420,RP11-389O22.1
3251,ARL4A,MFSD11,BTN3A1,BPNT1,LINC00944,NAP1L5,SUV420H1,CTIF
3252,RP11-732M18.3,ABCG2,UPF3B,E4F1,MTA2,WDR5,CLIC4,CYP4F35P
3253,EVA1C,UBE2J2,RP11-279O9.4,AC062029.1,DENND1C,FASTKD1,AC016586.1,GRAMD1C
3254,MEA1,ESYT2,ZBED1,LIMK1,CLEC16A,XKR8,ARHGAP17,AC016683.5
3255,UNC5CL,USP9X,AC061992.2,PDP1,DUS2,TECPR2,TLK1,ASB9
3256,CDK12,CC2D1B,ZNF860,ELAC2,VILL,POM121,AGFG2,KRT23
3257,RSBN1,ANTXR2,TMEM18,ADCK1,TBC1D17,DPH1,CBLB,AC026471.6
3258,ANKRD52,SURF2,RBM12,AC022400.2,SLC46A3,LIN7B,MRPL47,FBXO36
3259,ACP6,AMIGO1,PHC2,IL18BP,KDM6B,DDX59,GANC,P2RY6
3260,TNPO2,DCTN4,RP11-809O17.1,RP11-15A1.3,C16orf70,TLR2,VMP1,TPBG
3261,RP11-522I20.3,RP13-977J11.2,COPG1,MOCS3,C10orf11,BOD1L1,EEF1D,RP11-544A12.4
3262,PELI3,CTD-3093M3.1,MAPK14,LEPREL4,EIF3B,NDUFAF1,YIPF5,RP11-339B21.13
3263,HRH2,FPR2,PMVK,BNIP2,IQCE,ZBTB47,SCP2,JARID2-AS1
3264,C1orf174,SENP6,CHCHD3,SLC12A5,C16orf52,VAV2,GNG10,RP11-178L8.7
3265,ATG9A,ANKRD6,SBF2,CHKB-AS1,USP39,EPG5,ACTR5,TMEM169
3266,FLVCR1,ZNF830,CTC1,PIF1,HADHB,GK5,ANO9,RP11-484K9.4
3267,UBE2V1,GSTM3,EHMT2,GSTM3,RNF138,LMBR1,TMEM70,NRP2
3268,RP11-25K19.1,NOP14-AS1,MANEA-AS1,NXT1,EIF2B5,BTRC,ATG4A,RP11-755F10.1
3269,CES4A,UBL4A,ATG16L1,KBTBD8,MYO6,ST3GAL2,RN7SL832P,CTD-2587H19.1
3270,CTSF,NBPF1,PPP1R13B,OLFM2,RP11-58E21.3,SFXN2,COPG1,RP11-126L15.4
3271,TAF1A,CD300LB,XPA,PA2G4,FYN,RP11-54O7.17,SLC9A8,RP11-434H6.6
3272,RP11-354P11.3,RP11-1055B8.7,MSL1,DHX33,SPATA41,THOP1,S100Z,SEMA5A
3273,PSMD10,ZNF32,RP2,MTOR,PCNXL4,DAPP1,MRFAP1,RP11-213H15.1
3274,COG7,ZDHHC14,KLHL18,HIATL2,MSMO1,RPS17,GPCPD1,RP11-72M17.1
3275,VRK3,LGMN,COQ9,AC142528.1,CCDC112,CAPN10-AS1,SERPINB8,TDRD9
3276,N4BP2,CD1A,LSM12,KLHL22,ACTN4,AKIP1,ELMO2,C12orf60
3277,STRBP,CELF1,PRKAB2,PLEKHG3,PDSS1,RP11-220I1.1,ABHD13,PRRT2
3278,NTPCR,MAMDC4,IFNG,AGAP4,KMT2C,MRPS9,PPARGC1B,ZFPM1
3279,CTC1,MAFF,REXO2,TMUB2,CCDC159,ATP2A2,UTRN,RP13-753N3.1
3280,POFUT1,DMXL2,NFIC,ZNF763,WBP11,AC104532.4,RCHY1,NUAK1
3281,TMEM55A,ZNF90,NUMB,HLTF,RAB40C,DDHD2,CD300C,RP4-561L24.3
3282,PCCA,CTD-2231E14.8,FAM35A,POPDC2,S100PBP,PIGU,GNAI1,HID1
3283,KLHL15,RNASEH1-AS1,RNF141,MPP5,CRBN,PLK3,SPTY2D1,SMCR8
3284,ARRDC3,RC3H1,CHST7,C1orf145,ARNTL,MRVI1-AS1,TRPS1,RP11-247A12.2
3285,ZNF653,RP11-15A1.3,ZNF528,EARS2,PREPL,PFAS,SMEK2,RAB23
3286,KIAA1586,ZBTB11,FAM118B,FAM179A,YIF1A,GOT1,AAR2,CTA-14H9.5
3287,KIAA0141,PHOSPHO2,VEGFB,CPNE1,MRPL3,RP11-499P20.2,PHF1,CTA-373H7.7
3288,SPECC1,TOP2A,DESI2,SAMD8,EXOSC3,SIRT4,SMS,SLC35F3
3289,ACAD10,LRRC28,COQ3,TBC1D24,C10orf76,KAT2B,EPN1,MAGI3
3290,ORMDL2,SLCO4C1,ZNF548,DMTF1,PCK2,TMEM39B,ZNHIT2,BFSP2
3291,ZMYND8,TSSC1,RFC4,FBXL16,TXNL4B,ITGB7,DTWD2,RP11-312B8.1
3292,ZBTB4,IL15,TXLNA,ACADVL,APAF1,TPRN,TSPAN3,C16orf46
3293,PPP3CA,HNRNPH1,KAT6B,PDZD8,GPATCH8,P4HTM,CKS1B,ITGA1
3294,ROGDI,FAM173B,PSMG1,CEP290,SLC29A3,AKTIP,TRMT1L,AD000671.6
3295,ATF6B,YARS,MFN2,CPPED1,ZNF160,GEMIN6,EXOC1,PXDC1
3296,FTSJ2,MATK,RAB11B-AS1,SP2,HS6ST1,MMP17,RNF2,RP11-54O7.11
3297,DDX56,AP4S1,SERHL2,RP11-544A12.4,ZFR2,PIGH,RFX3,ATP6V0E2-AS1
3298,ASB2,FBXL4,CHST14,MTMR10,TMEM185B,BBS9,GATC,LIME1
3299,MED13L,ARID1B,KLHDC2,RGS18,C2CD5,EXOSC5,VAMP7,RP11-473M20.16
3300,MIPEP,ASPH,RNF157,MMGT1,RDH14,TMED10,LDHA,CYP2D6
3301,RP11-849F2.8,LINC00526,CCSER1,IFNLR1,SFT2D1,AP001372.2,VILL,RP11-379H18.1
3302,HIBADH,CBL,RP11-872J21.3,RAB22A,ABCE1,ACSF2,NAF1,NCKAP1
3303,EPC2,MOB3C,WAPAL,TNK1,RP11-728F11.4,CXorf40B,POLR2G,CTC-260E6.6
3304,UBR1,SHPRH,SGSM3,TMEM156,RAB5B,VPRBP,TPCN2,ZNF304
3305,IPO5,POC1B,UQCRC1,XXbac-B135H6.15,ATG4D,NIFK-AS1,NEK3,ACAD11
3306,RPS6KA5,UBOX5,BRD9,RP11-804H8.6,CLUAP1,KMT2A,CTD-2562J15.6,ENKD1
3307,SLC38A10,KCTD7,PLEKHG1,IL21R-AS1,ELAC1,CLP1,BRF1,C19orf44
3308,FAM120A,SPOPL,PSMD6,TMEM205,MED27,TBC1D7,SERPINB6,RP11-402D21.2
3309,DCAF4,MLST8,RP11-977G19.11,EDRF1,NCAPG2,EIF2B3,CATSPER1,PCSK4
3310,FAM111A,BMPR2,CREB3L2,SMC3,SERPINH1,YBEY,ANKS1A,CCDC163P
3311,ACCS,SMIM15,NOL10,RTN3,YES1,PPP2R2D,SETD5,RANBP17
3312,ZNF235,ITFG3,SELM,PHC3,AVL9,AC074289.1,PLOD1,SNORA40-1
3313,RP5-882C2.2,ARHGAP1,TBPL1,AC008964.1,DAXX,C15orf41,SLC30A9,LRRC16A
3314,GLRX2,PIK3C3,ENDOG,MEX3C,AGO4,C19orf48,SDCBP2,RP11-359K18.3
3315,MEF2BNB,PCYT2,CCDC24,IFT43,LINC00893,SNX21,TRMT44,RP11-350G8.5
3316,ZNF384,SMIM10,LINC00649,CCDC167,HAAO,RP11-629O1.2,WDTC1,TTC4
3317,POLR1A,SIGLEC7,AC009065.1,RREB1,RANGAP1,NXF1,PER2,RP13-270P17.1
3318,NRG1,GNPTAB,NT5DC1,ALG12,TRAF6,KIF21A,ATF5,ZFP37
3319,ASL,CHD8,IMP3,ANKMY2,PPP2R3B,ZNF630,DCUN1D1,CTD-2033A16.3
3320,CLEC11A,ZNF567,GLT8D1,ZBTB44,THEM4,ABCB8,CHEK2,TNIP3
3321,SHFM1,BAHD1,CTC-378H22.2,RP11-87C12.2,RAB20,ANKRD39,FBXL16,DMPK
3322,RP5-940J5.9,HELB,ATP6AP1,ZNF425,ARIH2OS,DTWD2,SNIP1,STS
3323,PLEKHG5,PDE1B,AP000350.4,GRN,C11orf68,NPLOC4,GPATCH2,RP1-151F17.2
3324,FSD1L,SGCA,CPSF1,PTPRJ,NRDE2,THBS3,CHM,RP11-162A12.2
3325,THOC3,PLCL2,ZNF493,RNF41,MYO9A,RSPRY1,CACNA2D4,GS1-114I9.1
3326,MEN1,TFCP2,SUFU,ZNF821,NUDT11,COG5,EGLN2,LRP3
3327,MED16,QSER1,CTC-250I14.6,ZWINT,RP1-197B17.3,DCAF15,MRPL3,CH25H
3328,CPEB4,HIAT1,COMMD4,LONRF1,ZNF626,GPR171,ZNF467,CMTM4
3329,JAKMIP2,GALM,ZNF256,TMEM199,EMILIN2,MAFK,MOK,PLVAP
3330,RP11-296O14.3,TRAF3IP2-AS1,PAOX,WDR19,SKA2,FBXL3,JHDM1D-AS1,KAZALD1
3331,SLC25A28,PSTK,ARHGAP18,MMS22L,TPST1,SLC35A3,CHPF2,HDGFRP3
3332,GLCCI1,MFSD6,CLDN15,CYB561,ATXN7L3,TMEM57,RP11-544A12.4,RP11-266J6.2
3333,GPR146,NCKAP5L,BAP1,BCORL1,UBN2,ENTPD6,SLC25A44,RP11-582J16.4
3334,MYO16,FAM122B,RAD17,TMBIM4-1,FARS2,PLIN2,INTU,RP1-265C24.8
3335,C1GALT1,LMAN2,FUNDC2,BRD2,RANBP9,ZNF473,KCNN4,RP11-390F4.3
3336,SDF2,WDR20,CDC20,CCP110,VDAC1,BCL7C,BAG6,SLC6A4
3337,ADAM19,POLH,THAP4,CDCA5,RC3H1,SMAD5,TMEM126A,RP11-156K13.3
3338,SCYL3,MPP5,XXbac-BPGBPG55C20.2,EIF5A2,ZNF33A,RP11-620J15.3,SSBP3,RP5-884G6.2
3339,RP11-266J6.2,HDHD3,SEPP1,XXYLT1,MTRF1L,RNF25,ZBTB17,RFPL1S
3340,HYPK,NRM,TDRD3,LSM10,BBS9,C11orf68,HSPD1,TUBB4A
3341,THOC2,ZNF169,AC002117.1,UNC93B1,ARL4D,SLC9A8,KIAA0947,AF131217.1
3342,CTU2,DOPEY1,RAB5A,BRPF3,TRAPPC2P1,FAM129C,PVR,KCNJ14
3343,LINC-PINT,TNFSF14,CCT5,TEX261,DDX20,STAMBPL1,PRKCE,GLIPR1L2
3344,RP13-582O9.5,RGS1,AMY2B,KLRC4,SESN3,RP11-452F19.3,TMEM2,AC022182.1
3345,RDH13,ZNF431,B4GALT4,ZNF720,ANKRA2,FCF1,TSPAN4,C8orf37
3346,HNRNPUL2,FBXO42,RCC1,NUMB,CCNL2,PNPLA4,IFNG-AS1,SENP8
3347,LARP4,MAL,SPDL1,CTB-118N6.3,TBC1D19,NADK2,RPL26L1,PP13439
3348,WNT10A,LINC01136,PPM1M,CD33,PPAPDC2,KIAA0040,OAZ3,TBX19
3349,GPATCH4,LINC00115,REXO1,RELA,KDM7A,POLK,CARNS1,SSSCA1-AS1
3350,PPP6R1,SEC22A,SELO,ASMTL-AS1,CYB561A3,TERF2,AC093157.1,RP11-496I9.1
3351,RNF181,DAPK1,C9orf40,HSD11B1,BRAF,DLEU7,EFCAB2,RP11-105N14.1
3352,ELL2,ULK1,ACAT2,C14orf159,PAPD5,MTFP1,PDLIM5,HIST1H2BF
3353,SNX8,STRN3,HINT2,MPZL3,TARS2,RET,MARCH6,CTD-2210P24.4
3354,USP12,LENG9,GLOD4,PDCL3,PRKCI,ATP13A1,UBAP1,RP11-438L19.1
3355,PEX2,C20orf112,ESYT1,COG3,SMIM10,ZKSCAN8,PPP1R16B,ZNF805
3356,RABGAP1L,PFKP,DENND3,TSTA3,NFE2L1,PKIG,MMP25,PLXNA1
3357,METTL2B,RP11-872J21.3,ABHD16B,ETV6,CTD-3074O7.5,PAK1,STK3,AC018766.4
3358,SLC30A5,FANCD2,ELOVL1,RP5-1136G13.2,COLQ,SLC19A1,GYS1,SEMA6B
3359,DNAJC10,SNX30,SFXN5,AKT1,CDT1,CDK3,TXN2,SEMA4F
3360,GINS2,MACROD1,NAP1L5,SEC24C,RELB,RP11-326I11.3,TRAF6,FAM209A
3361,UPRT,PPP5C,ERI2,FBXL6,DYNLT3,WDR89,SCARA5,AC009473.1
3362,RENBP,CLK4,ZNF549,PDGFB,FSD1,SNX14,C19orf73,TMEM81
3363,DAB1,SLC2A8,AP003733.1,MOB1A,RIC8B,ZDHHC5,COL9A2,RP11-342M1.3
3364,FRY-AS1,CREBRF,RP11-262H14.3,PIGG,CD1C,NUPL1,AGBL3,OCM
3365,PCBP3,DIP2B,LARS2,UBE2Z,GTF2B,NOL11,POLG2,RP11-356N1.2
3366,PLXNB2,ZFYVE28,IL15RA,ZNF585A,ZNF829,GLTPD1,PARL,AL136376.1
3367,RHOD,SLC39A4,WIZ,PICALM,AASDHPPT,CXCL3,RP11-1017G21.5,EFHD1
3368,FLYWCH2,SARDH,SEC61A2,RP11-35G9.3,LYRM9,AC137932.6,PLB1,C1orf177
3369,GPD1L,LTV1,SCNM1,PRKRIR,PACSIN1,ERO1LB,SMIM15,CTA-293F17.1
3370,FAM86A,MCM7,FXYD5,ILF3,KLHL17,B3GNTL1,ZBTB33,TRPV3
3371,SAR1B,ARHGEF9,BPHL,ZRANB2,CTC-228N24.3,ST6GALNAC2,NREP,CNNM4
3372,ZSCAN5A,ZNF200,ZNF506,VDAC2,RNF6,ZNF83,SNRPB,LRRC1
3373,RP11-327P2.5,GNG7,CRTC1,RNF219,GSPT1,ZNF266,SPECC1,ZMYM6NB
3374,FICD,PAICS,WDR77,PRRG2,ZNF384,NHEJ1,QRICH1,RP11-83N9.5
3375,MTMR6,PPP1R12B,RWDD2B,AKAP1,MTMR2,C19orf52,DYRK1B,GNAO1
3376,MIIP,RCN3,PRR24,RP11-395A13.2,RP11-385F7.1,HOPX,ITPR2,ZNF391
3377,SUCO,ZNF211,RPAP1,SH2D3A,GPALPP1,GLCCI1,PPTC7,AC018755.1
3378,RINT1,GPR18,EEF1G,SLC25A23,LPAR6,YAF2,FAM102A,POMT2
3379,MSANTD3,TRAF1,ZNF720,HDAC9,THAP3,FBXO11,BTBD6,GPR63
3380,CHCHD4,TMEM53,EVI2A,HEATR6,FAM120AOS,MKNK2,CNPY4,C10orf25
3381,GKAP1,FAM167A,ARHGAP11A,AC115618.1,PCBP1,WDR75,IFI30,GEN1
3382,EPHA1-AS1,NFYA,FAM173B,RPL34-AS1,DMKN,NSL1,RP11-220I1.1,RP11-279F6.3
3383,PNMA1,CRNKL1,ATP6V1C1,SLC30A4,TFAP4,CHST12,SRFBP1,AP001412.1
3384,KMT2C,CORO2A,CCDC77,MTBP,RP11-385D13.3,FANCE,AGL,DUSP8
3385,ZBTB24,ZNHIT2,RP11-126K1.6,DCLRE1B,AC108488.4,COG2,C10orf105,RP11-423H2.3
3386,CDH23,GTDC1,BRF2,LRRK2,CENPH,UBXN7,AGA,CBWD3
3387,KIAA1324,PIGO,SWT1,NAT1,ELL,BEND5,CEP85,CCDC85C
3388,KNSTRN,TNRC6A,ACTR1B,MSC,AP3B1,DDX3Y,RBMS1,LIPC
3389,EIF2AK4,CCNYL1,LINC00969,TMC4,RP11-359B12.2,ATXN10,RP11-582J16.5,RBM12B-AS1
3390,IFFO2,GPR107,PUM2,SPAG8,LRSAM1,C1orf233,MAGEH1,POLE2
3391,MRPL17,AC093627.10,RB1,ASL,HLA-G,SORT1,CSNK1E,GREM2
3392,IRF2BP2,SNRPC,NUDT12,PILRA,FAM13A-AS1,TARBP1,GEM,SMTN
3393,RBM41,ZNF300,DYM,DNAJC16,MUC12,NVL,PPP1R12C,RP11-77H9.8
3394,GPR55,RP11-195F19.5,EPB41L2,RELT,MAST4,CTBS,FAN1,VPS13A-AS1
3395,ERCC6,FBXW4,TLR4,PPRC1,ATP5J2,RGS3,TSEN54,RP11-805J14.5
3396,RPL8,DHX36,YTHDC1,MTHFR,TRAF7,AC007246.3,CUX1,RP11-388M20.1
3397,ACVR1,NEU3,CBX3,ARHGAP5,PIK3C2A,MFSD8,ZBTB18,AC008440.5
3398,RNF146,NDST1,PRICKLE1,ZNF354C,TRMT2B,ATOX1,TRPC4AP,RP11-242D8.1
3399,ABHD5,PSMD2,CCNL2,FBXW9,RASSF4,FUT11,ORC6,RP11-351I24.1
3400,SLC38A5,MGAT2,LGALSL,HARS2,SPRYD7,PSMA1,TBCK,HHAT
3401,KRT1,RP11-138A9.1,PCCA,SNX25,USP22,CNOT3,PLTP,RP11-77H9.2
3402,TMIE,KIAA1279,MYO18A,NEK11,AC093323.3,ZSCAN30,ZNF777,CTD-3154N5.1
3403,SGTB,TEFM,ZNF583,IKZF5,SNRNP40,BIRC2,LDLRAD3,C10orf105
3404,NOLC1,ARHGEF37,DNAJC30,PFKFB4,WDR7,PDK3,DAB2,LAMA5
3405,CHORDC1,C11orf54,C8orf33,TTLL1,SNIP1,ZNF496,SACS,NHSL1
3406,CRTC1,TRIM44,MED31,SF3B3,ABHD16A,JUP,RMND1,PTOV1-AS1
3407,PTRH1,LINC00852,SMPDL3A,ZNF429,RP11-473I1.5,FLYWCH1,RP11-142C4.6,DYNC2H1
3408,MRI1,POLR3F,CSNK1G1,WIPF1,TPMT,HIST1H1E,TXNL4A,SPAG8
3409,ZNF776,AEN,LEPROT,CHCHD2,SPEF2,SLC25A17,TEX10,RP11-315O6.1
3410,XPR1,TNFRSF12A,MKRN2,CCDC152,ZBTB6,SHROOM1,BACE1,RP4-773N10.4
3411,ANKRD46,CARD6,ZFP82,LINC00925,TRIM69,VCL,RNF31,RP11-407G23.3
3412,ENO3,RMDN2,LMNB2,NINJ1,MNDA,MTPAP,GCH1,C1R
3413,SUGT1,BCL11B,ZNF69,LTB4R,TSPAN4,ANP32A,RP11-297N6.4,RP11-805I24.1
3414,RASGRF2,GTF2IRD2,PCBD2,ALG1L,BEND5,RP11-296O14.3,CTSK,WDR66
3415,ANAPC2,LRIG2,NME2,TECPR1,RAD1,RILPL2,NSMAF,CACNA1C-AS1
3416,FAM24B,TUBE1,KB-1732A1.1,CENPM,NAA38,RBM23,TAF1A,RP11-452L6.7
3417,PCP2,MB21D1,RGMB,MTHFD2,SEP15,APPL2,MED23,CTD-2162K18.4
3418,ZNF259,SLC22A18AS,ZNF446,HPS1,HCFC1,TMOD3,DAGLB,RP11-483I13.5
3419,CRBN,SFMBT1,NEDD1,TICAM1,NAA50,XPO4,PROC,RP11-157J24.2
3420,KCTD12,RP5-935K16.1,RP11-35G9.3,ZHX3,RNF5,HSD17B8,SLC27A4,CCR9
3421,RASSF6,TMEM131,CHORDC1,CD6,HEXIM1,IL23R,ZNF669,UNC5CL
3422,MCMBP,GORASP1,NFYC,ABCA1,CCDC142,RP11-215P8.3,NFKB2,SLC15A2
3423,THOP1,NAF1,PPP4R1L,LYRM1,ATP5O,C15orf39,PVRL2,VIPR2
3424,SNAPC2,KLHDC8B,WDR45B,GAN,BTBD6,TMEM41B,SCAF1,ANKRD34B
3425,VWA8,ARL17B,LHPP,KLF2,AC159540.1,ARID2,CCNJ,DOCK7
3426,TELO2,KCNK6,DHX16,RFC1,CENPK,LIMK1,H1FX-AS1,RHOD
3427,MGAT4A,ATP9B,PAXIP1,ZNF844,LGALS8,VENTX,TET3,CTB-96E2.7
3428,TBL2,ME2,ELF1,ATG4A,DOCK5,MFAP3,TUBA1C,RP11-643M14.1
3429,ZNF717,IL18,VEZT,RP11-343H5.6,TRIM44,ADCK3,SCCPDH,ZNF225
3430,TMTC3,EIF4G1,COL4A3BP,KLHL14,PXN,AC104809.3,C1orf27,GS1-393G12.14
3431,MORN2,COMMD1,B9D2,NUAK1,CTA-445C9.15,TNFRSF13B,ASGR2,RP11-110I1.14
3432,FBXO33,EFTUD2,HIST1H1E,TAPSAR1,OSTC,GTF2H3,IRAK4,DNAJB5
3433,MED1,AGPAT5,FUNDC1,FCGR2B,PLXDC2,MAP1S,CCDC86,HDAC11
3434,RP11-334C17.5,RP11-317J10.2,ZNF717,SUPT5H,PILRA,SMARCC2,AC023590.1,ZNF517
3435,PDIA6,MAF,RP11-124N14.3,PDPR,CARNS1,PWWP2B,SDS,HAR1B
3436,YTHDF1,SART3,ITFG3,MED30,STYX,LYSMD3,FASTKD2,AC092667.2
3437,WDR70,RP11-635N19.1,ZBTB43,RP11-809O17.1,MORC2-AS1,TMEM68,EEF2K,EPN2
3438,RAB3IP,GGA3,TNKS2-AS1,SMARCC2,MTOR,NAA38,FAM188A,LINC00106
3439,STK35,MALT1,HIST4H4,DGKE,THBS1,TTC32,DHCR24,TMEM200A
3440,VPS33B,GNA12,NRM,CTC-523E23.11,RP11-134P9.3,SAP30L,KIAA1430,GUCA1B
3441,MICB,CCP110,TMEM181,ABCG2,G6PC3,INTS5,IFIT2,RAPGEFL1
3442,CENPP,ABCC5,SRPK1,LRRC34,CACUL1,FBXO31,RHOBTB1,RP11-480D4.6
3443,KPNA3,MDC1,TPRA1,CHPF,KLHDC10,B3GAT3,RASA1,AMZ1
3444,RP11-1114A5.4,ZNF274,SFT2D3,SPG7,TMEM179B,HDHD2,PCYOX1L,CTB-129P6.4
3445,SYF2,KLHL6,DHRSX,EML5,MSS51,DDRGK1,MTF2,DOK4
3446,ZNF85,NETO2,VARS2,LYSMD3,MRPL27,RP11-140K17.3,ACY1,DND1
3447,ZNF837,SNX15,HDAC10,AC012360.4,ABCF2,CHKA,NARF,HIST1H4A
3448,RC3H1,STAU2,RP11-219B17.1,ZW10,RUVBL2,AHCY,UQCRH,HSPA2
3449,MAP4K1,AVPI1,CKAP2,ATP11B,AC010761.8,TRPT1,RP5-1085F17.3,ZNF483
3450,HSD17B4,EP300,POLR2A,ASUN,FARP2,TLR7,NAIF1,SAMD12
3451,AC015987.2,PTPN12,CTC-524C5.2,ALDH7A1,MARK2,PEX5,TIMM44,C9orf9
3452,MID2,THAP5,MRPL1,RFX7,SEPHS1,UTY,NAPG,RP4-607J23.2
3453,GRAP,TTC17,STX8,PFN2,SPIN2B,TMUB2,COPB2,UBXN10-AS1
3454,ZDHHC2,RP11-589C21.5,ADIPOR1,TWF1,PRRC2A,RCBTB1,SEC23IP,DPF3
3455,POU5F2,HNRNPA1L2,RP11-796E2.4,MFAP3,NUDT18,EZH1,SRP19,FDPS
3456,EIF2AK3,SAMD1,CCHCR1,UBTD1,BPHL,PRPF3,POR,GPR133
3457,TMEM101,SIT1,ADCK5,POP1,HCFC1R1,RP11-254F7.2,PEAK1,CTD-2047H16.4
3458,SFXN4,RGP1,ACTR3B,ERCC1,APOPT1,FOXO4,GTF3C1,CTD-2517O10.6
3459,SREBF1,UMPS,ABCG1,EML4,IL1RN,CDC27,ARSK,RP11-277B15.3
3460,TBXAS1,CUL4B,ZNF324,EBNA1BP2,COQ10A,CPSF1,SMARCA4,AC096772.6
3461,RALB,RACGAP1,LINC00910,RP11-242D8.1,SMARCAD1,CSNK1G3,TSC22D4,LGALS4
3462,C22orf39,ZNF446,LY96,RP3-329E20.2,RP11-1114A5.4,FAM195A,RNF145,RP5-1180C10.2
3463,HINFP,CXorf40A,INO80D,FBXO34,ZNF395,CAPZA1,CAHM,AC103563.8
3464,POLI,SELM,RNF8,ARHGEF7,FAM175A,MAP7D3,NDUFB1,NUDT12
3465,FYCO1,CTB-31O20.2,PINX1,HADHB,SLAMF7,PREPL,RAD51C,RP11-666A20.4
3466,STX3,SKAP1,ST20,CCL20,CTD-2616J11.2,TSPYL1,CDC123,UGGT2
3467,CSTF1,FNBP4,TLR7,GTF2IRD2,ADCK2,PI4K2B,KATNB1,KCNQ5
3468,FNDC3B,LHPP,RBM19,KIAA1211L,KRIT1,HERC2,RP11-332H14.2,IL10
3469,MCOLN3,NR1D2,DMTF1,C8orf82,MFSD5,SRP9,SETD9,COL13A1
3470,GS1-124K5.4,DRG1,PSTPIP2,R3HDM2,TAF13,TMIGD2,NARS2,RP11-426L16.3
3471,PGM2,FAM131A,CAMK1,EEFSEC,RNF19B,PIM2,RAB28,NRXN2
3472,TMEM126A,TSEN2,NUDT4,C3orf58,MDM1,KCNN4,CD1B,CHN1
3473,KLHL21,PPP1R2,PEX13,SH2B2,ZNF644,DUSP5,CAMSAP2,TIGD5
3474,PIP4K2C,CSF2RA,CHD1L,FEN1,TMEM63B,ATP2A3,TCHP,GPR153
3475,XPO4,ZFP64,L3HYPDH,IL18RAP,GET4,MICALL1,FBXL5,HSF4
3476,RP11-126K1.6,TNFRSF10D,RHPN1,FUT10,MPEG1,KRTCAP2,SLC29A3,PEX12
3477,EME2,MESDC2,ARL11,GTF2H5,MCF2L2,PI4K2A,PRRT1,CTD-2514K5.2
3478,OPN3,EFCAB11,HIF1A,MRPL54,ZNF700,C12orf23,HK3,CELF2-AS1
3479,SMARCD2,AP000769.7,BET1L,RABGGTA,RASGEF1B,RP11-126K1.2,URGCP,RP11-977G19.12
3480,DNAJC25,ATXN7L1,TRAK2,BCL2L12,GNAS,GPR20,SNX1,TXNRD3
3481,DCAF7,UBA7,SSBP4,ABL2,GLRX3,AIFM3,SNX22,IL27
3482,NDUFAF3,DAK,ZNF34,TMEM44-AS1,ZNF684,STMN3,KIAA1958,STX16-NPEPL1
3483,IFT74,SLC38A6,LACC1,HIST1H2AM,RP11-4F5.2,RP11-467D6.1,KCTD15,C3orf52
3484,DNAJB1,MORF4L2-AS1,RNF31,C1orf109,SH3GL1,PELI3,MRPS17-1,PVRL3
3485,SORBS3,POLR3D,ZNF442,DCAF16,QSOX2,GBF1,RP11-420G6.4,RP11-728F11.4
3486,ZBTB1,GRAMD1B,ATP6V1B2,CMTR2,PI4K2B,RABEP1,TPPP3,CTD-2547L16.1
3487,CSTF2,TRNP1,RNF167,CLP1,PIP5K1A,LRRC41,CHRNE,KDM4D
3488,ASPHD2,USP18,AC002310.12,RP1-92O14.3,PFDN1,RNF115,ZNF700,TRIM59
3489,FBXO10,TOMM40,C1orf123,MAP3K10,ABCB1,NELFA,SLC35E4,HSD17B1
3490,RP11-401F2.3,TLR10,UTRN,LRCH1,PFDN6,RP11-401F2.3,STK40,DCBLD2
3491,PHTF2,GIGYF1,RIMKLB,WDR75,TWSG1,HEXA,TRIAP1,TSKS
3492,SSH1,PRMT7,CLCN4,PSKH1,GOLGB1,WRN,PEX13,TEX22
3493,ZNF365,DNHD1,PPP1R17,C22orf46,CLCC1,CSNK2A2,KDM5B,GALNT12
3494,PAXIP1-AS1,WBP11,GPM6B,TMEM208,MRPS10,SKP2,RP11-138I1.4,FSCN3
3495,PPP2R5C,ALDH1A1,PPP2R5D,AP006621.5,FAM213A,AASDHPPT,ACRC,C22orf26
3496,PLAGL2,ZNF273,AKAP11,KIFC1,SETX,UBE3D,ZFP57,FITM2
3497,ZNF808,VSIG4,ZNF236,MRPL13,FLII,CDV3,KTI12,RP11-467P9.1
3498,NUP155,HESX1,DMXL2,MRPS26,COLGALT1,ZFYVE27,FKBP11,AC015922.6
3499,AP5B1,RP5-1103G7.4,RAB40B,ERLEC1,PARP16,MAVS,RP11-758P17.3,RP11-568N6.1
3500,HIST1H2BN,STAM2,TRMT12,BANF1,IGHMBP2,KCTD17,TPRG1L,ANKRD6
3501,RP11-617D20.1,C2orf62,HSPH1,MAVS,TSPYL1,RHBDD2,EVI5L,SLC27A2
3502,NMT1,PCNXL4,KB-1507C5.2,ZFP91,RP11-14N7.2,IPO9,MRPS27,CCDC62
3503,WBP1,DNAJC10,ZBTB5,TTC13,NFKBIA,HVCN1,PLAGL1,SPEG
3504,LDLR,CDKN2C,RNASEH2A,PAXIP1,THG1L,AGAP3,RP11-35G9.3,AE000662.92
3505,PDSS1,DNASE1,MCCC1,RCAN1,TOP2B,RBM47,SOWAHD,PCBP3
3506,C19orf54,INPP5A,NSUN2,ZNF404,CSNK1G3,CEP120,CDC26,PRSS53
3507,CERS2,RBMS2,ALKBH1,PCGF1,PLK3,UBQLN2,MSH3,IL17RE
3508,DVL2,POMC,ZC3HC1,PRKAG2-AS1,STX17,TATDN3,PTPLAD1,ZNF205-AS1
3509,MXD3,FNIP1,OSTM1,RASGEF1A,PLCD1,C1GALT1C1,ZFP69B,RTKN
3510,PTER,ARL5B-AS1,SLC25A28,GSPT1,RGS2,RTN4IP1,TOB2,MMP25
3511,TBL3,HUWE1,SYT5,NFAM1,SNX13,FAM198B,UBE2G1,RP11-867G23.4
3512,C14orf119,WDFY3,ABCF2,ACYP2,AEBP2,OSBP,IRAK1BP1,AC090186.1
3513,SYVN1,PPRC1,MAN2B1,RP11-500C11.3,SLC38A10,FES,C17orf85,POU5F1B
3514,URB1,MYO10,C16orf86,PTRH2,VIPR1,ADORA2A,ARF3,BNC2
3515,PCMT1,EXD2,BAIAP3,VCL,MXD3,MAP1A,SLA2,KIAA1324L
3516,GPALPP1,COL9A2,KLHL12,TBC1D32,GTF3C2,PRRC2B,IFNGR2,KCNE1L
3517,FKTN,ANKRD28,BCKDK,UBE2W,C20orf197,SLC46A3,OXSR1,RP11-416N2.4
3518,SMAGP,PPA2,WDR7,KCNQ1,VEGFB,PUS3,ACADS,PTPN13
3519,BTBD2,AGTPBP1,PSMG2,OIP5,NGRN,E4F1,CCDC138,ANKRD34A
3520,C2orf68,LRMP,TCHP,TNIP2,PRR4,NARG2,MIPEP,CTD-2623N2.11
3521,RP11-161M6.3,PRPF19,PGAP2,PRPF40B,RRNAD1,SOCS2,ARHGEF1,ELMO3
3522,PCSK4,VKORC1L1,PRPS1,FN3KRP,LRCH1,FAM210B,TMEM220,STEAP3
3523,PTPN23,VAMP7,STOML2,SAMM50,TOP3A,RP11-755B10.4,CWF19L1,MID2
3524,DEPDC5,MROH6,RP11-63P12.6,MRPL3,LINC00092,SRPRB,ZNF555,UPK2
3525,LIN54,RP11-443B7.1,RPL39L,RCHY1,CTD-2555C10.3,MTRF1L,YTHDC1,RP5-1098D14.1
3526,MAN1A2,MAP3K7,PKIA,NBEAL2,ORC5,RAPGEF1,PRKD2,MICALL2
3527,LATS2,ARAP2,C17orf70,RP11-553L6.5,MTG1,INPP1,ZNF117,SCIN
3528,AP001258.4,EBLN2,CAPN1,AASDH,PLIN2,NFKBIB,SFXN3,FAM72B
3529,POLR3E,SYNJ2,MYOM1,ELMO3,TOP2A,ETHE1,SWSAP1,ZRSR1
3530,RBBP5,MYBBP1A,SLC25A13,ARL17A,HOXB4,RC3H2,C16orf87,GAL3ST4
3531,C19orf10,ACAD11,GPR82,C15orf39,TOMM34,UBE4B,MTFMT,ZKSCAN7
3532,ZNF816,FCAR,FAM149B1,GNB2,RP11-73E17.2,TFAP4,IFFO1,ZBTB26
3533,BLVRB,MED4,DGCR14,LRRC61,TMCO4,FSTL3,ATMIN,FAM151B
3534,PLEKHB1,PRKAR2B,DDHD1,RPS6KA4,HDGF,IFRD2,HIC1,CTC-523E23.1
3535,ADIPOR2,H2AFY2,TPM1,DYNC1I2,ZNF548,FGGY,C15orf38,RP11-154H23.3
3536,RP11-634H22.1,SPG20,PUS10,KDELR1,ETV2,RP11-146F11.1,NHLRC2,PMP22
3537,HKR1,RP11-1151B14.4,NIPA2,RAB28,HARS,PHTF2,AK2,LL22NC03-2H8.5
3538,AAAS,ZSCAN18,C11orf68,NUDT22,C17orf103,FAM160B2,LPCAT2,AC009005.2
3539,TMEM170A,ZNF526,BIRC2,RP11-661A12.7,KLHL9,POMGNT2,DOCK5,MYO18A
3540,RP11-425I13.3,PRPF31,AC073072.5,PFDN4,PADI4,RP1-159A19.4,CCDC24,RP11-525A16.4
3541,TRMT44,TCEANC,TARBP2,MMP17,ILVBL,RBM18,NMB,HOXA10
3542,LENG8-AS1,GCNT1,ASCL2,WBP4,RP11-104L21.3,TANK,OSBPL3,CTD-2544N14.3
3543,IFT80,SLC35D2,CXorf57,TMEM184C,ITGA3,RPP40,PARP12,UXT-AS1
3544,MAGEE1,AGBL2,C2orf42,TRAF3,C7orf31,RP11-1008C21.1,IQCH-AS1,MMP14
3545,AC023590.1,QSOX1,KDM5C,GRK4,VPS25,TBX21,CWF19L2,TRBV11-2
3546,ZNF18,RP5-943J3.2,AL133245.2,RP11-112J3.16,SLC19A1,VPS11,MVK,RP11-504P24.8
3547,FGFR1,RP11-575L7.8,CBR3,MRM1,MED8,HEXDC,TMEM88,MANSC1
3548,GOT1,RAPH1,ZNF134,VCP,DRAXIN,CEP85,ZNF765,CCDC13
3549,LOH12CR2,RP11-342M1.3,ZNF790,KIDINS220,DUSP3,ANKS1A,DCAF6,IGSF9B
3550,ZCCHC10,MYO1C,JAK1,LINC00341,IPO7,BCL2L11,FAM13B,TIGD7
3551,CEBPZ-AS1,AL441883.1,EFCAB4A,BLOC1S2,MED23,EPHX3,FOXN3-AS1,ZNF624
3552,SH3BP5L,PRKCI,AATF,MAML2,VRK1,SPAG9,SLC15A2,TCFL5
3553,AFF1,CHAF1B,CTD-2341M24.1,ZBED4,XXbac-BPG181M17.6,ZNF414,VWA8,CHD1L
3554,MANBAL,WDFY4,RP11-430B1.2,ZNF718,UPP1,CTAGE9,CLINT1,RP11-446E9.2
3555,CTPS1,KLRC1,ITCH,AP1S1,MFSD6,RP3-462E2.5,NR2F6,AC012360.4
3556,CERS4,FSD1,GABPA,KRBA1,LGALS8-AS1,RNU12,C18orf21,RP3-473L9.4
3557,MYO15B,RFX2,AC011899.9,GATC,RNASEH2C,RP11-101E13.5,ZNF823,CD248
3558,HIST1H2BJ,MBD6,CDHR3,AC003075.4,GEMIN4,CDAN1,ARFRP1,RP11-326C3.11
3559,UTP23,CYBRD1,SEH1L,CCNK,PHLDB3,HELQ,SIGLEC7,PLEKHA4
3560,ZNF319,GLTP,KIAA0101,ZNF780A,C12orf43,WDR34,PTMS,RP11-385F5.5
3561,RP11-254F7.2,ANKRD40,DARS,SRRD,KLHL24,ANXA11,DISP1,AGAP1
3562,TMEM121,KMT2D,HOOK3,MBD2,RABEP1,GRSF1,SPATA24,MCOLN3
3563,ASNSD1,SMARCAL1,NUFIP1,C9orf66,CDK1,MED14,IKBKG,RBBP9
3564,STAMBPL1,GAK,RP11-104L21.3,TPBG,HOXA5,SUMF1,RP11-345P4.9,CBX2
3565,ZNF428,RP11-522I20.3,KANSL1-AS1,KIF3B,SMPD2,SASS6,RIOK2,MTUS1
3566,UNKL,C21orf49,ZNF397,ITGB7,KIAA1598,PTTG1,SPOPL,SELP
3567,MYEF2,KIAA0247,KB-431C1.4,ZNF184,GALK1,LSM7,TMEM134,RP11-511B23.1
3568,RP11-166P13.3,ASB9,RP11-553K8.2,TCF19,GBF1,EXOSC8,CENPB,PRDM15
3569,H2AFY,EPC2,KMT2D,LIMD1,BRIX1,LCAT,ARNT,IFITM10
3570,SMC5,RP3-399L15.3,PPM1A,C17orf72,TYSND1,SLC14A1,LAS1L,MTFR2
3571,ZNF789,BRAT1,TNFSF10,GGACT,C6orf1,MTHFD2L,KANSL2,FAM167B
3572,RAB1B,RQCD1,RPUSD2,ERAL1,HSD17B1,SNX11,DDX11,SLC2A5
3573,AC109826.1,FKBP9,TRIM11,STMN3,PDE12,ZNF227,CUBN,BBS12
3574,RP11-47L3.1,POC1A,ADRBK2,TAF8,LAS1L,CLCC1,ACOX1,RP11-1055B8.4
3575,PHLDA2,KANSL3,VPS33A,ATP5C1,NEO1,ACVR1,NUCB2,RTN4R
3576,KIAA1468,STIM2,C1GALT1C1,PUS10,SCRIB,TNKS,IPMK,NUP62CL
3577,CACUL1,SLC16A6,RN7SL1,DACT1,ATXN2,DPM3,RP11-214O1.3,WDHD1
3578,ERI1,RP13-638C3.4,MBOAT1,RP11-326C3.2,RP11-315I20.1,GIMAP1,PDSS1,CEP112
3579,ELAC1,GUCY1B3,KIAA0226,TPGS2,RP11-421L21.3,UTP11L,C9orf85,GPR27
3580,EXOSC2,LPCAT2,EFCAB13,CAPN2,SPNS1,SIRT6,RHBDD1,RP1-202O8.3
3581,TRIP6,PHRF1,PCNX,TRMT61A,RPRD2,LEPR,FAM117B,DUOX1
3582,N6AMT1,TRA2A,HSPG2,CUL4A,ZNF124,TOR1AIP2,MIER1,RP11-732M18.3
3583,MFSD4,LZTR1,RP11-509J21.2,VPS18,XXcos-LUCA11.4,CACNA2D2,NAGLU,PIK3R6
3584,LRRC7,ENGASE,KCTD11,PZP,CDC5L,CPD,TMEM80,AGAP5
3585,ATF6,DARS2,ZNF709,CCNY,LIN37,RBKS,C1orf53,RAVER2
3586,ZDHHC4,SPAG4,RGS16,CDK2AP2,PPP4R2,TIMM10B,ZEB2-AS1,OIP5
3587,CDHR3,GTPBP4,SWSAP1,SLC25A1,EIF2B4,CLMN,RPIA,RP11-277P12.20
3588,INTS6,ZNF776,RP11-500C11.3,YWHAE,CD40,RABGGTA,MKS1,ZFP3
3589,RAB21,RP11-72M17.1,THTPA,TBC1D13,MBIP,SMARCD1,FAM134A,AC005932.1
3590,NIF3L1,AC015922.6,TBC1D9,GNS,PLEKHA2,SBF2,PLEKHM2,CTD-2630F21.1
3591,STX2,ANKMY2,TGFB1I1,SUV39H2,ARL6IP6,MINA,TSPYL4,WNT16
3592,METTL2A,PLOD3,CAV1,TP53I11,RMDN2,AKT3,CNRIP1,RP11-271K21.11
3593,C20orf201,ABTB2,GTF3C2,COX7B,SLAIN2,CDC26,HMG20A,CTD-2547L24.4
3594,NSMCE2,FPGS,ZNF202,RELL2,C14orf182,SLC24A1,ZBTB20,RP11-391M1.4
3595,POLG2,ABCF3,PI4KB,UGDH,KLHL15,ZBTB17,SLC12A6,RP11-309M23.1
3596,MED14-AS1,CTR9,MMP11,SGSM3,LTV1,TJAP1,TMEM62,AC006994.2
3597,TRIM37,STARD8,NIPA1,RP11-463J10.3,ZNF543,ZNF426,WRAP73,RP11-282O18.3
3598,FKBPL,TFAM,RAPGEF1,RP4-575N6.4,RBCK1,PTPRJ,DNAJA4,RP11-8L8.2
3599,HABP4,NSG1,RBM12B,C2orf88,BLOC1S5,TNFAIP1,GGH,GSTCD
3600,TADA1,ZNF142,DCUN1D4,RP11-452L6.5,ZNF444,NMD3,CTD-2555O16.4,KCNK7
3601,NAGLU,ZNF212,RAB28,SCAMP4,DCK,C4orf29,AUTS2,BOK
3602,DNMBP,ZC3H11A,ZNF257,DCAF13,MRGBP,WTAP,RTN4IP1,SOBP
3603,ZDHHC17,MRPL13,ACPL2,C14orf93,CISD2,MIEF1,ZNF787,PRRT1
3604,FCER1A,PDE6D,PSMD11,TATDN3,COG2,RP11-285F7.2,PPM1J,AC083949.1
3605,PPP2CB,UHRF1BP1,MAL,LINC00264,AP1G1,MYC,FOXP1,IQCK
3606,TFDP1,COL18A1,GPKOW,PIGO,FAM208B,FMN1,NDRG3,GPR20
3607,TLR5,PPP1R12A,DUSP14,ENAH,KIFC3,C20orf196,LINC00339,RP11-750H9.5
3608,ZNF175,ZC3H12D,ZBTB14,TPX2,SPATA2,RP11-589C21.6,FASN,CAND2
3609,SHPRH,SEC23A,ACOX3,MECP2,TOB2,HLTF,C14orf159,KRT2
3610,ANGPTL6,GALNT7,MAP4K4,KCTD21,ZNF582-AS1,SENP1,C20orf194,DVL1
3611,LINC01024,FBXL19,SLC18B1,MRPL20,ARHGEF2,TDRKH,EVA1B,ITGA10
3612,POGZ,KIAA1211L,NUB1,UBL3,QKI,MDM1,KIAA1467,USP46-AS1
3613,TIMELESS,STAP1,ATXN7L3,SASS6,ZNF668,C19orf10,LETMD1,MIR378D2
3614,RP2,AAMDC,ZNF525,D2HGDH,ZFP64,R3HCC1L,RP11-206L10.2,RP11-456D7.1
3615,LXN,CPEB2,MON2,WDR47,MAP3K10,NLRC4,SIRT1,RP11-466F5.8
3616,CTB-113I20.2,RP11-809N8.4,CTDSP1,AMIGO2,SDR42E2,GMDS-AS1,CITED2,ZNF486
3617,TM9SF1,AL139099.1,DPP9,PNRC2,CDK2,GOLIM4,FAM209A,RP11-382J12.1
3618,DGKZ,FBXL18,ELMO2,SAFB2,ENTPD6,ZNF841,ZDHHC2,H1FX-AS1
3619,MORC2,VRK2,CENPL,RP11-166O4.6,EVA1B,MICU2,CDK2AP1,PLEK2
3620,TARBP2,MPST,CHST11,ELP3,RRM2B,C19orf25,NCOR2,RNFT2
3621,RP3-508I15.19,MMP11,EPS15,IRF5,AREL1,NR2F6,COA7,OSCP1
3622,NDRG1,CAPS2,ZFYVE16,ZNHIT6,AKAP11,RP11-309G3.3,RP11-803B1.8,RP3-465N24.6
3623,IPPK,MRVI1,ZBTB10,MRPL12,TCEB3,PTPRO,MOB3C,TSSK6
3624,USP39,CTSF,POU6F1,C10orf2,CD5,KAZALD1,PRMT3,ADORA3
3625,GPD2,PITPNM2,TSC22D2,GTF2IRD1,TECPR2,RAD23A,PAQR8,TRAIP
3626,INTS6-AS1,NFATC3,TTC12,IMMP2L,TOM1L2,IKZF4,MRPS16,CCNE1
3627,ERMN,ATP8B1,TAF2,RBBP7,ZNF652,ZDHHC2,RP11-8L8.2,SLX1A
3628,GPSM2,GNB4,FAM154B,TLK2,QSER1,ZNF408,SLC9A6,ZDHHC23
3629,RLN2,FUZ,SGCE,ZBTB11,UBXN11,ATL2,BOLA2B,RP4-803J11.2
3630,TCEANC2,TRAPPC2P1,HELQ,AC016586.1,SMPD4,SLC25A28,CPSF4,CORO6
3631,RP1-8B1.4,CD40LG,C6orf203,MDM4,SVOPL,FAR2,HMGCS1,RP11-502I4.3
3632,IQSEC1,SCAMP1,MAP2K1,ASGR2,CAND1,PAQR4,DSCR3,AC011747.4
3633,WWP2,ZNF687,BCDIN3D,CTD-2017D11.1,GART,C6orf203,SLC33A1,RP11-472N13.3
3634,ZHX1,CREBZF,SLC41A1,RP11-658F2.8,LINC00299,NPHP4,RHPN1,RP11-275I4.1
3635,AC011747.4,PTDSS2,OXR1,UBAP2,TWISTNB,LPAR6,NSMCE2,REM2
3636,DOCK9-AS2,RNASE4,MPC1,HSPA6,GLYR1,C3orf62,XPO7,RP11-159H10.3
3637,UTP6,SS18,NPAT,KIAA0368,CHCHD7,CAD,SGMS1,RP11-81A22.5
3638,C2orf69,PALLD,PIGU,CD151,EIF2AK1,DHX58,ZNF671,SLC35G2
3639,ARID1B,PTPN23,SNAP47,THAP6,SLC17A9,GMEB1,PELI3,DSCR9
3640,CD28,RP11-13P5.1,ZNF862,CCL3L3,ZBED6CL,SYCE1,UHMK1,B3GNT4
3641,LSR,PCNT,LEMD3,GPAA1,TTC5,RP11-89K11.1,RNF123,C1orf186
3642,SKIL,P2RY6,AVL9,ATAD2,C14orf93,PBX4,RP11-111A22.1,SERHL2
3643,AMY2B,NR4A3,FBXO48,PIGB,SLC26A6,FOPNL,ARMCX5,HTRA1
3644,LRRC25,DSC2,GPATCH1,ABCF3,KIF9,ZMIZ2,ZNF141,RP11-433J8.1
3645,CDKN2D,PDPR,FDPS,USP7,POLK,ZNF836,CTB-32O4.2,TET1
3646,CWF19L1,SLC4A1AP,EED,RP11-1407O15.2,ZDHHC20,ZNF678,LPGAT1,FBXO45
3647,MAP4K5,FBXO22,MFSD8,NOA1,SPIRE2,NUDT3,RNF25,NIPSNAP3B
3648,RP5-1112D6.4,EEA1,CHI3L2,NELFA,TPD52L2,RP11-996F15.2,ZBTB14,CNRIP1
3649,NUP133,TBC1D15,RP11-404F10.2,BCDIN3D,TRIO,ATG9A,ANKRD44,AXL
3650,ETV3,SERAC1,SPICE1,HIST1H2BG,GMPR2,LDB1,PFKFB4,PWAR6
3651,FRY,TTLL12,ZSCAN12,C19orf12,GPBAR1,ADPGK-AS1,C1orf216,LRRC37A
3652,PVRL2,STARD4,DHX8,RP11-104N10.1,ZNF583,ZBTB33,TTL,TCP10L
3653,APC,ANKRD17,SNRPF,MMP24-AS1,TRIM46,ZNF138,NDC1,LRRC24
3654,ANKS1B,CTSK,SLC38A11,ZNF100,ZNF426,NICN1,GPR160,ZNF84
3655,BCL2L12,LUZP1,RP11-169K16.9,PCBP2,RBFA,ZNF638,PIK3R6,RP3-467K16.4
3656,EXOSC5,PSEN2,STEAP1B,KCNA3,SPATA33,IL6ST,CITED4,AC022498.1
3657,EPOR,FOLR2,KLHDC10,MAPK13,GATC,CCNE1,FASTKD1,RHBDL1
3658,ST8SIA1,PNPO,TMEM209,AGPAT2,ABHD17B,STS,PIGM,RP11-388M20.6
3659,ABCG1,RAB3GAP1,LZIC,C18orf32,XAB2,FBP1,KIAA0753,RP11-517I3.1
3660,TMEM154,TNFRSF18,ARL5B,RP1-223E5.4,ZNF461,CTD-3131K8.2,CTD-2270L9.4,U91328.19
3661,WDR3,TANGO2,TMEM184C,TRMT6,MAPRE3,GAB3,ZNF33B,RP11-504P24.6
3662,MED7,KIF13B,SSH3,C9orf3,MAGED1,INTS7,SNAI1,PLLP
3663,AC109333.10,TTC8,C19orf68,ZCCHC18,LARP7,ZNF346,C6orf226,RPS10P7
3664,ZNF615,BBS7,TUBGCP4,RHOU,RP11-398K22.12,CFL2,CMAS,CD1E
3665,C20orf196,RP11-876N24.4,SUCLG2,LYST,KIF20B,ZBTB22,VPS39,ZBTB5
3666,SYP,MFN1,SLC36A4,CCDC84,TIMM8B,CSRNP2,SQRDL,HYKK
3667,CNOT1,NAT6,FBXO44,TNIP3,C21orf119,CHTOP,C20orf96,RP11-318C24.2
3668,ARIH1,TANGO6,CTD-2162K18.5,LMBR1L,ZBTB9,NLN,ALDOC,GLCE
3669,USP9Y,ZNF213,GNPNAT1,USP31,TPP2,RNASEL,PRKAG2-AS1,RP11-509J21.2
3670,ATP10D,ICMT,MBD5,FPGT,FER,UTP20,CEP152,RP11-160H22.5
3671,CA6,MT1E,POLD1,BCAS3,TMEM87A,HRSP12,IBA57,ZNF665
3672,MYH3,MSTO1,RP11-755F10.1,TTC9,KHNYN,PAPSS2,DNAJB2,RNF219-AS1
3673,STK38,RP3-402G11.25,SACM1L,ADCK5,HES6,BTN2A2,AARS,KCNAB3
3674,PIK3R5,RP11-390P2.4,RP11-359B12.2,MIR24-2,ZNHIT6,RP11-416N2.4,KLC2,PPIL6
3675,TPD52L2,SFT2D3,TESK1,PLK2,GS1-124K5.3,KCNQ1,NAT14,GATS
3676,BLVRA,BCAP31,TULP4,CTNS,ELP5,PSMD5,KLF9,AIRE
3677,MPHOSPH6,RAB3D,BCAS2,SLC16A6,FAM65A,SUV420H1,RP11-166P13.4,RP1-92O14.3
3678,TK2,NOTCH2,AC142528.1,FKBP9,SDF2,RP11-138I1.4,MAGT1,LINC01146
3679,TBC1D2,RP11-179B2.2,TGFBR1,PWWP2A,CHP1,POLR2B,CDK18,RP11-420A6.2
3680,NUP43,MAGED1,BTG3,LINC01119,TMEM80,DHX38,SZT2,SPTLC3
3681,RP11-400F19.6,AMDHD1,WDR73,TUBB,PPDPF,FEM1A,PPP1R21,ZNF441
3682,FAM117B,CAMKK1,TMEM256-PLSCR3,RP11-304L19.5,RP11-141B14.1,SSFA2,ITPRIP,CDH26
3683,APBA3,ZNF583,VPREB1,ZNF174,EXOC7,SLC25A24,NUBP2,SYCP3
3684,IL17RA,TRAPPC8,ANKRD26,ELMOD2,GLTSCR1L,TMEM86A,TAB3,AC079807.2
3685,TUBGCP6,RUVBL2,NIPSNAP3A,UTS2,MOGS,ACOT8,EXOSC2,MIR4453
3686,PRRC1,ZNF148,SRRD,TSC22D4,CACNA2D2,PELP1,TMEM120B,HSD11B1
3687,RP13-188A5.1,MCC,FAM179B,C18orf8,ZNF106,KCTD11,TUBB4B,CTD-3195I5.1
3688,NOMO1,ZNF768,RP11-473M20.14,LPP-AS2,RPS17L,CEP70,DUSP14,RP11-92K15.3
3689,LINC00402,C5orf55,PSEN1,SLC35E3,OXSR1,TMCO6,ADCK4,PHYHD1
3690,RP3-395M20.9,ENO1-AS1,SERPINH1,GGT1,PTPN23,GPR35,VPS33B,ZNF365
3691,UBXN6,YWHAZ,CASP7,ZNF414,FOXO1,RUNDC1,USP11,LCNL1
3692,ZBTB33,CYFIP1,CENPJ,PHLDB3,ALDH18A1,RP11-262H14.4,GS1-124K5.3,PTK6
3693,RFX3,KIAA1524,ABCB8,TIGD2,SERGEF,OFD1,RYBP,AP001058.3
3694,RP11-755F10.1,EMC2,BATF3,PAPOLG,PDPK1,COG1,MBD3,MPO
3695,CCBL2,TUG1,DENND1C,IRF2BP2,FASTKD2,MARK2,FNBP1,LRTOMT
3696,GNA13,DECR2,SLC9A1,NHLRC4,NF1,RP11-158M2.3,TLR6,RDH10
3697,PRMT6,SLC5A6,ASTN2,IKZF1,RCL1,KIDINS220,DPP9,GPT2
3698,ZNF431,ZC3H8,ZFP28,LGALS3BP,POLG2,POGLUT1,STUB1,PKD2
3699,TMEM189,HMGB3,LANCL1,GOLGA1,LMNB1,LAIR2,RP11-89K10.1,EIF3C
3700,RCE1,SLC20A2,SMCO4,INTS6,SMAD4,SETBP1,PFAS,EFCAB4A
3701,MAST2,SPTBN1,ZSCAN21,ZNF671,RP11-326K13.4,DCLRE1C,FXR2,TMEM27
3702,RP11-1060J15.4,IPO4,FMO5,NNT-AS1,FXYD7,KIAA1731,ZNF844,C11orf63
3703,RFWD2,MAP2K7,ERMP1,STT3B,USP15,DPP3,TNPO3,ACACB
3704,SLC14A2,SECISBP2L,MPV17L2,WBP5,PI4K2A,ZNF684,IFI27L1,DTX4
3705,RP11-527L4.5,ZDHHC3,RUVBL1,FAM120A,FAM118A,RP11-403A21.2,TMEM256-PLSCR3,LRRC3
3706,RPAP1,AC113189.5,MAN2A1,MICAL3,GPATCH3,RBAK-RBAKDN,PPP4R1L,LINC00959
3707,BCO2,LINC00954,FNTB,NUP35,MRPL15,ACP6,TCAIM,BHLHE40-AS1
3708,MYBBP1A,NAIP,HIST1H2AE,BTRC,ANKRD13D,CKLF,RP11-145M9.4,PLEKHA7
3709,MFSD3,C6orf136,DNAJC25,SLC26A11,ZNF337-AS1,METTL2A,DHX38,YPEL4
3710,SFXN5,NDUFAF7,FLNB,WDR73,SNORA40-1,ANAPC4,RP5-1091N2.9,BMP1
3711,PPP2R1A,IRF7,TAF8,LIN7C,NBPF10,AC016586.1,CTA-384D8.36,RP11-163N6.2
3712,BRI3BP,POLR1B,SLC25A32,ZNF117,RQCD1,GMPS,SLC7A1,ALS2CR12
3713,REV3L,TNPO2,FRAT1,ULK4,GNPDA2,SMIM4,AGER,TRNP1
3714,GLB1,PDCD7,ZDHHC23,PUS7,KPNA2,RP11-640M9.1,DUSP19,RP11-307C12.12
3715,ZFAND2A,RP11-163N6.2,TTF1,TAMM41,SNX8,RPL39,HOXA-AS2,RP1-191J18.66
3716,C16orf86,AP000783.1,ZNF14,MGAT4B,LYAR,NDN,C11orf71,RP11-700H6.1
3717,UGCG,RAD23B,PEX19,TRIM3,DPH6,TMEM165,C2CD2,SHF
3718,SGPP1,SRP68,OTUB1,PREPL,RPS6KA1,RAVER2,BMF,HIST1H2AL
3719,C19orf73,FAM8A1,SLC12A2,NCOA6,SHOC2,MRPL42,AVIL,SIGLEC12
3720,RP11-78A19.3,DYNC1I2,ROM1,SLC25A15,PAQR3,XXcos-LUCA11.4,RP11-536C5.7,PEBP4
3721,DECR2,WNT10A,COL4A3,GSDMB,LACTB2,DHRS13,PAOX,RP11-73O6.3
3722,MFSD6,HCFC2,GINS3,CCNL2,RP11-755B10.4,TMIE,NDUFA7-1,STXBP4
3723,TMEM181,RP11-46C24.7,ABHD3,CDCA8,PSMD5-AS1,ZMYND10,DHRS1,MIR146A
3724,PUSL1,KLRG1,PTCD2,DHRS1,SEPT11,L3MBTL3,CXorf40A,RP11-884K10.7
3725,ALKBH3,PEX2,SNRPA,RWDD2A,HSDL1,FNTA,COX7B,SYNM
3726,ZNF605,NFXL1,RAB27B,RP3-467K16.4,CBWD1,DENR,SWI5,AP001469.9
3727,C19orf77,NCOA3,ZNF85,UBE2J1,C9orf72,PIGS,SYTL3,SEMA7A
3728,SESN3,LINC01094,KCNMB3,NEK4,ANKRD42,SYNJ1,YTHDF3,ATP8B4
3729,PHACTR2,TIMM21,RAI1,SLC5A2,XRN1,BTLA,LRP10,RP11-89K11.1
3730,NDUFA2,TMSB15B,PRRT3,TNKS,PATZ1,RP11-1070N10.3,ACBD5,AP000769.1
3731,EPHA1,WARS2,WNT16,AUTS2,TRAP1,DOCK3,CD28,MTMR8
3732,NKIRAS1,ACAA2,RP11-299J3.8,ABHD8,SERINC5,MTERFD3,OASL,RP11-245J9.4
3733,RP11-383J24.6,CYB5R2,RP11-560J1.2,RP11-385D13.3,GIMAP1,IFT57,PLD3,RP11-190C22.9
3734,INTS4,ATP5G1,GTF3C5,TOR1B,ZNF335,PARP1,CAD,RP11-175O19.4
3735,RP11-712B9.2,CTD-3184A7.4,AP003419.16,RPA4,TNFRSF9,SLC35B3,ZNF496,GSTO2
3736,RB1,RP11-708J19.1,CHTF8,EZH2,AL592284.1,LCNL1,VPS18,TMEM105
3737,GMDS,C1orf54,TLK2,SLC7A6OS,CNPY4,BCS1L,HS3ST1,RAD52
3738,NR3C2,TPRG1,C16orf95,NEDD4L,HIST1H1B,CDC42EP2,GATM,IFT81
3739,TVP23B,RP11-245J9.4,ACCS,IRS1,GIMAP4,TRMT1L,PPIL4,HSD17B14
3740,IFI35,C2CD2,WASH4P,MICU3,SUZ12,LSM10,SCAMP3,DOCK3
3741,TOR4A,CCDC88B,C12orf49,RPS17,INTS8,HMBOX1,LEMD2,ASAH2
3742,BTBD10,DHX40,DTHD1,LYPD3,DNAJC27-AS1,RP11-446E9.2,MPND,RP11-423O2.5
3743,SCARB2,DPCD,MANSC1,TMEM159,HDAC6,TP53BP2,MAP2K4,LINC00884
3744,SNX29,DESI2,LPGAT1,TRAPPC9,ACAA1,RP11-513I15.6,NLRX1,GVQW1
3745,IKZF3,RP11-361D15.2,HSD11B1L,SCAMP3,UBQLN4,SLC25A16,TMEM161A,CAMP
3746,DOCK3,PTPN9,CSAD,PCGF3,IPO8,TAF2,LLGL1,RP5-914P20.5
3747,CRKL,KCTD3,RP11-498C9.3,C6orf62,POR,PER3,FAM110A,RP11-415F23.2
3748,RP11-314N13.3,MBTPS1,AL591479.1,FAM65C,ATP2B1,NPDC1,DHRS13,RP11-385D13.3
3749,HEBP1,RP11-178C3.2,RUNX1,FGFR1OP,COA1,KRT18,ZNF552,RP11-758P17.3
3750,DNAJC30,PHLPP2,RFT1,GUCD1,PSPC1,CTD-2537I9.12,RP3-473L9.4,SSTR3
3751,TTC22,BDH2,IRF5,CUL7,SESTD1,RP11-85A1.3,DHX35,AC006116.20
3752,KLHL20,FAM117A,ZNF182,CBR4,ZNF544,PHKB,NOL3,DNAH6
3753,MYO9A,AFMID,ZNF783,NDUFB9,DSC2,WWP1,RP11-152N13.5,TMEM38A
3754,CAPS,URB2,TMPO,SLC16A11,DMD,FAM207A,ACSL3,MIR155HG
3755,RP11-52J3.3,TRIOBP,WAS,GOPC,ZNF341,MAPRE3,TNKS2,FIZ1
3756,MORF4L2-AS1,CTD-2547L16.1,UGT8,SH2B3,FRAT2,DLG5,NR4A3,MB21D2
3757,WRN,CTB-43P18.1,PKN2,MKI67,FAM213B,SIRT2,PPP1R10,NT5DC2
3758,RACGAP1,SERPINB8,ELL2,MAP2K6,ACAP3,PDK4,EPS15,RP11-192H23.4
3759,CEP44,P4HA1,ZMYND11,DDX60L,TAB2,FAM206A,SMG5,TMEM45B
3760,RP11-326K13.4,SCYL3,ABCA7,RP11-661A12.14,TUSC1,TBRG4,ZNRF1,SRGAP1
3761,DPY19L4,EMP1,JADE2,RHPN1,FMNL3,ZFPM1,DRG2,RP11-393I2.4
3762,CLECL1,SESN2,IRAK1,RBFOX2,TMCO6,CDKN3,POU2F1,NRN1L
3763,KANSL3,BTD,CARF,MORC2-AS1,CHORDC1,COPS8,SH3D21,VSIG2
3764,SLC9A3R2,ZNF48,UAP1L1,KCTD10,GFPT1,GPR108,SLC25A35,MIR940
3765,WDR26,SLC35C1,DPP3,THEMIS,SRM,NSFL1C,CLCN6,TGFB3
3766,LMO4,C9orf47,LRRC1,ITPRIP,RP11-305L7.3,NSUN3,ABCD4,CTC-444N24.6
3767,SYCE1,SCRN1,TRIM16L,MUL1,TMEM200A,SGCB,GNB5,RP11-314N13.3
3768,MFSD8,PINLYP,CABP7,YTHDC2,MBOAT7,C16orf98,CERK,HLCS
3769,ANKRD49,TTF1,SLC35D1,GAB2,RBPJ,LYRM7,C9orf147,AC073072.5
3770,EFTUD1,TMCC3,ITGB1,ZNF675,DCTN5,ALS2,SKP2,FCGBP
3771,RP11-496I9.1,SLC44A1,MYO1D,MIR4435-1HG,NCR3LG1,POLD1,ECE2,THTPA
3772,MDK,CCNC,NPIPB6,THUMPD2,DNAJC9,ZDHHC9,RP11-386G11.10,RP11-195F19.9
3773,HSD17B8,KATNBL1,EIF2B3,IL27RA,PRR14,CAPN3,PCYT1A,BAMBI
3774,GLYR1,HMGCR,EIF2AK1,MAP4K1,ZNF805,NCOA6,GOLGA2,MDGA1
3775,SREBF2,RP11-166B2.8,ITGA3,CNNM2,ZNF446,ELOVL1,CPEB2,DLEU2L
3776,SSNA1,CDC42EP2,ZNF667,LDOC1L,OSTM1,SLC39A13,ENTHD2,MYOM1
3777,PPM1B,GABBR1,ZSCAN18,AP1G2,CDC37L1,CTD-2270L9.4,DYRK2,APBB2
3778,TBC1D15,RP11-1149M10.2,AC091729.9,TROAP,RP11-446N19.1,NPRL3,TNRC18,ANKS1B
3779,PTPRO,ZBTB47,PNPT1,TMEM201,RAD51B,SRD5A1,NSMF,C11orf84
3780,PEA15,GHDC,ZFP62,SLC22A17,SLC43A2,RP11-265N6.1,CD68,PAGE5
3781,TANK,TNS3,RP11-324I22.4,ZBTB45,ZSCAN31,RP11-727F15.12,STRN3,KLRK1
3782,ATF7IP,RP11-863P13.2,PINK1-AS,FGD4,VPS33A,SURF6,GNG7,ABHD1
3783,SSH2,PPP1R14B,HLA-A,FXYD7,NELFCD,UNC13D,ZNF470,SYDE2
3784,PER3,ZMIZ2,PRKD2,FAM109A,SLC37A1,TRIM68,YAF2,CTD-2366F13.1
3785,MECR,SOS1,ZNF708,INTS2,RALBP1,ZNF738,HARS2,RP11-422P24.11
3786,CTSK,C22orf34,TMEM67,RRN3,TVP23B,PDE8B,HSD17B4,LPHN1
3787,TRIM68,DGCR8,RP11-176H8.1,C9orf24,TFAP2E,PNMA5,SLC11A2,TRIM2
3788,TOX2,METTL15,MAP4,MBTPS1,RP11-1143G9.4,PLOD1,RDH11,CENPU
3789,ETF1,HARS2,ABCB9,KSR1,RP11-386I14.4,IFT46,SLC26A2,SLC14A2
3790,SMN1,RP11-506M13.3,PPA2,ZNF563,CRK,SLC52A2,PPFIBP2,RP11-243J16.7
3791,ARHGEF40,TIGD6,CRYL1,NEFH,KHK,ERI1,ZNF432,CTC-273B12.10
3792,PLD3,FMR1,GAR1,PDXDC1,MEPCE,FBXW7,BRD8,PAK3
3793,PAN2,VIM-AS1,PXN,TIGD3,PLOD3,ALPK1,ZNF383,AC004447.2
3794,TMEM30B,C16orf91,TCOF1,FAM229B,SLCO3A1,AMZ2,RP11-876N24.4,GPR84
3795,HDHD3,RAB7L1,RABGAP1,NAMPT,NGLY1,AC005306.3,SIK3,ZNF470
3796,FOXO1,NUS1,RP11-92K15.3,CCDC94,KIAA1191,LONRF1,CNTD1,RP11-536C5.7
3797,RPS17L,HTT,SCRN1,TBC1D10B,PLEKHF2,C11orf1,TAF12,C2orf27A
3798,FANCD2,THAP8,RFWD3,C12orf43,PHF21A,RP11-379F4.9,ADPGK-AS1,FAM154B
3799,MOSPD2,CHUK,TNKS2,CCDC90B,HHAT,PIGA,EIF1AD,C11orf82
3800,BAG1,RP4-673M15.1,B4GALT1,LRFN3,KIF13B,AGPAT1,NPHP4,KCNN1
3801,SLIRP,ZG16B,ZNF575,RP11-56G10.2,CNOT3,GABPB2,ZNF320,HLA-DQB1-AS1
3802,C11orf63,TUBG1,LSM2,RPAIN,NEIL1,DDX1,TMED3,RP11-644F5.16
3803,MRPL15,SESN1,EIF4EBP2,MYSM1,CPSF6,NDRG3,SRM,DYNLL1-AS1
3804,ABLIM1,WDR45,PLCL2,RP11-504P24.6,ZWILCH,POMGNT1,AC097500.2,AL353354.2
3805,SLC35D1,DTHD1,SLC25A12,C16orf52,MGST2,CRCP,SMOX,SGCE
3806,CCDC136,SUFU,AC104699.1,GTPBP4,FLJ27365,METTL25,GPR35,CTD-2012J19.3
3807,BAG4,PCNXL3,SLC48A1,C14orf28,EIF2AK2,PSME4,SCAF8,APOA1
3808,NCR3LG1,RANGAP1,FGGY,ZNF580,RP11-301O19.1,BCR,DUS3L,UGT2B17
3809,LINC00309,RP11-439L18.2,MED23,PRKAG1,MRPL38,MGRN1,LENG9,FANCC
3810,SPTLC1,RAB30-AS1,RP11-389O22.1,AIFM1,WDR60,LRRC34,SP4,RP11-348F1.2
3811,HIPK3,PIP5K1B,RP4-575N6.4,RP11-386G11.5,GOLM1,TLR6,KCNAB2,VANGL1
3812,SETD6,FMO5,USP3-AS1,CABIN1,POLR1B,KDM5C,ILVBL,LINC00894
3813,NTAN1,PTCHD3P1,USP28,MCM3,GFOD2,PPP6R3,SLC27A1,ACRC
3814,DHODH,DPEP2,NDUFAF4,C11orf24,GPR146,ORC6,TBL3,RNASE3
3815,PQLC1,PTGES2,RND1,ZKSCAN5,ALG10,WFIKKN1,ZNF384,C17orf107
3816,PLA2G4C,CLEC4C,RP11-159H10.3,ARHGAP22,ECD,NPIPB5,MFSD12,RP11-339B21.11
3817,RP11-643M14.1,RP11-214N9.1,MRPL39,GUCA1B,GON4L,DMWD,CTSA,SEZ6L
3818,IL15,FLVCR1-AS1,PXDC1,PTRH1,CITED4,ZSCAN32,DHRS7B,ZNF620
3819,MLTK,PGPEP1,ARHGAP31,PINLYP,PRDM4,RP11-701P16.5,MT1E,RAD51AP1
3820,TTC39B,PPP2R5E,SNRNP40,AHR,EIF2D,RP11-36B15.1,EXOSC10,SLC22A15
3821,MRPS6,NICN1,ZNF76,RP11-160O5.1,TDRD3,ZC3H4,DPH3,AP001046.5
3822,LRFN1,SGSM3,TMEM216,IGSF8,ACBD3,C3orf14,MYBBP1A,AC097713.4
3823,ZNF268,ATXN1L,A1BG-AS1,SYT11,SNX19,PRICKLE4,C19orf40,KDM4A-AS1
3824,MAP3K4,BLCAP,SH3GLB1,INSL3,SOCS6,RP5-886K2.3,FGFRL1,RP11-327F22.2
3825,PPP2R5E,CCDC7,MAP9,RNF219-AS1,C19orf83,COG7,TGIF1,PEX11A
3826,CHRNA1,LPCAT3,ZNF341,CSNK1G3,CREM,E2F1,AAMP,AZI1
3827,RP11-635N19.1,KLHDC1,KLHL24,ZNF680,CLN6,TMEM182,C6orf106,RP11-385F7.1
3828,TAF5,GK,C9orf66,CASK,ZMIZ2,GOLGA1,NDUFB6,RIMS3
3829,KCNAB2,PDIA4,CREB3L4,CAT,PARP3,ITSN1,ELK1,RP11-110I1.13
3830,METAP2,P2RY2,RP11-126L15.4,CYP3A5,ARMC5,TRIM38,GDPD5,RP11-203J24.8
3831,ST7L,RFC3,SLX4IP,RP5-1057J7.6,LMAN2L,ANKRD26,TBC1D9B,CTC-454I21.3
3832,GRAMD1C,ZNF480,SLC37A3,UTP15,UBE2E3,NLRP3,RASGEF1A,FOSL1
3833,RP11-433J8.1,ZNF737,SYNC,ZNF407,C1orf50,HYLS1,PPP5D1,CTD-2165H16.4
3834,RP5-894A10.2,CYB5RL,RP11-111M22.2,HAT1,LDLRAP1,RP11-867G23.4,TSPAN32,ABCD2
3835,ATP10A,RP1-100J12.1,TSGA10,PSPN,TMEM106B,SMG7,GALNT1,RP11-680G24.5
3836,SECTM1,DIRC2,ATAD5,ATP6AP1,RP11-109G23.3,NDUFB4,NOP16,FOXD2
3837,CPNE7,ZC3H14,ZMAT3,DGKH,LGR6,CPSF6,CD55,ZNF433
3838,PLK4,CTD-3214H19.4,RP4-647C14.3,ARHGAP17,BMI1,TSG101,AP2B1,CERCAM
3839,TM6SF1,ARPC5L,C11orf95,VPS41,TLR2,HSPBAP1,UBA1,PARPBP
3840,VMA21,RP11-127B20.3,TFCP2,FAM73B,SLC4A7,ZNF780B,HIATL1,MAP3K9
3841,SLC38A1,FOXRED2,HILPDA,POLR3B,VPS52,TAB1,PANK4,RP3-510H16.3
3842,APBB3,CNNM2,MRGBP,IER5,B4GALT1,ING2,NSFL1C,RP11-259K5.2
3843,MAP2K4,SPIB,KCNQ5,LINC00998,MIAT,ZNF773,FAM208B,ME1
3844,NAB2,NIPAL2,PSMC5,WDR86,RNF135,RP11-351I24.1,PLD2,AC008443.1
3845,TOPBP1,RABL3,ZNF582,JMJD7-PLA2G4B,ZNF17,CLCF1,CCZ1B,AP000476.1
3846,TEC,ZNF236,C16orf87,SPATS2,ZNF879,AC025335.1,ZNF28,LONRF3
3847,TMX1,NR1H3,ARPP19,ZNF354B,SPTY2D1,KLHL2,KMT2A,AC004893.11
3848,DENND6B,JARID2-AS1,ARHGEF2,ZNF85,RFXANK,RP11-66N24.3,CMTM8,HOXA5
3849,RARS2,ZNF197,PRCP,C12orf49,KB-431C1.4,TLR1,NABP1,AC005253.4
3850,FBXL4,PTRH1,XPNPEP3,VIMP,CHD8,ZFYVE26,RP11-522I20.3,RP11-713M15.2
3851,MAP1LC3A,TRAPPC11,FAM219A,TXNDC17,THAP8,DIS3,EPS8,AC022400.2
3852,FCRL3,SNX8,RP11-542M13.3,LIMK2,GOT2,RP11-17M16.1,AFG3L2,FITM1
3853,RP11-582J16.4,PIGC,CAPRIN2,C18orf25,GOLT1B,ERBB2,RP11-554J4.1,CYB5R2
3854,MYCBP,ALG11,INTS7,NFATC1,RING1,MSL2,TCF7L2,AK8
3855,METTL22,FAM24B,TUSC2,IMMP1L,DPAGT1,HMGN3,ARFGAP1,NPIPA5
3856,TUBGCP4,SDS,ZCCHC10,RP11-261C10.3,STK17B,ACYP1,IGJ,CTD-2555O16.4
3857,ATP1B1,SCAF1,STXBP3,AZI1,GPR141,MRPL50,ZBP1,RP11-288H12.4
3858,MBTPS2,USP45,HEXIM1,HRASLS2,KIAA1147,PMPCA,MFN1,NEUROD2
3859,UBAP1,TMEM65,RPS6KL1,ALCAM,CAAP1,SLC2A9,FAM192A,CLDN23
3860,ATP8B2,C2orf74,HS2ST1,CTB-133G6.1,SMG8,CSTF3,SGK223,HIST2H2AB
3861,RNPC3,RP11-649E7.5,HUS1,HID1,NUP93,PGAP3,CBX4,FAM81A
3862,PATL2,HS2ST1,RCHY1,SLC30A5,ZNF550,RP11-750H9.5,WDR53,ZNF629
3863,PCBD2,NDRG2,ITK,WNT11,KIF3C,RP11-446N19.1,LMF1,RP1-266L20.2
3864,RNFT2,ZNF584,CCDC86,HIPK1,ACADS,PHGDH,SLAMF8,GRIK4
3865,LAYN,RP11-74E22.3,MTMR10,BACE2,DPH1,RMDN3,USP1,LRRC26
3866,EMC10,POLG2,C9orf72,HEG1,CHD1L,CCDC153,RNMT,PLD1
3867,PID1,RMND1,DENND2C,C11orf35,KIAA0319L,LINC00662,EIF4ENIF1,CUZD1
3868,IL7R,TADA2B,TXNRD2,PIAS2,TMED1,PTCD1,RP5-894A10.2,EFNA3
3869,NDUFA3,CPNE5,RNF146,CTA-384D8.34,ZFP69,SLC12A2,MSH6,LEKR1
3870,FAM120AOS,PDDC1,RP11-446N19.1,TTLL11,ARRB1,GMNN,MRPS22,ARHGAP5-AS1
3871,CNST,ZNF383,CKAP5,JRKL,SELO,USP21,NKAPL,AC093157.1
3872,ADCK2,RP11-773D16.1,FMN1,UCP3,MYOM2,YIPF2,BAZ2B,THNSL2
3873,VCPKMT,ZNF33B,FAN1,NDC80,ARHGAP27,TNF,EREG,PPP2R3B
3874,CSAD,PLEKHG3,LMOD3,VPS54,FTSJ2,XPO1,USP9X,NEDD4
3875,A2M-AS1,ARL4D,TRMT10C,AP003419.16,CNFN,NACC1,ELAC2,RP11-876N24.2
3876,RP11-350N15.5,UCP3,RP11-22N19.2,KLHL18,KCTD10,ANAPC7,FAM229B,AC016700.5
3877,VWA5A,TRAPPC10,RP11-932O9.7,GOLGA5,FTO,RP11-1079K10.4,USP46,FOXD2-AS1
3878,ZNF169,MTA1,CRADD,TMEM170A,CISD1,RP11-282O18.3,MICU2,IFT172
3879,ASB13,CSGALNACT1,RIOK2,PIN4,RP11-439L18.2,ARAP1,GPX3,CADM1
3880,WSB2,RN7SL1,SLC44A1,SLC37A4,DNAAF2,MLKL,OSGIN2,RP11-761I4.3
3881,ARL10,UBR7,MRI1,UVRAG,ACTR8,ENTPD4,WASL,CCDC153
3882,FDXACB1,KCNQ5,KDM7A,KLF16,MAP4K5,EDARADD,PTDSS2,HAS3
3883,CHUK,MNT,ATHL1,SLK,REEP3,ELOVL3,LYN,LINC00996
3884,ZDHHC5,TMEM150B,DISP1,PPP1R8,DCTN6,MYO1E,AP5Z1,RP11-181C3.1
3885,PSAT1,CCDC151,CEP350,ZSCAN9,FXYD1,DTD2,MFSD11,VAV3-AS1
3886,GPX3,PM20D2,RYBP,GGT7,MDP1,RHBDD1,E2F2,TNK2-AS1
3887,C3orf14,TEX2,ZNF142,C5orf34,ZNF582,NAPB,CRELD1,RP3-508I15.21
3888,ZNF41,SEPN1,CACNA1I,ATG7,SFXN1,VNN1,RP11-563N4.1,DIRAS1
3889,RRAGB,PPTC7,NMB,ZNF783,COPB2,ITFG1,SSX2IP,RAB12
3890,EMB,RRAS2,HIST1H2BD,ODF2L,HAPLN3,NEO1,ITGA5,RP11-350F4.2
3891,GNPNAT1,DHFRL1,RP11-138I18.2,OASL,SUFU,FZD1,CDKN2C,TSPYL5
3892,KIF13B,DTX2,INPP5K,JPX,MON1A,GLT1D1,CGGBP1,ZNF554
3893,HIST1H3A,CPEB4,TRIM65,RP11-279F6.3,TMEM38B,HDX,ATXN7L1,FAM65C
3894,BLZF1,RP11-422P24.11,MTFR1,LEKR1,DOCK11,STAG2,RPA3,MBLAC1
3895,CACNA1A,RP5-827C21.4,ZNF665,RP11-47A8.5,ZNF557,KIAA0825,RUFY2,LRRC34
3896,GALNT7,CREB5,RRM2B,RRP36,CCDC58,VPS4B,RP11-126K1.6,MFSD2A
3897,PTGR2,PTAR1,7SK-2,RP11-793H13.3,KRR1,ORC5,TRIP12,JSRP1
3898,CTD-2630F21.1,C14orf93,FKBPL,DAZAP1,PAIP1,MKLN1,RP11-452L6.5,SNPH
3899,DTX2,TMEM69,SGK223,TBC1D2,CDKN1C,PGM3,POU2F2,MERTK
3900,MICAL1,NR3C1,LPCAT1,ABCA7,CYB5D2,NTHL1,KIF22,PRR19
3901,SETD1B,GALNT6,MUL1,AMN,FAM69A,LEF1,RP5-1180C10.2,TGM1
3902,PTPLA,TDP2,MAPKAPK5,SLC30A6,PPP1R13B,PIKFYVE,RP11-252A24.7,SGSM1
3903,QARS,CAMKK2,NLRP3,TMEM189,EIF5AL1,RP11-262H14.3,CBX6,FAM174B
3904,ALDH1B1,SYAP1,RP11-67L2.2,LRP5L,HMGN3,RPL39L,GGA1,SALL2
3905,TMEM219,ZNF7,RP11-297B17.3,RPP40,MCAT,hsa-mir-8072,NHS,EPHA4
3906,SEPN1,SLC30A5,COX6C,ZHX1-C8ORF76,TRANK1,INIP,RP11-452L6.1,RP11-457M11.5
3907,FADS3,RP11-325F22.2,IFT27,TJAP1,POU2AF1,QPRT,MATR3,TMEM171
3908,CTD-2231E14.8,RAB31,SLC35F6,FURIN,FAM159A,PANK4,USB1,RP11-932O9.7
3909,KIAA0125,OSBPL1A,PRPF40A,WWC2,ZNF236,CD3EAP,DLG4,RP11-890B15.3
3910,IFNGR2,SLC8B1,DEDD,TMEM209,PARP14,CUEDC1,FAM60A,ZNF532
3911,LINC00886,ZNF500,SCFD1,MSH6,MAD2L1BP,SLC25A10-1,PIAS2,RAB11FIP3
3912,PKIA,NUP205,MTMR3,SMAP1,CDC7,TRAF4,ABL2,NUMBL
3913,RECQL5,PIP4K2B,ZNF211,MAP3K12,UBE2E2,ANKRD13A,THAP5,DNAJC27
3914,IFI27L2,MCM3AP,PRR4,TSPAN5,FCGRT,NDUFC1,SH3BP5,AC007036.6
3915,ATN1,TAPSAR1,ABCB7,TAF1C,ABLIM1,MPZL1,HSF5,TMIE
3916,CERS6,TIA1,PAXIP1-AS2,R3HDM1,TBC1D14,GBA,UST,INCENP
3917,AC009403.2,TTF2,SLC35F2,NME2,ANKRD27,CEP44,RP11-54O7.11,RP11-190C22.8
3918,MASTL,CUL1,SUOX,FUBP1,HSPB1,SLC43A3,C1orf63,DDR1
3919,RP11-74E22.3,SH2B2,RDH13,CTD-2270L9.4,ARCN1,OGT,MRPL13,ST6GALNAC1
3920,RPUSD4,SIRPD,SYNE2,RP11-536C5.7,COPS7A,TM7SF3,MBNL1-AS1,RCAN1
3921,KIAA0355,NLK,SLC25A43,TMEM5,ZNF628,LANCL1,DDX26B,AC073283.7
3922,HEATR5A,ACVR2A,GKAP1,FAIM3,HADH,ZFYVE16,AP003774.6,FLJ45079
3923,PSMG1,TRIB3,TCTN2,NFYB,RAP1GDS1,TAX1BP3,AC139100.2,GAB1
3924,SNRNP25,ACYP2,AGPAT4,NCOA5,KDM8,FAM189B,IPCEF1,ABCG2
3925,AL592284.1,WHSC1,C6orf106,ZBTB39,SYTL3,ICAM3,RP11-388M20.1,CCDC96
3926,CDKL1,CTC-507E2.1,ZFPL1,GATAD2B,MKL2,AGK,GPR125,RAP2C-AS1
3927,RUSC1,UBE2N,RNU12,BBS9,ACY3,TMEM186,CDC23,KANK1
3928,DNM3,RTF1,TMTC4,BBS2,PLAGL2,CNOT1,BCAS2,SLC25A30
3929,PTAR1,BCL6,GFOD1,SPATA41,PIK3R3,CTD-2085J24.4,C5orf54,DDO
3930,TBC1D10A,ITFG2,RAB8B,MEF2D,IRGM,RP11-582J16.5,GNPDA1,GPX3
3931,NBPF9,SNHG12,SRP68,CDT1,ANO10,CKS2,SFXN5,RP11-69E11.4
3932,NOG,UBLCP1,ZC3H4,FANCG,RP11-403I13.8,FAM73A,TMEM63C,ZNF667
3933,TRIM41,TULP4,GOLGA3,ADSSL1,AAR2,RP11-505K9.1,HAT1,AC009120.6
3934,MCF2L,NRROS,C8orf58,ZNF564,BHLHE40-AS1,RP11-525A16.4,RP13-131K19.6,RAB25
3935,PGRMC1,NSMAF,MT1X,CCDC132,PTPN9,RP11-809O17.1,NCEH1,KCTD1
3936,DOLPP1,ZNF511,PEPD,FAM161B,CNTROB,HDAC8,ZNF554,CTD-2288F12.1
3937,WDR36,NUDT4,CCR10,UBQLN2,MED1,ADPRM,XAB2,NTNG2
3938,IRGQ,SCARB2,SMTN,SHOC2,MIER2,SNAPC1,RP11-545I5.3,CCDC121
3939,TPCN1,DCUN1D1,IKZF2,HPDL,GSDMB,MLLT10,SOBP,RP11-367J11.2
3940,UQCRB,PCNXL2,CDK17,CHD1,H2AFY,TPTEP1,PIK3C2A,MST1
3941,FBXW11,FLVCR1,RP11-960L18.1,SENP2,IGF2R,TMPRSS11E,NBEAL2,SLC45A3
3942,KPTN,CDC14A,DIRAS1,NXF1,CLSTN3,MUS81,U91328.19,ZNF155
3943,TOP2B,ELK3,C5orf28,MYL6B,PLA2G12A,CDK18,RP11-127B20.3,CCND1
3944,RP11-420G6.4,RAB3IP,ZNF326,SEPT2,SIMC1,HINFP,VPREB1,MCC
3945,FBXW8,WDPCP,MKLN1,RBM18,MYL5,LACE1,DUSP28,AP000769.7
3946,ATP5L2,EPHA1,NUP35,RP11-483I13.5,ZFP30,NKIRAS1,RP11-1055B8.7,ZNF587B
3947,SOCS2,HECA,PSEN2,RIOK3,PDZD8,SLC6A12,ACPP,BZRAP1
3948,CYB561,ANKLE1,ZNF672,SLA2,FBXO30,METTL2B,REPS1,RP11-661A12.5
3949,RCBTB1,TBC1D13,TEX10,TMEM129,PXK,ITLN1,DHX40,RP11-973H7.1
3950,UTS2,CXCR6,LIN52,PRRC2C,RP5-1028K7.2,RP11-338I21.1,WDFY2,GNG5P2
3951,UBA6-AS1,EFHC2,OSBPL11,RP11-284N8.3,FAHD1,ABHD14A,SYMPK,MEIG1
3952,HOXB4,RP11-752G15.6,ELF2,SERTAD3,LETM1,MIR22HG,USP45,PRPF40B
3953,FAM114A2,CUL2,CEACAM1,SNTB1,SEMA4C,TPP2,DESI2,SCARF1
3954,MARC2,ATG14,C16orf98,EI24,POU2F1,CRAT,ATP13A4,AL441883.1
3955,DDX42,SULT1A3,KCNN1,BMF,ARID3B,RP11-407N17.5,RP11-258C19.7,KB-1460A1.5
3956,HMGA1P4,DAPK3,ECD,RP3-477O4.16,HEG1,PRKRIR,TMEM91,KANSL1L
3957,CTD-2537I9.12,MGAT1,RP11-473M20.7,KCNK12,LRRC42,MTMR9,CABLES1,CYTH3
3958,PIGN,AC092295.7,ENO3,LRP2BP,SLC15A4,SLC36A1,PDGFRB,FAM53A
3959,PDK3,RPGR,NUP188,TMX1,ARFIP1,LRTOMT,MTMR4,ABHD4
3960,YTHDC2,LINC00482,ZBTB3,ENKD1,TRIM4,AKAP1,FAM221A,SCD
3961,SSTR3,NNT,PPFIBP1,DCTN6,RP11-713M15.2,COPS4,FBXO22,IKZF4
3962,RP1-28O10.1,STARD3,HEATR1,MANBA,SPHK2,FAM220A,CCDC134,RP11-404F10.2
3963,STARD9,FAM3D,CCNA2,SLC37A1,EFCAB2,APTX,ZNF440,AC009120.10
3964,TRIM27,KBTBD4,CLCN6,GNAQ,CAPN10-AS1,RIC8A,CADM1,OAZ3
3965,LRRC29,PRKCH,PHAX,TERF1,ZBTB4,UEVLD,LAMTOR5-AS1,RP11-869B15.1
3966,FAM213A,RNPC3,P2RX7,SLC45A3,TVP23C,ZSWIM3,ZNF431,CASZ1
3967,LINC00843,ZNF629,ZNF837,CYTH3,MTSS1,FAM109A,C14orf79,RP11-498C9.15
3968,RP13-270P17.3,HMBS,RASL11A,PRKCB,BPTF,PPP2R1B,LACTB2,CTD-2015H6.3
3969,ENOX2,PYGO2,ZW10,ZNF250,PDXK,USP11,PCGF6,C1orf172
3970,LTC4S,UBE2E3,SCO1,SHPK-1,ZNF175,SRSF11,TSPAN15,RP11-258C19.7
3971,RP11-15A1.3,CHMP7,MORN4,RACGAP1,ELMO2,MAPK6,ACTL6A,WFS1
3972,BCR,TTC28,TRMT2B,NCAPH2,GTDC1,CHD7,KLRC4,B3GNT5
3973,AFAP1,NT5M,SENP3,AC113189.5,DOLPP1,PLCXD1,THAP6,CUL7
3974,RP11-290F20.3,SLC39A11,PRIMPOL,ZNF460,PPP6R1,TSEN54,ALDH7A1,C11orf95
3975,RP11-6J24.6,PERP,FBXL18,SLAIN1,IRF2BPL,MLH1,CASP9,AC009961.3
3976,FASTKD1,ZNF91,RPP21,LARS2,PSMD4,USP40,PURA,HOXA9
3977,POT1,FAM228B,SPAG9,NRG2,INTS9,ZNF34,NCL,RP11-488L18.8
3978,CEP57L1,ATG16L1,MEF2BNB-MEF2B,ARRDC5,ZNF496,SFT2D2,DDX31,ZNF630
3979,USP28,ANKRD32,CUL9,TET1,H3F3A,EEFSEC,SPATS2,DGUOK-AS1
3980,AHCYL2,SIGLEC12,FBXO30,ASF1B,GEM,KAT6B,LSM11,CDK18
3981,C5orf55,VPS8,AC097713.4,RASA1,CTD-2047H16.4,SNX29,SETD5-AS1,RP11-290D2.3
3982,PFKP,FAM212B,SLC35B4,DCPS,TNFSF8,SZT2,DUSP16,MOV10L1
3983,SIRT3,PDSS1,THOC1,CCNI2,DOPEY1,SRP72,FBXW11,FOXRED2
3984,C16orf95,NCDN,DUS1L,B3GNT8,DSCR9,TTC22,FAM3B,C2orf44
3985,EIF4ENIF1,C9orf91,CEP152,RP5-1021I20.1,TCP11L2,PPP2R3B,C17orf70,ABCC4
3986,MTHFD1L,NFYC-AS1,RP11-73E17.2,DCUN1D4,CHMP1B,CATSPERG,KIDINS220,PRDM8
3987,B3GALTL,CDC42EP1,FCHSD1,CPEB3,MAGI3,ASPHD2,ZNF362,SRXN1
3988,MAPK8IP3,ZFHX3,MAP3K2,C16orf45,PIGO,OMG,NPRL2,RP11-297B17.3
3989,HEATR1,PCSK6,HSDL1,FAM133B,LDHD,LDLRAD3,ATP2A1,RP1-168L15.5
3990,XBP1,BYSL,TAF4,ZNF14,OTUD5,DNAJC30,SAYSD1,USP51
3991,LPP,HLA-DQA2,KDM2B,FAM131A,RP11-802E16.3,ZNF672,IL4I1,LAYN
3992,LZIC,CDV3,IL15,ZNF367,PDK3,ITSN2,CTNND1,RP11-603J24.5
3993,RP5-821D11.7,CAPN2,GK,FAM173B,RCOR1,DLC1,KRIT1,RP11-486G15.2
3994,NUDT12,RPS15A,RASSF6,SMIM4,FOXN2,ORC4,MRPL9,RP11-677M14.2
3995,LMTK2,RP11-544A12.4,RP11-761I4.3,SPAG1,TMEM129,TLE1,TMEM135,TAS2R14
3996,NOC3L,NSMF,PSMC3IP,TMEM81,RP11-680G24.5,TMX4,MYH3,DNAJC28
3997,C1QC,PIGQ,SETD4,MAP10,HIST3H2A,RP11-138A9.2,EDEM2,IRGM
3998,TMUB2,ZNF816,NBEAL2,KDM5B,FMO5,FLAD1,NAT6,ZNF829
3999,OGDH,ASF1B,TMEM185B,SPAG16,TP53BP1,FBXW2,PCNXL2,NBL1
4000,RALBP1,WHSC1L1,C9orf169,TLR6,NHLRC1,RHEBL1,RP11-66N11.8,GRAMD1B
4001,PPP1R3F,NOP2,GLMN,CC2D1B,CERS4,ADPRH,OCRL,RP11-429J17.2
4002,CCDC132,ZNF395,BRPF1,ANKFY1,CCDC157,EML3,CTC-428G20.3,RP11-96K19.2
4003,FUNDC1,BHLHE40-AS1,THEM6,TM7SF3,IFFO2,RP11-761I4.3,LRRC29,IL1R2
4004,HIST1H4A,PSMD13,MTURN,FUCA1,NFX1,KLHL5,PAF1,METTL21B
4005,PARG,TMEM8A,IGFBP4,GNPTAB,TGM1,WDR25,ANO10,FAM21A
4006,ZNF438,PHC1,ABHD6,GPR153,PRPS2,RP11-342K6.1,ZFYVE9,FSCN1
4007,ATG14,RICTOR,STYXL1,CAPN8,HCG18,CTB-61M7.2,CD160,FBLN2
4008,ROM1,KIAA0556,UFL1,MAP4K4,OSM,CATSPER2,PTGS1,ZCCHC24
4009,TRAF3IP2-AS1,MSH2,HYPK,RAP1GAP2,HLA-DMB,CD226,STXBP2,CTB-55O6.4
4010,NUDT22,DCTD,S100B,ARSB,NPRL3,NLE1,ACOT11,C6orf99
4011,PGBD2,URGCP,ZNF768,RP11-108M9.6,TAF4,RP11-930P14.2,CLEC2D,CHST10
4012,GEMIN5,CDK14,MAPK11,CASZ1,NSMCE4A,ABI1,PPAN,CTD-2616J11.2
4013,RP11-488L18.8,C1orf52,OTUD6B,C5orf22,CWC15,PARP6,LRP12,STK33
4014,CRIPAK,TRMT10B,RP11-309G3.3,TGIF2,LAP3,DNM1L,ETNK1,IFNL1
4015,AGPAT5,MTHFD2,NINJ1,SEPHS1,ATAD2,SCML4,RP4-561L24.3,TMEM117
4016,CDKAL1,PAX8,ZNF408,RP11-73E17.2,RP13-582O9.5,SSPN,UMPS,TACR2
4017,POLD4,CARS,RPA4,REPS1,AP001816.1,PCCA,CTD-2616J11.2,NAP1L3
4018,MICAL3,PDGFC,AC007386.2,ZNF320,MARCH7,PAQR8,PACRGL,SVOPL
4019,PARVB,ASB16-AS1,ENO1-AS1,ZNF773,CLK2,BCL3,PYROXD2,MARC2
4020,MED26,IFNG,LINC00265,TMEM87B,MYEF2,ZNF577,IL1RN,ALDH7A1
4021,ARID3A,ZBTB48,RP11-162A12.2,LPCAT4,TTC26,MTMR12,FAM73B,MTBP
4022,AP001058.3,EMILIN2,PLXDC1,RP11-115C21.2,PARP6,CEP68,FITM2,BTBD8
4023,ACY3,MYO5A,U47924.30,PRKD3,AP1B1,PLD2,HFE,GTSCR1
4024,ITPKC,SETD5,NQO1,SLC2A13,KDELR2,FAM208B,MR1,RP11-483P21.2
4025,SH3GLB2,RRNAD1,RECK,SFMBT1,SARNP,TLK2,MRPS11,HIST1H2AH
4026,CD27-AS1,CAND1,GPALPP1,TMSB4Y,RMI2,PIK3R2,NBPF9,RP11-430H10.1
4027,CCDC176,CLSTN3,KIAA1919,TATDN2,MLF1,CENPB,CPM,ZNF619
4028,MIEF2,PRPF38B,LAMP1,ZCCHC2,MRPL33,DNAJC24,GMDS-AS1,FAM161A
4029,HMOX2,GCLC,CTD-3065J16.9,PPAT,KDM4B,UXT,TRNP1,SNAI3-AS1
4030,TMLHE,SLC25A44,SQLE,FUK,ZNF267,AC016700.5,IDE,RPEL1
4031,ATP7A,RP11-126K1.6,ANKRD50,RP5-1074L1.4,MORC2,SYNGAP1,CLIC1,AK4
4032,ATP13A3,IPO9-AS1,XPO6,GPATCH2L,TRUB1,ZNF740,COX11,RP11-97C16.1
4033,METTL12,ATP11C,PRMT7,TIMM10,LIG3,TUBGCP6,DTX1,BBS10
4034,RP11-466F5.8,CDIPT,SNX15,CHD7,IFNAR1,STOML1,NAP1L2,RP11-452L6.1
4035,HEBP2,DOCK10,ADCY3,ITGA10,CEP97,MAP3K4,FNTB,CTC-297N7.5
4036,HIGD2A,HMGN4,PPAT,GNE,C1orf216,ATP10D,MAP3K7,OTOF
4037,MYB,ST6GALNAC2,FAM227B,ZNF440,USP32,MBD3,INCENP,CTSK
4038,QSER1,KRBOX4,SPHK2,ZNF653,RP11-799D4.4,ABCF1,AC074183.4,NAA60
4039,ULK2,MRRF,MYNN,AC010883.5,TTC22,RP11-354P11.3,RP11-141B14.1,SDK2
4040,RP11-796G6.2,SLC39A6,AC018816.3,ZBTB20-AS1,CTC-444N24.11,WRAP53,ALG8,PPFIBP1
4041,ACBD4,XXbac-BPG252P9.9,BDH1,GSS,GRASP,POLI,C16orf98,ZNF596
4042,RP11-15A1.7,ZNF626,RNF145,ACOT11,SNTB2,PRIMPOL,NTNG2,CTD-2035E11.5
4043,KIAA1683,FMNL3,ATR,COQ3,ARHGAP35,C1RL-AS1,GSTO2,ZFP69B
4044,FAM118B,SH3YL1,RP11-83A24.2,TBC1D8,NUDCD3,SNAPC2,ZKSCAN2,AXIN2
4045,EPS8,PUS7,SLC15A3,SMN2,BNC2,ZNF837,AHCY,CYSLTR2
4046,DPH6,ABCE1,CCL28,C8orf37,BAZ1B,MSC,UNK,THAP9
4047,DCAF17,RP11-339B21.11,PFKM,DDX24,CNIH1,PTGES2,SGCA,RP11-1114A5.4
4048,NEURL1,ZNF677,FCHSD2,FAM208B,TDP1,CLASRP,VSIG4,RP11-90P5.2
4049,RP6-109B7.3,LRFN1,IQCG,WDFY2,TRRAP,TYW5,GRPEL2,HRK
4050,NEK7,SLC37A2,INPP5E,CPSF3L,AC021860.1,MIER2,TMEM50A,CASD1
4051,WDR89,NFE2L1,AC104655.3,SLC35E4,ZNF586,RP11-532F6.3,CDK2AP2,RP11-533E19.5
4052,NDUFS8,ARIH1,C14orf182,FAM111B,ZBTB10,CTD-2215E18.1,ERCC5,ZNF416
4053,MIR4458HG,C19orf59,DBR1,TRIM27,TMEM161A,MINOS1-NBL1,ZUFSP,AGAP4
4054,ABHD4,FRY-AS1,RP11-77H9.2,FHOD1,DISC1,OTOA,ZXDC,AC025335.1
4055,MARK2,TBC1D9,PPOX,JAK1,LLPH,RBM28,CCDC41,ZNF417
4056,NDFIP2,RPP14,AP001412.1,RNLS,CTSL,SLC9A9,EBPL,SUOX
4057,RNF8,PUS7L,TBP,TBC1D20,STIM1,PHIP,AC011558.5,ZFR2
4058,MRPS24,AC022182.1,KIFC2,DRAM2,FMO4,C1GALT1,PPP6R3,CDNF
4059,FBXL5,NR1D1,TNIK,MITD1,ARFGEF1,USP12,TBKBP1,SLC9A7
4060,CCR4,FADS3,PEX6,STX6,GTF2H4,ZFP30,THEMIS2,NRG2
4061,FUZ,PPP2R5D,GPN2,EDARADD,MFSD3,TCEA3,FAM153B,POLA1
4062,C17orf72,RP11-356N1.2,JPX,HLA-DMB,ZC3H3,KLHL9,RNF38,CCNJ
4063,CPLX1,SYMPK,LRRC57,USP46-AS1,DIS3L,ZNF18,ARFIP1,PUS7
4064,SYNGAP1,LRRN3,BIN1,TRIM62,PSMC3IP,SAMD3,FRY,RP13-638C3.4
4065,CXCL3,C5orf22,ZNF346,DICER1,PYCRL,DPY19L4,WDR47,PTPLA
4066,RP11-119B16.2,CXorf24,CHCHD7,APOBEC3B,RP11-332H14.2,SIRT5,NADK2,TMTC1
4067,KDELR1,UVSSA,RP11-267N12.3,ZNF740,ABHD11,ZNF598,RP11-304L19.5,LRP6
4068,RP11-553L6.2,ZMYND11,SPRY1,LINC-PINT,POLA2,GTF2I,TM7SF3,CTC-428G20.6
4069,RP11-421L21.3,AGBL5,SLC26A6,SEPSECS,TCF20,CEP95,RP5-1021I20.1,TFAP2E
4070,TFE3,AFF4,ZNF10,TLR3,EFCAB4B,PLIN5,AP4B1,ZNF502
4071,DSE,RNF138,RP4-635E18.8,PEX10,RAB8B,ZNF644,CUL7,RP4-583P15.10
4072,GLTPD1,C16orf80,C11orf54,ERMAP,NFATC3,RP4-647C14.3,PIP4K2B,RP11-73K9.2
4073,SMUG1,ABCD1,ZNF343,CCR5,METTL21A,PUS10,LSM12,MT3
4074,RNF26,CCDC66,CAPN3,RP4-647C14.3,EP300,AC009961.3,SMYD5,ANKRD18A
4075,PPP1R8,FAM98C,DNAJC5,POM121C,MGA,APBB1IP,GLTSCR1,AC093642.3
4076,LYRM1,SETD7,PMS2,TCP11L1,UBE2Z,UBE2V1,FAM73A,DIP2C
4077,ZMIZ2,DPH2,RP11-385F5.5,ZNF337,CD27-AS1,RBM33,SGSH,SLC5A2
4078,CTB-152G17.6,NDUFB3,KLHL8,TCAP,MED12,ZFP62,SLFN12L,CTD-2256P15.4
4079,DPY19L2,ENC1,MSC,ACVR2B,RP11-434C1.1,CSNK1G1,CHFR,COL9A3
4080,CCR9,SLC17A5,GOLGA2,POC5,NDUFA8,PSMD10,COPS7A,AC026202.1
4081,WDR55,RP11-326F20.5,MDFIC,TEP1,HIST1H2AE,APOLD1,LPAR6,CTD-3131K8.2
4082,MED9,ANAPC15,RP11-504P24.6,WDR62,CUL7,BCL9,SH3BP5L,RP11-408A13.4
4083,FDXR,SUCO,GTSE1,NDUFAF1,PEAK1,NRM,RAB11B-AS1,TMTC3
4084,PCGF1,SRP9,PANK3,KLF11,DHX33,GTF2A1,INPP5E,RP11-950C14.3
4085,KIAA0391-1,HFE,RP5-1098D14.1,INTS7,CTNNA1,HNRNPH2,LINC00959,CMC4
4086,ZMYND19,PCYOX1L,FBXW7,FLOT2,ZNF207,ORMDL3,ST6GALNAC3,KCTD21-AS1
4087,RP11-110I1.13,EGR1,LTK,GALNT7,ZNF699,ADORA2A-AS1,DHX33,VSIG10L
4088,RPS6KA2,WSB2,ENPP4,STAM,ZNF736,GTF2E1,PRKAR2B,B3GALNT1
4089,HOOK3,MYNN,ZDHHC7,ACSL5,NSMAF,CTC-338M12.4,PELI2,KLHL3
4090,MSRA,SKAP2,ANKMY1,CDNF,GPR75-ASB3,CCNJ,PHKA2,ANKRD23
4091,RAP2B,TIFA,PWP2,MARCH8,RRAS,ZNF23,CD36,SMARCA5-AS1
4092,ZC3H10,RCHY1,STARD3NL,ACTL10,ENOX2,XRCC3,CENPJ,RP11-219B17.1
4093,DSTYK,HSDL1,GLTSCR1L,CYP2U1,GGA3,ICA1,LCOR,SERPINF2
4094,RP5-886K2.3,FAM98B,AHDC1,ANO6,RNF220,C12orf45,MTAP,RP11-452C13.1
4095,FEM1C,ACTR3B,TARSL2,MTMR8,NFS1,PRRG4,STON1,ZNF80
4096,EIF4G3,CCDC149,EZH2,PLEKHF2,SLC43A3,GPR133,CCNYL1,RP11-16E12.1
4097,AC097500.2,WRNIP1,RP5-1065J22.8,LNPEP,SEPT6,GAL3ST4,KLHL36,RP11-367J11.3
4098,CTC-534A2.2,SCAF8,P4HA1,USP37,MFN1,NEXN,ZBTB5,C21orf58
4099,CCDC183,C9orf114,ZNF611,YPEL4,PIBF1,RP11-452C13.1,SMURF2,FAM13A-AS1
4100,YIPF6,GPS2,LRP2BP,ARHGEF2,RP5-886K2.3,EXD3,MSL2,RP11-315I20.1
4101,ARHGAP11A,FTSJ1,TNIP1,MTHFS,PIK3C3,LINC00402,WDFY1,RP1-90J20.12
4102,LINC00657,SERPINE2,DEGS2,TAX1BP1,NBEAL2,CEP57,OPLAH,RP11-95D17.1
4103,WDR48,WDR36,RP11-315I20.1,HMGA1,OTUD7B,RABL6,ATF6,RP11-61J19.4
4104,LINC00920,LL21NC02-1C16.2,ZNF594,CEP72,TTC9,CLK2,VSIG1,PKHD1L1
4105,NKIRAS2,STK3,TRIB3,OTUD6B,FBXO21,KIAA1919,RFK,RP11-553K8.2
4106,SLC35E2,CKLF,RP11-110I1.14,RP11-11N9.4,GFER,SGMS2,CCDC9,RP11-960L18.1
4107,OTUD4,SCNM1,CENPQ,VAT1,HDLBP,NTPCR,PHLPP1,C11orf35
4108,TMEM161A,BAP1,CCNE1,BBS7,NRBF2,AGGF1,ANKRD36,DDX11-AS1
4109,RLN1,KIAA0907,B3GAT2,CUZD1,WDYHV1,APPBP2,PRIM1,KIAA0753
4110,RSBN1L,ZNF720,MTHFD2L,RP5-864K19.4,SMARCA2,DDX19A,SMN2,ZNF653
4111,ARSK,RANBP2,ZNF433,FOXP1,HDAC4,DGKQ,ATXN7L2,FKBP7
4112,SERPING1,GLB1L,TXNDC5,CR2,PTBP3,ZNF736,KDELC2,RP11-588G21.2
4113,PPP1R13L,ZFAND2A,LAMTOR3,FGR,COQ3,ALKBH1,C9orf139,U73166.2
4114,CYTH4,DIMT1,RP11-138A9.1,CCDC126,PRKAB1,CYP4F22,PHF21A,AC131056.3
4115,MGEA5,SPDL1,RNF26,CALD1,AKAP5,BLMH,FAM161B,FSIP1
4116,MEST,RP11-819C21.1,MSMO1,CXCL2,MOB3C,NAT14,ACBD4,RP11-730K11.1
4117,PCNXL4,FAM109B,ZNF687,MAK16,SP1,DCUN1D2,DNAJC30,CTC-297N7.8
4118,MIR155HG,SRSF10,LCORL,CTB-43P18.1,TAF1B,ABLIM1,MARVELD1,RP11-252A24.3
4119,RPL12,AP4B1,DNAJC5B,CASC5,DUSP16,C3orf33,XXbac-B476C20.9,RP4-635E18.8
4120,TMEM194A,TROVE2,TOP3A,CEP76,WBSCR22,EIF4G3,FRG1B,PARD6B
4121,RP5-1115A15.1,SMIM1,INTS6-AS1,RP11-102N12.3,INPP1,ZNF281,RP5-894D12.3,TEC
4122,SNX16,DGKG,GTF2H5,MALT1,SBF1,ALKBH2,THUMPD3,MYO1D
4123,SLC16A5,C2CD5,CCDC157,ADORA2A,RFWD2,PEMT,MVB12B,SLC51A
4124,ANKRD18A,ZNF699,MYH10,EMC1,CIITA,SSH3,DHX8,ZNF772
4125,JUND,EOGT,COPZ1,NDST2,AC062017.1,SLC10A7,TMEM144,FCHO2
4126,PCNXL3,R3HDM2,RP11-420A6.2,DAXX,SF3A2,ELP4,RACGAP1,PAQR7
4127,PPP1R16B,KCTD20,RP11-677M14.2,FAAH,LETM2,CENPO,C1orf115,STX18-AS1
4128,NENF,PWP2,CALHM2,CKAP2,DND1,NBPF9,SDR42E2,CCDC149
4129,LDLRAD4,ATAD2,GTF2B,SETD7,MLXIP,EPS8,KDSR,PDGFRB
4130,TMEM256-PLSCR3,RMI1,LBX2-AS1,RP11-890B15.3,ZCCHC11,ZDHHC17,FANCD2,ZMYND10
4131,EIF2B3,HIVEP1,RP11-713M15.2,BRCA1,ZNF383,HMGCS1,PSMC1,HIST1H4H
4132,SNX15,EPB41L2,SDCCAG8,PEX3,BAG2,CCDC130,ZNF584,NEK11
4133,HES4,NXT1,SKA2,FGGY,SLC12A6,UNC119B,CTD-2319I12.2,ALG1L
4134,ZNF510,STK36,LINC00944,CRY1,FAM127A,RP11-286E11.1,SSC5D,RPA4
4135,LMAN2L,PKIB,PPP1R3E,AC009501.4,RPL26L1,IARS2,IL10RB,MEGF8
4136,VSTM1,HIRIP3,APOM,CLDND2,WIPI1,CDYL,NDE1,AC015849.19
4137,RP11-442H21.2,F11R,USP1,RP11-367J11.3,FGFR1,SLC22A5,REM2,RGL1
4138,IL1B,MAP3K7CL,CNN3,HIST2H2AC,RABL2A,SCAMP3,MKLN1,NUDT17
4139,BPHL,DMAP1,ABLIM1,PAPL,SLC4A4,RP11-793H13.3,THBD,FLJ20306
4140,RBAK-RBAKDN,MYO15B,PROCA1,IARS,DNLZ,GP5,TBL1X,RTTN
4141,ZKSCAN8,HOMER1,AKAP13,YWHAQ,FNDC3A,ENTPD7,PIK3C3,RP11-57H14.2
4142,ARHGEF39,FSTL3,WDFY1,VTI1A,AP001462.6,RP11-701P16.2,RAB3GAP2,RP11-112J3.16
4143,FAM185A,ZNF227,ESR2,DHCR24,C1orf198,GS1-393G12.14,SPNS3,PLTP
4144,SPINT1,SELPLG,DFFA,IKZF2,FBXO11,FBXL17,SGMS2,UBTD2
4145,SNORD3B-2,FGFRL1,RAD51D,CD99L2,LINC00623,PPP1R37,INTS10,TTC24
4146,FGD3,STXBP1,RAD1,COQ10B,ACTA2,C5orf51,RP4-758J18.2,PDK4
4147,ACPL2,BLOC1S5,PRR5L,SLAMF8,CNOT6,CYB5A,PINX1,RP11-793H13.3
4148,CAAP1,GCNT2,APBB2,GIN1,NGDN,AC012358.8,RP11-158I9.5,GPAM
4149,ZYG11B,CAPN10,RP3-400N23.6,HMMR,ZNF445,WASL,KNTC1,DOK6
4150,GPR150,CDK2AP2,STX18-AS1,FBXO45,GNG5P2,TNRC18,LIMD1,ZSWIM4
4151,RP11-258F1.1,RP11-426C22.5,PCK2,C12orf29,PARP15,C19orf54,CDC14A,RP5-1024G6.7
4152,STS,ELP2,DBF4,PYGM,DHFR,DDX31,SNX30,RP11-513I15.6
4153,SIPA1L1,XRN1,INPP5F,PRKAR2A-AS1,PTK2,C8orf58,UBN1,AC108488.4
4154,APPL2,ORAI2,BRAF,SART3,HELLS,PINK1-AS,FOSL1,PDP2
4155,ZNF621,SLC46A1,NEXN,MAP3K8,MBNL1-AS1,ZSCAN9,MTG1,SLC45A4
4156,C14orf132,RP5-1091N2.9,RP11-1060J15.4,TEF,RP4-594I10.3,RP11-160O5.1,HOMER2,MDK
4157,ACO1,LDHD,DNAJC27,RP11-488L18.10,MAP2K6,INO80B,RP11-290L1.3,RP11-425D10.10
4158,PSMG3,MCM9,NOP14,ZFP37,QPRT,PHF13,MACROD1,LINC00299
4159,RPE,HIPK3,MPV17,LMBR1,RASSF3,ATG9B,GPT2,RP4-813F11.4
4160,VPS37C,POLR3H,N6AMT1,VIM-AS1,SNX30,ATAD1,BBIP1,RP11-158I9.5
4161,RP11-156E8.1,PLCB3,SCMH1,C1orf85,INO80D,SUV420H2,ADRB2,RP11-395B7.4
4162,ZNF654,LINC00341,KIAA1468,TTI1,KDM2A,RP11-295G20.2,MTIF3,PYGM
4163,RP11-841O20.2,C19orf47,RP11-56B16.4,ZNF567,APOBEC3F,PARD6A,THYN1,HMGN3-AS1
4164,ZNF91,SNAPIN,GLE1,NANP,TRERF1,OPRL1,PDCD2L,RP11-597D13.9
4165,DUSP22,SPAG5,WDR53,DEPDC1B,ZNF235,ATP8A1,SYT11,HSPA1L
4166,SLC25A37,NREP,CUL5,FCER1A,NOMO1,MANBAL,AC006116.20,RP11-305L7.3
4167,FBXL14,CLUAP1,PHTF1,KIF2C,FANCA,ZNF674-AS1,SLC18B1,TTC26
4168,RHOT2,PANK3,RP11-410L14.2,ADCK4,EIF2AK3,ITIH4,SYCE3,HIC1
4169,GNPAT,CXorf56,CKAP4,MSH5,AC124944.3,ZNF2,IDNK,RP11-294J22.6
4170,GATSL3,PTPN2,RP5-894A10.2,CNOT4,ZNF24,RP11-452L6.1,RRP1,TEF
4171,DPYSL2,FTO,ATG7,ZXDB,MIR4458HG,CENPBD1,TCEAL1,TRIM46
4172,MAPKAPK5-AS1,EID2B,AMACR,C16orf80,RP11-119B16.2,CYHR1,CAB39L,EPB41L5
4173,CSF2RB,SLAMF6,COX15,CRAT,TCF4,RAD51B,NLRP12,SIRPD
4174,MGAT1,TMEM79,GOLGA8B,RP11-110G21.1,FAM109B,CCDC28B,RASSF5,EEF2K
4175,SULF2,RP5-892K4.1,RBBP8,PARP2,USP9Y,MORN2,ZXDB,RP11-10K16.1
4176,RP11-517P14.2,ACADM,CPNE5,ZDHHC24,MAN2C1,TRMT11,TRAPPC12-AS1,ZNF543
4177,AP1G1,PEBP4,TVP23A,ARNTL,MYCBP2-AS1,INSR,SCAP,TEX2
4178,CTD-2162K18.4,BRICD5,RP11-85A1.3,CDK11A,NSMCE2,RP11-432J24.2,TMED8,LINC00265
4179,CYCS,ARFGAP1,RNF38,SQLE,LRRC45,RP11-977G19.11,AF127936.7,RP3-455J7.4
4180,RETSAT,CDKL5,ALDH5A1,AMN1,DHODH,SPRYD3,NEDD4L,ARL17A
4181,RCHY1,KISS1R,UBXN7-AS1,HUS1,SEPSECS,ELL2,RP11-191L17.1,ABCB9
4182,NBPF3,IFT74,UROD,MON1B,SNTB1,ZBTB5,CNFN,FZD6
4183,SPRTN,ARMC5,FBXO5,ESAM,ZNF562,ATF2,ZNF646,RP11-440L14.1
4184,AIDA,THEMIS,HAUS5,ZNF721,DNAJC24,CTD-2619J13.14,AIFM3,FAM3D
4185,PRR14L,TULP3,B3GAT3,SERINC2,MRPS22,C12orf65,PGBD3,EBI3
4186,FLVCR2,HAUS6,CD274,FAM136A,SOX4,MIER3,TFB2M,RP11-1055B8.7
4187,RBM43,N4BP3,PYCR1,TTC30A,AGPAT2,CTC-338M12.5,TVP23A,RP11-582J16.5
4188,ASB7,CTA-211A9.5,SLC12A4,ANKRD27,ALDH16A1,FAM86C1,LIMK2,RHOU
4189,GOLPH3L,CCDC53,TFRC,IPO4,NAA35,RCC1,TP53INP1,CCDC120
4190,PCNX,MSH6,RP11-434C1.1,UFM1,SETDB2,PKN3,GHDC,RP11-598F7.3
4191,DOPEY1,ISYNA1,RP11-876N24.2,PVRL1,TGM2,TMTC4,ZNF10,CEMP1
4192,DRAM1,INF2,CHM,KCNMB4,HOXA9,RP11-181C3.1,TMEM86B,CCDC15
4193,TRIM46,SNX29,CRB3,QSOX1,USP51,ZMYND8,AC096772.6,EFCAB7
4194,NCOR2,RBM28,ZNF337-AS1,RP11-568N6.1,CSNK1G1,CXorf23,C19orf35,CCDC122
4195,PTGDS,GLTSCR1L,SAMD4A,ZNF787,GEMIN7,RP3-525N10.2,AC022498.1,NPTXR
4196,ZNF781,RP11-421L21.3,ANO10,PLEK2,C9orf40,RP11-458D21.6,CCDC93,U47924.30
4197,MRPS9,ARL8B,ERP29,SULT1A3,GK5,ITM2C,NFYA,RP11-119D9.1
4198,MCU,POLK,FCRLB,ZNF674,RP11-690G19.3,C18orf8,ZNF397,RP11-490M8.1
4199,ANKHD1,EBI3,CDK5,TCTN1,TLK2,KCNE1,SAP30,KCNH8
4200,CIB1,CHRNE,GNE,ZNF444,PLTP,RP11-114O18.1,B4GALT3,RP11-42I10.1
4201,PPAN,DHX33,IPO7,C8orf58,SMIM19,GMPPB,HOOK3,LINC00309
4202,TPPP3,TAF8,MBTPS2,TCHP,GSK3B,B9D1,AC015849.19,RP11-443B7.1
4203,ARFIP1,KTN1,ZNF544,OOEP,PYGM,TMEM242,MED15,AVIL
4204,NCEH1,HERPUD1,YEATS4,SCIMP,ESRRA,SNED1,GOLGA1,TCTN2
4205,RP11-293M10.5,HEATR6,RP11-432I5.1,PSMB7,CRIM1,AC009065.1,MRPS36,KIAA0391-1
4206,NDUFAF1,BPHL,SEPT7,MADD,ZNRD1-AS1,PTPN2,RP11-50E11.3,MORC4
4207,FAM107B,F8A1,NME7,SLC17A5,APPL2,RNMT,PAXBP1-AS1,ZNF490
4208,UHMK1,KNOP1,ZNF222,GCC2,MTX2,DFFB,RP11-17M16.1,LRRC56
4209,CEBPA,FAM19A2,PACSIN2,DPY19L3,FKBP15,USP31,RP11-98D18.9,RNF43
4210,NFE2L3,EXOC3L1,ZRSR1,LSR,MCPH1,WDR65,ZCCHC14,GAREML
4211,TIPRL,SLC35E4,DSE,RP11-554J4.1,PHLDA3,DHX15,ZFHX3,AC069363.1
4212,FAM120C,KPNA5,ATP8B2,ZFP57,HDAC11,CTA-384D8.34,TTC21A,TLCD1
4213,FAM53A,LINC00211,RP11-313P13.5,SNAPC4,OTUD4,DDX11,ACVR2B,DLEC1
4214,ACOX1,ACSS2,SDSL,SPAG5,UBR5,NACC2,KLF12,BOLA3-AS1
4215,ANKLE2,MTHFD1,OAS3,GLUL,MEGF8,EXOSC3,MCM5,PRMT5-AS1
4216,NDC1,ZBTB18,CETN2,PTCH2,MSH2,SPSB2,YIPF2,ZNF30
4217,EIF2D,FMO4,ZMYM2,FCHO1,DNASE2,LINC00884,SART1,ELOVL3
4218,PTBP2,FAM104B,SRSF9,IPO11,ZMYM5,PACRGL,EXD3,TPRN
4219,CASD1,CCDC121,CWC27,GET4,EXOSC6,TBC1D22A,TEX14,KLHL14
4220,DICER1-AS1,NPRL2,CTD-2544N14.3,SMIM8,AGBL5,ADARB1,ZNF268,EPDR1
4221,MARCH3,COCH,TEX22,MMAA,NPIPA1,PPHLN1,ATP7A,SPIRE2
4222,TGIF1,KLC2,CISD1,GRAMD4,MTAP,TSPAN14,HDX,FAM72A
4223,ZNF862,DDX51,LINC01023,STRAP,CTC-523E23.1,CARM1,RP11-432J24.2,IPO9-AS1
4224,ZNF345,CUL7,STAU2,CARD16,NAT10,RCHY1,CNEP1R1,MCF2L2
4225,HPS4,FSCN1,ITPR2,DALRD3,MDGA1,KAT2A,LRP5L,BGLAP
4226,KCNK6,VCPIP1,SIDT2,RP11-493L12.4,PGAP2,NR1H2,RP11-16N11.2,TMPRSS11E
4227,USP35,HAL,ATN1,LSS,ARHGAP19,WDR19,ADAMTS10,TSTD3
4228,IL7,MYO7B,EVC,C12orf60,PHF7,VPS33B,GPR34,MIR497HG
4229,ARRB1,JMJD1C,GNG2,DGKQ,ARHGEF39,ZDHHC21,IWS1,SOX13
4230,PGBD4,NLRC5,GGH,RP11-215P8.3,ARL14EP,RBMX2,NEDD9,RP11-161M6.2
4231,AC009065.1,SRSF11,ST6GALNAC3,ZNF747,TMEM19,HIST1H4J,EML5,ME3
4232,RP11-16E12.1,PDCD11,TNFSF14,PPP2R4,MIR497HG,OTUD6B,PBX3,FOCAD
4233,DNAJC3,HACE1,ATP13A1,FAM43A,PSMD6-AS2,ECE2,TTC27,RP11-215P8.3
4234,PNPLA7,RP11-313P13.5,RP11-690G19.3,RP11-36B15.1,KIAA1377,TRMT61A,C5orf34,DLG3
4235,SRBD1,CD3D,ANKRD13C,NUFIP2,RP11-533E19.7,LRSAM1,ZFYVE26,MMP28
4236,ARL17B,C11orf21,RP1-102H19.8,TRIP13,NMT2,RP4-610C12.3,C11orf63,SBF2-AS1
4237,USP18,TMOD2,ZNF154,DDX20,MYBL1,RAD1,DNAJB12,SLC46A1
4238,ST3GAL3,DNMT1,LARP1B,AC007246.3,AD000090.2,FAM228B,ALYREF,IL21R-AS1
4239,S100A11,ITPKC,FAM120B,CRYZ,NAT14,VWA5A,LINC00894,ZNF670
4240,RP11-325F22.2,CCNB1IP1,ZSCAN31,GDPD1,RP11-773D16.1,C1orf216,HOXA10,RRAGD
4241,LINC01137,GBF1,CAMKK1,GPRC5C,TMEM241,GUCY1A3,LXN,RP11-589C21.5
4242,POC1A,AC007879.7,NUDT9,CDCA7L,SLC25A17,LLGL1,RP11-315O6.1,ZNF442
4243,ANKHD1-EIF4EBP3,CPSF7,KARS,FAM210A,IPO9,CSGALNACT2,RP11-96D1.11,CPLX1
4244,ARHGEF4,RP11-434H6.6,ZNF547,DKFZP779L1853,RP11-452F19.3,PMEPA1,PTCHD3P1,HOOK1
4245,ZNF562,TOMM70A,ZNF606,ATXN1L,MADD,USP46,RAD51AP1,ZNF324B
4246,CCDC141,RP11-277L2.3,HACE1,TSHZ1,ZCCHC18,SH3BP2,ATG9B,MITF
4247,FSCN3,SNRPN,C15orf41,RP11-656D10.3,CTBP1-AS2,PDE3B,SYCE1,RP11-1060J15.4
4248,RP11-78O7.2,RP11-115C21.2,DHX57,AHDC1,PRCP,ZNF689,MTMR8,LINC00663
4249,WDR47,TRPM2,CCNT1,RP11-70P17.1,C1QA,IGSF8,TIGD2,LINC00422
4250,BCAS3,VARS2,ALPL,ZMAT1,PCSK5,CMSS1,CTD-2325M2.1,SLC30A4
4251,MTAP,TIPIN,SBF1,ZNF627,HMGXB3,SOX15,ZDHHC8,RAD54B
4252,LRP5L,VAV3,RP11-492E3.2,ACBD3,PMS1,FCGR1B,SMG7,FAN1
4253,CEP350,OSGEPL1,AGO1,MAPK1IP1L,P2RY13,KANSL2,ACADVL,ARHGAP33
4254,FLJ00104,COG8,HPS6,CTC-428G20.6,GEMIN8,SCD,MTBP,C12orf68
4255,RGAG4,MORN3,SPAG16,FBXO46,RNF144B,C8orf33,NACC2,ST6GALNAC3
4256,PKP4,PITRM1,WBSCR16,PSRC1,HEATR5A,RP11-81A22.5,TMEM200B,SPDYA
4257,RP11-620J15.3,ZDHHC18,SNX12,TMEM218,TRAM2,ATG7,HSPH1,INSL3
4258,SPDL1,AC004951.6,RBL2,NGLY1,B3GALNT1,ZNF582-AS1,STARD4,CRIP3
4259,CTD-2035E11.3,CSNK1E,SGOL2,AC027307.3,C6orf89,BCL2L15,DEPDC5,NPIPB4
4260,CHN1,GALNT3,CLPTM1,RP11-81H14.2,MOSPD2,PHLDA1,UBE2F,GPRASP1
4261,MATN1-AS1,FBXO6,DGKQ,C22orf29,TMEM41B,MOV10L1,NOD2,FBXL14
4262,RIN1,DDX47,PPP4C,ASXL2,FAR2,RNF103,KCTD10,DKFZP434E1119
4263,EFCAB7,RNASEH2C,AC097500.2,ELP5,CWC27,TMEM262,RP11-286E11.1,RP11-214N9.1
4264,SLC2A11,MYLK,LINC00685,KLHL8,CCDC25,RP11-6J24.6,ZNF326,RP11-78O7.2
4265,OPRL1,PAXBP1-AS1,RP11-580I16.2,RP4-561L24.3,VMP1,ANAPC13,DYNC1H1,AP4B1-AS1
4266,DLEU2L,SPRYD3,INTS5,CHN2,ZNF552,RP13-317D12.3,C6orf120,RP11-575L7.8
4267,GAL3ST4,ZNF790,ZP3,ZER1,EFCAB11,MAD2L2,RP11-69E11.4,AC011558.5
4268,RECK,SCAMP4,NICN1,PRDX6,SENP1,XXbac-BPG181B23.7,SNURF,PSPN
4269,ZNF614,C2orf47,ESRRA,TMEM260,SIL1,ACSL3,MAP7,AP001462.6
4270,ANKRD11,GPD2,KIF27,CD226,CSF1,AC132872.2,LINC00526,MAGIX
4271,LINC00211,RP11-481A20.11,DCAF16,MT1X,INO80E,DAP,ZDHHC17,FAM19A1
4272,SOX4,RP11-1391J7.1,RP11-755B10.4,COPG2,ATR,BAZ1A,NPRL3,PSPH
4273,ARHGAP21,NOC2L,AC107081.5,RP11-108P20.1,AGPAT3,RP11-1407O15.2,RP11-318E3.9,TBC1D24
4274,GYS1,TAGLN,TMEM126B,RP11-393I2.4,ZNF510,PFKFB2,RP11-96K19.2,DBF4B
4275,ZNF441,ATP6V0A2,CTD-2231E14.8,CCNB1,PISD,RP11-11N7.4,LZTS1,SETD9
4276,EXOSC10,SLC22A5,METTL13,FBLN5,PSMD5,TAPSAR1,AC025335.1,AC116366.6
4277,HINT2,APBA2,TIMELESS,CTD-2325M2.1,SYT5,NUFIP1,AIDA,RP5-1085F17.3
4278,TMEM164,MSN,ANKRD10,TAF10,AP001046.5,RIMKLB,DUSP22,OSGIN1
4279,DNAH6,LTBP3,CDK14,PHACTR1,RP11-566E18.3,ZKSCAN5,EIF4G1,BSPRY
4280,PTPN11,MOB2,COLCA2,RP11-308N19.1,FPR2,IFI44,LEKR1,TRAM2-AS1
4281,DENR,FGFR1,CTD-2012K14.6,NIFK,CCAR2,APLF,DTX3,GDF11
4282,MTMR4,C1orf53,C10orf2,DNAJB4,ASF1B,PAPD7,FRS2,VNN3
4283,PM20D2,AC115618.1,NNT-AS1,ECHDC2,AC021188.4,MEI1,HYAL3,NHSL2
4284,GMNN,NOTCH1,ATRIP,MTPN,THBS3,RP11-65I12.1,CBX8,RP11-1299A16.3
4285,DHX37,HIST1H2BN,GORASP1,TTC4,STAU2,EXT1,POLR3B,LRRC69
4286,LBR,RP11-1100L3.8,AC093642.3,ARG2,UBR3,C11orf30,CCDC154,XRCC3
4287,ZNF10,RTEL1-TNFRSF6B,PIK3R2,HMOX2,FAM104A,CDK17,MYO1G,ZNF165
4288,PTCD1,PCED1A,RSPH3,DNAJA2,RP5-1180E21.5,ELK3,CTD-2035E11.5,PLEKHN1
4289,TMEM91,MAML3,CENPBD1,MRPL48,KIAA1279,CUL9,RP11-804H8.6,LINC00957
4290,LINC00094,PHLDB3,UBIAD1,CCDC3,MRPS35,ACVR1B,DIAPH1,CCNF
4291,ACD,TGIF2,STARD5,COX10,ITPRIPL1,SLC12A4,TRDMT1,HCG27
4292,YPEL2,CEP170,DHFR,SS18L1,ENG,WDR7,TEF,SLC16A1-AS1
4293,RP11-85A1.3,USP10,NSDHL,FIGNL1,CPD,PYROXD2,ZNF358,SLC22A17
4294,NAA40,HHLA3,PARPBP,RP11-849F2.7,CPQ,MCCC1,HSDL1,LOXL1
4295,POLM,DYNC2LI1,ITPA,KHDC1,ST7,ACSS1,RNLS,SPIN3
4296,NUP210,AGRN,RP11-314O13.1,DIP2B,ADAT1,EME2,IFIT5,RP11-425I13.3
4297,RP11-802E16.3,HCG11,HOXB3,PPT2,CROCCP2,NAPG,CTD-3074O7.5,TJP3
4298,CAND2,CDHR3,GNG10,ATG4B,NSDHL,CTC-301O7.4,LGR6,LINC00893
4299,SCAF1,DTWD1,LUC7L3,BOLA2B,CEP89,ZNF3,RP11-463J10.3,KIAA1671
4300,ZNF790,GZMK,TRAK1,GPR174,LPCAT3,AHCYL2,AFF3,MIR181A2HG
4301,SACS,CEBPE,RP11-532F12.5,NAA25,CCDC101,MIR181A1HG,ZW10,AP000442.1
4302,ZBTB10,CAHM,RP11-265N6.1,RP11-227D13.4,TLDC1,VPS18,ZEB1,ANKS6
4303,ERCC2,PPT2-EGFL8,RP5-1103G7.4,CXorf38,KPNA3,WDR73,VPS25,TTC28
4304,JUP,EIF3B,KHDRBS2,TMEM63B,EIF4B,PRICKLE1,ATG14,S1PR3
4305,PDE9A,SLC25A13,TMEM39A,LRRC8C,RRM1,EEF1E1,CTD-2371O3.2,RP11-798G7.6
4306,TMCC1,DHX16,SLC10A7,PIK3R3,CASC3,SERTAD2,FAM174B,GLB1L
4307,RP4-789D17.5,GBE1,SPIDR,ZBTB37,SRRM5,CCDC96,HLTF,LL22NC03-75H12.2
4308,ADAM22,ST3GAL4,HADHA,AP000254.8,ERV3-1,SMCR8,RP11-124N14.3,LINC00852
4309,SPICE1,FCGR1B,SAYSD1,GINM1,KLF11,MARCH3,TMEM192,DOCK9-AS2
4310,MPND,SMG1,RNPEPL1,MRPS15,NXT1,NECAB3,RRAGD,FAM179A
4311,CEP19,PSMA4,NF2,CENPW,SNX24,CD200R1,GRAMD1B,FAM110B
4312,TUG1,TRPT1,TDRKH,ARHGAP11B,TNK2-AS1,DBNDD1,CTC-246B18.10,CCDC142
4313,UFL1,ABCG1,FAIM,C19orf10,NAGS,CTB-178M22.2,NOP14-AS1,ZNF883
4314,MIR181A1HG,ANKRD35,ATG14,ARL8B,SAMD10,GNB1,ZNF829,C10orf95
4315,DFNB31,LIG1,RP11-52J3.3,PIGK,C9orf156,FAM43A,RRNAD1,CLDND2
4316,PRAM1,ZFAND4,RPS4Y2,PIGM,CTD-2630F21.1,RP5-882C2.2,ASAP2,DHCR24
4317,FXYD7,INO80D,NDUFAF1,AC017002.1,RP5-1092A3.4,AP5M1,MZT2B,RP11-337C18.8
4318,PAQR4,ATAT1,SLC2A5,CTDNEP1,PRDM11,LL22NC03-86G7.1,RP3-428L16.2,PIGZ
4319,MYO5C,TC2N,ZNF441,MIR22HG,RP11-488L18.10,OSBPL11,ZFP82,AL627309.1
4320,GS1-124K5.11,ACY3,ZNF682,RP3-380B8.4,NIFK,RP11-485G4.2,HTT,HSF2BP
4321,ADAT2,RPUSD1,ZNF490,LATS1,RP11-620J15.3,ZSCAN16,USP13,RP11-166O4.6
4322,PPM1D,FAIM,DNHD1,ARPC2,ACAD8,SMAD1,CARM1,RAB11FIP5
4323,EAF1,FABP5,LONP1,LOXL1,TRMT6,PLEKHM1,ABCF1,EPB42
4324,TSPYL1,S1PR3,NFYB,CTC-428H11.2,EPB41,HERC4,C9orf64,CCDC176
4325,TRPT1,MARVELD1,CDYL2,CTB-133G6.2,ZNF324,IL6,RP11-815J21.2,ZNF613
4326,APOL6,PIGS,ODF2,MCFD2,DHRS11,RP1-315G1.3,MED7,SGCA
4327,C19orf83,SEC31B,ZNF543,SOCS5,AARS,CPAMD8,SLC35E2,RP11-308N19.1
4328,ZFP62,CTA-384D8.34,PIGK,RABL3,MTPAP,RASL11A,OXSM,RP4-798A10.4
4329,MFSD5,DBP,MANBAL,RP11-706O15.1,KDM5B,ATP6V1E2,RP11-867G23.8,ZNF594
4330,TMEM68,RP11-488C13.5,ELMOD2,RP11-274B21.10,UHRF1BP1,MSMO1,RP13-516M14.1,ZSCAN22
4331,HAUS5,GTPBP10,SLC43A2,CBL,UBAC2-AS1,C22orf26,RP11-960L18.1,RP11-452L6.5
4332,DPYD,C2ORF15,HIST1H4C,SERPINE2,MEGF9,COG3,SELO,GCSH
4333,TTLL3,SERPINH1,RP11-379K17.4,XPO1,REM2,PTGS2,MEST,AC016757.3
4334,IL4R,PSPC1,RP3-322G13.5,PAQR3,AC131097.3,PMS2,SAP130,RP11-47A8.5
4335,FAM160B1,RAB1A,SLC39A11,RPE,SLC38A11,RNF26,LRG1,LTK
4336,POMGNT2,C1orf50,RAB11B,FAM120B,AP3S2,GEMIN4,AP001372.2,RP11-159G9.5
4337,RP3-322G13.5,ARSK,RABL6,C2CD5,TOPBP1,RAB3D,CHKB,CAPS2
4338,MYO19,ZDHHC8,FAM109A,CD200R1,HLA-DQB2,MSANTD4,ABCA5,RP11-415F23.4
4339,PDCL,RP1-168L15.5,DGKE,SERPINA1,LCMT2,NOM1,CTD-2035E11.4,CECR5-AS1
4340,MKKS,C9orf139,GGPS1,KIAA1324L,RGL1,AHR,THAP9-AS1,OOEP
4341,FAM221A,LINC00694,HMGCR,SLC39A13,FKBP7,CAMK2G,LINC00264,RP11-79P5.9
4342,MPP1,FAS,SDCCAG3,SGCE,KDM1B,TRDMT1,FBXO31,LRRC48
4343,PAG1,MIB1,WDTC1,TMPRSS11E,CAPS,FLVCR2,RBM38,CARNS1
4344,DYNC2H1,DHRSX,IFT74,RP11-404F10.2,RP11-426C22.5,C12orf44,NMT1,TRMT44
4345,RBM5,PIGZ,ABHD14B,PROCR,UBE2B,ABCA5,ZNF44,C4orf36
4346,RP11-119D9.1,RIF1,TRIM16,PIK3C2B,C16orf86,KANK1,ARSA,KIAA0825
4347,SLC41A1,TRMT12,GSDMB,EREG,KANSL2,HECA,FOXP4,ZNF513
4348,POM121C,CCAR2,NHEJ1,KLHL7,BCL2L2,TEPP,BIN1,TMEM88
4349,RPRD1B,RRP15,SEC24A,ZFPM1,NDST2,SMN2,STK16,RP11-566E18.3
4350,CSF1,CPEB3,GAS7,ASCC2,ELP3,MLC1,MSANTD4,CTD-2371O3.2
4351,AP5S1,EXOSC2,AEBP2,TMEM52,LEPR,RP11-469M7.1,KLC4,PNPLA7
4352,KCTD21-AS1,CTC-444N24.6,MBNL3,GABPB1,DDX47,MMGT1,INSIG1,RP11-479G22.8
4353,LINC00544,C1orf228,PKD2,RP11-517I3.1,AC078883.3,TIRAP,GPR141,SOX7
4354,PLXNC1,USP25,ZMIZ2,RP3-400N23.6,SENCR,ZNF490,ADAM9,CTD-2325M2.1
4355,C1orf216,DSCR3,SCLT1,RP11-588G21.2,PAX8,LAGE3,ZBTB10,PZP
4356,BAG2,ZNF669,AC069513.4,KCNJ14,SLC35A1,C5orf54,CLOCK,ACVR1C
4357,SETBP1,ALG1,PLEKHG3,DHRS7B,SERAC1,OASL,WDR25,PROC
4358,MTERFD1,FANCL,VSIG10L,ZNF324,CAMSAP1,RP11-505P4.6,WDR44,STON1
4359,SYCP2,SSSCA1-AS1,ARCN1,EXTL2,COG5,FCHSD2,RRM2B,DKK3
4360,ABHD3,DNAJC21,FOLR2,CYB5RL,NFATC1,TMCO3,ABCB10,RP11-338C15.3
4361,ULK1,WHAMM,ZC2HC1A,RP13-753N3.1,UBE2S,TRMT12,ZNF618,KRT72
4362,TRIO,ZNF219,MYO15B,PDCD6IP,SRD5A3,RIC3,FOXRED1,UGT8
4363,KCNE1L,PSRC1,CSTF2,AC073115.7,ZNF81,TFB1M,MIER2,RP5-1021I20.1
4364,ZNF419,CTD-2007H13.3,GTF2E1,XRCC6BP1,SEL1L,CTB-58E17.1,RP11-104N10.1,MSS51
4365,CAPN10,ASMTL,TMEM33,KBTBD6,GIPC1,SULT1A4,NDST2,ZBTB20-AS1
4366,AC005082.12,AFF1,LIPE,RP11-849H4.2,CBWD2,AC004951.6,PIGX,PDE1B
4367,MDM1,CDH26,PTCH2,C5orf55,ASUN,FBXW11,ZNF768,CTD-2012K14.6
4368,PTBP3,RP11-73O6.3,C10orf25,POT1,ARHGEF12,SGTB,ZNF707,AC007386.2
4369,FAM49A,AP001816.1,WEE1,SRD5A3,VPS16,ZNF234,MICALL2,UACA
4370,ZNF529,TVP23C,SNED1,SLC16A1,RP11-175O19.4,DDTL,PCSK5,RP11-894P9.1
4371,C8orf58,LMO7,ZNF2,BRSK1,TNKS2,RP13-516M14.4,RUNDC1,RP11-221J22.2
4372,DUS2,AC015987.2,PCGF3,PRDM4,SNRPG,NGDN,PCBD1,RP11-98I9.4
4373,AP3M2,ZNF782,KIF1B,NPTN,RP11-307C12.12,IRF4,RBM12B,FZD2
4374,TPT1-AS1,SCIN,HLA-G,C19orf82,ZBTB32,PPP4R1,ILKAP,ARL10
4375,C21orf49,PCMTD1,DFNB31,BAG3,MCM9,OBSCN,TOMM40L,HARBI1
4376,PATZ1,LSG1,TPGS1,FRMPD3,MSANTD2,MPZL3,RPF2,RP11-307C12.13
4377,NPM2,HIC1,SPG7,RP11-90P5.2,ITM2A,ZSWIM8,ZNF501,B9D1
4378,ITGB3BP,DGCR14,CTB-133G6.2,AC026471.6,DPP4,SLC2A4RG,RMI2,EPS8L1
4379,NOL6,GLT1D1,PLEKHA4,RAD51AP1,ZFR,UTF1,RNF43,C1QTNF6
4380,NDUFB2-AS1,HEATR1,PARM1,UBXN10,AC079305.10,PPM1J,MSRB3,HCG14
4381,FAM109B,NRN1L,NFKBIZ,ZNF232,ZNF318,CTD-2256P15.2,NIP7,GNAI1
4382,RNF207,GLRX3,AGBL2,ZC3H4,SEC31B,FANCL,TET2,ELANE
4383,RP4-610C12.3,ARHGEF18,EXT1,RFPL1S,MEIG1,LNX2,DDX3X,NBPF3
4384,LIN9,FAM214A,RDX,ECE2,ZSWIM3,AL645728.1,C6orf62,RP4-800J21.3
4385,RRM2B,ZNF628,C15orf38,MAGI3,TRAT1,RP5-1125A11.1,TAOK1,IL12RB2
4386,ZDHHC16,ZBTB2,CENPU,ZC3H6,TIPIN,TEX22,MAST2,RSG1
4387,NFKBIB,POLR3E,PRR3,IFT52,CLPTM1L,NHLRC2,SCD,C19orf35
4388,NBPF20,RPAP1,TCF3,GDAP2,PIAS2,OXCT1,TNFRSF12A,LINC01094
4389,RP11-457M11.5,CDPF1,SGOL1,KMT2A,HADHA,PER2,LRRC3,RP11-383H13.1
4390,RP11-15H20.7,ZRANB2,TRDMT1,TAF5L,DAPK2,TSC2,TIGD6,MYCBPAP
4391,KIFAP3,MED12,ZNF683,CTD-3064H18.1,HMOX1,CCDC73,ETV7,AGBL3
4392,GPR183,FARSB,KBTBD2,CD3EAP,ZIK1,RPH3A,ZNF619,LINC00694
4393,ZNF223-1,PLCG2,ZNF280C,PEX5,OTUD1,ZDHHC6,FAM81A,SLC4A4
4394,PWWP2B,VAPB,HMBS,GANAB,IQSEC2,PRMT3,GRAMD3,ACSBG1
4395,CTLA4,HMG20A,RP11-89K11.1,RP3-508I15.22,PSME3,KLRC4,MYO1E,STAP2
4396,NET1,CLPP,ENTPD1-AS1,STRN,UPF2,FKBP7,SIAH1,LRRC7
4397,TNFSF4,ZNF503,NEU3,GFER,LRRC41,EFCAB7,USF1,BEX1
4398,TCEA3,ABCB10,CCZ1,RP11-50E11.3,PPOX,RASA2,COL9A3,DNAAF1
4399,CELF2-AS1,PSMG3-AS1,IFT46,RP11-705O1.8,PSEN2,FAM109B,BANP,DLL1
4400,WWC3,GHRL,RP11-484K9.4,ZNF726,NUS1,ZDHHC20,FANCB,IGSF22
4401,HERC6,TIMD4,TMEM107,XYLB,STAP2,OSBPL10,DOT1L,MAP4K3
4402,DGUOK-AS1,C17orf58,CTNS,PRIMPOL,TIMM21,LIN7A,NCAM1,PABPC3
4403,ZNF211,MRM1,MAST3,DBR1,ZKSCAN4,SRRD,LINC00920,CBLN3
4404,DMTF1,UBA6-AS1,GRAMD4,CALHM2,NAIP,LSM11,GFRA2,APOOL
4405,LLGL1,MYCBP,TLL2,ZNF333,ZNF606,CLIP4,HYAL2,CTD-3088G3.8
4406,XRCC3,TNFSF12,PCGF6,ZNF445,P2RY8,HSPA1B,CLEC2B,C12orf61
4407,AHCTF1,GNL3L,PGGT1B,BAIAP2,SGOL2,DSTYK,PFDN4,SEC24B-AS1
4408,DNAJA3,VPS9D1,BCL3,EP300,BRD8,ARC,FAM21A,DYSF
4409,AP4B1-AS1,ZC3H15,CLDN7,PPFIA1,MAX,RP11-862L9.3,PDCD7,ALS2CL
4410,ZNRF2,TCL1B,RP11-372K14.2,AP3M2,LMBR1L,ZNF587,EPB41L2,RP11-338I21.1
4411,RP11-867G23.4,COA7,NKAPL,ATP8B1,ZSCAN21,NRAS,SCAI,RP11-176H8.1
4412,FAM19A2,MED24,GEMIN4,ZNF395,NRROS,LIN37,RP11-425I13.3,ATP6V1C2
4413,BRMS1L,HEMK1,CTD-3154N5.1,HIF1A,NEK3,ANGPTL6,TAS2R14,AC093388.3
4414,PSMC3IP,ARL3,RP11-382J12.1,GTF2H2,SKIL,RP11-4F5.2,OSBP,RP11-342K6.1
4415,EXOC6B,ADORA3,COX18,FBXL17,DDX11,AMACR,GUCY1A3,SLC16A6
4416,SPATA7,SAMD4B,BTBD7,ZNF860,CHRNE,BCO2,AC015987.2,CCL20
4417,KIF3B,FAM210A,RCC2,ABCB1,BMP2K,CCDC14,PIK3R2,TRAF3IP1
4418,ERMARD,TIGD7,ICT1,FAM105B,TRPM4,ASB13,EME2,CTD-3214H19.4
4419,ZNF281,SLC25A46,KIAA2018,DLAT,RP11-25K19.1,TTC27,SLC19A1,NUDT13
4420,HAGHL,SYTL2,C16orf46,NDOR1,ZMAT5,MRPL22,TRIM68,CACNB1
4421,C19orf44,ZNF17,PAM16,PPARGC1B,AGPS,FAM13A-AS1,ZNF182,HDX
4422,AXIN2,RP5-914P20.5,PUM1,CHAF1A,AL139099.1,PDZD7,ABHD8,STXBP1
4423,ZNF426,ZNF605,ZNF225,OSBPL3,ATRAID,ZSCAN21,RP11-575L7.8,NAT14
4424,RNASEL,CES1,ZBTB2,ATE1,CTB-91J4.1,TOP3B,RAB11FIP2,AMT
4425,GSTM1,ZNF287,HTT,SNX1,MALSU1,NAPA-AS1,HCFC2,MTX3
4426,ZNF300,RP11-429J17.2,RP11-119B16.2,LRSAM1,GINS4,LRRIQ3,TLR5,TGM2
4427,VCPIP1,INADL,COL4A4,MINOS1-NBL1,ORC2,GTF2B,PATL1,CCDC180
4428,ORC1,SLCO3A1,ZSCAN9,PPIF,BUD13,CCSER1,GTF3C5,ROM1
4429,CBX5,ZNF652,MED26,C10orf111,ZCCHC4,ZNF248,C1GALT1C1,POLR3B
4430,FNTB,CBY1,RP11-350F4.2,KLC1,PIP4K2A,CRY2,CTC-425F1.4,LINC00494
4431,C12orf29,HTRA2,RP11-98I9.4,TIMP2,WDR25,IER5L,CEP63,C9orf96
4432,ERI2,GPRASP1,ZNF33A,C6orf120,DOK3,AC097500.2,FCGR2A,MORN4
4433,DNAJA4,FAM188A,COL9A2,KLC4,RAD51,ATP6AP1L,NLRP2,RP13-516M14.1
4434,SOCS1,FUK,ZNF300,ZNF777,UFM1,NEIL1,ZNF230,RP11-875O11.1
4435,RP11-178L8.7,RPUSD2,TTC7A,HSF2BP,RP11-108M9.6,GEMIN2,BTBD3,RP11-111M22.2
4436,HIST1H2AC,TRIM34,ZNF570,ANGPT2,CCDC64,PDK1,RP11-517P14.2,RP11-787I22.3
4437,COG4,HPS5,PPARA,PMM2,CCSAP,C12orf79,CLUH,LMTK2
4438,ZNF222,SYF2,ACSL4,NDUFA8,NR4A1,CASP9,TOR2A,PDE4C
4439,ZNF669,CTC-428H11.2,MCM8,MTO1,FBXL19,RP11-1007O24.3,KIAA0895L,AC061992.2
4440,ST6GALNAC1,TEX30,CREBRF,MYBL2,FHIT,DDO,TSHZ2,TLDC2
4441,CASP7,SLC25A32,MTERF,ZDHHC9,FAM193B,KRBA2,MTHFD2L,GRK4
4442,TAGLN,IPO7,MINPP1,TMUB1,CLIP4,ATXN1L,GSPT2,AIFM3
4443,OSBPL5,GALNT1,HIST1H4J,CCDC121,NPC1,DPH6,ITGAM,CXorf57
4444,RP11-452L6.7,FAM20B,AC005306.3,NEUROD2,CHCHD6,ETV5,VAMP1,ZNF616
4445,ZNF883,ALYREF,FANCD2,ZNF23,DFFA,HAVCR2,ASB16-AS1,LINC00264
4446,GPATCH3,ING5,HNRNPM,RP4-536B24.3,C2orf49,RP13-188A5.1,CCSAP,PSMD6-AS2
4447,IFNL1,RP11-169K16.9,ARHGAP42,SYCE3,SLC35D1,SLC35A1,EYA3,RP11-1149M10.2
4448,MRPL30,CCDC141,CCZ1B,YWHAG,BRCC3,FBXO25,IFT43,RIN2
4449,KCTD13,CYP51A1,ERO1LB,SLC15A2,DDX42,FBXO45,PIP4K2C,PVR
4450,PIGA,FAM115A,CELSR1,NADSYN1,GRAMD1B,LINC00910,CELF1,ZNF283
4451,PDZD4,DOHH,RP11-728F11.4,KIF21B,TMEM156,ZNF410,NUDT9,AC021188.4
4452,MTL5,C3orf38,RP11-708J19.1,KRT73,L2HGDH,RNASEH1,RASGRF2,POMGNT2
4453,SENP8,FXYD7,MBLAC2,IMP3,TNK2,ATP6V1C2,NELFE,EFCAB13
4454,ATP5A1,C5orf28,RP11-162G10.5,GPM6B,CDK3,RASD1,LINC00649,CRYBG3-1
4455,CDC42EP4,GTPBP2,ADORA2A-AS1,RARA,WDR70,SLC38A9,RABEPK,DEPTOR
4456,MEF2BNB-MEF2B,WBP4,TRERF1,NAT9,EDRF1,AAMP,ZBED6CL,LINC00211
4457,ZNF217,TCN2,RP5-892K4.1,PPP1R32,DEDD2,TMEM185B,PLEKHA5,WLS
4458,TVP23C,KCNE1L,RP11-637A17.2,ZNF282,TGIF1,RP11-159G9.5,MS4A14,GPRC5C
4459,SLC35A4,TMEM126B,RP11-356N1.2,RP11-166P13.4,PAK1,TONSL,MYO5C,CTD-2619J13.14
4460,TMEM41A,TMEM209,SYNE3,C3orf52,ZDHHC14,AC005076.5,MIR181A1HG,LINC00925
4461,ZNF549,TMCC1-AS1,SS18L2,ITGAV,RUNX2,CASP7,C19orf68,ZNF2
4462,PKD1,PP13439,ZNF484,PEBP4,SMYD5,CEP250,SPATA5,CTPS2
4463,RP11-532F6.3,SIN3B,ARL10,NAP1L3,ATAD2B,ERMP1,VAT1,QSER1
4464,PHF13,SCAI,CTB-129O4.1,ZNF185,ABHD12,C2CD2L,ARMCX6,RP11-219B4.7
4465,CDK18,AGO4,EEPD1,PELO,RP11-693J15.5,AC139100.2,FAM193B,CHML
4466,SART1,VSIG10L,TMEM260,GPX7,ALS2CR12,CXCR3,GSR,ZNF519
4467,PRICKLE3,TNIK,RP11-16E12.1,FGF9,ZDHHC8,ERCC2,XRCC1,FAM111B
4468,PRR3,CCR6,CTB-102L5.4,CXCL9,ZNF283,KIAA1958,ELF4,ZNF154
4469,NRD1,FUT8,CLEC11A,AP003068.23,GTPBP4,ATAD3B,RP11-513M16.8,MIR29A
4470,GSE1,TRIM7,CEP89,PPFIBP2,BTBD10,COX17,OTUD6B,RP5-1159O4.1
4471,AD000090.2,RBM18,NVL,LSM11,HIPK1,DHTKD1,IVD,RP11-498P14.5
4472,PPP1R3D,FA2H,AP000769.1,SYNC,RBM12B-AS1,RP11-244H3.4,SPATA7,SLX4
4473,NUP153,DVL1,SNX21,IRAK2,NNT,RLTPR,CD200,GALR2
4474,CKAP5,TAOK2,CTD-2325M2.1,MED27,C16orf72,ANKRD49,PEX19,TXNDC5
4475,OBSCN,EYA3,GTF2H4,SAMD1,PCCA,TSKS,MAP7D3,ADAT2
4476,RP5-1065J22.8,PSKH1,SLC4A8,SOBP,ZBTB47,PAN2,PQLC2,PLEKHG4
4477,SMU1,PLP2,SLC25A51,ACPP,MED7,AC093609.1,BCKDK,NEU3
4478,JKAMP,NEFH,UTP20,PCNX,C12orf61,SOCS5,LRIF1,ARL6
4479,HSPA14,C20orf96,TRAM2-AS1,ERC1,SNUPN,SLC25A42,NFIL3,RP1-43E13.2
4480,AATF,RLF,CYB5R2,TNFRSF8,PPM1N,ITPRIPL1,AC009506.1,TMEM241
4481,UBTD2,AC023490.1,ELP4,WDR77,TBL1XR1,ZFC3H1,MED30,ATP8B3
4482,ZNF561,ANO6,CDV3,HSPA1L,EME2,NFRKB,ZNF189,HIST3H2A
4483,TRIM61,AC093642.3,CCDC51,DAPK1,BSCL2,MYOM2,TMEM260,ZNF19
4484,RP1-90J20.12,ADCK2,PTPDC1,TIGD7,PFKL,USP19,FLVCR2,AC021860.1
4485,ZNF248,NOP14,NSF,SCIN,VPS9D1,APBA3,DOPEY2,RP11-286E11.1
4486,SVOPL,RP11-154H23.3,KIAA0391-1,ALOX12,RFT1,DCTN5,TCEAL4,PLK4
4487,C5orf51,HMGN5,RABL2B,RP11-872J21.3,FLYWCH1,DISP1,SMKR1,MAPK11
4488,PRPF4,PDRG1,TRAIP,WFIKKN1,ERCC5,FYCO1,EFCAB11,RP1-315G1.3
4489,SAMD4A,LCORL,RHBDL1,ANKS6,TMEM39A,BIRC3,KIAA0040,CDKL5
4490,FRAT2,SPATA2L,FRS2,FGFBP3,MIER3,AC002310.12,RGAG4,AC142528.1
4491,CD86,NUDT19,PIAS1,RP11-819C21.1,SRP54,POLA2,ARL13B,PAGR1
4492,BAHD1,SFPQ,CDCA7,ENC1,AKT1S1,RP11-273G15.2,H2AFY2,B4GALNT3
4493,GON4L,RASGRP1,RNFT2,LRP1,ALG1L,SLC25A12,TRIM69,ACY1
4494,MAN2B1,DZANK1,TNPO3,ZNF785,HBP1,PCED1A,C5orf51,ADC
4495,MRPS28,NDE1,RP11-336K24.12,ZNF525,RP11-440L14.1,PPP1R3E,MBTD1,KIF27
4496,SPECC1L,TFB1M,STK40,EHBP1L1,PRKRIP1,RAB2B,ARL4A,AC009404.2
4497,MTCP1,ZNF404,QTRTD1,ZEB2,FLVCR1,TMEM126A,TTC8,P2RY1
4498,ASPH,FOXO1,C14orf93,SMOX,TCTEX1D2,MMP24-AS1,ATN1,ZMAT4
4499,RP11-385F5.5,ACSM3,CTC-534A2.2,POMK,SATB1,PDZD8,AL645728.1,AC007383.3
4500,PARP6,PRKCD,CTC-260E6.6,ZNF582,ALDH5A1,HENMT1,MROH6,ASTN2
4501,NUDT16,IPO13,LINC00094,CDK5RAP2,ALKBH3,RAB8B,TRIM66,RP5-864K19.4
4502,RRBP1,BLM,TXNDC16,GGA2,ZNF517,DDHD1,ZNF250,SENP3
4503,ENG,SLC30A6,SNHG9,MYCBP,CEACAM21,NIPA1,HMGN2,ACOX2
4504,MRPL35,BBIP1,ZNF23,MED18,TNFRSF4,RP1-29C18.10,TUG1,NCR3LG1
4505,ANKRD23,SCYL1,RP11-326I11.3,WDR34,AC026202.1,PDCD4-AS1,FUT10,HIST1H2BG
4506,TMEM161B-AS1,ARF1,BBS9,MUT,DAP,GOLGA8B,TBC1D32,UBXN7-AS1
4507,SLC48A1,NONO,LPCAT4,FBXO41,NAA60,CTA-293F17.1,GLTPD1,RBM11
4508,AMPD3,USO1,ZMYM6NB,TSR1,RFX5,INTS12,ZNF793,RPH3A
4509,STK19,HNRNPU-AS1,ZNF737,CHSY1,LSM5,NF1,EFNA4,AC159540.1
4510,PARPBP,C3,SEC24B-AS1,PRTFDC1,ZFPL1,XPO5,ZMAT1,ASAH2B
4511,MAD1L1,RCAN1,RNF144B,EEF2K,SPATA21,MRPL2,CYP3A5,RP11-298J20.3
4512,C11orf1,KSR1,LRRC27,AGAP1,RANBP6,MRPL36,FBXL12,ARMCX4
4513,NOP2,ZNF429,MED7,BLVRA,NRG1,NDUFAF2,ANP32A,PAPD7
4514,ZNRF1,QTRT1,ZNF396,NBPF15,CTB-12A17.3,INCENP,ERC1,GDPD3
4515,DFFB,XPO1,PISD,TONSL,ANKRD52,DNAJC21,FPR2,ROBO3
4516,NXT2,RNGTT,HDHD1,C9orf40,RP11-318C24.2,C9orf96,DCK,FAM3B
4517,NLGN4Y,C15orf40,KLHDC9,FKBP1C,KRT72,ZNF217,DDX6,RP11-158K1.3
4518,NMB,HUS1B,TAP1,CARHSP1,AP006621.5,TRIM32,MAST4,ARHGEF39
4519,PMEPA1,ZNF180,CASP1,GNPAT,AMN1,SIAH1,SMG8,STARD8
4520,RP11-262H14.1,CD6,ZER1,RP4-816N1.6,ZNF593,ALG10,EXOC3L1,ITPKC
4521,RP11-332H14.2,CBFA2T2,AIRE,GPR133,RP11-359K18.3,RP5-1007M22.2,DCUN1D4,ZNF549
4522,G3BP1,MAP4K5,C10orf12,HDX,TMEM127,ABCG1,APPL1,DDTL
4523,PRPF38B,POLE2,AC010883.5,LCOR,TAOK2,ST6GALNAC4,DDX51,RP11-135A24.4
4524,C20orf194,CLASP1,C19orf18,ZNF2,RANBP17,CNTRL,ANKRD40,LRFN3
4525,RP11-464F9.20,ZMAT3,FAM69A,ZFYVE19,RP11-787I22.3,AUH,SPECC1L,RP11-432J24.2
4526,SLC35F3,LRRC37B,LAMA5,MCM4,ARHGEF18,LONP1,BYSL,F12
4527,PFKFB3,ZCCHC4,FBXL20,CENPF,CTD-2651B20.3,PCM1,SMIM12,ZNF135
4528,SIDT1,BCL9L,TPP2,RAVER1,PICK1,PPP1R8,FAM189B,SYP
4529,SORD,UBTF,TSPYL5,DNAAF1,HDGFRP2,NAA35,PTCH2,C10orf12
4530,NEU1,SLC9A3R2,NGRN,CTC-425F1.4,CTA-384D8.36,EAPP,PKP4,NKAPL
4531,WAC-AS1,ELANE,CCDC34,SRSF5,ZNF420,GNGT2,NAV1,RP11-804H8.6
4532,FAM219A,ZNF107,FKBP1B,PGLYRP2,TNFRSF25,LMBRD2,ZNF557,KRT86
4533,NBL1,FUNDC1,SKIV2L,NEK6,FBLN7,TTC33,SRR,ABCA3
4534,NRN1L,ZNF764,ZNF155,ACVR1B,ZNF33B,TTPAL,TBC1D22B,PACRGL
4535,CES1,DKFZP434E1119,RP11-514O12.4,ELK1,MTERF,BBS12,COL6A2,ARHGAP19
4536,PIK3C3,AC018755.1,ZNF836,SFMBT2,RP11-415F23.4,GFM2,ARHGAP12,EAF1-AS1
4537,AC006116.20,ADCY9,TIRAP,ANKRD34B,ZNF621,ERP27,OSGEPL1,ARHGAP32
4538,MGST2,C2orf27A,RP11-72M17.1,CYBRD1,SLC35F5,ERLEC1,PTGDR2,SSH3
4539,RRP7A,PTP4A2,SRGAP2,PP13439,RP11-456D7.1,MTURN,RP11-686O6.2,DSEL
4540,RTTN,NSA2,VIPAS39,ARPC3,SPNS3,FAM200A,RPP40,ANKDD1A
4541,SLC25A45,CASK,LTN1,CYB5B,SLC30A9,CRB3,SETD7,RMI1
4542,DCUN1D2,AMN,SERINC3,SIAH1,DNAJC8,GRK4,OAS2,RP11-443B7.3
4543,HYAL2,ZBTB11-AS1,FMO4,C2orf76,HEATR6,CAPN15,SOX15,LNX1
4544,LGMN,SDCCAG8,FAM135A,SNX19,DCAF15,DUS4L,PET100,RP3-508I15.19
4545,ZNF589,UNKL,FAM220A,CDCA7,IGF1R,FAHD2A,LIG3,PSMG3-AS1
4546,RP5-1091N2.9,CCDC25,FAM178A,GRASP,RP11-802O23.3,KCNQ1OT1,EPB41L3,RP11-297N6.4
4547,ICOSLG,RAD17,RP11-429J17.2,TRIM60,VOPP1,ANGEL2,DCAF5,LUCAT1
4548,RP11-448A19.1,NOD2,TRIM25,IFT88,ZNF253,NPIPA5,SYNE3,NBPF15
4549,CCDC180,PTK7,SRD5A1,GPR132,NEUROD2,MMAA,SIDT1,CTD-2537I9.12
4550,FAM171A1,ATAD2B,IFT88,DVL1,DBT,ZNF789,SAMD4B,LDHD
4551,FAM134B,RP1-187B23.1,FANCL,ZNF691,WDR12,HBEGF,GDPD3,ZBTB6
4552,RP11-190C22.8,GNPNAT1,TMSB15B,PDZD7,TBCCD1,IPO11,ZFP14,AP001062.7
4553,DESI1,LTBP4,ZBTB42,ZNF280D,LZTFL1,METTL1,LARS2,NRBP2
4554,NBAS,DTNB,DNM2,AURKB,EID2B,USP37,SKP1,XXbac-B135H6.18
4555,KHNYN,RP11-178G16.4,RP11-502I4.3,ZNF284,ZNF782,CHML,ZNF644,CACFD1
4556,BST1,C1orf177,SPNS1,KANK3,RASSF2,ZNRD1-AS1,FAM222B,RP11-309G3.3
4557,FTX,C1orf115,HIST1H4E,ACAD9,CES1,ACSL4,GTF2H1,TIGD3
4558,NPHP1,RP11-203J24.8,MIR497HG,CD300A,IWS1,ADAL,METTL2A,RP11-273G15.2
4559,EPHX3,GNG5P2,CD163,RP11-181C3.1,CDK13,SH3BP5-AS1,TMEM163,PVRL1
4560,BTBD9,ADNP,FMNL2,PPM1J,METRN,DND1,CCDC104,IL23R
4561,ATP1A3,CTC-273B12.10,ALDOC,CBX5,GPATCH2,ZHX1,PINK1-AS,INPP5E
4562,RAB11FIP2,USP47,DCTN4,ZNF80,POGLUT1,KIAA1683,CDT1,MYLK-AS1
4563,TAS2R14,LDB1,WLS,ZFYVE26,ZBED1,FOXP1,PRKRIP1,LINC01023
4564,TTL,RP11-426L16.3,SUV420H1,KAT5,ZNF77,TBC1D10A,RPS6KC1,DICER1-AS1
4565,CYTL1,ZCCHC11,C3orf18,ZNF200,RP4-813F11.4,ANKRD46,C22orf34,AURKC
4566,THADA,RP3-465N24.6,RP11-485G4.2,PLCH2,BCL2L13,UBQLN1,DUS4L,GMPPB
4567,CCDC47,KIF1B,TMOD2,GOLPH3L,PARS2,LIPE-AS1,PRR4,GINS4
4568,FAM105B,TNF,LEO1,EVC,CXCR2,BDNF-AS,DDX55,ADCY3
4569,SMYD5,MMP9,SPA17,ZNF133,ARL6,GTF3C1,CTD-2336O2.1,SNTA1
4570,TIGD6,RP11-393I2.4,PSMD5,NEU3,IARS,ZNF407,SMPD4,DNLZ
4571,NACC2,RNF212,VARS,LINC00880,CECR5-AS1,AP5S1,GMEB2,ZSWIM1
4572,MIER1,TMEM242,ZNF619,CENPBD1,RP1-315G1.3,BPGM,CTTNBP2NL,GTF2H4
4573,CRAMP1L,GRAMD4,DHRS11,DTX3,POLR1E,CAND1,RP11-182L21.6,ST8SIA1
4574,USF1,GTSF1,WDR24,PURB,CPEB4,RP4-549L20.3,ZSWIM6,ZNF74
4575,SNORD3A,CD274,GPAT2,PPTC7,TMEM126A,PRELID2,LONRF1,RP11-469M7.1
4576,MED14,TTC21A,CLIP2,AP4E1,CTB-113I20.2,STARD5,TXNDC9,ZCCHC14
4577,C11orf49,ORC2,PPM1L,PDE7A,RC3H2,MRI1,ZNF236,MEOX1
4578,PLD6,GPR180,RP11-390B4.5,CXXC1,COG1,CPED1,ALDH1B1,IDO1
4579,TET2,CYP1B1,RP11-258C19.7,PHLDB1,HPS5,SEMA4B,JUND,ARL5B-AS1
4580,SWI5,SCLY,FAM161A,ACACB,LINC00176,NKAPL,SIGLEC14,F2RL1
4581,FAM220A,C16orf95,MYCBPAP,ANKIB1,ARHGEF6,ZNF419,ZC3H3,AZU1
4582,AP001469.9,RUFY3,NRP2,RP11-572O17.1,MINPP1,ZKSCAN4,TMEM79,EPHX1
4583,ZNF526,SGTB,WDR66,POLH,RP11-293A21.1,PDIA5,PIK3R4,SOX15
4584,LSS,ING4,RP3-455J7.4,ZFP3,RACGAP1,NSMF,TMEM97,SPESP1
4585,STK38L,SLC43A1,BTD,RP11-600F24.7,KAT6B,FAM195B,CEP135,LAPTM4B
4586,CCDC97,PEX3,ZC3H12A,ADAMTS6,PTGS2,SSR1,ATG9A,LPP-AS2
4587,CHM,DNAJB5,XKR6,PPP1R17,IAH1,RANBP17,AGRN,RP11-705O1.8
4588,BEX1,APOBR,RP11-977G19.12,ARL17B,SESN1,VPS16,CDYL,BAALC
4589,RP11-271K21.11,ROCK2,SLX4,MFSD7,PMM2,ACACA,ZNF585B,RNF165
4590,LILRB1,PPP4R1,BMP2K,PIK3CB,TIRAP,AC022182.3,SETD1B,RP11-84C10.2
4591,TJP2,APOOL,KIAA1432,FBXO9,PRSS36,ERP29,E2F6,MIER3
4592,L3MBTL1,RP11-301O19.1,IQCK,BYSL,ANKRD36,N4BP2,FBRSL1,TPRG1-AS1
4593,CBWD3,GINS2,HIST1H2BC,ZNF529,SKA3,PCED1B,NOG,RP11-359B12.2
4594,TUBGCP3,CPSF2,ADAMTS6,RP11-89K10.1,CD180,NUAK2,SH3BP5-AS1,OLFM1
4595,DPY19L1,NCEH1,ZNHIT6,NACC2,HEXB,RP4-798A10.4,ZBTB22,PGBD4
4596,B3GALNT2,PIK3R5,ZNF501,KIAA0513,HSF2BP,XXYLT1,MOCS3,AL592284.1
4597,GFI1,TMX4,KPTN,RP5-943J3.2,ACOT13,FARSA,TLR3,CXCR2
4598,ECD,TRPS1,LRP10,ZNF74,CCNJL,MMS22L,RP11-76E17.3,CTD-2256P15.2
4599,CCDC14,PAAF1,DEPDC5,GMIP,NEURL4,RP4-758J18.2,RBBP8,C3
4600,DSN1,SRGAP3,FBXW4,CUL5,CD81,RASSF2,ZNF780B,ZNF320
4601,MAPKBP1,ZDHHC6,PRICKLE3,SLC31A1,ZSWIM8,WDR76,SH2B2,DNAJC18
4602,ACVR2A,RP5-1068E13.7,VPS8,HSF4,CAPN10,MAN2A2,USP36,CACNA1I
4603,NOP14,AMPD3,POLH,RP11-73O6.3,C15orf52,AC079305.10,AP001055.6,DEPDC5
4604,GANAB,NAA50,HMGXB4,HEXIM1,ACAD10,SPIDR,MGAT5,CACNA1A
4605,KLHDC10,HIST2H2AB,C5orf42,INO80D,LNX2,LINC01013,SORBS3,LL21NC02-1C16.2
4606,KCNH3,MED23,RP11-332H14.2,MERTK,C10orf35,FEM1C,GTF2I,PAXBP1-AS1
4607,DHTKD1,RP4-583P15.10,SPRED1,C17orf100,FAM135A,IFT172,GGA2,TMEM255B
4608,SOCS4,AP1B1,BCO2,HEATR2,TET2,CDKN1A,KIAA2013,PLXNA3
4609,RP11-395A13.2,CLDN7,ZNF71,MYL5,IFI27L1,MCTP1,PANX1,TTTY14
4610,TUFT1,BAIAP2,MED1,TRIM54,ZNF618,UGGT2,MAP2K6,CLIC2
4611,ZNF43,RRP1B,LGALS3BP,KISS1R,HK3,CCDC15,LINC00094,HS3ST1
4612,TMEM97,ZFX,PTCD1,STON1,CHIC1,RABL2A,CSTF3,SLC2A9
4613,FZD1,RAPGEF1,TWISTNB,SPAG4,ZNF490,FBLIM1,SEPT11,SHPK-1
4614,AC025335.1,TMPO-AS1,BCL2L2,TCEANC,URGCP,CTA-292E10.6,FERMT3,PDZD7
4615,PPP4R2,SCO1,AC004158.2,XRN1,ATP1A3,ZMYND15,TOP1MT,ZNF343
4616,ZMPSTE24,KLHDC3,UCP3,SCD,PASK,RP11-47A8.5,SEC23A,AC000003.2
4617,RCN1,PYGL,hsa-mir-8072,HIST1H3D,TSPAN14,PGS1,TMEM234,ZNF440
4618,RILP,BTBD10,CD58,TRPM2,DHX8,AC004540.5,ATAD3A,KANK3
4619,PDCD11,SGPP1,SKIL,HIST1H4I,ZNF614,LIN9,B3GALNT2,SEC61A2
4620,ATXN2,CINP,ADAM23,WEE1,HDAC8,GCSH,YY1AP1,DOK7
4621,AC024592.12,PPP3R1,NAA60-1,SLC12A4,APOM,LRRC23,GTF2H2,IGFBP6
4622,EXD3,ERCC2,MRTO4,LMOD3,SPI1,CTD-3074O7.5,METTL8,CCDC102B
4623,DNPEP,ZNF510,TOMM5,C4orf36,RP11-390P2.4,C10orf25,WSB2,LINC00092
4624,IL12RB2,DPY19L1,ARRDC5,SLC43A3,IER5L,NPIPA1,MED20,C2orf40
4625,TRIM25,SUPT6H,GTPBP2,GMPPB,PPAP2A,CRTAM,FGL2,ZNF358
4626,TMEM57,CAB39,RP3-508I15.21,ARAP3,TRAPPC5,KALRN,DHX32,LCMT2
4627,RPS6KB1,MNAT1,MSH5,VIPR2,SNCA,USP39,UBE3B,ZBTB9
4628,SIRT1,UXS1,KLHDC1,MTFR1,NADK,RBM15,EMR3,DMKN
4629,ARMC2,FZD2,MAVS,TDRD7,CHAF1B,SLX4,UBAC1,USP31
4630,FMNL2,SUV39H2,RP11-229P13.20,C10orf76,CTD-2231E14.8,BZRAP1-AS1,RFX7,RP11-14N7.2
4631,SELM,MOB1B,SIN3B,XPNPEP1,SETD1B,DOPEY2,SUGP2,RP11-50E11.3
4632,KATNAL1,SAE1,RAD51,MSTO1,PPA2,PRR5L,METAP1,IRAK1BP1
4633,ZC3H4,RBM34,DPM1,DTX1,SETD5-AS1,KIF20B,LINC00987,B3GAT2
4634,VASH1,ANKH,HES6,IWS1,ZNF296,TP53I13,TMCC2,RP11-395G23.3
4635,TTC21A,WDR44,ZBTB47,RP11-701P16.5,PTCH2,ZNF506,CREB5,TIGD2
4636,BOLA3-AS1,SETD1A,RP11-819C21.1,DPCD,HMGCS1,FAM229A,CNOT4,AC005253.2
4637,IL18BP,KLHDC4,PLVAP,COG5,EID2,PHKA2,CCND1,MYO1E
4638,TTC3,GNE,MATN1-AS1,SLC1A5,RP11-589C21.5,SART1,MAFF,PHOSPHO2
4639,GABBR1,CAMLG,AP003068.23,UAP1L1,MMP24-AS1,UFSP1,TMEM194B,NPHP4
4640,MBTD1,UBR4,RP11-309M23.1,PLK1,SIRT4,PDE6G,CDC42EP3,FANCM
4641,C2orf40,KIAA1328,TEFM,LL21NC02-1C16.2,RP11-80H8.4,IRAK4,NET1,RP11-305L7.1
4642,EHMT2,CLEC16A,PPP1R12B,HAUS6,ZC3H12A,CCDC154,GIGYF2,RP11-446N19.1
4643,ZKSCAN4,SDK2,RP11-362F19.1,MIR146A,PPP1R15B,ZBTB9,KXD1,NME8
4644,MSANTD2,RASGEF1A,KIF3B,ZNF343,C11orf71,FOXK2,BIN3,ZNF555
4645,VWDE,RP3-467N11.1,SLC17A9,ELF2,AKT2,MAST2,EDEM3,FSD1L
4646,MON1A,BRF2,HSCB,YY1AP1,C10orf105,MCUR1,FFAR3,RP11-617D20.1
4647,ZNF487,FAM45A,AC062029.1,FAM153B,OGDH,PDXDC1,B4GALT5,HRASLS2
4648,CTD-2369P2.2,PROC,MUT,GPR107,CTD-3195I5.1,MUM1,LPHN1,C5orf42
4649,PSMB7,ZKSCAN3,MRPL21,ZDHHC1,ZNF616,CYB5R4,PIK3C2B,RP11-324I22.4
4650,LSM12,RP11-293M10.5,ZNF324B,CPT2,FURIN,DNAJA1,ZFYVE1,RP11-67L2.2
4651,HYKK,ZNF594,CTD-2035E11.5,ZFAND2A,FLVCR1-AS1,MTX2,AQR,STEAP4
4652,SLX4,C16orf70,CTD-2033A16.3,RP11-61J19.4,ADAM22,UBE3A,CCDC88B,RP11-876N24.4
4653,KIF5C,MRPL36,REC8,CCDC85C,GALNT10,ZSCAN16-AS1,FAM109A,RP5-1050D4.3
4654,AC007246.3,SMPD2,CTA-204B4.2,ARHGAP12,DEGS2,APITD1,ZNF543,NAP1L2
4655,LINC00623,SNX10,RP11-216B9.6,ZFP36,KPTN,RAP1GAP2,PIK3CB,CYB5D1
4656,SNX13,AQR,NFS1,PKD2,GABPA,TGFBR1,THTPA,WDR35
4657,SV2A,C18orf32,CR1,BBC3,RP11-212P7.2,ZNF827,TRIM52,DHRS9
4658,DGAT1,RREB1,RP6-99M1.2,CEP164,DTX3L,GPR61,BRD2,JAKMIP2
4659,RAC3,NEK7,GEMIN8,ZNF629,RGP1,CLDND2,KEAP1,WBP2NL
4660,TUBG1,C2orf81,RP4-800J21.3,DNAJB5,LRRC37B,PZP,TOP2B,FAM153A
4661,OSTM1,CTD-2555O16.4,DHX36,VSIG8,ZNF501,CLDN23,SYS1,RP11-498C9.3
4662,NAA60-1,CRY1,SYNJ2,PLS3,AC009065.1,MBD5,C12orf4,THNSL1
4663,ALG11,COPZ2,CTD-2012J19.3,MAPK6,ZFX,CDK10,C9orf169,DISP1
4664,RSG1,WLS,RP11-61J19.4,GTF2I,DFNB31,KPNA1,PREPL,RP11-637A17.2
4665,PAGR1,PHF7,NUMBL,AC006116.20,HOXB2,RALGPS2,ZMYM6,DRAXIN
4666,SPIN1,SDCCAG3,TRIP12,RP11-1100L3.8,MVB12A,GLTSCR1,GAB3,RP11-390B4.5
4667,DLGAP1-AS2,TNFSF8,GSTT1,PPP2R3A,KDM1A,RP11-413H22.2,NOL9,PTPDC1
4668,RNF31,VEGFA,SLC25A20,SIRT2,NAB2,TUBGCP5,RP1-266L20.2,UBAC2-AS1
4669,RP6-99M1.2,SYNC,RP3-477O4.14,SMC6,DLG1,VWA8,HILPDA,TMCC3
4670,C21orf58,STEAP4,HIVEP1,AC137932.1,HIST1H2BD,C19orf83,EPOR,AIM1L
4671,RFX2,CTD-2369P2.2,JMJD8,PDS5B,IDH3A,CTD-2659N19.9,RP5-1180E21.5,TIGD6
4672,ZNF668,RP5-1136G13.2,BEND4,C9orf116,POLG,KEAP1,SLC25A13,SLC38A11
4673,AZI1,TMTC2,NADK,KLHL26,SH3D19,VILL,GABPB2,ZDBF2
4674,RNF19B,FAM13A,HUS1B,SLC4A8,ETV3,AC010761.8,TMEM65,NOS3
4675,NACC1,ZNF232,RP3-395M20.9,PPP2R5B,UBE4B,FOXP4,ARMC8,NHLRC4
4676,HMGB3,ANKRD22,PYURF,C9orf38,CHML,TTI1,RAP2A,AGRN
4677,TDRKH,SOCS5,ACADSB,PTPN11,SYCE1L,PIK3R5,RAB8B,FBXL19
4678,SNIP1,SLC16A7,PRKCE,KCNH8,PLAUR,FAM193A,DDB2,ANKEF1
4679,KIF23,FAM58A,TBC1D32,RP11-426L16.3,YTHDF1,PLEKHG4,ZNF444,CNIH3
4680,SLC25A19,SLX1A,CYP2D6,RNF130,LATS2-AS1,TVP23C,RP11-383C5.4,SMIM10
4681,BATF3,NOS3,TTI1,NSF,CPSF2,ENAH,SMYD4,MSTO1
4682,NHSL2,LINC00672,CTA-384D8.36,RP11-134G8.7,RP11-490M8.1,DHDH,PLCG1,ZNF845
4683,NADK2,FAR1,AARS,HFE,NUPL1,RP11-80H8.4,PTPN23,CCDC125
4684,C19orf12,RBBP5,ZBTB26,RP11-143J12.2,SPATA24,RYK,RP13-582O9.7,AMY2B
4685,SLC39A13,PAM16,KLC4,NLRX1,CAMTA2,ZNF785,ILF2,PHLPP2
4686,RP11-473M20.16,UHMK1,TMEM194A,MIR29A,BCKDK,C17orf67,CCDC117,AP003419.16
4687,MAPK11,ABCD3,RP4-612B15.3,ANGEL1,INSL3,FBXL12,UEVLD,RP11-573D15.9
4688,PSEN1,HIST2H2BE,ZNF550,RP11-162G10.5,RRAS2,MARCH9,SNX18,ZNF627
4689,WBSCR27,IDH1,RP11-869B15.1,PAXBP1,N6AMT1,MIR4519,TUBGCP4,NFIA
4690,ACER3,BTBD2,ZNF782,NHLRC1,RP3-508I15.19,SEPT10,BATF3,IER5L
4691,TMEM245,LIPE,MRPL24,PNPO,C1orf145,DET1,PGGT1B,SLC27A4
4692,RP11-20B24.5,NT5DC3,GORASP2,RP11-339B21.13,RASA1,RNF122,MMP23B,AD000090.2
4693,CTD-2054N24.2,JRKL,GAS8,DHFR,KIAA1958,CLIC2,MAP4,PRRG4
4694,RPS6KL1,IQCE,RP11-105N14.1,ITFG3,ERF,CCDC157,BCKDHB,XXbac-BPGBPG55C20.2
4695,SCIN,LGALS12,PRPF4B,CRYGS,RAD54L2,BSCL2,MYSM1,CTD-2287O16.5
4696,RP11-558F24.4,SLC29A2,TNK1,MIR940,DHX37,ZNF418,REST,C8orf88
4697,WDR59,NOP10,DPF3,SULT1A4,ELF2,ZNF140,MMD,RPS4Y2
4698,SUV420H2,KIAA1683,PTBP2,DHRS13,UBAP1,REEP6,RP11-448A19.1,REG4
4699,FNBP4,RP3-395M20.12,DNMT1,ZFHX3,AP5B1,UBE2J1,CREBBP,MEGF6
4700,SMAD4,RP11-267N12.3,RPAP3,TRIM58,AC023490.1,MANSC1,ERI1,KISS1R
4701,ARFGEF2,FOXK2,GATS,PPP2R5E,DIP2B,BRPF1,APEX2,VASH1
4702,LSM14B,ITGB3BP,FUCA1,GBP5,USP27X,MT-ND6,XKR6,C3orf18
4703,KLF3,GCSAM,SLX1A,RP11-513I15.6,CREB3,N4BP2L1,SAMD9L,ANGPT2
4704,NMNAT1,SNTB2,STARD10,RALGPS1,ZNF154,ZNF398,ZBED6,CHM
4705,CTD-2288F12.1,SLC25A51,TESK2,SGTA,RMDN1,MRPS30,FBXW4,TMEM182
4706,ZNF234,PCSK5,ZRANB3,IPMK,NREP,IBTK,IGF2BP2,HEATR2
4707,CENPQ,FES,PRPF39,ACOT9,SNRPA,RP11-315O6.1,GMNN,7SK-2
4708,GALK2,CHEK2,FAM81A,CDC25A,RP11-1398P2.1,PDE9A,ZNF429,TNFRSF10D
4709,RAB11FIP5,RUNX2,KHDC1,ZNRF1,ALG6,DCBLD1,REEP3,MMP11
4710,RP11-195F19.5,SPTY2D1,RP11-327P2.5,PNMA5,ZNF568,ZNF700,ATP6V0A1,VEGFA
4711,TTC17,CACNB1,DBF4B,PACSIN1,FAIM,SUSD4,CTB-113I20.2,RP11-841O20.2
4712,THNSL2,TAPT1,CTD-3093M3.1,CDC45,TMEM65,PPAPDC2,RAD51D,KBTBD6
4713,THAP9,RP11-143J12.2,ABLIM2,PTPRC,C1orf177,PKD2,RP11-490O6.2,FANCB
4714,CEP120,ZSWIM8,FNIP1,COCH,C5orf42,CTA-373H7.7,NMNAT1,FKTN
4715,RNASE4,PFKM,PLA2G6,DCLRE1A,PLCB1,TNFRSF10A,TRMU,ETV2
4716,FANCI,ANK3,RP11-554J4.1,BCAT1,MYCBPAP,RAP2C-AS1,PLBD2,PIK3R3
4717,KCNH2,MORC2,FOXN3-AS1,MT3,DSN1,HIST1H2BF,RNF144A,ENTPD7
4718,GSN,DPY19L3,ARRDC4,CKAP5,ZWINT,DKFZP779L1853,PSEN1,ZNF443
4719,NDN,RP11-473M20.7,USPL1,RTKN2,CLDN12,STX18-AS1,SERPINH1,ZNF785
4720,PICK1,CTDNEP1,ALYREF,COPS4,DNAJC28,SNAI3-AS1,SLC35E3,ZNF540
4721,BRAT1,ATG7,AC016683.5,DLEU1,MOV10,RP11-295P9.3,RP11-295P9.3,ZBTB41
4722,IGF2R,IARS,BMPR1A,MRPL44,NUDT13,RP11-730K11.1,HAUS2,RP11-817O13.8
4723,MOB1B,TIMM8A,TMEM255B,EIF4G3,FAM118B,SPINT1,NCK1,CRB3
4724,PHLPP2,GPATCH11,RPEL1,HAR1B,CTC-250I14.6,PPP5D1,TRIM16,ZNF546
4725,SLC29A1,NOL3,RP11-359K18.3,ICOS,TRMT2A,UBL7-AS1,PTPRO,TNFSF13
4726,NEXN,CCDC64,RANBP10,PBK,PABPC3,PRKD2,DLST,RP11-867G23.8
4727,CHAMP1,VTA1,RP11-635N19.1,ALDH18A1,ABHD14A,RAD54B,SRSF10-1,AC131097.3
4728,ZBTB22,CSRP2BP,TMEM254,KDM2B,ZNF740,HN1L,MED14-AS1,HIST1H3A
4729,AC009005.2,BCAT1,TMSB4Y,KAT2B,AP4B1-AS1,GALE,EFTUD1,CCDC146
4730,MPLKIP,XXbac-BPG252P9.10,ZNF75D,RP11-22P6.3,C4orf36,ZNF341,SASH3,ZNF527
4731,RP11-398C13.6,UNC13D,CTD-2012K14.7,DGKD,ZNF665,FRMD8,TMEM254,GPR174
4732,TMEM218,IL2RB,PPIG,CLDN15,C15orf26,DNAJC16,SEC24B,COCH
4733,RP11-367J11.2,AMMECR1L,HINFP,PSME4,CA13,HLA-DQB1-AS1,AHDC1,RP11-195F19.5
4734,ZDHHC20,ARCN1,GINS2,GZF1,BIVM,RP5-1085F17.3,AP1G1,ZNF564
4735,NOTCH2,CNNM4,ZNF792,FAM20B,NRBP1,RNF219,PUF60,DNAJA4
4736,CCSAP,C9orf96,NCOA6,MFSD1,ITPKC,SETD9,SMC5,AC012358.8
4737,MAN2C1,VCPKMT,AC021188.4,CD96,HIST1H4E,CCDC142,F13A1,DDX31
4738,PDIA5,ACTL6A,RPA3,PDE8B,C14orf28,IFT88,ATG2A,SLC35E2
4739,GPATCH11,SPIN2B,IER5L,CD19,C1orf54,NOD1,NUPL1,DBNDD1
4740,C1QTNF4,PAK4,TMCC2,USP32,PIGN,AFF4,COG7,AL133245.2
4741,CENPL,TMEM2,RP11-46C24.7,GREM2,ZNF674,TMEM120B,CD5,IFNLR1
4742,EFCAB4B,CCDC71,CTD-2267D19.2,CCDC142,RARS2,ZFP90,RNF14,MAP3K12
4743,ABHD2,KIF22,LRSAM1,CKAP2L,HMG20B,KIAA0020,C16orf72,RP3-400N23.6
4744,TRIM23,RP4-798A10.2,CHFR,EPM2AIP1,RP11-492E3.2,KRR1,PDE4D,RP3-399L15.3
4745,TBCEL,HNRNPDL,TTI2,CEP55,GTF3C3,RP11-212I21.4,ZMYM2,SLC16A4
4746,SSSCA1-AS1,PNRC2,ARL17A,NPR2,ARAP2,VAMP4,ABHD6,MYH3
4747,DOLK,KANSL1L,TMEM9B-AS1,ASAH2,ABCB8,RP11-417F21.1,DMXL2,PIWIL4
4748,TOP3A,DHX29,BAG4,ZNF318,AP000476.1,ZMAT5,NFYC-AS1,MCF2L-AS1
4749,ENTHD2,ARFGEF2,GEN1,NBAS,ZFYVE28,IKBKG,KLF11,FMNL2
4750,RP1-159A19.4,EML3,AFAP1L2,TMEM38A,ZNF781,GCC1,HS6ST1,ZBTB3
4751,MYO1C,EMG1,TACR2,MICALL2,TUBB6,NAGS,LRCH4,RASGEF1A
4752,SAMD4B,ZNF250,CS,PIK3R2,REXO4,RP11-227D13.4,OSGEP,GNE
4753,CTD-2547L24.4,ZNF813,CTD-2287O16.5,FAM32A,ATG7,MKS1,ZNF180,SH3PXD2A
4754,UBASH3B,SART1,ZNF436,EPB42,PARP10,CBR4,LY75,CCSAP
4755,CSPP1,BAIAP2-AS1,CCDC28B,LDB1,C9orf69,TM6SF1,TTI1,GFRA2
4756,NT5C2,CD81,AC137934.1,MARK4,CCDC125,ZFHX3,BAG5,PLAG1
4757,TRAPPC5,POGLUT1,GS1-393G12.14,OXSM,EGLN1,DBT,TMED7,CCT6B
4758,UBXN7-AS1,OTUD3,PDLIM7,GCAT,DUSP7,F8,NUP205,EXD2
4759,RPP25,IL4I1,TPT1-AS1,RRAGB,FAM179A,CLSPN,CDC6,ZNF347
4760,KIAA1715,RP11-284N8.3,EIF4G3,AC092667.2,C3orf18,FRS2,EBI3,PINLYP
4761,GOSR1,CHERP,UNC119B,SRSF9,LIN7B,KIF1B,ANKRA2,MMP9
4762,NXT1,URB1,RP11-473I1.5,LINC00092,FBXO5,SYCE3,ZNF678,FKBP1B
4763,PHLDA1,HIF1AN,PPP2R1B,INCENP,RP11-85A1.3,SPECC1L,BRD9,SLC25A23
4764,GABPB1,ZMAT5,ZNF865,CLEC1B,PABPC1L,SMURF2,PKMYT1,TMEM180
4765,C5orf27,ZNF664,MTA1,RBBP9,THADA,SLC6A16,GPR61,RP11-318E3.9
4766,MFGE8,TMEM86B,AL354822.1,CTPS2,STK36,LATS2-AS1,DENND6A,TEPP
4767,CCDC13,KDM1A,PTGDR2,ACRC,DCAF4,RB1CC1,OSR2,MTIF3
4768,LYSMD2,SIRT5,DTX4,REXO2,ZNF331,B3GALNT2,SHCBP1,MYO16
4769,BAMBI,RWDD3,ENTPD7,TTYH3,NCEH1,MT-ATP8,IKZF3,C17orf100
4770,NREP,RBM26-AS1,PCBP3,SYPL1,HIVEP1,NUP107,RP4-684O24.5,BCO2
4771,FTSJ3,BCL2L11,AC007383.3,GNB4,PAOX,CD248,TRIM5,PELI2
4772,FAM161A,MCM6,PAK1,USP11,HYAL3,PROS1,RBAK-RBAKDN,ARHGAP22
4773,NUDT6,YPEL4,SYNGAP1,BNIP1,ATP6V1C2,AGPAT9,ADIRF,ZNF530
4774,PADI4,TMEM168,AGBL5,LYG1,KRI1,LOXL3,RP3-466P17.1,AC093495.4
4775,CYB5D1,CCDC51,TAS2R30,C6orf47,GRK5,RP11-338C15.3,RP11-531A24.5,HYAL3
4776,HKDC1,RTN4R,CHAMP1,ZNF35,ZNF808,ELK1,TRIM31,RP11-398C13.6
4777,RBM47,APOA1,RP11-875O11.1,FGD6,PRDM8,TADA1,CTC-459I6.1,KLHL26
4778,SMN2,XPNPEP3,MPHOSPH8,CNR2,RP11-166P13.4,PCGF6,CECR6,AC006129.4
4779,ROCK2,DLD,CAPS,CTC-241N9.1,FBXO46,TMEM261,RP11-305K5.1,GAS6
4780,YKT6,ZFP14,MBD1,SEC24B-AS1,NEK9,DHFR,RP5-1142A6.2,RNASE1
4781,TXNDC15,KCNE1,TTPAL,NFE2L3,FHOD1,ACOX2,AL590822.2,RP11-755B10.4
4782,NRF1,RCN2,MOB4,MROH6,IFIH1,ATP13A3,RP11-458D21.6,XXbac-BPG252P9.10
4783,VHL,NRIP1,DNAJC16,AGRN,NR1H3,MIR4453,DDX20,ATP7A
4784,SENP3,ZNF438,MYLK-AS1,OTUD3,STAG1,MAML3,RP11-138P22.1,ZNF432
4785,RP11-1191J2.5,SNAI1,FANCM,NOP2,OSBPL11,RP11-553K8.2,CTD-2541M15.4,DKFZP779L1853
4786,FAM102B,GTF2IRD2B,RP11-686O6.2,TSC1,FAHD2B,TAF9B,RP11-6F2.5,CPNE7
4787,PPP1R12C,SMN1,SGCA,RP5-1148A21.3,CCDC50,POFUT1,RP11-661A12.12,RP5-894A10.2
4788,EGLN3,LRP6,SPATA2,PARP16,CEBPA,AC009120.6,CTA-293F17.1,ZHX3
4789,BTBD7,SNTB1,LRP6,AC009133.12,BTBD8,SRXN1,RP11-849F2.7,FBXO30
4790,NOL3,RP11-212P7.2,CCDC125,OXCT1,PHF8,EID2B,CTA-407F11.8,KLRC4
4791,FGL2,ZNF397,ZNF500,TERF2IP,NFKBIB,FOSL1,RP11-264L1.4,LGR6
4792,ZNF75D,WDR41,THNSL2,XXbac-B135H6.18,RP11-166O4.6,C6orf57,FBXL22,CCDC138
4793,ROBO3,ZIK1,SLC30A4,GSTO2,CCDC30,IL21R,SGPP2,RP11-445H22.3
4794,CNEP1R1,AK4,PTGR2,HSPB9,KLHL20,ZNF674,RP11-347C12.1,WDR47
4795,GNG10,GET4,CD1A,AC007880.1,GPAT2,ZNHIT6,RASAL1,UST
4796,PSMD6,ZNF646,DUOX1,SPIRE1,ZNF585B,P2RY8,NIPAL1,FICD
4797,HDAC4,WRB,CSNK2A3,RP11-474G23.3,ZNF224,THNSL2,RP4-583P15.15,DEGS2
4798,LILRB3,B3GNT5,KATNAL1,CELF2,FAM160B2,RFX7,LA16c-358B7.3,RP4-798A10.2
4799,ITPA,RP11-464F9.20,RP1-8B1.4,SLC26A1,ELMOD3,AC002117.1,PKN3,SULT1B1
4800,ALDH1A1,KTI12,BTBD9,UFSP1,CHKB,ZNF552,KLHL29,NHLRC1
4801,SIDT2,NAV1,C5orf51,UXT-AS1,NT5C3A,HCG25,PSMA8,FAM20C
4802,KIAA0947,TACR2,ST6GALNAC6,GPR35,MTL5,CD59,RP3-486I3.7,ZNF275
4803,BRD8,CNNM3,KDM4A-AS1,KAT2A,RNF31,ANKRD22,SAPCD2,GPR34
4804,POLE2,NAGLU,E2F2,MYO19,RBM10,C19orf18,RASA4B,KIAA1467
4805,CRB3,TCTN1,AP000442.1,STK25,ZNF701,TPT1-AS1,KB-1507C5.4,GNAL
4806,ADORA2A-AS1,HKR1,NLN,YIF1B,MCU,POU2AF1,UCHL1,LINC00544
4807,RAB38,FLJ45079,DPH1,TMOD1,LRMP,ZCCHC14,KRT73,SPAG1
4808,MBNL2,VPS13D,DLEC1,TMEM41B,VANGL1,RP11-1391J7.1,FOXM1,WFIKKN1
4809,TREML2,PJA1,ZNF175,CTD-2035E11.5,C11orf80,AC061992.2,ZNF280B,BOLA2B
4810,CDK8,RP11-252A24.3,GINM1,RIN2,COL13A1,FGFR1OP,PODN,ZNF558
4811,TCF7L2,UXT-AS1,PHTF2,GK5,TNFRSF12A,WWC2,CALML4,ITGAV
4812,CAMSAP2,GGH,PLEKHM1,CTLA4,POU6F1,ARL2BP,FAM228A,ZNF827
4813,LINC00115,SOX7,USP32,CLCN3,SMEK2,WDR43,ZNF625,ABCB4
4814,ABAT,SPIN1,AZI1,CARD9,ACVR1,C17orf103,NPAS2,DNAJC3-AS1
4815,GAS2L1,ZRANB1,PSMD3,RBM15,KIAA0556,SEPN1,FNBP1L,SLX4IP
4816,TESK2,TAOK1,RP11-408A13.4,ITPR2,MTMR11,RP11-611E13.2,C15orf52,FAM169A
4817,PRKCDBP,RPL38,TRAPPC10,HMGB3,POLR3A,EED,RP11-293A21.1,C15orf38
4818,PTPN12,LOXL3,RGL1,CTD-2033A16.3,RP5-940J5.6,PIGM,NEK2,ENO1-AS1
4819,WBP2NL,SH3RF1,RP11-1007O24.3,MAGOH,NAA25,KDM1A,RP11-677M14.7,PSAT1
4820,CCDC92,TMEM184C,MAP3K14-AS1,ASRGL1,CCDC106,RP11-284N8.3,ANKHD1-EIF4EBP3,PCOLCE
4821,RP11-252A24.3,SYNM,RP11-511B23.1,SLC27A1,TREML2,DCAKD,RNF157-AS1,ZNF418
4822,KATNA1,GIGYF2,N6AMT2,RP11-805J14.5,ZNF273,SIDT1,AC009950.2,BFSP1
4823,SNAPC1,TMEM39A,POFUT1,VPS9D1,RPRD1A,TMEM9B-AS1,CEBPA-AS1,ADCY9
4824,FOXJ3,AC005253.4,AC079807.2,DNAJC3-AS1,DNAJC18,MAPKAPK5,RP11-260M2.1,AMACR
4825,ZMYM6,SHPK-1,AC083949.1,BRCA2,PIGW,C17orf58,RP11-114O18.1,ZNF649
4826,RP3-455J7.4,RP11-356I2.4,RFC3,FAM189B,SLC25A16,RAB39B,RP11-1079K10.4,IQCH-AS1
4827,SETMAR,TRAPPC6B,RP11-111J6.2,RPH3AL,TTN,AC004447.2,RP11-317J10.2,U47924.31
4828,EYA3,MAU2,LRRC69,C12orf66,KDM4A,ZNF804A,CTD-2201I18.1,TNK1
4829,RAPGEF2,EFNA4,SBF2-AS1,TMEM110,DPEP2,HM13,FGF9,RP5-1103G7.4
4830,STX16-NPEPL1,MCTS1,TTC8,POLA1,WDR5,NFKBIL1,RP11-392P7.6,GK5
4831,PDZK1IP1,RP11-686O6.2,CYB5D1,EPHB2,PCBP4,DCAF4,RP11-56G10.2,BCL2L2
4832,RP11-692D12.1,ZNF318,CTC-518P12.6,FBXL20,BOK,DBN1,NUPR1L,RP11-108P20.1
4833,ANKRD18B,PPP1R8,SLCO4A1,MESDC2,VAMP3,BACE1,KIF9-AS1,NETO2
4834,SAR1A,FKBP1B,RP11-304L19.5,HK3,C6orf226,FXR2,AC015971.2,PRSS36
4835,GPR126,ZNF532,RP11-1398P2.1,KIAA1524,PCYT1A,NHSL1,RP11-33O4.1,RP11-442H21.2
4836,ZMAT5,RP11-10K16.1,THAP5,FAM19A1,FEN1,AC104820.2,CELSR3,RELL1
4837,ZNF738,FXYD2,ZNF461,CCT7,DCUN1D4,TMEM192,BTBD19,SLC17A9
4838,RP4-798A10.7,UBR3,AC004257.3,STXBP1,SLC9B1,TCP11L1,ATL1,ZNF41
4839,JMY,ADAMTSL4,COL9A3,RP11-803D5.4,DKFZP434E1119,AC005932.1,KIF18A,XXbac-BPG181M17.6
4840,FAM160B2,LRRC24,GTF2IRD2B,GS1-124K5.4,ADNP,DHX16,RP11-11N7.4,RP11-493L12.4
4841,ADAM12,CTD-2562J15.6,RAB24,SOCS4,HERC6,RUNX3,SPR,CDC14B
4842,LMO7,F8,TTC1,ATP6V0C,SLFN12,RP11-483P21.2,ZNF208,ZMYND15
4843,ZNF678,CBR1,KIAA0556,NPIPA1,PLK2,C12orf73,GPR157,HP
4844,NOTCH4,CETN3,JAM3,C11orf1,AGER,ZSWIM1,LRRC37A2,LINC00342
4845,ZNF512,CLASP2,GLCCI1,RP11-388M20.6,CNPPD1,USP49,RP11-305L7.7,ZBED6CL
4846,KIF21B,NOP9,KB-1460A1.5,CYB561A3,NUDT17,TRIM16L,RP11-362F19.3,CAMKK1
4847,RP11-344P13.6,TTLL5,ANKRD46,NR4A3,SF3B4,TTN,C1orf213,BACE1
4848,PLEKHN1,RAB8B,SPAG1,SPATA2,SLC27A1,KLHL14,AC123768.4,VSIG8
4849,ALPK1,XRRA1,NRL,NAV1,E2F1,ELMOD2,ZNF724P,RP11-420G6.4
4850,ZNF142,KDM4A,RASA1,KCNC4,TBC1D5,PDE6B,PARK2,SMAD1
4851,PPFIBP2,CTB-61M7.2,NBPF15,SCMH1,PRC1,SHMT1,CRB1,AKAP5
4852,CDC37L1,WDR60,RP5-1159O4.1,C19orf47,SIRPA,TCN2,GAS2,CELA1
4853,MAP3K11,IL21R,C14orf28,RP11-403I13.4,FAM222B,DEDD2,RP11-95P2.1,CCDC157
4854,CBWD6,APOBEC3D,RP11-1114A5.4,SASH3,TULP4,LRP3,SLC12A5,PCAT1
4855,RSPH3,EMB,POLR3K,HACE1,CMAS,HS3ST3B1,ZBED3,RP11-145M9.4
4856,WDR62,FAHD2A,SPATA24,GNG5P2,ZNF526,RRAGD,SLC2A1-AS1,CAB39L
4857,GRK5,KB-1208A12.3,CTA-445C9.14,ZNF519,KLF8,ADAM19,LATS2-AS1,TNFRSF12A
4858,C7orf31,DOCK5,IFT172,NDUFAF2,RPF1,PTCD2,GNA11,VSIG4
4859,UBE2T,UBL7,EXD3,CAV1,CCP110,HKR1,RP11-356C4.3,CAD
4860,PXMP2,PMP22,FOXO4,DTHD1,RP1-40E16.12,LANCL2,RNF222,PROK2
4861,P4HA1,SEMA6B,ATAD2B,FAM222B,TMTC2,EPB42,CTD-2227I18.1,SLC12A2
4862,NT5M,NLE1,ERMAP,ZNF782,DMPK,C4orf46,ARSE,PRCD
4863,PWWP2A,TMPRSS13,WDR47,AC007383.3,ARL5B-AS1,RP5-894D12.3,PAPL,AP000692.10
4864,RBL1,NACC2,CEP104,CBX8,AARS2,ERMARD,LOXL2,FBXO46
4865,AQR,PRKAB2,C17orf100,ZNF577,MIEF2,SPDYA,ADD2,SUSD4
4866,RP11-295P9.3,PANX1,TENM1,C1orf204,SUCO,ALG8,AC006129.1,CSF1
4867,JAM3,FBXL14,PITPNC1,ZNF239,KIAA1524,CCZ1B,RP11-774O3.3,ZNF202
4868,RP11-378J18.3,RP11-731C17.2,RP13-638C3.4,ANK3,KIAA0368,HSBP1,KLHL11,INVS
4869,CTSL,METTL1,FAM103A1,MRPS31,DIAPH2,CTB-12A17.3,QRICH2,ANKS1A
4870,GRAMD1B,TRPM7,ZCCHC4,IFT46,PRAM1,GRPEL2,PRDM10,CXCR1
4871,SELP,HCFC1,MEGF8,TSPAN7,CMTR1,BRD1,KTN1-AS1,HFE
4872,RP11-46J23.1,PMM2,CMSS1,RPGRIP1L,SLC6A4,PALB2,RP11-379F4.9,ZNF329
4873,RP11-63P12.6,INPP5F,DOK4,C17orf107,GCN1L1,MCM2,RP11-505P4.6,AC104809.3
4874,HCFC1-AS1,HP,TGIF2,DOK4,FBRSL1,HIST4H4,RP4-548D19.3,RP11-506M13.3
4875,TRIM2,MYEF2,POLD2,IKZF4,PGBD2,ZFP1,NEB,ARHGAP11A
4876,UBA7,HIST1H3A,FAM45A,CCL27,FBXL6,PDLIM5,GPR124,LCAT
4877,CLEC4D,PABPC1L,GINS4,DDB2,LYPLAL1,SIRT3,ZACN,PKIA
4878,RP11-265N6.1,AP5S1,RP11-467P9.1,PCBD1,VPS13D,CDPF1,ESCO2,DARS2
4879,LRP6,ZNF682,TTTY15,TP53BP2,PLEKHM2,RP11-301O19.1,RNF175,PIF1
4880,DUSP14,BEX5,PABPN1,RP11-803B1.8,PTAR1,DZANK1,SIPA1L2,CPED1
4881,POLR3H,KLHL15,TMEM14A,NUSAP1,RAD54B,LINC00920,DPEP3,RP3-395M20.9
4882,RP3-508I15.22,MORC2-AS1,FBXO22,RP5-1024G6.7,NUMA1,PDE2A,AC007228.5,RP11-398K22.12
4883,KLF9,SLC30A9,TRAPPC8,WNT10B,PFKFB3,RP5-1065J22.8,SYCP2,RP11-701P16.2
4884,KLB,TULP2,H3F3C,CENPE,DVL2,PACSIN1,LYG1,CLDN7
4885,ZNF680,SPAG16,SKA1,NOL10,KALRN,MAP7,MXRA8,SMAD7
4886,AC110771.1,LINC00176,MSANTD4,VPRBP,RP11-793H13.11,TTLL11,LRIG1,ZNF813
4887,AC012360.4,TTC21B,CDK3,PQLC3,ESCO1,MED15,RP11-265P11.2,PNMA5
4888,PHOSPHO2,LNP1,RP11-713P17.3,RP4-784A16.5,UBN1,AL136376.1,LIG4,BRICD5
4889,EMR1,IFT27,ZNF526,PPP2R2A,LINC00863,ERCC6L2,RP4-798A10.7,FER
4890,SH3YL1,KIAA0754,GNA12,RP11-1348G14.5,SLC36A4,CENPK,RP11-863K10.7,AMN
4891,PJA2,FARSA,ANO6,KNTC1,RFC3,VNN3,UBXN10,KIF9
4892,RP11-111M22.2,TOLLIP-AS1,PQLC1,KATNB1,RPS6KL1,CCDC61,SERPINB2,FAM102B
4893,TMEM39A,RP11-553L6.5,TBC1D14,CDC16,IBA57,SPIN4,KLHL23,OPRL1
4894,USP46,CDK10,ZNF19,TLDC2,FPGT,RP11-644F5.11,PLA2G1B,CDAN1
4895,DIAPH2,AMDHD2,ABCD2,ZNF470,GRAMD4,NOTCH1,DOCK4,TANC2
4896,SESN1,APBB1,CARD6,AARS2,ZNF205-AS1,SPATA41,CTD-2659N19.9,SARDH
4897,ATRIP,C10orf91,LRRCC1,MYH10,THEM6,FRS3,RP11-498C9.2,CATSPERG
4898,TMEM186,ZNF595,ZNF814,CTA-445C9.15,NUDT8,CTC-228N24.3,CTD-2516F10.2,DGKH
4899,MKNK2,TLE2,KIAA0247,ZNF641,BCL2L14,ARHGEF18,MAP1B,USP35
4900,ACOT4,A2M-AS1,AC145212.1,NUF2,RP11-815J21.2,ZNF623,RP11-80H8.4,SSPN
4901,ZMAT2,UBAC2-AS1,AC074138.3,AVEN,LINC00665,LINC00863,RP11-429E11.3,GS1-124K5.3
4902,MTCH1,RP11-489E7.4,C17orf107,CHST10,LIPC,SELP,PIWIL1,ZDHHC9
4903,HIST1H2BH,SMYD2,CAPN10-AS1,INPP5A,CTB-32O4.2,SETD4,RP11-656E20.5,ZNF354C
4904,RP1-244F24.1,TAF4B,MIPEP,HIST1H4J,TMEM27,THEM6,CNKSR1,FAM135A
4905,PET112,AC004069.2,RP11-367J11.2,ATXN7L2,RPAIN,NRXN2,GSTM3,KRBA1
4906,RP11-318A15.2,NFE2L3,FUK,NAAA,ZSCAN18,DLEU2L,RP11-46H11.3,NOL3
4907,RP11-572O17.1,SCAP,BMP1,AACS,ELMOD2,MIPEP,RAPGEF3,AMDHD1
4908,DBF4B,C1QTNF6,TNK2-AS1,RP11-307C12.12,GLIPR1L2,NRL,FGF14-AS2,RP11-214O1.3
4909,AL353354.2,H3F3C,ZNF107,PPP1R3B,LTBP4,PHF3,ARC,RTN1
4910,IFT140,KIAA1551,DICER1,SLC4A5,MAMSTR,ZNF579,FAM47E,CR2
4911,UNK,C12orf49,GCNT2,TNKS1BP1,AFF4,SWT1,CTD-2651B20.3,ZNF337-AS1
4912,LRRC1,FAM20C,ZNF778,KDELC2,PHGDH,ACOT11,SRRM5,CCSER1
4913,RP11-559M23.1,HLA-G,FAM167A,RP11-428J1.5,DSTYK,SPEF2,WNT10B,KB-1732A1.1
4914,ACOT11,RP11-318C24.2,RIOK1,MTSS1,TRAF2,AKAP10,CTD-2571L23.8,TCL1B
4915,PARP3,FDXACB1,APC,ZNRD1-AS1,OXSM,ZGPAT,PLCH2,C2orf81
4916,ENPP4,RRAS,CTD-2587H19.1,HS1BP3,KPNA5,C7orf13,RP11-137H2.4,B3GAT1
4917,SLC25A36,CPM,RP11-498C9.2,MOK,EID3,SPRED1,SUMO4,URB2
4918,ATXN1,RP11-539L10.3,NUDT13,FARS2,RP11-791G15.2,SLC4A4,RP11-477N3.1,KCTD15
4919,SPEF2,WDR73,SLC9B2,ZNF649,RP11-582J16.4,RP4-612B15.3,RP5-940J5.6,ANKLE1
4920,FAM20B,SREK1,NANP,IL1B,MARCKS,BORA,SCARF2,GS1-393G12.13
4921,FES,SUN1,SMARCAL1,MDP1,RP11-353N4.4,BAIAP2,RP4-789D17.5,RP11-517P14.2
4922,TNFRSF9,ARHGEF11,RP1-111C20.4,DNAJC13,ATG4A,LCORL,CTC-366B18.2,SEMA4C
4923,SFT2D3,RP3-525N10.2,METTL14,MLYCD,DCUN1D2,SNX16,SPIRE1,PAK4
4924,OTUD3,ZKSCAN7,CNTROB,DLL1,THAP4,STK11IP,TCEAL2,CTA-204B4.2
4925,CSE1L,TSHZ1,TMEM38A,FDFT1,GPRIN3,CKAP2,ZNF219,DHFRL1
4926,BMP2K,CRIP2,RP11-798G7.6,ESYT2,ADAT3,TMEM143,RP11-20B24.5,AL928742.12
4927,RFT1,PROK2,CYP2U1,CENPA,HINT3,TMEM99,SUN3,FAM89A
4928,CTB-32O4.2,SLC6A12,MIR29A,PAN3,MRPS18A,RP5-1142A6.8,RP11-46J23.1,ZNF28
4929,ZSCAN29,RIOK2,RP11-243J16.7,TIMM21,PPIL3,RP11-658F2.8,ANKRD37,CYB5RL
4930,COA7,LIMK2,CELSR3,FCHO2,PA2G4,RP11-597D13.9,ZNF252P-AS1,RP11-481A20.11
4931,DUSP11,RP11-536K7.3,RP3-402G11.26,ADAMTS10,SLC9A3R2,ABHD16B,ABCC6,CCR4
4932,CD9,BRCA2,CEP170,EPRS,MORC4,ADO,RP3-477O4.16,DSC2
4933,GPR75-ASB3,RBM19,RP11-154J22.1,NCKIPSD,TMEM86B,CCBL1,FKBP9,SLC6A16
4934,DLG3,RP1-43E13.2,RPP38,C9orf9,TTC33,CDK20,HIVEP1,SLC24A1
4935,ZNF446,TNFRSF9,CEP44,WRB,SLC9A1,FAM50B,KCNH3,ZNF461
4936,RP1-140A9.1,EPHX1,RAB25,RIMS3,MORC3,EPHX1,RP11-707M3.3,EPHB3
4937,RABL2A,AC074138.3,TMCC3,RBM17,MIPEP,SMYD4,MAMSTR,PARS2
4938,PNN,ABCA2,ZNF518B,PLEKHM1,LENG8-AS1,SNRPE,LTB4R2-1,SLC35G1
4939,HS3ST3B1,HPCAL4,PDE4C,RP11-326C3.12,CHUK,RP11-219B4.7,OTOA,ARHGAP11B
4940,ZNF467,VPS52,PNPO,RP11-262H14.3,ROCK1,GTF3C3,PADI2,CTD-2035E11.4
4941,HUWE1,HOXB2,CTD-2215E18.1,PTDSS2,RASSF1,C19orf82,RP11-434H6.6,ZNF93
4942,TRMT10A,ABCC1,ZNF557,TOE1,GTF3C4,AC010883.5,RP11-442N24__B.1,RP11-223C24.1
4943,TRAF6,SLFN5,SDCBP2,KCTD7,WIZ,SLC25A29,RP11-196G11.2,ELOVL6
4944,VEGFB,NLRP2,CBX2,ZNF230,IRAK3,ZBTB21,CALCRL,RP11-160O5.1
4945,RP11-46C24.7,KIAA1324,AC068580.6,FAM160A2,ANGPTL6,SEMA7A,C1orf101,NPIPB11
4946,ATG9B,TCEAL3,RC3H1,TNNI2,OSER1-AS1,C3orf52,LRRC16B,COA7
4947,RBM48,C9orf64,DRAXIN,ECI1,NLE1,STX4,LINC00656,METTL20
4948,IQCG,TAF13,KIFAP3,GTSE1,EPDR1,MAPKBP1,DLG5,POU6F1
4949,RP11-345P4.9,FAM195A,AARS2,CMTM2,NHSL1,RP1-265C24.8,RP11-421L21.2,RP11-126K1.6
4950,MTFMT,FBLN7,MLXIP,ZNF852,METTL22,RAD51,RANBP17,USP13
4951,MEX3B,RP11-443B7.3,C6orf1,AC129492.6,EARS2,ENOX2,DHDH,ZNF726
4952,NUDT15,AC099850.1,MTPAP,NUP93,ZNF599,AC093673.5,MAP3K14-AS1,THBD
4953,NEK1,AC093391.2,WDR5B,FKRP,STX7,ZNF365,MADCAM1,FAM229A
4954,LINC00910,ASTN2,DCUN1D2,TBCEL,CDK16,RP13-580F15.2,RP13-131K19.2,RP11-418J17.1
4955,CEP97,C6orf120,RP11-190C22.9,ZNF70,RP11-401F2.3,SPRYD7,ATP8A2,SUV39H2
4956,CTD-2007H13.3,LMTK2,PTOV1-AS1,RP11-169D4.2,VKORC1,DDX20,RGPD2,FGFR1
4957,CRIP3,LY75,RP11-77H9.8,CSF1R,TMEM116,AKR1B1,AC007285.6,MARVELD1
4958,KIF1C,CTD-2514K5.2,AP001062.7,SEPT8,PAF1,RP11-350N15.5,OVCH1-AS1,RP11-326C3.12
4959,TAB3,STARD10,FLCN,FAM47E-STBD1-1,METTL18,AGER,PANK1,RP11-434C1.1
4960,CEP170B,ATPAF1,ZNF79,STARD5,MKRN2,RP3-477O4.14,MINOS1-NBL1,NDUFB2-AS1
4961,SNTB2,PGAP2,PEX14,AGBL3,SGK3,COL9A3,CA6,SH3RF1
4962,XXbac-BPG181B23.7,RSPH3,MORN2,ZNF696,TMC4,PVR,RLF,AC020571.3
4963,CCNE2,SLC37A3,EDC4,TMCC2,EXOC3,POU2F1,ZNF286B,EGR2
4964,PUS7L,PRKD3,MCCC2,TRMT10B,KSR1,FAM175A,CRIP1-1,ZNF700
4965,CD248,RP11-90P5.2,KIF13A,LHPP,L3MBTL4,LGALS9C,CCDC78,NLRX1
4966,MEG3,CFLAR,ZNF780B,ALOX5AP,CXorf38,RP3-510H16.3,RP11-361D15.2,DLGAP3
4967,NSF,ZNF417,TFAP2E,AVPI1,NUP155,MRPL37,TTC30B,FBXO2
4968,RGS12,RP11-327F22.2,AL441883.1,DOCK7,RNF157,C9orf156,FAM151B,ALS2
4969,UBN2,SIPA1,AC120194.1,KCTD18,ACOX1,TAF13,SORBS1,PLEKHA8
4970,PLEKHA4,NUDT11,ZDBF2,ZNF213,ELK1,RP11-294J22.6,NRCAM,HOXA-AS2
4971,ATAD5,TBC1D22B,CBWD6,TOP3B,RP11-53I6.3,B4GALT6,ATP6V0E2-AS1,DTHD1
4972,AC009948.5,DPP4,CDYL,ZBTB40,ZNF16,SENP8,PC,HLX
4973,WDR12,SLC35B2,SEMA5A,MIR4453,CTD-2547L16.1,HIST1H4H,MYO10,LRP5L
4974,ANKEF1,DHX15,MIEF2,TP53INP2,ZNF598,KDM4D,AC024940.1,C5AR2
4975,RP5-1157M23.2,FBXW9,HSD17B14,CLEC12A,RHBDD1,ZBTB49,PRR22,TESK2
4976,ACAT2,NKRF,NBAS,MCPH1,MT1X,RP3-473L9.4,PGF,SLC29A2
4977,CLIC2,RNASEH1,ACE,RP11-23P13.7,ZNF530,IL1RL2,CTD-2017C7.1,ZNF618
4978,ZNF700,LPXN,UBAP1L,DCAF15,NNT-AS1,TRANK1,LRP3,ZNF862
4979,KDM8,KLHL20,RAB3A,RP11-390B4.5,STK38,RP11-95D17.1,DSCC1,B3GALNT2
4980,HIST2H2AC,BATF2,GIGYF1,CTC-366B18.2,GINS3,ZNF667-AS1,EHHADH,CNTNAP2
4981,RP11-135A24.4,SYP,HDGFRP3,RP6-91H8.3,RP11-554J4.1,EIF5B,RP11-624C23.1,BBS1
4982,FASN,PHKA2,TYSND1,NBPF1,PRIMPOL,SPATA7,PPIP5K1,ZNF768
4983,MTHFD2L,PSMB1,PIK3R4,TMEM181,HMGXB4,EVI5L,AC099850.1,RP11-658F2.8
4984,SLC25A35,C9orf156,USP12-AS2,CYB561D1,DCUN1D5,ACACB,CTD-2666L21.1,ZDHHC8
4985,SLX4IP,ASUN,SMIM10,ZNF484,LINC01137,POFUT2,L3MBTL4,TBKBP1
4986,DET1,TMEM67,WDR4,ANK1,WASH4P,RHOBTB2,RP4-784A16.5,HAR1A
4987,KIF9,FAM209A,IQCH-AS1,ZNF513,CTA-204B4.2,BACH2,CTD-3064H18.1,CTA-384D8.35
4988,RP11-5C23.1,AREL1,RNF122,TTC30B,DOK6,SS18L1,PIFO,SNED1
4989,MRRF,FGFBP3,MSL2,RFX5,RP11-252A24.3,RP1-20N2.6,RP11-318A15.2,CAMK2N1
4990,RCC2,PDE4D,BANP,ZNF57,DDX28,PIK3R4,SRGAP1,S100P
4991,EDEM2,RP11-229P13.20,SIPA1,INTS4,TCP10L,DIP2C,TMEM238,C14orf182
4992,PLGLB1,AP3B1,CDKL5,JMY,HAUS7,ENGASE,RP11-156K13.3,CEP128
4993,IGF2BP2,TMEM191C,PPIL6,AC093388.3,TELO2,MEG3,HSPG2,RP3-462E2.5
4994,DOK3,TMEM194A,RP13-314C10.5,MTCH2,WDR44,CTD-2012K14.6,C1orf177,ZNF213
4995,SYNJ2,PPAT,CTB-129P6.4,CLSPN,SRGAP2,RP11-467P9.1,PKD2L1,EVI5L
4996,ENPP5,ZNF235,DAP,HDDC3,SH3BGRL2,KLHL15,SNORA40-1,ZNF654
4997,PIGQ,FLCN,ZNFX1,GTF2H2C,RFX2,RP11-110G21.1,RP11-157J24.2,NLRP2
4998,RP11-76E17.3,CCT6B,JSRP1,ALG9,EXTL2,C19orf68,RP11-212I21.4,LMOD3
4999,ALDH3B1,RIPK1,KIAA1841,RP11-566K11.5,FAM105A,ABCB9,CTB-91J4.1,AP001372.2
5000,PEX11A,LARP4,RP11-10L12.4,PIN1,TNKS2-AS1,RP11-22P6.3,SLC23A3,CTAGE9
5001,TMEM80,GPR34,BTN2A2,AC093391.2,FBXW11,AC007386.2,CTD-2083E4.6,NR3C2
5002,AC004257.3,DYSF,CD27-AS1,FAM66C,CNDP2,EIF2AK3,RP11-274B21.10,USP45
5003,FAM206A,SEC24B,TRIM46,PES1,TMEM168,ARHGAP21,LINC00482,CNN3
5004,IZUMO4,TDRD9,PBX2,RP11-277P12.20,PTAFR,POLR2A,FRMD4A,MAGEE1
5005,TAB1,MYLK-AS1,TMEM159,CDC26,SPAG1,TTC21B,PRKAR2A-AS1,CLEC17A
5006,PPFIA1,RP11-705O1.8,C8orf37,RP11-326C3.15,NRM,SIPA1L2,RP13-270P17.1,RFESD
5007,ZNF382,SCFD2,EXOSC9,ABCA3,ZNF135,PROCA1,SEMA4G,ARMCX6
5008,MAPK14,GYLTL1B,FITM1,RPS6KA1,TMUB1,ZNF445,YY2,SEC14L2
5009,TMEM8A,CYB561D1,FBXW8,MOSPD3,SLC2A6,CTD-2583P5.3,RP1-257A7.5,HPCAL4
5010,AC002310.12,CROT,BRPF3,CDK5R1,B3GALNT2,RP5-1148A21.3,AHCYL1,LRRC29
5011,RP1-315G1.3,BEX1,CKMT2-AS1,RP11-455F5.5,TIMM17B,FUCA2,OTUD7A,AC009948.5
5012,PLCH2,RP11-42I10.1,ZNF260,PLD1,ECE2,LMOD3,NEURL4,RP11-535A5.1
5013,SPSB1,ZNF259,COPS2,ARID3B,SLK,C5orf34,TRIM44,MCM8
5014,ZIK1,RP11-159D12.2,SLC16A11,ICT1,RP11-434H6.6,CXCR2,C22orf15,ADCY4
5015,TRAPPC9,DHX32,NUDT21,CXorf21,CRIP2,PANK3,HKDC1,RBBP8
5016,KDM4A,PIP5K1C,IFT81,ARHGEF19,RP1-265C24.8,RP11-218M22.1,CACNA1C,ZNF501
5017,AC022182.1,AC009133.12,BEND2,RP11-498C9.3,CSE1L,P2RY1,CKM,ZNF280C
5018,SLC12A4,TBP,KIAA1324L,HAS3,KATNB1,TNK2-AS1,VPS9D1-AS1,SLC7A1
5019,MEOX1,SYT11,DNLZ,PMM1,TGIF2,TTC9C,CABP4,RP11-401F2.3
5020,RP11-755B10.4,FAM21C,PTPLAD1,ZCCHC6,ZFP62,AC020571.3,RP11-252C15.1,CTA-384D8.36
5021,PRDM15,ME3,EPS8L1,MLXIP,ACSL1,RP11-517P14.2,COL13A1,MIEF2
5022,PLXNA3,PHF21A,CPT1B,C1orf198,LINC00672,RP11-337C18.8,CDH20,CEBPE
5023,PTGDR2,PTPLA,RP11-529K1.4,RABGEF1,NME2,FAM21C,NRXN2,GATM
5024,NUDT13,NEK3,RP13-131K19.7,RP1-202O8.3,DHX40,RP11-173M1.8,FAM92A1,GS1-124K5.4
5025,DDX11,LINC00968,AREG,RAB38,7SK-2,ZNF726,KRT8,RP3-428L16.2
5026,CHML,TMEM180,SF3B14,ANKRD55,AF131217.1,SMN1,P2RY12,MOCS1
5027,PITPNM2,SPATA24,TRIP13,TMEM194A,GPT2,PRR4,SLC16A10,AMER1
5028,UBR3,ZFYVE16,C1orf200,AL139099.1,CYB5D1,LINC00893,RP11-312B8.1,TFR2
5029,ZNF93,CLOCK,SPAG8,FNTB,PEX5,RP11-787I22.3,ADAM22,ZKSCAN4
5030,TRIM11,AL627309.1,ZWINT,SLC16A13,ZNF345,AP000254.8,PDE5A,RP1-159A19.4
5031,CDC42EP1,STK35,RP11-863K10.7,FOSL1,UBE2G1,RP13-314C10.5,RP11-173M1.8,MATN1
5032,RP11-758P17.3,TSNAX,SLC38A9,SGOL1,RP4-803J11.2,AP001058.3,RP11-13P5.1,AF213884.2
5033,RP11-713M15.2,MSANTD2,KRBA2,SSSCA1,RFESD,HYKK,DCHS1,ZNF605
5034,SNRPN,WDR91,C9orf114,KLC2,NIT1,MYO16,CTA-14H9.5,ZFAT
5035,BRICD5,ACN9,C2orf43,POLR3H,NUP188,DLGAP1-AS2,RP11-930P14.2,MAST2
5036,SLC26A1,UPK2,AC016700.5,RP11-796G6.2,PATL1,RP11-424N24.2,BDNF-AS,SERAC1
5037,GPR180,LRP5L,MMS22L,SLC25A29,FANCD2,EIF2AK4,RNU11,TRAF3IP2-AS1
5038,ZFP41,RP11-16E12.1,HSD17B1,OSGEPL1-AS1,RP1-28O10.1,TREML1,RBM12B-AS1,CYP2U1
5039,SUMO4,MAPK13,CTD-2540F13.2,LINC00894,SYNGAP1,CACNA1A,USP54,ZNF121
5040,RP5-1180C10.2,DNAJB12,AC069363.1,MT-ATP8,ZFP90,GAMT,KLB,LARS2
5041,RP11-142C4.6,ELF2,UBL7-AS1,FRS3,PNPLA2,C10orf95,RAB23,KCTD21
5042,FAM122A,HLA-DRA,LPAR2,TSC22D1,CHKB-AS1,RAP2A,AP003068.9,FAM21B
5043,PRICKLE4,PIGP,KLHL26,VCAN,UBALD1,CTD-2521M24.9,RP4-536B24.3,RP11-680A11.5
5044,RASL11A,UACA,RP11-656D10.3,DGKZ,BNIP1,RP11-124N14.3,HAR1B,LINC01024
5045,C3orf58,PARP2,ATP8B4,RHOBTB2,LAYN,GFI1,FAM83G,ZNF696
5046,YES1,AP000350.4,TTC28,RYR1,CXorf65,C5AR2,ABTB2,CD274
5047,WDHD1,NBPF20,TMEM117,C20orf24,MAP2K4,ZRANB3,CTD-2196E14.4,RP11-803D5.4
5048,SMCR8,SLC45A4,SMPD2,IL24,PBX3,FER,RP11-215G15.5,IGFBP3
5049,SLC27A5,FICD,ZNF410,ADAM15,DTX3,ZBTB45,RP1-151F17.1,FAM160B1
5050,EPS15L1,DNAJC11,GAN,RP11-647K16.1,RMND5A,CAT,BNC2,ZNF69
5051,ZNF765,RP11-661A12.5,GTPBP6,SIGLEC1,PDGFRB,HECTD3,SRCRB4D,ADORA2A-AS1
5052,RAB32,TWSG1,SEZ6,VPS13A-AS1,IQCH-AS1,BOLA2B,AC137932.1,PHF19
5053,C16orf72,XXbac-B135H6.18,ZNF746,LA16c-358B7.3,ADSSL1,CRYZ,RP5-1057J7.6,RP11-527L4.5
5054,TSC1,RP11-552D4.1,PNO1,ADPGK-AS1,DPY19L3,LYSMD4,POLH,OTUD3
5055,ZNF555,RN7SL832P,RP11-517P14.2,LINC00299,POLRMT,HOXA-AS2,TRPV3,RNLS
5056,RPH3A,ADNP2,WNK1,SIGLEC7,SLC48A1,RP11-803B1.8,RP3-380B8.4,LYSMD4
5057,RP11-378A13.2,TMEM105,STX6,EGLN1,PSPH,RNLS,OMG,RP11-101E13.5
5058,IP6K1,CENPL,AC009120.10,RP11-342K6.1,BTRC,RNF126,RASIP1,CTC-428H11.2
5059,PLCB1,SLBP,RP11-145M9.4,AK4,KLHDC3,ATF4,RP4-803J11.2,DLEU7
5060,RP11-138A9.1,AC016586.1,MXRA7,TMCO4,CHEK2,TMEM19,C4BPB,ZNF582-AS1
5061,RP11-415F23.4,AC009948.5,ETS2,PNRC2-1,CCDC120,AREL1,FAM106A,RP11-536K7.3
5062,NUDCD1,GPR82,PELP1,TUBB4A,LEPRE1,RP11-192H23.6,RP11-560J1.2,ZNF771
5063,STRN,DCBLD1,RP11-649E7.5,MTERF,NAGLU,AURKA,FRMPD3,PAQR3
5064,SMAP1,CREM,SRP54,CCL3L1,FAM92A1,LRRC40,FAM98B,RP11-152N13.5
5065,SRXN1,RP11-474G23.3,RBM12B-AS1,MCOLN2,IRF2BP2,GS1-124K5.3,RP13-317D12.3,PEAK1
5066,SNCA,SLC17A9,RP11-701P16.2,SLC2A11,ZBED4,EPN1,PM20D1,FLJ27365
5067,RP11-869B15.1,POMGNT1,NIPSNAP3B,TMEM63A,BICD2,RIPK1,CTC-444N24.6,LINC01013
5068,AKAP5,FAHD2B,KDM5B,CERKL,MAPKAPK5,RP11-514O12.4,ANKRD23,AC007228.9
5069,RNF144B,RP11-279F6.3,CDK5RAP2,IFI27L2,SLC38A7,C14orf79,NAT1,ZNF77
5070,CAD,TTC13,RAB11FIP5,CENPN,LRIG1,FAM106A,SOS2,PLEKHA5
5071,HOXA9,AKR1E2,FAM13A-AS1,LINC00957,TRMT10A,RER1,COL6A1,SLC6A12
5072,RP11-391M1.4,ZSCAN2,AP001610.5,CEP85,SLC2A1,TRAM2,AC004381.6,AC005306.3
5073,NETO2,ZNF513,GCLM,TCFL5,PRMT10,CTA-407F11.8,RP11-46A10.5,MASTL
5074,RP11-101E13.5,CCRL2,PGF,GMNN,KCTD15,ZNF17,CMTM4,FAM129B
5075,ELF2,SLAMF1,C1orf109,ADCY3,UTP15,AC005253.2,EPPK1,CCL4L2
5076,NOD2,RP11-383J24.6,LINC00957,RP11-95D17.1,AC005082.12,ZNF440,CCDC26,SNAI1
5077,LAMA5,ACOT4,TIMP2,STOML1,OIP5,GKAP1,RP5-1157M23.2,KIF19
5078,TCEB3,GMCL1,NLRP1,SLC14A1,INTS1,NEURL4,CTD-2587H19.1,KCTD3
5079,PPIL3,TRIB2,PLAG1,RP11-849F2.8,AGBL3,ZNF570,SLC19A2,SWT1
5080,C11orf73,ANKRD16,STK25,CREBZF,LIPT1,PTPN13,TRIM60,RP11-10L12.4
5081,EDC3,GOT2,ZNF772,ORAOV1,EIF4E3,FOXD2-AS1,CPA5,DDX11
5082,MGLL,SCRN3,NEDD4,MMP25,METTL2A,CTD-2368P22.1,LINGO3,RP11-166P13.4
5083,E2F2,BAMBI,FAM160B1,RP11-104L21.3,ZG16B,ZFP91,SUGCT,RASL11A
5084,MBTPS1,SPATS2,LRRC34,RPF2,RP11-146F11.1,AC008443.1,RP11-513M16.7,MAP7
5085,DONSON,TMEM220,E2F1,MOV10,EIF3M,ZNF708,RP11-66B24.2,FLVCR2
5086,MED18,TAF1C,C2orf81,ASPM,ZNF674-AS1,LRRC46,RP11-540O11.6,RP11-474G23.2
5087,STARD10,RP4-607J23.2,RP1-92O14.3,USP45,RAVER1,AC069513.4,GPER1,C19orf40
5088,ZNF569,PLEKHF2,MARK4,CTA-204B4.2,OARD1,RP11-473M20.9,RP11-525A16.4,CTD-3074O7.12
5089,ZNF124,TCF20,CELSR2,TRPM7,PHOSPHO2,ZNF71,RP11-111J6.2,LETM2
5090,CTC-523E23.11,RELL1,MEN1,ZFYVE1,ZNF703,CBX8,RP11-225H22.7,NIPA1
5091,TPST1,LINC01023,C2orf69,EHBP1,CERCAM,TREML2,TGFBR3L,TTC12
5092,AKR1E2,ARHGEF7,RP4-583P15.15,C1R,RTKN,PTCH2,CLTCL1,ZNF445
5093,RP11-176H8.1,NCAPG2,EPN2,STRN3,DNAL4,TMEM27,RP11-60I3.5,TMSB15B
5094,PPP1R11,MPO,RNGTT,RP11-98D18.9,ZNF714,NUDT8,AE000662.92,SLC25A10-1
5095,PLEKHH2,CELA1,ASF1B,RP11-22N19.2,DKFZP779L1853,MOCS1,SLC35F3,RP11-634H22.1
5096,TUBB6,C16orf58,TFR2,LRRC40,SHMT1,LIN54,RP11-456D7.1,POP1
5097,DOCK11,PRPF4,RLF,RHBDD1,XKR8,MAPK7,SOX12,AQP9
5098,ZNF79,RP4-781K5.2,RP11-98D18.3,CTD-2410N18.3,BIRC5,TMEM159,RP11-10C24.1,CCNYL1
5099,SCLY,GID4,AC009501.4,HPSE,ZNF354B,NUDT16L1,RP11-707G14.1,AC074183.4
5100,VSIG8,ZNF35,RP5-1115A15.1,PGRMC1,GDPD3,RAB40C,TEX12,ZBTB32
5101,ZSCAN12,HIST1H4A,MFAP3,MIB2,PPP1R21,RFXAP,TIMD4,AL139099.1
5102,C5orf24,PRKCQ-AS1,RP11-727F15.12,TM2D2,MAD2L1,RSG1,ZFPM1,CTD-2368P22.1
5103,IGSF22,C8orf44,MAP3K9,CLIC5,MAP3K2,KCNH8,DCUN1D3,MPZ
5104,NAA30,IL27,ACBD5,ARID3A,CCNT1,ZNF425,WNK3,NPIPA1
5105,EP400NL,ACSL4,CDC14B,AC002467.7,LRRC16B,KLHL21,ANKRD31,RP11-1017G21.5
5106,AC026202.1,LSS,STRN,SERPINI1,ZSCAN32,C10orf2,KANK1,SMG8
5107,UBP1,RP11-67L2.2,EAF1-AS1,ZNF549,TRMT12,EFHC1,PEBP4,CTD-2576D5.4
5108,P2RX7,INTS8,CTD-2517O10.6,CTD-2555O16.4,UBFD1,PLK4,IL10,TRAPPC12-AS1
5109,HEATR5B,RP4-536B24.3,AP001372.2,ATP6V1C2,SNORD3B-2,GPR114,RP11-504P24.8,ORC6
5110,THG1L,CNN3,FANCC,HS3ST3B1,CYP2D6,CBX2,TLL2,C5orf66
5111,NUP85,SH2D3A,GAB1,ERLIN1,FAM161B,RP4-575N6.4,DPY19L2,BLOC1S3
5112,RP11-730K11.1,ABCA3,RP13-516M14.4,NOD1,VIPAS39,SHF,ZBTB8A,CCDC73
5113,PPP2R2A,RP11-473M20.14,NPPA-AS1,TXNDC5,CIT,RP11-326C3.12,RP11-884K10.7,ZKSCAN3
5114,RP11-275I4.1,C5orf42,EFNA3,PRMT5-AS1,SGPL1,RP11-299J3.8,AP003774.4,GDPD1
5115,BFSP2,EGR2,PDK3,S100A12,ORC6,ZBTB3,RP5-899E9.1,NDOR1
5116,GNPDA2,BCL3,ATP2A1,ABCC4,DCBLD1,NAPEPLD,RP5-1073O3.7,DTX1
5117,PRDM8,GPR27,PAQR4,RP11-307C12.13,AURKA,HSPBP1,GP5,SOGA1
5118,TTC24,ZBED6,RP4-549L20.3,RP11-141B14.1,ZNF532,ZSWIM4,RP11-271K21.11,SLC8A1
5119,ZNF333,CXXC1,DUSP6,STARD3NL,SSTR3,RIN2,AC009501.4,L2HGDH
5120,OSBPL1A,VNN3,NKRF,ZNF28,ATP1B1,U47924.31,RPL34-AS1,CPT1B
5121,KDM4B,AC145212.1,LYN,LGALS8,C2orf44,MSI2,RP11-362K14.6,PPP1R3F
5122,RBM15B,PACS1,AC015971.2,EP400NL,TRMT10C,PECR,DLL3,ZC3H10
5123,PLAG1,FRS3,RP11-134P9.3,C10orf12,ARHGAP10,BRPF3,RP11-195F19.9,C21orf49
5124,HTRA1,YEATS4,ESCO2,PPP2R1B,RARA,MYCBP,RP11-302B13.5,MYO6
5125,LINC00937,WDR12,C8orf31,MED16,CHST14,FAM135A,IFITM10,TMEM67
5126,RUSC1-AS1,HEXIM2,RP11-290D2.3,SDCCAG3,ZNF442,A2M,AKR1CL1,RP11-16E12.2
5127,DENND1A,ZFP57,COL17A1,TMED9,FRMD4B,ABHD17B,ZNF449,PELI3
5128,CCDC84,WDR27,CTD-2350C19.2,P2RY14,CEP290,TRAPPC2,SKA1,GET4
5129,TFR2,SLC41A3,DNAJC14,ARHGAP1,RP11-327F22.2,GPR153,LINC00968,TTC34
5130,STARD3,NUDT13,GUCA1B,TBX19,MUM1,RP13-516M14.1,C5orf27,C2ORF15
5131,C1orf101,ARL15,ZNF620,FKBPL,PEX13,OLIG1,PHYHD1,MYH11
5132,F13A1,NAA60-1,RP11-802O23.3,AL136376.1,ZBTB37,TSNARE1,GDPGP1,GHRL
5133,NEDD4,RP3-508I15.21,CTD-2545M3.2,ZBTB3,IRF5,RP11-333E1.1,ACAD11,DNAJB4
5134,BSPRY,CBX2,CTC-297N7.8,HOMER2,SAMD1,ZNF439,UNC5CL,RP5-1092A3.4
5135,UST,TIMM8B,MORF4L2-AS1,ATG2B,AC004463.6,LRWD1,GAS8,ZXDA
5136,MTMR1,RP11-156K13.3,TJAP1,KDM4A-AS1,IKBKAP,CREM,AC008174.3,ACPP
5137,HIST2H2BF,MANEA,CXCR1,RAD52,RP11-390F4.3,KRT72,CTC-507E2.1,RAPH1
5138,CCDC138,RHOU,RNF219-AS1,RP11-295P9.3,ATM,DGKE,RP11-558F24.4,FAM153B
5139,TXNDC17,MPV17L2,CTD-2583P5.3,SPIN4,PRKAG2,AEBP2,CNKSR2,ZNF879
5140,SLC16A1,BMP1,ACAD11,FDX1L,ZNF250,SBF2-AS1,USP12-AS2,RP11-5C23.1
5141,SURF2,CTD-2012J19.3,CTD-3138B18.5,PCSK6,TMEM63A,ZNF184,ERMN,ZNF823
5142,ZSWIM4,CASC5,RP11-417F21.1,RP11-395B7.4,EIF2AK4,EIF3B,KRT23,ZNF425
5143,RP11-161M6.2,RBM12B,ZNF282,EPHA4,GPX7,TGIF2,MIR3615,FUT10
5144,GTF2A1,MTX3,RP1-100J12.1,WNK3,TRMT61B,RNF32,CCR5,MAP6D1
5145,PITPNA,RP11-566K11.5,RP11-1391J7.1,CDC20,RP13-582O9.7,POMZP3,ADAMTSL5,ARMCX2
5146,CHKA,LINC01146,RP11-215G15.5,FKBP1B,NUDT19,DENND1B,AF131217.1,ACVR1B
5147,LGALS8,LINC00402,C12orf61,NUP210,FLJ20306,ZNF573,VIPR2,RP11-138I1.4
5148,COX10,GAB3,LRRK1,RNF181,CTD-2541M15.1,RP11-563N4.1,TSKS,ABCB10
5149,SLC51A,ODF2L,CTU2,SLC5A6,UBXN10-AS1,ARHGEF39,RP11-381K20.2,DNHD1
5150,PSMC6,APC,CD1B,RP11-326F20.5,GCDH,ARMC10,TMPRSS3,PRC1
5151,RP11-158K1.3,TSTD3,TANGO2,RUNX3,DKC1,MNT,RP11-277B15.3,OSBPL1A
5152,INTS7,ADAM23,PAPD7,CTD-2256P15.4,PCNA,DOCK4,ZNF284,RP11-686O6.2
5153,FASTKD3,ZNF524,PIGQ,ZNF396,RP11-111M22.3,PLEKHG2,TMEM27,TMEM30B
5154,CNTLN,EPN1,PPP1R3B,ZNRF2,NOL6,ZNF565,FOXD2-AS1,GPR146
5155,FADS1,ABCD2,CHEK2,EPM2A,ZFYVE26,RP11-764K9.1,RP11-582J16.4,NCEH1
5156,MRVI1,DNAJA4,TMEM163,C7orf25,FOCAD,METTL18,EIF3C,RP11-178C3.2
5157,WDR45B,RP11-294J22.6,ZNF711,TAOK2,ALDH1B1,RP11-775D22.2,CYP2D6,C19orf83
5158,GIPR,F5,NUP62CL,NUDT19,CDC16,ZNF318,ZCCHC24,HIC2
5159,CCDC73,AZU1,NCK2,RP11-388M20.1,LGALS4,RP11-421L21.2,TCAP,BEST4
5160,NSUN3,KIAA1430,CTD-2196E14.4,PARP15,IMPACT,RP11-536C5.7,AP006222.2,C1orf112
5161,PRR19,C11orf30,PLCB1,CTA-250D10.23,GPAM,PPFIBP2,ENAH,RP11-553L6.2
5162,C9orf139,CYP2U1,NFIX,ZSWIM3,IFT57,PODXL2,CH25H,SLAIN1
5163,SMG8,LIPE-AS1,CTD-2516F10.2,SUV39H1,KLHDC8B,BATF,COX6B2,AGAP3
5164,CUBN,AZI1,INTS3,AP001610.5,SIRT3,RASA4B,NUP62CL,XXbac-BPG181B23.7
5165,ZNF506,ARSE,EAF1,RAPGEFL1,CRAMP1L,HIVEP2,AP000476.1,DMWD
5166,RP11-566E18.3,GPER1,RP13-516M14.1,FAM106A,KIAA2013,KLHL42,SNX33,XKR6
5167,ZC3H3,CCDC167,ACO1,CTD-2350C19.2,UBA6-AS1,KCNE1L,KAZALD1,RP11-644F5.11
5168,CEACAM1,EAF1-AS1,HIST2H2BF,RP11-488C13.5,ZHX3,ENPP5,CIT,RP11-354P11.3
5169,EXT1,UBIAD1,RP11-274B18.2,CSTF3,AXIN1,KCNMB4,GAL3ST4,EDA
5170,ABCD3,HEMGN,FA2H,DUSP19,RNF4,RP11-367J11.2,AASS,PLEKHG1
5171,CTD-2020K17.4,PLCB1,AC137932.1,SEC14L2,UBE2C,NUP133,C9orf72,SLC25A15
5172,SYCP3,IPMK,ZNF345,PHGDH,CAMK2G,SGSM2,HPD,LINC00843
5173,C9orf38,ENKD1,DNAJC9-AS1,GOLGA8A,IMPA1,RHOD,CTD-2135D7.5,CTD-2007H13.3
5174,CHEK1,MAP2K1,CTD-2288F12.1,EXOC4,AC142528.1,AC015971.2,RTEL1-TNFRSF6B,SLCO4A1
5175,CTD-2017D11.1,TCP10L,TNRC6B,CTD-2020K17.4,MIA3,APOL1,SLC6A4,FAM229B
5176,TOX,HEATR5B,OSCP1,SLC25A4,UHMK1,TTN-AS1,MRPL30,TRIM62
5177,LPGAT1,SFTPD,GALNT7,DLG5,AC004951.6,RP11-536K7.3,TUBB4A,SGCB
5178,REG4,C19orf35,LRRC16B,FN3K,PHYKPL,RP5-1028K7.2,SEMA6B,ZNF793
5179,GTF2E1,TP53INP1,ZNF776,HNRNPA1L2,GDPD5,PARPBP,FAM218A,SFTPD
5180,B4GALT6,RP11-97C16.1,RP11-298J20.3,RMI1,RRP15,RP11-305K5.1,RP11-782C8.1,RIMKLB
5181,ZNF587B,CBLN3,RP11-159G9.5,THTPA,ZNF121,SEC31B,RP11-644F5.16,GNG3
5182,RP1-43E13.2,FRMD4A,RAPGEF3,AGAP3,HSPH1,FDXR,RP11-467P9.1,ITSN1
5183,F2RL1,KIAA1407,RP4-816N1.6,UTP20,IPP,PPT2,RBFOX2,VAV2
5184,AIFM2,SAP30,PINLYP,SFR1,NRXN2,ACSL6,C10ORF68,PTGS2
5185,RNF103,RP11-1000B6.3,GZF1,CYSLTR2,GNA12,RP5-1074L1.4,PLXNA1,LGALS9C
5186,KCTD7,USP53,GPR180,RP1-20N2.6,CNEP1R1,C1orf101,ZNF541,ADCK1
5187,STON1,ME1,PFKFB2,HSBP1,ZNF773,CTC-444N24.11,MTSS1L,CDYL2
5188,LRP2BP,RP1-266L20.2,AF131217.1,RP11-37B2.1,PRR24,CAB39L,SMCR8,DNAJC27-AS1
5189,TRAM2-AS1,RP11-566E18.3,CYP4F22,PLB1,BRPF1,L3MBTL1,RP11-656D10.3,N4BP3
5190,RP11-173M1.8,RASGRP3,ERMN,TLL2,USP40,CTD-3138B18.5,IL12A,ANKRD55
5191,CLK2,EPN2,POMT2,CXorf23,UTP20,C9orf85,SCRG1,IL17RC
5192,ZNF749,RP6-109B7.3,CTB-114C7.4,LMF2,DLL1,ZNF619,MLLT4,REEP6
5193,IMP4,TXNRD3,ATP11C,ZBED6CL,POLM,AC004540.4,CAND2,RP1-187B23.1
5194,TMEM67,KBTBD3,RP11-327F22.2,DNASE1,PITPNA,ABCA3,KCNJ14,RP13-582O9.7
5195,PPP2R5B,BCDIN3D,AC018755.1,METTL21B,ZNF678,NTNG2,RP1-265C24.8,FGD6
5196,MATN1,FAM213A,B3GALT6,CLPTM1L,TRPM7,ATXN7L2,CTA-373H7.7,RP11-490O6.2
5197,RP11-402D21.2,CRYBG3-1,CTD-3203P2.2,TARS2,CENPJ,UBE2M,RP11-452H21.4,RP6-91H8.3
5198,DHFRL1,INHBA-AS1,AC093391.2,UBE2V1,DDX54,PCSK1N,HSPB9,HOMER1
5199,ITGAX,FAM129B,CTD-2619J13.14,PRKCD,B4GALNT3,IFT122,TMEM136,SACS
5200,TTC34,CTD-2083E4.6,ARL15,CD22,MASTL,GTF3C6,SAMD12,EDC4
5201,SLCO4C1,RP11-111A22.1,SFXN2,IFIH1,HLTF,TNKS2,CCNY,AEBP2
5202,AC010883.5,AREG,AC004381.6,DKFZP434E1119,PLOD1,FAM19A2,CTB-47B11.3,RP11-126K1.2
5203,ZNF624,ZCCHC24,ZBTB1,CTC-550B14.7,RP11-490O6.2,ATP8B2,RP5-1043L13.1,SPIN4
5204,TMEM234,CWC25,C2orf74,PRRT2,RP11-884K10.7,N6AMT2,ERCC6,INSR
5205,RP11-89F3.2,KLHL2,MAN2B2,RP1-151F17.2,CSTF2,PBXIP1,RP11-106M3.3,RAB39B
5206,RBM11,C7orf55-LUC7L2,ZNF165,STRADB,LPAR2,THAP3,GIMAP8,SLC3A1
5207,MYCBP2,FAM3A,FAM53A,RRAGD,ZNF707,CTB-32O4.2,HMGN5,TRIM66
5208,ZBTB18,ZNF883,C5,LINC00528,AGAP1,RP11-378A13.2,CCDC163P,KIAA1377
5209,OSBPL9,MERTK,RP11-752G15.6,CDKN2C,SMG5,CTD-2545M3.2,RP11-227D13.4,RP4-673M15.1
5210,CSNK2A2,NEMF,FCGBP,MFN2,ASPM,KIAA1715,TRIM54,RP11-386G11.5
5211,SEMA4C,ABHD10,TROAP,ZNF575,RBM45,GPHN,HIST1H2BH,KHDC1
5212,RP11-445H22.3,B3GALT2,CTD-2368P22.1,SLC35D2,CLEC4E,RP11-108M9.6,CXCL9,ZNF10
5213,MAN1C1,KRT23,TRIM21,TJP3,AP000783.1,NAV1,AC083843.2,RP11-46C24.7
5214,EFHD1,FAM151B,C12orf68,EP400,C1orf228,SLC25A53,B3GNT9,C19orf54
5215,TSPAN4,POLA1,ZNF358,CTNND1,FAM122C,CTD-3193K9.4,SLC10A1,GS1-124K5.11
5216,SLC38A6,KIAA0895L,EPPK1,ACY1,CYSLTR1,NT5E,RP11-96K19.5,LATS2
5217,SMEK1,ARL5A,PDE6B,CD58,PHYHD1,ATP7A,LIPC,ZNF569
5218,PYCRL,HIST1H4I,ZNF564,PEX6,CEP41,CHPF,DNAJC28,AMIGO1
5219,ZNF724P,C20orf194,SULT1A3,PLEKHG4,RP11-505P4.6,PLCL1,TMOD1,RP11-1007O24.3
5220,NPHP4,RIC8B,RTKN,POMT2,ACTL10,PAM,RP11-160H22.5,CTB-12A17.3
5221,SETD9,POMT2,TOPORS,ATAD3B,RP4-798A10.4,ARRDC3,UPK2,AMMECR1L
5222,RP11-680G24.5,RP11-533E19.5,AC008443.1,RNU11,GMEB2,COQ3,RP11-390F4.3,MPP5
5223,OVGP1,PLOD1,PLXNA3,EVA1B,GOT1,C9orf169,CCNJL,SPOPL
5224,SEC23B,AVEN,MCM10,FAM132A,FSIP1,RP11-57H14.2,RP11-247A12.2,CCDC30
5225,RGL1,DGAT2,ITPKB-AS1,C10orf95,C15orf39,SALL2,GPR133,CAHM
5226,C8orf88,SLC25A53,SLC37A2,AFTPH,DZIP3,RBAK,LRRC37A,RP11-819C21.1
5227,FMO5,FRMD8,HRASLS,MDGA1,STARD8,RCL1,RP11-750H9.5,CDC42EP1
5228,AL441883.1,LACTB2,RP11-572O17.1,TCTN3,DLEU1,CCSAP,DYNLL1-AS1,DMC1
5229,CENPU,ZBTB25,ABCD3,NDUFS8,EIF4G1,AC007285.6,GTSCR1,STAM2
5230,PDE1B,GADD45G,ZFYVE20,NDUFB6,RP11-70P17.1,LRG1,PFKFB2,AC069513.4
5231,BDNF-AS,ZBED4,ABCA1,HLCS,PHLDB2,ZNF85,CCL3L1,EPB41L2
5232,TP53I3,HOXA5,CTD-2538C1.2,ADRBK2,FIG4,C12orf61,FAM132A,RP11-146F11.1
5233,SCD5,MMP14,HIST1H2BG,FOXP4,INVS,MTAP,TFAP2E,ATN1
5234,CBR4,STK19,ARMCX4,MPC1,PANK3,POLN,RP11-532F12.5,CTD-2231E14.8
5235,DGKH,PIAS2,ZNF512B,OSBP,AC109826.1,RASAL1,ZFP28,PDPR
5236,RP11-337C18.8,IDUA,RP11-477N3.1,HSPA1B,TJAP1,CLCN1,LY6G5B,VPS54
5237,CTC-338M12.6,FDXR,SGMS1,EDA,ZNF574,RP3-400N23.6,ZNF415,ZSCAN21
5238,TMPRSS3,RP11-252C15.1,CLNS1A,KIFC3,TCEAL8,TUBGCP4,LRP5,CCL2
5239,NUGGC,RP5-864K19.4,RP11-407N17.5,PRPF39,STK38L,CTD-3074O7.12,OVGP1,STXBP5
5240,RP11-350G8.5,C14orf64,FAM131A,ATP2A2,C9orf139,AGMAT,SKA3,ERCC8
5241,COG8,HPD,DOCK7,LL22NC03-2H8.5,USP38,POC5,GPR20,HILPDA
5242,RP11-873E20.1,KLHL25,HIST1H2BF,RP11-58E21.3,PNPLA4,ANKRD13C,RNASE3,PDZD4
5243,RP11-290D2.3,ENOSF1,PARP6,WWOX,TTL,WDR41,BATF2,RP11-505K9.1
5244,LNX1,RFX3,CAPS2,MFSD9,DOK7,SLC25A46,FAM72B,FANCI
5245,RBMS2,SLX4IP,GLCE,C11orf82,WAPAL,C10orf105,ANKRD34B,MYEF2
5246,RP11-164H13.1,SMARCA5,USP38,GRWD1,ZBTB45,DNAJC5B,C4orf47,AC007246.3
5247,RHBDL1,CPSF1,ZNF565,FAM86C1,RP11-499P20.2,PIP4K2C,ALDH4A1,GLTSCR1
5248,ZSWIM1,RP11-732M18.3,LGALS12,CAB39,SARM1,RP11-348F1.2,AC008440.5,AFMID
5249,CD46,NRL,CABP4,NAT14,HDHD1,TSR1,EIF4EBP3,RP11-53I6.3
5250,RP11-90D4.3,RFFL,HMG20A,ZNF324B,UBIAD1,RP11-259K5.2,CTD-2006K23.2,ZNF81
5251,C11orf68,ASMTL-AS1,PTK6,CIT,PPME1,GMPPA,CRYGS,RP11-532F6.3
5252,RP11-178G16.4,CEP19,IL21R-AS1,SNPH,SCYL2,RP11-54O7.11,RP1-140A9.1,ZNF257
5253,AC021860.1,GS1-114I9.1,RP11-362K14.6,NUGGC,MBOAT2,C10orf12,RUNDC3B,RP11-563N4.1
5254,TUSC1,XPR1,RP11-805I24.1,DLEU2L,NACC1,ZNF555,SUOX,HUS1B
5255,GATA2,TELO2,HCG25,LINC00422,BSDC1,ZFP41,AC103563.8,ATP6V0C
5256,ASNA1,TSPAN2,UACA,RP11-486G15.2,PKN2,GPS2,TRIM61,ZNF737
5257,CACNA1C-AS1,CD27,ARHGAP17,XPO4,L3HYPDH,YTHDC2,AC004540.5,MICALL1
5258,TRIM65,EIF3J-AS1,RP11-582J16.5,CCL4L2,NANP,AC096772.6,KIAA1211L,MYB
5259,NUDT11,FANCC,CCDC30,TMEM63C,IFT52,RP11-345J4.5,CTD-2165H16.4,FRS3
5260,PI4KA,CALCRL,MDC1,ANKS1A,LINC00494,MOSPD1,CACNA1C-AS1,FANCD2
5261,C22orf34,SPESP1,BTBD6,MRPS30,LCN8,VNN2,DSE,RGAG4
5262,EIF4A3,CCDC132,MCF2L,PQLC2,RABEPK,HIST3H2A,RP11-350G8.5,LINC00115
5263,ANO10,ZSCAN22,ZNF784,ADNP2,TRMT13,CTB-129P6.4,AC004540.4,FBXO5
5264,KCTD15,MSL2,RBFA,SYDE2,PFN2,RWDD2A,EFEMP2,RP11-178G16.4
5265,AP000476.1,RP11-498C9.15,ZNF587B,MEGF6,DPY19L1,DUOX1,RP11-23P13.7,KCTD7
5266,AC093495.4,RP11-573D15.9,CTB-118N6.3,RP11-894P9.1,DNMBP,NOD2,PLD1,RP11-820I16.4
5267,CAB39,ZSWIM6,SLC35D2,FAM217B,AVPI1,DCUN1D3,BEND4,AC009506.1
5268,RP11-637A17.2,TRIM52,C17orf58,CCDC9,AC002467.7,ZNF252P-AS1,CTB-129O4.1,FAM161B
5269,SLC6A16,PRPF39,ECE2,RP5-930J4.4,KIF2C,C19orf44,RP11-830F9.6,CYP1B1
5270,ACTR3C,TAF5L,HIST1H2BH,RP11-793H13.10,ZSWIM4,CTB-114C7.4,SIRPD,ZWILCH
5271,PRMT7,HTRA1,AHCYL2,NCKAP1,CASP2,SLC4A8,C19orf44,ZNF525
5272,RAP2A,TRIM3,TMEM135,CORO6,CPT2,IL24,BCL2L15,DZANK1
5273,FXYD6,FAM229A,CDC25A,ZSCAN29,CHKA,AC015849.19,CTB-114C7.4,ST3GAL6
5274,CRYZ,FBXO30,ZNF738,SLC25A43,RP11-229P13.20,RP11-73K9.2,AC012074.2,AC023590.1
5275,ARHGEF10,RINT1,RP11-483P21.2,SDR42E2,FAM192A,AC005082.12,JMJD7-PLA2G4B,ROCK2
5276,LRRC42,TRIM2,IRS1,AC074183.4,KLHL26,AC004893.11,AC090186.1,LMBRD2
5277,KPNA5,FAM127C,FSCN3,RP11-262H14.4,ADTRP,JSRP1,RP11-700H6.1,RPS6KL1
5278,KCNMA1,ATP13A3,STRADA,KCMF1,CTD-2192J16.22,DIP2A,CAMP,EPT1
5279,ITGA1,VPS16,YOD1,CCDC117,SLC39A10,RP11-326C3.15,TRBV11-2,SPATA41
5280,TMEM60,RP11-442N24__B.1,RP11-326K13.4,RP11-666A1.5,JAK2,ZC4H2,RP11-83N9.5,RP11-1151B14.4
5281,AL590822.2,MAP10,NT5DC3,RELL1,RTTN,RBM45,RP5-1042K10.10,FAM171A1
5282,PEX6,DDHD1,HMGN5,SRR,ZFP3,C2orf43,C12orf60,FAM185A
5283,RASA3,TNFRSF10A,AASDH,PRDM15,KMT2D,MVB12B,CCBL1,PSMC3IP
5284,ALKBH7,LINC00957,CERKL,PODN,AF213884.2,HIF1A,LRTOMT,RORC
5285,MORC4,GALK2,NDC80,CYFIP2,RINT1,TMEM169,CTD-2047H16.4,LL22NC03-86G7.1
5286,ARFGEF1,B3GNT4,CALD1,TMEM135,GBE1,DNAL1,ITGA10,RP11-333E1.1
5287,LINC01023,AC074183.4,SEC14L2,PDHA1,CTD-3138B18.5,RTKN2,ELANE,ELOVL4
5288,ZNF251,RP11-841O20.2,PDPK1,DUSP14,SIPA1L3,LEAP2,CDK5R1,HACE1
5289,ZNF189,GALNT12,NFYC-AS1,PLCL1,ARHGAP11A,LHFPL2,RBMS2,PPP4R1L
5290,NAB1,ALDH7A1,GLIPR1L2,AURKA,LRRC37A,SEMA4C,RAVER2,AC115618.1
5291,TMEM45B,SIMC1,DGAT2,RPS4Y2,NELFB,EFCAB14,BOK,CEACAM1
5292,CMAS,APBA3,OXSR1,ZNF816,TTTY14,UACA,RIMS3,MANEA-AS1
5293,CEP192,KLHL3,VPS9D1-AS1,PSAT1,MAGEE1,PLEKHB1,RAP2C-AS1,RP11-66N11.8
5294,IRF4,FCHO2,DENND4C,AC093495.4,SMURF2,ZBTB11-AS1,CDON,AC004854.4
5295,LPCAT2,AC007228.9,FANCB,ZNF347,EDEM3,MRPL34,RBL1-1,RP11-378J18.3
5296,CSF1R,KLHL26,SCAF1,CTD-2541M15.4,ZNF669,RP11-258C19.7,PTOV1-AS1,ALG11
5297,KIF1B,NMUR1,CCDC73,CSNK2A3,PEX10,ATP2C1,RP11-805I24.1,ZNF248
5298,KLHDC7B,DNAJC18,ZNF578,MTMR1,MYLPF,DENND2D,PPOX,COPG2
5299,ARHGAP33,GPAM,MAPRE3,SBF2-AS1,LRRC69,TMEM63C,PLIN5,AC074138.3
5300,LACE1,CCDC180,RAD18,RP11-105N14.1,SIGLEC9,NUDT17,RP5-1074L1.4,ARHGEF12
5301,FEZ2,AC021860.1,RBM14,FAM21A,PPP2R1B,IDH1,RP11-42I10.1,RNF31
5302,RAP2C-AS1,RP11-288H12.4,CYP51A1,CITF22-92A6.1,RN7SL832P,AKIRIN2,HIST1H2BF,METRN
5303,RAD54B,MSS51,RP11-793H13.3,ME3,AAAS,PKMYT1,RP11-259K5.2,C7orf13
5304,RP11-295G20.2,C17orf103,OIP5,AK9,CLSPN,AIFM2,MXRA7,CTD-2260A17.1
5305,HIST2H2AB,RP11-830F9.6,SORBS1,TMTC4,LY75,POU5F2,KRT2,GRAMD4
5306,AC006547.15,PDLIM5,CITF22-92A6.1,P2RY2,ZXDA,TRAM2-AS1,RP1-224A6.3,ZNF404
5307,RAB3GAP1,CKM,ZNF253,ZCCHC8,TOB1,CTC-534A2.2,ZNF763,SLC36A1
5308,KCNC3,TLR3,ESCO1,KIAA0556,RP11-20B24.5,AC016757.3,SERINC4,TRIM68
5309,GNMT,RP1-191J18.66,RP11-441O15.3,VILL,MMAA,TARDBP,MIR146A,VIT
5310,WDR65,BRSK1,C1orf213,ARL11,LINC00662,MTUS1,ZNF629,DCUN1D4
5311,POR,KB-1460A1.5,TEX12,SMG5,MNT,RP11-291B21.2,POLN,TAF5
5312,RP11-178C3.2,CTC-338M12.6,DSCC1,NBPF3,C12orf29,MAP1B,KHDRBS2,SPINK2
5313,RN7SL1,SH2D3C,ZNF93,LIME1,LRIG2,TRIM24,PLGLB1,C19orf73
5314,RET,OPRL1,ABTB2,CACNA1C,HIATL2,ZNF222,STX16-NPEPL1,LHFPL2
5315,TECPR2,FAM72B,SGPL1,TMEM136,RPRD1B,MEGF8,TCFL5,LINC00944
5316,RP11-273G15.2,NUBP2,ZNF81,HIVEP2,ZNF793,SLC2A1,TACR2,NET1
5317,ALKBH4,RP3-428L16.2,APOOL,FAM107B,GPATCH1,DENND4A,NUAK1,XYLB
5318,GSTA4,ABHD3,RP11-159D12.2,ARIH1,IKZF2,AMZ1,C3orf52,TBC1D32
5319,PXMP4,F2RL1,HSPA2,MMP23B,RP11-706O15.1,C15orf52,OXT,MMS22L
5320,TNFRSF10A,RP11-70P17.1,UCHL1,GLA,RCBTB1,BBS10,BCL2L14,RP11-85A1.3
5321,COPZ2,PLXDC1,LINC00843,AC005253.4,STON2,IKZF2,ABLIM2,CTC-338M12.5
5322,PPM1F,HDAC11,UFSP1,FANCL,LINC00511,STXBP5,PTRF,RP11-1100L3.8
5323,LBX2-AS1,BIK,RP11-398K22.12,TNS3,AC009120.6,ZNF799,RP11-206L10.9,RUSC1-AS1
5324,BOP1,AURKC,APBA3,SCAF8,ZFP91,NEB,CTD-2353F22.1,KRTCAP3
5325,RPEL1,INTS2,IFT80,CC2D1A,TBC1D30,KCNMB3,CTD-2555C10.3,FUT4
5326,FAXDC2,MICALL2,MYH11,MXRA7,KIFC1,CCDC13,RP11-973H7.1,CXCL3
5327,CD302,ZNF862,RP11-1149M10.2,TBRG4,NOS3,ZNF852,VPS13A-AS1,RNF103
5328,TOMM40L,SLC9A7,PLGLB1,KLHDC8B,NPIPA5,OAZ3,EPM2A,ZNF12
5329,ZNF746,PADI2,DNAJC27-AS1,NPIPB3,B3GNTL1,IPPK,WDR11-AS1,ERC1
5330,RP11-502I4.3,BLOC1S3,RP11-13P5.1,RP3-402G11.25,TNFRSF10B,CABP4,ARHGEF10,ZNF410
5331,ZNF254,MEF2BNB-MEF2B,RP11-385F7.1,NPIPB4,FRS2,GID4,PRR7-AS1,ZNF23
5332,CCNJ,ZNF433,MADCAM1,THAP5,DCBLD2,MTIF2,RP11-417F21.1,UVSSA
5333,DICER1,RNF103,ZNF407,AQR,FAM167B,AC079807.2,HRASLS,CEP72
5334,CPA5,CA11,ZNF571-AS1,SERINC4,C11orf74,SBK1,CHGB,TRPM2
5335,CTB-102L5.4,RP11-15H20.7,STARD8,FAM72B,TTC32,CDCA7L,LINC00106,RP11-131L23.1
5336,CTD-2035E11.4,RP11-96D1.11,BBS10,PTPRM,CDKN3,FAM20C,OCM,RP4-594I10.3
5337,TBC1D30,AC137934.1,AC010761.8,RP11-425D10.10,PPIL6,C2ORF15,RP6-206I17.2,RP11-463J10.3
5338,PLOD1,LINC00656,CLSPN,RP11-511B23.1,PWWP2B,ERMN,RP1-234P15.4,LINC00672
5339,TEX14,RNU11,ZSWIM3,MAN2B1,ZNF419,LRRC1,DTX4,FOXP4
5340,RBBP8,C5AR2,ATP6V1C2,CROCC,ADAM17,IPO13,MAGI3,TMTC2
5341,FTO,TIGD3,SDK2,CTC-246B18.10,ULK4,DST,NRG2,ZNF571-AS1
5342,RP11-430H10.1,CTIF,EMC2,SNRPN,HDAC1,RP4-803J11.2,RP11-356N1.2,C16orf93
5343,BBS1,AC107081.5,FEM1C,KIF13A,MRPL24,DOK6,PEX12,RP11-76E17.3
5344,CHTF18,ZSCAN16-AS1,FBLIM1,CPM,RP11-469M7.1,ZNF432,SPATA21,EXT1
5345,TNRC18,LPHN1,Y_RNA,C5AR2,EGR2,RBL1,RP11-90P5.2,CFH
5346,SRC,TSPYL2,FSD1,GNL2,RP11-299J3.8,CSF1,RP1-191J18.66,DUSP16
5347,GTF2H4,CEP170B,SLC45A4,C10orf91,ZNF169,UBN1,MAP3K9,HAL
5348,HNMT,UBXN7-AS1,AP5S1,RP11-159D12.2,ZNF75D,SERTAD1,ASB9,ARRDC5
5349,LONRF3,RP11-191L17.1,SS18L1,SFXN2,TUSC2,CCDC58,HIST2H2BF,COL19A1
5350,PGGT1B,LONP1,SPATA6,PAXBP1-AS1,RAPGEF3,MED13,RP11-342I1.2,FDXACB1
5351,ZNF541,PLEKHO2,SH3BP5L,ATAD2B,BTBD11,PARP15,ZNF486,RP11-74E22.3
5352,ZC2HC1A,LTB4R2-1,VNN1,NTNG2,PLA2G15,NAIF1,MED6,SPAG4
5353,HIVEP1,AP001062.7,TRIM60,RBM15B,RP11-774O3.3,MIR378D2,ZNF517,C17orf72
5354,CTD-2020K17.1,EHHADH,ZNF486,NAB1,DYNLL1-AS1,PPIP5K2,SMAD4,FXR2
5355,B3GALT2,AC004463.6,ATP8B1,TIPARP-AS1,FAM173B,RPUSD2,ZNF239,RP3-525N10.2
5356,XRCC6BP1,AP000476.1,SEMA4G,MBLAC2,OAZ3,PODN,TMEM52,TMEM25
5357,RP11-166B2.8,CTC-454I21.3,RP11-308N19.1,C2CD2,TIGD1,UGDH,BHLHE40-AS1,CDK3
5358,RP1-234P15.4,COPZ1,ZSWIM4,PDE2A,RP1-257A7.5,RP11-386G11.10,CSNK2A3,FAM177B
5359,LL22NC03-2H8.5,C19orf40,LPP-AS2,CTC-273B12.10,PCBD2,IFFO2,FAM110B,CEP85
5360,ZNF552,CTB-96E2.7,AC004540.5,VPS13B,SYCP3,C12orf68,TMEM169,RGS16
5361,AC009506.1,RP11-356C4.3,MAST2,FRS2,DCUN1D3,RGPD2,MTCP1,WRNIP1
5362,RNF216,ZNF436,LINC01063,AP1AR,EPB41L2,AXL,AC018766.4,RP11-23P13.6
5363,IKZF4,ZNF550,MED4-AS1,RP11-624C23.1,G0S2,TEC,AC108488.4,PEX11G
5364,MAPK9,RP11-894P9.1,UBE2T,ST6GALNAC2,RBM15,CTD-2325M2.1,PTPRM,FBXL18
5365,MAP3K3,RP5-1159O4.1,WBP2NL,FER,SEL1L3,ZNF513,C17orf51,ST14
5366,TUBE1,PAXIP1,CHST15,EFCAB2,COPZ2,RP6-99M1.2,RP11-996F15.2,HGF
5367,TRIQK,RP11-423O2.5,AC093388.3,RANBP9,AASDH,ZFAT,DNAJC9-AS1,KCTD11
5368,LRRC40,PRIM1,RP1-140A9.1,CALCRL,ENDOG,SEC24B-AS1,GPR27,OR2A1-AS1
5369,POU5F1B,FAM115C,CCNF,KIAA1191,ZNF45,KB-1507C5.2,RP3-465N24.6,CDK20
5370,ZNF283,MTMR2,RPGRIP1L,BEST4,RP11-259K5.2,CACNA1C-AS2,WNT2B,ZNF408
5371,FNIP1,CNFN,ZNF530,POGLUT1,BBC3,PAOX,LAMA5,RP11-775D22.2
5372,NUP188,AF131217.1,CCDC122,EHD3,RP11-707G14.1,AC022400.2,GRB10,RP11-229P13.20
5373,EFCAB2,ZNF600,RP3-465N24.6,RP11-98D18.3,TRAF3IP2,DYNLL1-AS1,ZNF578,ALKBH8
5374,STARD3NL,ZDHHC23,TRIM52,CAPS2,ANKS1A,AC108488.4,PCSK4,CARM1
5375,RP11-438L19.1,SLC16A1-AS1,ATP9A,PCM1,TTC30A,CCRL2,AC073115.7,HSPA1B
5376,FITM2,CTD-2260A17.2,MTFR2,SLC16A4,AC074117.10,RP11-472N13.3,CCDC3,CYP51A1
5377,MAVS,GGT7,AC006547.15,RP11-932O9.7,PIGQ,RTTN,MDGA1,ZNF839
5378,IPO8,RP11-61J19.4,RP11-190C22.8,BMPR2,EPB42,COL13A1,DUSP8,C5orf51
5379,TMEM171,FAM149B1,MTHFSD,NEO1,AC012358.8,KLRK1,CERKL,RP11-212P7.2
5380,NUP93,RP11-1055B8.4,LETM2,DLEC1,RP11-96K19.2,LDOC1,GATS,CEP152
5381,CHRNE,RP11-553L6.2,DLGAP1-AS2,RP5-892K4.1,AURKB,BTBD3,TMEM45B,ADNP2
5382,RP11-434C1.1,PKD2L1,AD000671.6,RP3-428L16.2,IFITM10,LRP12,RNF32,KIFC2
5383,RP11-214N9.1,ZNF154,ZNF416,TULP2,HS2ST1,RP11-318E3.9,RP3-467K16.4,ZNF765
5384,SNX24,ARRDC5,RP11-277P12.20,IPO9-AS1,RP11-1007O24.3,XYLB,CLIC5,USP46
5385,ATP8A2,CTA-14H9.5,CTB-47B11.3,ITPR3,BRAP,PAWR,RP11-511B23.1,ZNF552
5386,ZNF681,WBP1,STX1A,RP11-131L23.1,GAREML,MIR146A,RP11-805J14.5,C1orf53
5387,XPO5,RP11-809O17.1,NEK4,AL020996.1,PLEKHM1,TTC30A,FAM167B,GOLGA7B
5388,ZNF432,QSOX2,CCDC85C,CNTNAP2,TEP1,PAPOLG,CCDC85C,CCDC41
5389,NIPA1,ARHGAP33,C12orf60,ZNF681,PSMC1,HHAT,BGLAP,ZKSCAN5
5390,HRSP12,MBOAT2,MST1,FUZ,GNB1,RP11-252A24.7,CASC5,CTD-2017D11.1
5391,ATP5SL,ABCC6,RP11-830F9.6,CASP7,C21orf58,CTD-2135D7.5,C9orf24,RWDD3
5392,RAD54L2,TMEM241,CC2D1B,BMP1,FIZ1,TMEM201,RP11-351I24.1,NADK2
5393,SLC38A7,SNRPD3,ZNF628,AP003774.6,UVSSA,RDH10,NPIPB3,CAPN3
5394,RP1-257A7.5,LINC00926,CTD-2547L16.1,RP11-479G22.8,SNAP29,ANK3,AC004069.2,TMEM63B
5395,RP11-225H22.7,RP11-362F19.3,RP11-128M1.1,RP11-73K9.2,DDX55,RP11-383C5.4,ADORA2B,SLC26A1
5396,RP11-490O6.2,KIF11,CXCL10,SLC27A2,RN7SL1,AP000350.4,CTD-2532N20.1,TMEM220
5397,TMEM9B-AS1,ERC1,OVGP1,INTS3,THAP9,CTC-241N9.1,AC006994.2,AC109826.1
5398,RP13-516M14.4,ZNF358,MCM3AP-AS1,STK38,PPP1R12C,TUBD1,ZNF223-1,RP11-179B2.2
5399,NRBP2,LRRC37A2,FKBP1C,TIMD4,RP11-50E11.3,ZFP82,NAA60,ASB2
5400,ORAOV1,NTHL1,ZNF329,CLSTN1,PLEKHA5,DTX4,CDKN2B,KLK1
5401,RP11-589C21.5,RP11-14N7.2,LIMK1,RAB27B,C17orf72,NEIL2,AC006547.15,RP5-894D12.3
5402,ITSN1,ACY1,CTH,ZNF512B,RP11-181C3.1,RWDD3,TTC9,SOCS6
5403,RP11-1008C21.1,ARL17A,AC015987.2,FOXJ2,RP11-5C23.1,IFT81,AC009120.6,CAPS
5404,TTLL12,MYH3,STAM2,OPA1,TIMM50,EDRF1,AGAP1,SLC35F2
5405,LYSMD4,ADORA2B,RP11-46J23.1,WBSCR27,CCL4L2,TMEM254,AC005944.2,PLCL1
5406,PM20D1,CTNND1,FLJ45079,BAALC,FAM86C1,CYTH3,PPARD,SAMD10
5407,CTTNBP2NL,TBC1D25,AC022400.2,RBM41,ALG9,BRCA1,CTD-2410N18.3,KCNMB4
5408,AC079807.2,SLC22A17,RBM11,RDH10,MBNL3,SCARF1,NPIPA5,ZNF235
5409,METTL10,SLC4A8,RP11-490M8.1,KLHL25,UBTD2,FBXO5,UBASH3A,ALG10
5410,CAPRIN2,MFSD9,CMIP,AP000783.1,RAD17,ITGA10,KDM4D,AGER
5411,C1orf200,RP5-894A10.2,RP11-91G21.1,BCL2L1,MED9,TOPBP1,GRIK4,LIN9
5412,ARL8B,RP11-367J11.3,TMCO4,NKIRAS1,TMEM177,CYB5D1,AL136376.1,BTBD6
5413,RP4-594I10.3,CS,CTBP1-AS2,SFT2D3,CACNA1C-AS2,EIF3C,RILPL1,RP11-649E7.5
5414,NLRX1,ZNF93,AC008440.5,NUDT16,IL12RB2,KRTCAP3,RP5-1142A6.8,RP11-111A22.1
5415,SIRT4,CTD-2196E14.4,RP11-96K19.5,HNRNPLL,RRP36,MTMR1,AC022400.2,ZNF337
5416,PHF6,SLC16A4,RP5-1112D6.4,CTD-2135D7.5,ZNF140,C16orf70,DPF3,TIMELESS
5417,S100A5,DLEC1,CTD-2210P24.4,HIRIP3,PHF3,OIP5,SPTLC3,ZNF260
5418,USP4,LRRC37A,PRKAB1,KLHL2,DPF3,UBBP4,RP11-81A22.5,ZNRF1
5419,HOMER2,RP1-140A9.1,C5orf55,SUN3,YTHDF3-AS1,MBLAC1,STXBP4,SNURF
5420,KANSL2,ZXDA,CCDC163P,PTER,GAA,DUSP12,ZFP3,PPT2
5421,EFHC2,TPM2,ADAMTSL5,GOT1,MOV10L1,IRAK3,ZNF57,FAM13A
5422,MTUS1,UBASH3A,IGF2BP3,AGO2,RP11-1055B8.4,RP11-656E20.5,STEAP3,RN7SL832P
5423,ZNF575,ZMYM6NB,PHC1,PPP4R1L,CTD-2012J19.3,UGGT1,ANKRD6,MVB12B
5424,RP1-317E23.3,PSMC3IP,RP11-452H21.4,NUDT15,CTD-2666L21.1,NUP155,YOD1,HECTD3
5425,CUL4B,UBTD2,SHPK-1,DCAF8,SEC14L2,HIST1H3D,ZNF483,AC009133.14
5426,PAK3,USP35,GS1-393G12.13,KLHDC1,CTD-3074O7.12,RP11-1348G14.5,RP11-472N13.3,KLHDC1
5427,RP11-973H7.1,AC024592.12,SETD1B,CSNK2A2,ZNF287,RP11-443B7.3,MFSD2B,RSPH3
5428,RP13-582O9.7,SPR,RP11-259K5.2,DDX10,RP11-339B21.13,RBBP5,KCNAB3,ZNF75D
5429,C4orf33,DDX11-AS1,ZNF749,CTBP1-AS2,MTMR4,CLDN15,RP11-661A12.5,NPTN
5430,GRB10,PPFIBP2,FRS3,RP11-53I6.3,FBF1,RPTOR,FGFR1OP,SLC38A9
5431,KIF3C,RP11-479G22.8,RP11-571M6.7,LTBR,ADPGK-AS1,NPTXR,C12orf39,TMEM194A
5432,RP11-66N11.8,CLN3-1,CCDC151,RP3-510H16.3,CAB39L,CCDC167,FAM179A,ZNF551
5433,SKAP2,TMEM144,NAGPA,CTB-58E17.1,DCLRE1B,RNF43,RNF122,RP11-6J24.6
5434,ZDBF2,MANEA-AS1,CENPF,GP6,ZNF354C,MEX3B,PRRT2,RP11-1407O15.2
5435,FAM115A,C14orf182,ZNF653,AGAP5,AC008443.1,SNORA76,ANKRD18B,ZER1
5436,DST,CCL3L1,AGAP5,TNKS2-AS1,TSNARE1,CCR2,RP11-473M20.16,RP11-141B14.1
5437,FAM199X,RP11-580I16.2,TGIF1,HIBADH,VPS9D1-AS1,ERCC6,EFHD1,IGFBP4
5438,ZCCHC7,TCFL5,PCSK4,HS2ST1,GPR126,GANAB,TDRD9,CD1A
5439,LINC00562,MRI1,PKD1,LGR6,KAT7,PRR11,ZFP2,SERPINH1
5440,WDR35,LIPT1,BCL2L1,IGF1R,RP11-245J9.4,CSRP2BP,HLA-DQB1-AS1,SNX24
5441,ACSBG1,ENPP4,ACVR1B,SLCO4A1,WDFY4,RLIM,RP5-1098D14.1,SMYD5
5442,BIK,SERPINB2,LAMC1,HDHD1,MRPL28,F12,SLC45A4,DGKQ
5443,ERAP1,CCDC120,CTIF,EIF3C,RDH13,TTC24,GPR63,NT5DC3
5444,AP001372.2,LIN37,RP5-943J3.2,DMC1,GZF1,TRIM52,AP000254.8,STK19
5445,PEX12,GSTZ1,ZNF846,CDK14,CTSH,TTTY15,MT3,SBNO2
5446,CD163,HIST1H2AL,SPAG4,RP4-798A10.2,LARP4B,ST6GALNAC3,CELSR2,ZNF749
5447,BTG3,MIR3615,RP11-163N6.2,CCNE2,DCAF8,UBE2T,LINC01119,EPHA1
5448,LRRC16A,RP3-508I15.19,FBXO4,MYPOP,PIGA,SARM1,RP11-425D10.10,RFX7
5449,RP11-262H14.4,SLC29A3,CTA-445C9.15,TUT1,AC069513.4,KIF9,C22orf43,AC093391.2
5450,POLR3A,ERCC5,ZKSCAN7,H1FX-AS1,JARID2-AS1,RP11-190C22.8,AC011747.4,LAMC1
5451,RAB11FIP4,KLHL42,NETO2,VIPR1,RMND1,ZBTB37,AC007036.6,SCMH1
5452,IGSF9B,AVL9,CTB-43P18.1,C2ORF15,NIPAL2,ZCCHC4,C1R,PRMT6
5453,TTC21B,TRIM74,PARG,ITPKB-AS1,NFIL3,C1orf51,RP4-549L20.3,GPAT2
5454,RQCD1,RP11-498C9.3,SLC1A4,ZNF554,NPHP3,GAN,MORC4,RP11-37B2.1
5455,KCNAB3,HCG14,SLC39A14,LINC00657,LRTOMT,ZNF805,AP001046.5,SLC1A7
5456,NSUN7,OVCH1-AS1,SCARF1,RCC1,CTH,RP3-395M20.9,CERCAM,SLC25A29
5457,TSPAN7,STX1A,AC116614.1,NAGS,TMEM30B,ZNF549,FCGBP,MORF4L2-AS1
5458,HSPA4,AKAP11,CTB-113P19.5,AP006222.2,DOLK,ABHD4,AC015922.6,PMEPA1
5459,AC074117.10,AC005932.1,RP5-935K16.1,PALLD,ACY1,PIK3C2B,CTC-260E6.6,FOLR2
5460,MYOF,PPIP5K1,C16orf91,AL627309.1,RNASEH1,HIST1H2AM,ZGPAT,LARGE
5461,JMJD8,AC004257.3,CTD-2007H13.3,SYNM,UHRF1BP1L,RPL7L1,TIGD7,ANKRD22
5462,ZNF397,RP11-182L21.6,SMNDC1,HELLS,SLAIN1,CTD-2353F22.1,SHF,PLCB1
5463,PQLC2,RFPL1S,RP11-66B24.2,TMEM170B,TDRKH,MYLK-AS1,AKAP11,IKZF2
5464,ADCY4,DIEXF,BFSP2,PDHB,AC015849.19,TRIM25,RP11-36B15.1,CRYBG3
5465,FUT11,TRIP12,CBWD1,RP11-4F5.2,UPK2,GPATCH1,PLVAP,ANKRD35
5466,CYB5R2,CLTCL1,HP,C1RL,MAP3K3,CTD-2165H16.4,LINC00630,DPY19L3
5467,ESCO1,CASS4,PIGC,LRP5,ZNF165,FAM208A,GPM6A,IQCE
5468,MOB1A,HOXB-AS1,TRMT5,GHRL,SPSB1,MYCBPAP,CELSR1,FAM219A
5469,E2F1,ZNF680,ST3GAL5,SLC3A1,ZFP69B,CXorf57,ITPKB-AS1,SAP30L
5470,KIFC2,DHCR24,HEATR5A,CTD-2623N2.11,VAT1,TMEM194B,DKFZP761J1410,LENG9
5471,SUGCT,LNX2,HMGN4,HACL1,RAB27B,AD000090.2,CTD-2517O10.6,FEM1C
5472,ALS2CR12,CEBPA-AS1,ARHGAP12,RP11-158I9.5,ZSCAN5A,B3GNT2,CTD-2544N14.3,ZFP57
5473,TP73-AS1,AD000671.6,C21orf91,RP13-582O9.5,GSPT2,PABPC1L,SLC4A5,FAM193B
5474,C1orf27,CCNE2,HIST2H2AB,CCDC88A,NRBP2,ZEB1,THNSL2,CPNE8
5475,LRRC8C,PLEK,HEATR3,RIN1,ZNF771,ZNF646,CTD-2210P24.4,E2F6
5476,POLR1C,PLEKHN1,CPD,MED29,RP11-304L19.5,TUFT1,CTD-2256P15.4,ARSB
5477,CASP5,TMEM206,EDEM3,PRC1,RP11-216B9.6,METTL20,DUOX1,PPP5D1
5478,STXBP4,ZNF347,VPS13A-AS1,CRIP1-1,MFSD7,GATM,P2RY1,CCDC106
5479,GNAZ,RECQL5,CREBL2,ZNF571-AS1,STAG2,CTD-2630F21.1,AC068580.6,TMCC1
5480,RP11-480D4.6,RRP1,MFSD3,RP11-214O1.3,C15orf48,FLNB,RND1,TMEM143
5481,ZNF19,TMEM88,CASK,NT5DC3,CCDC78,RCAN1,RP1-223E5.4,RP11-301O19.1
5482,LINC00511,PCCA,C7orf13,RP11-192H23.4,LINC00996,STARD10,FAM178B,NAB2
5483,TNFRSF12A,RP6-206I17.1,ATP6V0A2,PARD6A,CRB1,TMEM88,RP13-314C10.5,NR4A3
5484,P2RX1,CLEC1B,RP11-78O7.2,VEGFA,HMHA1,MTM1,CEP170B,NCAPH
5485,WRNIP1,ZNF845,CTD-2541M15.1,C1orf61,ZNF248,RPPH1,RP13-753N3.1,GALNT7
5486,C2CD3,SCARF1,ABHD1,TCAIM,GPD2,RP11-315I20.1,LONRF3,RHOBTB3
5487,CRHBP,ANKRD34B,TTLL4,C11orf74,TRDMT1,JRKL,RP11-134G8.7,HS6ST1
5488,GCNT4,RP11-472N13.3,CTD-2192J16.22,TREM1,UFSP2,WDR47,CHN1,TMEM65
5489,KLHL32,GATS,RP11-793H13.11,EPHX1,SLC1A4,INTS2,SCARF1,NR1H3
5490,S100Z,MYSM1,FLYWCH1,B3GAT2,HEATR1,THRA,RTKN,CRISPLD2
5491,TRIM3,LINC01024,WDHD1,INTU,LRRC29,TTLL1,RP5-1112D6.4,FNIP1
5492,C16orf58,KCNK12,MMS19,TMEM19,RP11-124N14.3,WWC3,ZNF367,FEZ1
5493,AP4S1,USP3-AS1,DNAJA3,METTL2B,PRRC2B,GOLGA7B,AGAP5,UCP3
5494,NFE2,ZNF596,CNNM2,ACTR1A,ANKS6,AC093391.2,RP11-379K17.12,PIK3C2B
5495,ZNF619,CPED1,CTC-428G20.6,ZFAT,POLH,FAM129B,DOK4,ZNF507
5496,NCAPD3,FAM21B,CDK11B,SLC9A6,AC002310.12,C8orf88,RP4-794H19.1,C19orf82
5497,C17orf51,PGF,RP11-390F4.3,C6orf99,RAI1,KRBA1,SV2A,SNAPC4
5498,AKAP11,TATDN3,PLAGL1,PIP5K1C,CCDC15,EXOSC2,EIF3J-AS1,RP11-313P13.5
5499,IDH2,MAP3K10,MCAM,FBXO36,ANKS1B,RP11-1060J15.4,HTRA1,DNAH1
5500,SORT1,RAB23,MDGA1,LRRC20,TNRC18,B3GAT2,GLCE,KLHDC8B
5501,DMWD,RP4-794H19.1,COQ6,ZNF506,PGAM5,TGFBRAP1,CD248,CACNA2D2
5502,RP11-381K20.2,AGAP4,AC074117.10,AK1,ZNF347,NHLRC1,AC004447.2,RTKN2
5503,GTF3C2,SYCE1L,AC092295.7,GLRX2,SH3GLB2,POP1,RP11-661A12.14,PLAGL1
5504,SLC38A9,RP11-560J1.2,P2RY1,ZNF714,RP5-1159O4.1,ATP8B3,SCGB1B2P,EPS8
5505,CTA-384D8.36,RP11-312B8.1,NCKAP1,CEACAM3,WBSCR16,BTBD7,ARF1,ZNF808
5506,ZFP2,RP11-1114A5.4,BGLAP,CTD-2035E11.4,SHC1,CCDC71,DYSF,MUC12
5507,MANEA-AS1,AC006129.1,AC009473.1,RP13-638C3.4,RPGR,GEMIN5,FCHO2,FGFRL1
5508,SKIV2L2,DHFR,B3GNT4,CXorf57,PTOV1-AS1,KCNMB1,RP11-77H9.2,RP11-334C17.5
5509,TSNARE1,NBPF15,ZNF551,MYOM1,DTD2,TCF19,LRRC20,KDM8
5510,KIAA1958,RNF219-AS1,SPIN4,PTPN13,CENPA,SOX7,STS,BRWD3
5511,FOXD2,RP11-509J21.2,TCF19,PSMG3,TMEM220,APOBEC3H,ZNF365,MFHAS1
5512,MSRB3,ANGPT2,CTC-428G20.3,ZBTB24,FLJ45079,ADNP,AZI1,SLC22A18AS
5513,RP11-498P14.5,BCL2L2,MFSD2A,KCNN1,SOS2,CNIH3,TDRP,ERMP1
5514,ZRANB1,SSC5D,RP11-775D22.2,HOMER3,C5orf15,CACFD1,RP11-483P21.2,WDR7
5515,RP11-53I6.3,RP11-395G23.3,DAPK3,CTD-2260A17.1,MED10,MANEA-AS1,C22orf26,NUP188
5516,ZSCAN9,GPR124,CCDC121,ZNF226,FKBP1C,POU6F1,RP11-261C10.3,RP11-262H14.4
5517,RP11-492E3.2,HABP4,RP11-782C8.1,ROPN1L,UBXN10,TRIM34,CTIF,AC018816.3
5518,DLG4,RP11-440L14.1,RP11-342I1.2,LINC00304,ZNF343,LRPPRC,WFIKKN1,AP001053.11
5519,ZBTB8A,SLC26A11,RBP7,DRG1,PTGR2,DNAJC11,PLLP,MTMR12
5520,RP11-154H23.3,TFAP2E,PGM3,DUSP8,KIAA1467,ABHD15,RP11-416N2.4,DPH1
5521,RP5-894D12.3,MTSS1L,AC092667.2,SFI1,METTL21B,FAM218A,RP11-641A6.2,ZNF496
5522,RP11-128M1.1,ARMC2,AC002116.7,APOBEC3A,GPR89A,TAF5,C9orf9,RP11-344P13.6
5523,RP11-313P13.5,AC009133.14,CEP112,MYO18A,TBL1X,RP11-464F9.20,DLC1,TLE2
5524,CHFR,PRSS36,DNAH6,CAHM,SLC27A2,CASS4,ALPL,ATP10A
5525,SERPINI1,RP11-98D18.3,GET4,XXbac-BPGBPG55C20.2,TMEM205,NCALD,RP11-89F3.2,AC104820.2
5526,AC004540.4,AP003774.4,TSSK6,ADAM9,PAFAH2,BTBD10,RP11-496I9.1,GPD2
5527,C19orf33,ZNF101,TTL,SMUG1,METTL4,CTB-96E2.7,RP11-529K1.4,FIGNL1
5528,SPATA24,CACFD1,FAM210B,CEPT1,CERS6,ZMAT3,ZNF70,RP11-815J21.2
5529,APOOL,VMAC,IRGQ,CTD-2368P22.1,RP11-635N19.1,ZNF345,RP11-342M1.3,TMEM51
5530,AC083949.1,MRFAP1,AL353354.2,CARD6,AC007228.9,GPD1L,DYNC2H1,LTC4S
5531,PSMD6-AS2,RP11-333E1.1,NBPF14,GTF3C3,LINC01146,GDPD1,RAB15,MDC1
5532,NFKB1,EIF4EBP3,ZNF808,DIP2C,UST,ATP6V1H,AP4B1-AS1,CAST
5533,ROPN1L,TMEM38A,SLC16A1-AS1,KCTD1,PIK3R2,CEP170,AC022182.1,TMEM194B
5534,AC147651.4,CMC4,ZNF585A,TXNL4B,ZNF717,ZNF765,ZBTB39,PTGR2
5535,TUT1,RPS4Y2,RPA1,RP11-680A11.5,CTB-55O6.4,RP11-672L10.6,FAM127C,ZNF571
5536,CTC-523E23.1,KLC4,RP11-252A24.3,HBEGF,PAXIP1,LNX1,RP11-161M6.3,LMO7
5537,BCL2L15,SIDT1-AS1,CASP2,RP13-977J11.2,RP11-309M23.1,ZNF883,NUGGC,ACOX3
5538,MXD4,ARHGAP5-AS1,ZZZ3,CBWD2,NEK2,NME7,C15orf26,SIMC1
5539,MTF1,TGFBR3L,TBCCD1,KIAA0586,RP11-271K21.11,PLEKHM3,HYKK,IFT46
5540,N4BP3,ATP1A3,AC004893.11,AC009961.3,C19orf40,SMG8,RP11-559M23.1,WNT7A
5541,BBC3,FAM169A,EHBP1,TRAPPC11,ZNF404,FBXO48,RP11-348F1.2,ARL15
5542,RAB11B-AS1,GPR162,RP11-798M19.6,HOOK1,RP11-875O11.1,GINS3,PDE8B,GKAP1
5543,PAQR7,RP11-456D7.1,MIR146A,RP11-563N4.1,SFXN5,PHLDA3,CRHBP,RBAK
5544,RAI1,TRAM2,SRCRB4D,LINC00630,CTTNBP2NL,RP11-395G23.3,CTBS,ZNF382
5545,ALG14,AF213884.2,RP11-391M1.4,CCND2,RFC5,ZNF566,CBWD3,FAM114A1
5546,CNKSR1,RP11-415F23.2,SLC3A1,MORN3,FAM204A,RP5-1092A3.4,RP11-339B21.13,AGBL2
5547,CTD-2186M15.3,UBE2W,PVRL3,LHFPL2,RAD51D,PTPDC1,NLGN4Y,RP11-22P6.2
5548,ZNF736,FAM132A,POLN,AC145212.1,SLC25A32,RP11-50E11.3,MBLAC1,MYLPF
5549,CTD-3195I5.1,RP11-793H13.10,SLC16A6,USP49,MRPL11,AP001258.4,ZNF300,PGAP1
5550,INTS3,C1orf204,RUNDC3B,RP11-488L18.8,AC004381.6,TECR,LINC00865,SLC5A10
5551,TTYH2,MPZ,TNFAIP8L1,SIAH2,KCNMB3,GLCE,CORO6,DGAT2
5552,FAM229A,RP11-677M14.7,CYSLTR2,APOA1,CDC27,TIGD3,TPO,EMR3
5553,TMEM143,CTB-55O6.4,TM9SF1,PNPLA4,ANGEL1,SLBP,CTD-2350C19.2,TMEM150B
5554,NR1H3,TESK2,RNF212,TXNDC9,SCRN1,TP73-AS1,LINC01146,RP11-326C3.15
5555,CCND3,ZNF84,TBCEL,SLC2A6,NRG2,ENTHD2,RP11-423H2.3,HPDL
5556,ERN1,TRPV3,ALDH18A1,RPS6KB1,FAM174A,NARS2,RP11-643M14.1,ZBTB45
5557,MBNL3,AP006222.2,FITM2,DDX51,RSPRY1,F5,DNAJB5,SIRPB2
5558,GS1-393G12.14,PC,C14orf132,ARL15,ZBTB40,BAIAP2-AS1,AKNA,ZNF419
5559,MB21D1,HARBI1,NUDT19,SSH3,SMC2,TENM1,RP1-92O14.3,P2RX5-TAX1BP3
5560,ZNF34,GNA11,TSTD3,KBTBD7,NAPG,DGAT2,LIME1,ACTR5
5561,TSSK6,CTD-2006K23.2,SCYL1,NR2C1,RP5-1085F17.3,TBC1D32,RP11-245J9.4,B3GALT2
5562,BTD,RP11-162G10.5,RP11-292F22.7,NIPSNAP3A,YKT6,LPXN,ALS2CR12,CTTNBP2NL
5563,EFEMP2,ZNF14,CUZD1,ZMYM6NB,PPP1R13L,JDP2,SLC9A1,RP1-102H19.8
5564,SNX18,PIWIL1,LEPR,AMACR,NUDT15,PDP1,RP11-275I4.1,CCHCR1
5565,POLN,LINC00865,NAA25,BBS1,SLC45A4,HIP1R,RP3-508I15.21,TMEM135
5566,KB-431C1.4,PLGLB1,UBASH3B,EBF1,MAN1C1,KCTD2,GEN1,C4orf46
5567,PCOLCE,SAPCD2,AC022182.1,MTRF1,A2M,KIR3DL2,CLDN12,CTD-2012K14.7
5568,KRT7,ZBED3,LNPEP,GPR27,FAM206A,AC079922.3,TIGD5,SPTSSB
5569,COPS3,ADM,HEATR5B,B4GALNT3,POLI,STK19,ADAM12,ALDH1B1
5570,GTSCR1,EIF5A2,C10ORF68,MB21D2,RP11-1391J7.1,RP11-617D20.1,RP11-511I2.2,CLOCK
5571,ITFG1,MMP25,CECR5-AS1,ZNF322,LDOC1L,CDC6,GVQW1,KLF8
5572,SLFN12,BTBD19,CCDC154,ANKMY1,NPAS2,DENND6B,CTC-338M12.6,PRKCE
5573,NMNAT3,VANGL1,HIST1H2BJ,RP11-344P13.6,AC004447.2,MCM10,MMP28,RPRD1B
5574,ENDOD1,LONRF3,ZNF821,FKTN,KBTBD11,MASTL,MCAM,PVRL2
5575,MTBP,PRC1,C19orf54,SDAD1,PIDD,NRBP1,RP11-282O18.3,ANKRD16
5576,MRGBP,C5,FGFBP3,PARD6B,KRT2,TFEB,MRPL2,RP11-553L6.5
5577,SLC6A4,CCDC183,GDAP1,GXYLT1,AC008440.5,KDM6A,CAPN8,AC011893.3
5578,ZNF417,C6orf229,LMBRD2,CTD-2012K14.7,SSH1,ZNF69,SEMA5A,AC027307.3
5579,VSIG2,SRCRB4D,TIGD7,ANAPC4,ZNF787,ZNF771,RP1-202O8.3,SLC38A7
5580,MAFF,LINC00265,ZNF532,RP11-192H23.6,CMTM4,ZNF354C,RP11-732M18.3,MTFR1
5581,AC159540.1,SEPSECS,TRIM74,GLTSCR1,CNTNAP2,TRIT1,RP11-677M14.2,ZSWIM6
5582,ACOT8,PCSK4,CATSPERG,NEK8,BAMBI,UCHL1,CTD-2366F13.1,VDR
5583,ZNF28,PLEKHM3,HPCAL1,TMEM180,SLC39A11,FOXM1,RP11-791G15.2,SAP30
5584,KATNB1,CABLES1,NDUFB2-AS1,VANGL1,ZNF148,ALG1,CELF2-AS1,SLC16A5
5585,AMDHD1,PLEKHA7,C9orf41,TOPORS,GBA2,NFE2L1,LINC00884,EBF1
5586,LCK,DNAJC9,DNAJB4,AE000662.92,RUSC1-AS1,ESCO2,RP11-336K24.12,ZNF322
5587,RP11-441O15.3,RP11-307C12.13,RP11-6J24.6,VAPB,SHF,RP11-531A24.5,PDE2A,WDR44
5588,MTFR1,RP11-442H21.2,RP3-510H16.3,TRIB1,CCDC138,PPP1R26,RP11-597D13.9,CIB2
5589,SLC16A13,PTGR2,CTB-61M7.2,RASSF7,ZNF408,ADIRF,RBBP9,RP11-407N17.5
5590,C22orf15,ALCAM,CTD-2035E11.4,ZNF69,USP46-AS1,RP3-466P17.1,HP,KLRC2
5591,MMP14,ZNF692,AF213884.2,FSTL3,C19orf52,ZNF625,RP11-243J16.7,IRF2BP1
5592,RAB25,NUP155,PHF7,PCNT,TAPT1,GFPT1,Y_RNA,AC010226.4
5593,DYNC1I2,RP11-166P13.3,PHOSPHO2,RP11-58B17.2,PKD2L1,NIPAL1,ANKRD34A,FAM86C1
5594,RP13-270P17.1,C1QTNF4,SAP30,SNAPC3,AC005253.2,GPR174,ZNF80,ZSCAN32
5595,ADPGK-AS1,RP11-1060J15.4,RP11-425D10.10,WASH4P,ZNF589,RP11-138P22.1,RP11-452L6.7,CCDC183
5596,H3F3C,RP11-617D20.1,DUSP8,CTPS1,RP11-298J20.3,CELSR3,ZNF596,PLB1
5597,RALGAPA1,REEP6,RP11-1008C21.1,NOXA1,RBBP8,B3GAT1,CTD-2012J19.3,ZNRD1-AS1
5598,U91328.19,KIF27,PYGM,NOTCH2,LEKR1,CCDC3,NCOA6,RP11-383C5.4
5599,POLG,AC116614.1,RP11-513M16.7,TEPP,CTIF,RP5-1142A6.2,CTD-3131K8.2,RP4-612B15.3
5600,ABCC1,FAM89A,IFT122,CCNE1,FGL2,ZNF41,ZFP37,RP11-973H7.4
5601,SF3B14,MEGF6,ZNF382,CAPN10-AS1,FAM91A1,AL590822.2,CYSLTR2,PTBP2
5602,BRPF1,POU5F2,TCAIM,RP11-499P20.2,ZFP28,DNAJC9-AS1,RP11-440L14.1,THAP8
5603,CCND1,RP11-277P12.20,CTD-2410N18.3,KCNMB1,RNF123,TRIM31,CTB-113P19.5,ANPEP
5604,SEC61A1,CECR6,LNX1,HEMK1,AKR1CL1,SKA1,PTPN13,RAP2A
5605,AC093157.1,SNRPD2,CDC27,TJP2,IL17RC,PAPL,ABHD1,PDIA5
5606,UTY,DET1,RP11-378A13.2,GCSH,ACIN1,BPNT1,RAB11FIP3,ZNF707
5607,USP49,THAP9,ZNF235,UBR5,CTA-14H9.5,RP4-798A10.7,RP11-452C13.1,ZBTB49
5608,RP11-672L10.6,RP11-161M6.3,C3orf14,PLCE1,RP11-157J24.2,ARHGEF10,GS1-114I9.1,PDE9A
5609,RPAP2,LZTFL1,YTHDF3-AS1,DMPK,FAM21A,CTC-459I6.1,RP11-252A24.3,S100A13
5610,AC074289.1,ATP8B3,ZNF804A,SLC15A4,DDX11-AS1,RP11-347C12.1,AC016683.5,MBLAC2
5611,OSBPL3,PWWP2B,NT5DC2,PITPNC1,AGPAT1,RASIP1,C2orf62,RP11-166P13.3
5612,LINC00528,BCL2,PNPLA7,SNAI3-AS1,CASZ1,ATN1,CACNB1,FCAR
5613,FASTKD5,DOCK7,DPH2,EFEMP2,IL2RA,KIF18A,LINC00957,ZNF623
5614,RP11-802O23.3,CTD-2540F13.2,RP11-705O1.8,NFIL3,AC011747.4,KIF9-AS1,EFNA3,PROCA1
5615,LA16c-358B7.3,SPIN3,AMZ1,RP11-573D15.9,SETMAR,RP3-486I3.7,SEZ6,ACP6
5616,GINS3,USP27X,FBF1,CPEB2,TMEM163,MERTK,KRT72,MED20
5617,PSPH,PRMT6,TCEANC2,GORASP1,VAV3,TRIM60,GTF2IRD1,RCBTB1
5618,RP5-1068E13.7,HPS3,OR2A1-AS1,FARSB,ACSBG1,RP4-583P15.15,ZNF709,PAX8
5619,ABLIM2,ZNF654,ZSWIM1,TMEM55A,SPATC1L,RAB40B,STAP2,FASN
5620,RAP1GAP2,C9orf9,TLK1,RP11-67L2.2,TTC30B,GPR125,ZNF653,RP11-448A19.1
5621,AC144652.1,ZNF562,ERC1,RNF43,MORF4L2,RP11-661A12.12,RP11-166B2.8,RP3-508I15.22
5622,EPM2AIP1,FAM207A,C16orf93,FKBP4,PLEKHG4,SEMA4G,DND1,SPATA24
5623,PI4K2B,PPP1R26,FRAT2,WDR60,RAB30,KLHL29,CTD-2023M8.1,CASK
5624,C2orf44,MAD2L2,VSIG4,PDP2,AC022400.2,KLRF1,DOK6,C1orf200
5625,SH3TC1,PHF14,WRN,CDC6,FBXO42,SOX12,RP11-1055B8.4,SETBP1
5626,CCDC50,BGLAP,CORO6,SEPP1,TNK1,SLC12A5,FBXL14,EIF2AK3
5627,RP11-348F1.2,AC011747.4,C19orf55,SHCBP1,MCTP1,COL4A4,UTS2,NDFIP2
5628,SASS6,ZNF70,ZNF347,OSR2,FCRLB,VPREB1,CCNI2,KIAA1958
5629,ZNF784,RP11-91G21.1,TRIM2,PLIN5,STK32C,C1orf61,RP11-600F24.7,ZNF234
5630,ORC5,RP4-684O24.5,CLASP1,SAPCD2,GSTO2,RP11-260M2.1,DSCR9,AC023490.1
5631,ANGEL2,C16orf86,SLC35E4,RP4-684O24.5,CLCN5,ZNF709,CTD-2547L16.1,RP11-809N8.4
5632,CA2,MDM2,RP11-423H2.3,CECR6,SPTLC3,PSMA8,KRT86,KCNMA1
5633,CDC42BPB,MIR940,AC108488.4,MAP2K4,PERP,FBXL22,ATP8B4,ARHGAP12
5634,HOXB-AS1,R3HCC1L,ACSBG1,ZGPAT,LIN9,RP4-784A16.5,DEPTOR,ZNF865
5635,HELQ,CELSR1,SLC14A1,DOCK4,QPCT,RP11-314O13.1,RP11-490M8.1,PHF13
5636,PAPD7,BTBD6,RCOR1,MYO10,SNORD3D,ZNF208,BAMBI,PCNXL2
5637,TNFRSF10D,RP11-641A6.2,F2R,PKMYT1,DHX35,RBL1-1,DAPK2,STK36
5638,PIDD,FAM21A,ZBTB22,CTA-293F17.1,RP11-203J24.8,RP11-532F12.5,DLGAP1-AS2,RP11-390P2.4
5639,WDR73,AC006994.2,ZNF502,RP11-206L10.9,RP11-700H6.1,RP11-392P7.6,KRTAP5-AS1,GEMIN5
5640,PTK6,CISD2,DKFZP434E1119,CEBPA-AS1,DEPTOR,ZNF280B,C17orf107,GSTM2
5641,XKR6,FAM161A,CTD-2623N2.11,RASA4B,FBXO38,YY2,CTD-2619J13.14,PRELID2
5642,EIF5A2,AE000662.92,RP11-96K19.2,KB-1507C5.4,C1R,LOXL2,RP11-91G21.1,ZSCAN12
5643,DYX1C1,RP11-805I24.1,ARIH2,CTA-407F11.8,SNX4,RP11-56G10.2,RP11-159G9.5,REPS2
5644,KRT2,GLCE,ABHD4,LINC00656,RAD51AP1,GTF2IRD1,AP001610.5,RP11-424N24.2
5645,CKB,BZRAP1,CBWD2,MCM10,ERLIN1,KLHL23,IPO9-AS1,RP11-211G3.2
5646,LINC00663,RP11-404F10.2,PRTFDC1,RP11-362F19.3,RP11-312B8.1,RP11-33O4.1,AC004158.2,ZNF682
5647,RP11-423H2.3,MIR29A,CRYBG3-1,SIPA1L2,OCRL,RNF157-AS1,S100P,CTC-425F1.4
5648,TMEM110,TRAF3IP1,SOBP,RP11-212I21.4,ROPN1L,SLC19A2,RP11-105N14.1,TBC1D9
5649,LIMA1,RPGRIP1L,KRT1,OTOA,SFMBT1,PARK2,ZNF391,ZNF473
5650,ZDHHC23,POMZP3,VPS54,SERPINB2,INPP5B,KLB,BFSP2,RP5-935K16.1
5651,SPA17,EEF2K,KIAA1731,RP11-764K9.1,F12,NUPR1L,RP11-178L8.7,C10orf91
5652,LINC00959,TMCC1,RP11-337C18.8,RP11-552D4.1,CTRL,RP4-548D19.3,KIAA1671,DNMBP
5653,RP11-421M1.8,CTC-518P12.6,RP11-326F20.5,ADORA3,WDR66,MOK,C16orf46,HIATL2
5654,CIB2,FITM1,DOCK11,AC099850.1,XKR6,RP11-498C9.2,RP11-58B17.2,ZNF222
5655,RP11-504P24.8,HOXA10,CTSF,CCDC26,AC009473.1,RUNDC3B,ZSWIM4,RAI1
5656,PTRF,FAM134A,TFE3,SPR,TRMU,RP11-477N3.1,RP11-10K16.1,GOLGA8B
5657,BSCL2,RP11-158M2.3,USP54,LINC01094,FAM115A,ZACN,RP11-403A21.1,ZNF852
5658,CAV1,PARD6B,KIF23,ARSE,EFR3A,RNF222,RP11-421M1.8,NLRP12
5659,C22orf26,VWDE,DZANK1,C9orf47,CTD-2587H19.1,PTRF,RP11-498C9.15,IL7
5660,DHX40,ZFP28,RP11-483I13.5,RP5-899E9.1,PTPLAD2,TCEAL2,RP11-728F11.4,ZXDB
5661,KIAA1107,SCRIB,SH3PXD2A,SAMD4A,CTD-3093M3.1,SCARA5,UGGT2,ZDHHC14
5662,NADSYN1,DENND4C,PRPF40B,RP11-286E11.1,SORT1,NPIPB6,BZRAP1,PPP6R1
5663,ICT1,ERCC8,THBS1,GPR61,RP13-317D12.3,RP11-6F2.5,DCBLD2,RP11-542M13.3
5664,TMEM220,MSH5,FAM98B,RP11-525A16.4,PKN3,AC007228.5,AC093609.1,ATP6AP1L
5665,MEGF6,C17orf107,GTPBP3,TMPRSS13,ZNF37A,AC008174.3,UHRF1BP1,ZCCHC18
5666,SOCS6,NUMBL,TRIM28,C2orf62,INCENP,LA16c-358B7.3,BMP1,ACOT11
5667,ZEB2,SCRG1,ANKMY2,RP11-81A22.5,ANKLE1,COL17A1,MTFR2,CHEK2
5668,L3HYPDH,CREB3L4,C9orf38,RP11-277B15.3,CTC-479C5.12,ALDH1B1,TMEM161B,FAM222B
5669,MGST3,PSPN,BAIAP2-AS1,RP11-356C4.3,BET1L,RP11-707M3.3,POU5F1B,CBY1
5670,RP11-731C17.2,RP11-504P24.6,DPCD,CTB-96E2.7,TRPV3,RP11-429E11.3,MCM10,AEBP1
5671,FBXL22,KATNAL1,ZNF579,RP5-1142A6.8,PRIM2,AC137932.1,AC010894.5,RAB3A
5672,PRRT3,CTD-2368P22.1,NAIF1,IL1RL2,SGSM1,QRICH2,AC026202.1,RP11-701P16.5
5673,ACE,GPR89A,TMEM99,EHHADH,DNASE1L3,RAB15,RP11-764K9.1,ENTPD1-AS1
5674,SEC24C,ERO1L,CDC42BPB,CKM,HECTD3,C9orf3,TXNDC16,BRPF3
5675,FOCAD,ZHX3,CPT2,CTD-2571L23.8,CTC-503J8.6,FGF9,RP11-533E19.5,LRRCC1
5676,NUDT17,KRT73,CLEC16A,UCHL1,SPAG8,PLA2G1B,RP11-181C3.1,TAPT1-AS1
5677,RHBDD2,LINGO3,CLYBL,LINC00482,ZNF578,CNKSR1,GPR153,WASL
5678,STAG2,SHCBP1,ANAPC1,RTEL1-TNFRSF6B,PVR,KTN1-AS1,PARM1,RP11-293M10.5
5679,RP11-455F5.5,DHRS11,PARD6A,RP11-338C15.3,EFNA3,CRHBP,CTD-2547L24.4,RP1-244F24.1
5680,IBA57,TEC,RP11-104N10.1,GPER1,LTC4S,AC009950.2,AD000671.6,SLC9A3R2
5681,SLFNL1,LARS2,TEF,DTNA,DLEC1,SLC35D1,LIMA1,ATP8B2
5682,PLXDC2,KIF3A,LRRC7,PADI2,RCOR3,KRT8,KIAA1107,WBP1
5683,FMNL3,RP11-307C12.12,RP11-23P13.6,IL10,ST6GALNAC4,SYCP2,CALD1,TTN
5684,CABIN1,CTD-3195I5.1,SPAG5,SSC5D,SEMA5A,RP11-540O11.6,IFNL1,HMGA1P4
5685,MSANTD4,AKAP5,FOXJ2,PPAPDC2,SLC18B1,RP11-279O9.4,DAB1,RP13-516M14.4
5686,CYP2J2,MCF2L2,MAU2,KRT23,USP46,RP11-46J23.1,RP11-509J21.2,CPEB2
5687,C1orf172,RP13-270P17.1,USP49,PROS1,CTBS,CTB-113P19.5,PDE4C,SMPD4
5688,RP11-60I3.5,CTD-2023M8.1,AREL1,NHS,RASGEF1A,C9orf24,RNF185,LIN7A
5689,ACSL5,HSPB9,CLCF1,SRGAP1,RP11-422P24.11,ATP8A2,CTA-445C9.14,ZNF169
5690,JRKL,KRT2,ZNF473,FAM127C,SFTPD,RP11-264L1.4,RP11-339B21.11,RP11-124N14.3
5691,BCL2L14,C12orf43,CTD-3195I5.1,ESCO2,SACS,SLC16A10,DLEU7,RP1-111C20.4
5692,NPIPA5,RP11-271K21.11,ZNF248,RP11-282O18.3,RP11-664D1.1,MXRA8,TRIM74,COLQ
5693,RP11-644F5.11,MCEE,H6PD,TMEM105,CEP170,SUGCT,ECT2,TSTD2
5694,ZFYVE19,RP11-342I1.2,LRRC56,RP11-159D12.5,DAAM1,SLC23A3,PRDM11,NAA40
5695,RP11-817O13.8,RGL1,RP11-421M1.8,CAMP,ZNF18,ZNF286B,C8orf37,ZNF230
5696,MFSD9,TRIM37,AC090186.1,TDRD9,DHFRL1,CTD-2054N24.2,AP001462.6,DENND5B
5697,TMEM203,SERPINF2,RCBTB1,CTD-2514K5.2,KDELC2,NAGLU,PRDM15,IFFO2
5698,RP6-206I17.2,AC090186.1,MRPL46,RP11-54O7.17,ZNF577,TMEM254-AS1,RP11-221J22.2,FSD1
5699,CLSTN1,RP11-805J14.5,SIRPB2,SLC22A15,ETHE1,GCNT4,ANKS6,CYP3A5
5700,RP11-666A20.4,CTD-2165H16.4,RP11-291B21.2,CTD-2659N19.9,ZNF146,GPM6A,SAMD14,TCP11L1
5701,CEP85,CELF2-AS1,RP11-513M16.8,LRG1,GOLIM4,RP11-403A21.1,TPBG,ZNF557
5702,PTCD2,RP5-1115A15.1,HMGN3-AS1,CYP2S1,USP21,SCARF2,RP1-261D10.2,MPZL3
5703,PPTC7,RP11-383H13.1,ZNF77,CTA-373H7.7,RGS3,SLFNL1,CTRL,DST
5704,CCDC115,EPS8L1,PTPN4,RP11-156K13.3,HOXA10,ZNF396,LINC00304,VNN1
5705,ELK1,DEPDC5,TPRN,TMEM144,C5orf66,ADAMTSL5,CTD-2583P5.3,KB-431C1.4
5706,PRR11,RP11-158K1.3,UMPS,AC004540.5,LRRC34,AC123768.4,BOD1,ZNF844
5707,TMEM254-AS1,MRPL30,CTD-2256P15.2,LHFP,FAM101B,ZNF879,TET1,SCRIB
5708,CTC-338M12.5,RP11-379H18.1,CDC6,LINC00884,C1RL,SLC10A1,ZKSCAN7,ZNF718
5709,PER2,AC012360.4,LPCAT3,AC015971.2,FAM229B,C19orf77,LL22NC03-86G7.1,UBOX5
5710,IARS,DRAXIN,HM13,RP11-351I24.1,DLG4,LRP5,NIPSNAP3B,DVL3
5711,APOM,RP11-798M19.6,DLL3,SHISA4,SSBP2,MYO1B,BOLA3-AS1,RPAP1
5712,ADAM15,RP11-869B15.1,PCNXL2,SDS,RP11-244H3.4,FAM47E,COL17A1,RFPL2
5713,CTD-2371O3.2,RP11-452H21.4,PALB2,RP11-472N13.3,PRR22,AF127936.7,RP11-793H13.3,PODXL2
5714,LACC1,RP11-23P13.7,CEP120,BATF2,DIS3L2,RP11-513M16.7,KLHL25,FLT3
5715,AC011558.5,NCR3LG1,ZNF764,RP11-17M16.1,IFNG-AS1,CACNA1C,LRRC69,C10orf35
5716,RP11-247A12.2,RP11-95P2.1,CTB-32O4.2,MPO,ACPL2,RP4-539M6.22,LINC01063,NCAM1
5717,MANSC1,FNBP1L,RP5-1148A21.3,CTD-3193K9.4,SLC33A1,FAM228A,AVEN,SLCO4C1
5718,GVQW1,RND1,CA11,TRNP1,FAM13A,RP11-111J6.2,PUS7,ZNF286A
5719,MAK16,C22orf43,CHML,RNASE3,AC007383.3,RP11-265P11.2,TGM1,MAN1C1
5720,SAMD12,ZNF324B,XRCC3,RP11-452C13.1,ZNF131,RP11-46H11.3,TLDC2,SLC29A3
5721,OOEP,AP001046.6,ITGA6,RP11-8L8.2,ARRDC4,MPZ,ZNF624,AC091729.9
5722,ZNF799,ADD2,SLC35E2,C1orf213,PVRL1,SLCO4A1,OTOF,AL590452.1
5723,GTDC1,CKAP2L,GBA,HOXA-AS2,KIAA0125,C4orf47,BOP1,QSOX2
5724,PPAT,GAS2,FBXO46,IL27,ZNF257,ANKRD31,SLC35G2,KIAA0556
5725,RP11-514O12.4,CTD-2541M15.4,SHCBP1,ABTB2,IFNL1,SMIM8,AC195454.1,CENPBD1
5726,TSKS,IL11RA,CRIPAK,LRP3,C12orf42,CTD-2227I18.1,RP11-367J11.3,RP11-350N15.5
5727,CABLES2,CORO6,OSR2,CEP57L1,RP11-513I15.6,SUN3,TNKS1BP1,KIAA0586
5728,CEP112,EDC4,CTD-2256P15.4,SIGLEC12,PLAGL1,PFKL,SPDYA,ZNF674-AS1
5729,KRTAP5-AS1,RPA4,CPOX,ITLN1,NFATC2IP,CTD-2532N20.1,PHLDB1,LRRC27
5730,TJP3,PRKAR2A-AS1,CTA-293F17.1,SKA1,PSMG3-AS1,RP3-477O4.16,C7orf25,ATXN7L2
5731,DISC1,AC018766.4,PKMYT1,AZU1,DENND1A,RP4-684O24.5,PLEK2,RP11-464F9.20
5732,SPIN3,CTD-2201I18.1,RP3-325F22.5,PFKFB2,SGTB,GPR157,PDK4,CNTROB
5733,SQLE,TCAP,HIST1H2AH,AC007036.6,HMGCR,ZBTB8A,AC026471.6,BIVM
5734,RP11-137H2.4,RIN2,ARL17B,FAM193B,FYCO1,SV2A,TULP2,FAM206A
5735,CTDSPL,KCNH3,MYO10,CCDC153,DICER1-AS1,CTB-47B11.3,RHOD,RP11-554J4.1
5736,SLC35B4,ZNF772,CECR6,TMCC1-AS1,PDE9A,RP11-290L1.3,TNFRSF10D,TET3
5737,MORN3,TPBG,RP4-684O24.5,RP3-473L9.4,MT3,RP13-131K19.7,CTB-118N6.3,TAF4B
5738,AC002116.7,ZNF554,PLIN5,ACAD11,RP5-1065J22.8,RP11-379K17.4,CTC-523E23.1,RABGEF1
5739,AC007228.5,GPR35,BTBD3,ELAVL1,FAM189B,MAGI3,ZNF84,RP5-1142A6.8
5740,ZNF512B,RPL34-AS1,SAPCD2,RP11-215G15.5,BCDIN3D,ZNF284,RP11-196G18.24,AKAP11
5741,CPT1A,RP11-16N11.2,RASA4B,AC007285.6,LATS2,WNT2B,RP11-72M17.1,SIPA1L3
5742,FAM212B,MARK2,RP11-422P24.11,PMP22,AC131056.3,COX6B2,RP11-867G23.4,CHST14
5743,HILPDA,SPTLC3,CENPO,RP11-830F9.6,RP11-15A1.7,RNF175,AP001046.6,RP11-488L18.10
5744,SGSM1,MORC4,ZGPAT,CD1B,TSC1,RP11-137H2.4,ABCG2,CTD-3193K9.4
5745,C11orf71,DPEP3,DOCK4,RP3-399L15.3,CENPU,RP11-66B24.2,PRSS53,RP11-430B1.2
5746,CCNYL1,SGPP2,CCDC26,CTD-2540F13.2,ZNF502,AP001610.5,MOCS1,TMEM121
5747,C1RL,AL353354.2,CTA-407F11.8,RP11-446E9.2,ZNF654,RP11-774O3.3,PSD,RP11-473I1.5
5748,CTD-3131K8.2,GRB10,PARD6B,RP11-443B7.3,LINC00264,PLCG1,RP5-930J4.4,ZNF598
5749,CENPH,RP1-224A6.3,SFXN1,FA2H,BGLAP,ABLIM2,TMEM117,CDC7
5750,PPP1R12B,RP11-438L19.1,KB-1507C5.4,RP11-1055B8.7,LRRC3,PTPRM,NPR2,CEP97
5751,PEX13,PKNOX1,LAYN,SCARA5,RP11-46A10.5,AASS,PPP2R3A,AC074117.10
5752,GLMN,CCR4,CTD-3074O7.12,CTD-2319I12.2,FSCN3,TMPRSS3,RP11-355B11.2,ZSCAN25
5753,GALR2,AGL,RP11-212I21.4,ELANE,ZNF768,WBP2NL,FSCN3,ZFP1
5754,CTD-2086O20.3,FGF14-AS2,RP11-206L10.9,PDK4,RAB11FIP3,FRMPD3,RSG1,USP49
5755,MNT,RP11-10C24.1,KIAA0232,EMP1,GRIPAP1,HKDC1,HSPA2,AC002116.7
5756,NFIX,GDPGP1,LDLRAD3,FAM110B,C6orf57,CTD-2047H16.4,POLR2D,LRFN1
5757,HSBP1,VPS13A-AS1,ARSE,RP11-443B7.1,AP4B1,MADCAM1,RP11-513I15.6,AC079305.10
5758,AC010894.5,TK1,RP11-525A16.4,PGF,RP11-493L12.4,B3GNT9,MUC20,SLC16A11
5759,TOE1,IGSF22,OTOA,C1orf115,EPHA1,PARP2,GPAM,CTA-250D10.23
5760,TNRC6C,ZNF16,STK36,NMRK1,RP11-197P3.4,NRCAM,RP11-469M7.1,ADAT3
5761,GGT7,PXDC1,CEBPA-AS1,ABCC6,ZNF486,SEZ6,OSCP1,RGMB
5762,CHP1,CDKL1,RAB2B,VSTM1,APOA1,AC012074.2,GCNT4,LIPN
5763,LINC00493,FAM92A1,BORA,TEX22,PRKAR2A-AS1,GAS8,PDGFB,AC025171.1
5764,CEP128,RIN1,RP11-764K9.1,GPR84,WFS1,SUMO4,REG4,MACROD1
5765,REL,GUCD1,SRGAP1,DDO,ENO1-AS1,AC024940.1,SPIRE2,ACPL2
5766,AC004463.6,ZNF565,KCTD21-AS1,TMTC1,CD200,PYCR1,OIP5,RP11-522I20.3
5767,DAZAP1,TMOD1,RP11-356C4.3,CDH26,MAP3K9,RP5-1042K10.10,COL4A4,LONRF1
5768,HPSE,LINC01063,TTC21B,CCDC96,TMEM131,DSCR3,RP11-385F7.1,FAM221A
5769,MAP3K6,LIG4,RP11-734K2.4,RP11-252C15.1,JAKMIP2,RP11-317N8.5,SULT1B1,FAM220A
5770,MED17,MYO18A,FKBP14,ATP2A1,ATP6V0E2-AS1,RP5-1157M23.2,AC104809.3,CCDC24
5771,RP11-533E19.5,ZNF558,COPS7B,IL1R2,MBLAC2,C4BPB,MIR378D2,FFAR3
5772,PARP8,RP11-796G6.2,RP11-81A22.5,CCDC149,TCEANC2,RP11-56B16.4,ARHGAP33,CTD-2260A17.2
5773,ALS2CL,RFX1,AC099850.1,PRDM10,ORC1,HSPG2,C6orf229,AC009299.3
5774,PTPRJ,MTMR1,LINC00656,RNASE1,TESK2,CECR6,RBM34,RP11-660L16.2
5775,STAG3,KLHL11,SERPINB2,RP11-163N6.2,TTC34,MLLT4,HIST2H2AB,MSC
5776,SUV39H1,WWC2,ACAP2,PHLDA3,DHRS13,TRIM54,ACACB,AC062017.1
5777,TNFRSF8,RP4-635E18.8,ITLN1,LL22NC03-86G7.1,LACE1,TMEM238,FLJ45079,LENG8-AS1
5778,OCM,C3orf17,RP11-277B15.3,ELOVL3,P2RX4,COL6A1,AC009473.1,CYTL1
5779,ANK3,HIST1H2BG,NAA30,EPN2,RNF139-AS1,TUSC1,RP11-318C24.2,SPRY1
5780,PES1,COL4A3,RP11-362F19.3,CTD-2215E18.1,C17orf100,OXT,RP11-266J6.2,RP11-977G19.11
5781,MLLT4,AC009299.3,LINC01094,BTBD19,CDK18,AP003068.9,IRGM,TRIM34
5782,ACTR10,LAMA5,RP5-899E9.1,FAM3D,ZFC3H1,USP54,GLS2,E2F5
5783,MAML2,CERKL,RP11-282O18.3,ACOX2,ZNF155,CTC-550B14.7,C2orf44,IFT80
5784,XXbac-BPG252P9.10,TSPAN17,MED13L,EPHB3,THRA,ZFP2,KCNH2,RNF122
5785,CTC-378H22.2,AP001046.5,GPRASP1,DYSF,SEC23IP,XYLT2,RP5-864K19.4,ZNF585B
5786,CCDC120,LNX1,GPR61,MST1,AGBL2,CTD-3065J16.9,TIGD3,AC002310.12
5787,SPIRE2,AC145110.1,PADI2,P2RY6,SLC29A1,ALPL,FAM47E-STBD1-1,FAM173B
5788,ASB9,TRIM46,RP11-338C15.3,ITPRIPL2,ZNF227,C9orf116,CTB-129P6.4,SPA17
5789,ENKUR,ARMCX5,ADORA3,BOLA3,ROBO3,RP11-10C24.1,AC018755.1,RP5-1007M22.2
5790,EPDR1,AGAP2,EHHADH,TRIM74,TAF4B,CTB-129O4.1,TLR9,BICD1
5791,ADAMTSL4,OPTN,CTD-2571L23.8,C7orf13,MON1B,RP1-257A7.5,CHTF18,NLN
5792,CTD-2031P19.3,ASPM,LINC00893,MITF,BYSL,ACE,CTD-2541M15.1,CREB5
5793,AVIL,HOXA9,VSIG2,SLC6A12,NHLRC4,RP11-553L6.5,STARD8,N4BP2
5794,HIST1H2AL,METRN,GPER1,PYCARD,DNAJC3-AS1,METTL21A,SYNM,KCNE1
5795,ARMC5,C10orf111,C9orf47,PIWIL4,WNK3,AC083843.2,RP11-160O5.1,RP13-580F15.2
5796,C22orf43,RHBDL1,SIPA1L2,SCARF1,RP11-190C22.8,ANKHD1-EIF4EBP3,RP11-480D4.6,SLC35D1
5797,LCMT2,ACTR3C,TLDC2,HIST1H2BF,AL133245.2,TEX12,ZNF304,MORN3
5798,TGM1,ZNF486,RP11-552D4.1,FZD2,ATP5EP2,KLHDC9,ZNF425,CTB-61M7.2
5799,C10ORF68,TAS2R14,NAP1L6,SGMS2,WNT10B,CA6,SALL2,VSIG1
5800,PVRL3,RP1-223E5.4,FOXM1,CTC-338M12.4,ZNF746,RPL34-AS1,PPIL6,NPM2
5801,SPESP1,LRRC20,LL22NC03-86G7.1,UBE2C,CARD9,LRRC57,ALG1L,KIAA0754
5802,ERMP1,ZNF724P,RP3-508I15.19,CH25H,TRBV11-2,TPO,ZFR2,ARAP3
5803,EGR2,RP11-225H22.7,HIST1H4I,NCAPG2,B4GALT6,ALDH4A1,MMP14,TAF4
5804,MGST1,P2RY11,C2orf62,TPRG1-AS1,PAX5,RP13-131K19.2,UNC45B,FAM109A
5805,PARS2,PLD6,POLR2B,CLDN23,MGAT4B,CTA-445C9.14,KLHL32,UAP1L1
5806,TKTL1,RP11-863K10.7,SPR,OLFM1,GALNT2,NPAS2,AC008443.1,USP40
5807,IL3RA,LINC00422,TDRD9,SOX15,LONRF3,RP11-389O22.1,B3GNT5,ZMYM1
5808,RP1-224A6.3,RANBP9,C19orf33,ZNF205,PRMT5-AS1,MUC20,IGF2BP3,C2CD2
5809,RP11-977G19.12,RP11-624C23.1,PROS1,RP5-1142A6.2,PAXIP1-AS2,CLIP2,C5,ZNF764
5810,MAGIX,TMEM81,AGO2,CTD-3088G3.8,IL24,ZNF257,RP11-305L7.1,TPST1
5811,ALDH4A1,RP11-214O1.3,AC018766.4,RP11-213H15.1,CTC-297N7.8,CRIM1,CTD-3154N5.1,SFMBT2
5812,SAC3D1,FAM218A,CKM,SEZ6L,PIP4K2C,PANK1,RP1-159A19.4,OBSCN
5813,CD101,LYG1,FAM127C,ANPEP,KMO,DCHS1,PP13439,CBWD6
5814,S1PR3,RP11-264L1.4,KRT23,RP11-656E20.5,FRY,C22orf15,FBXO36,PFN2
5815,KAT7,RP11-558F24.4,RTEL1-TNFRSF6B,RP4-583P15.15,NDUFS8,RP6-206I17.1,NCKAP1,KIAA1009
5816,SEMA4F,GUCA1B,LINC00482,C5orf54,RYK,RP1-151F17.1,RP11-77H9.8,DDB2
5817,ZNF596,CYTL1,RP5-1142A6.8,OSGIN1,CTC-241N9.1,PIFO,TPRN,RP11-410L14.2
5818,ZBED6CL,USP12-AS2,POLA1,RP11-529K1.4,MTFR2,ZNF711,LGALS8-AS1,GRAMD3
5819,UPK3A,MRE11A,IL1RL2,RP11-54O7.11,RP11-160H22.5,CLECL1,TJP3,RP11-533E19.7
5820,ZNF304,PRPF38A,CTB-96E2.7,CTD-2583P5.3,P4HA1,CDH20,PRRG4,NBPF9
5821,INPP5B,SPATA21,VPS9D1,GPR125,TRAIP,CNKSR2,ZNF7,ZBTB37
5822,MS4A4A,FSCN3,TMPRSS13,UACA,RP5-1125A11.1,CTD-2201I18.1,RP11-545E17.3,NUBPL
5823,MMP28,CTD-2587H19.1,RP11-351I24.1,RP11-315O6.1,SUV39H1,CRB1,NAP1L3,TPRG1
5824,NFKBIL1,RP11-529K1.4,CTD-2541M15.4,LTB4R2-1,RP11-195F19.5,ZNF57,C1orf186,PAXBP1
5825,BRPF3,IFT81,KCTD21,C2orf27A,UBR4,ZNF724P,RP11-279F6.3,H3F3C
5826,AC008443.1,CBWD3,AC005932.1,COL4A4,LRRK2,CPA5,FLJ20306,CC2D1B
5827,SMURF1,RP11-385F7.1,RP11-156K13.3,MOCS1,CTBP1,SLC3A1,GNAO1,DHCR7
5828,MYLPF,PRMT5-AS1,MUC20,RP11-644F5.16,ZNF329,RP11-782C8.1,ELMO3,SPECC1L
5829,TCAIM,EFEMP2,PBX1,FRMD3,ZNF107,TMEM52,RP11-415F23.2,C5orf34
5830,ALG3,PDGFB,C9orf9,RNF122,GATM,CELSR2,RP11-443B7.1,ARHGAP31
5831,SLC19A2,RP11-445H22.3,CENPP,RP13-131K19.6,RP3-380B8.4,TAPT1,MIR940,ZNF141
5832,RP11-96K19.5,AHI1,ZNF148,AATK,KCNAB3,KHDRBS2,FITM1,CTD-3185P2.1
5833,AC012074.2,RPH3AL,ARRDC3,TMEM163,RP11-936I5.1,CTD-3064H18.1,RP1-151F17.2,ZNF107
5834,MORN4,MASTL,CAMP,DNAJC9-AS1,TUBGCP3,SHCBP1,AC129492.6,ZNF575
5835,HEXIM2,RP5-1050D4.3,NID1,FAM209A,SSH3,SERINC4,ZNF630,HIST1H4K
5836,CTC-524C5.2,SLC25A4,RP11-930P14.2,DHDH,SETD1A,EPM2A,LCAT,RP4-816N1.6
5837,RP11-267N12.3,RP11-50E11.3,AC007285.6,DTX4,SLC36A1,AC009501.4,RP11-338C15.3,RASGRF2
5838,FBXO5,SLC12A5,LATS2-AS1,CTD-2516F10.2,ALS2,RP6-206I17.2,FAM53C,B3GALTL
5839,PRRT1,DCBLD2,TAS2R14,GNA11,ZNF416,RP11-292F22.7,LFNG,FOXP3
5840,BASP1,RP11-337C18.8,NEK2,AC004069.2,AP000442.1,SGPP2,GRK4,RP11-326F20.5
5841,VAV3,RP11-385F5.5,ASPM,ITIH4,TRAF5,RP11-302B13.5,FZD2,MACROD2
5842,AC021188.4,IRAK1BP1,IBTK,RP11-629O1.2,TBC1D1,ZNF449,C14orf132,RP11-326K13.4
5843,GNAI1,C17orf100,LRP3,CELSR3,TANC2,DLL3,HNRNPAB,LINC01135
5844,A2M,IL12A,ARFGAP1,RP11-290L1.3,CTD-2135D7.5,NHS,RP13-131K19.7,BAG3
5845,NEK3,SLC35F3,CASP5,CASS4,BCO2,AC124944.3,AC009961.3,ADARB1
5846,CLDN12,GID8,BATF2,RP11-467P9.1,CD300C,KIAA1107,ERP27,KIAA1598
5847,CHST14,RP11-517I3.1,RP11-472N13.3,RP11-317J10.2,FSTL3,MTCP1,RP11-175O19.4,CD101
5848,TRIM66,C1orf200,KCNMB4,FAM167A,FANCF,DMC1,CTD-2540F13.2,NEK4
5849,SPEG,ZNF517,RNASE3,RP11-46D6.1,RNF170,HIST2H2BF,CITF22-92A6.1,TMPO-AS1
5850,RP5-884G6.2,RP1-151F17.1,RP11-312B8.1,HPD,CLCN7,FGF14-AS2,LTBP3,MSANTD2
5851,NPIPB6,RANBP6,SKA3,RP11-305L7.7,FRS3,AC013449.1,RP11-214N9.1,ULK4
5852,AC139100.2,LL22NC03-2H8.5,NOP9,AC000003.2,H1FX-AS1,CTC-366B18.2,IL27,TMEM201
5853,AC013449.1,AC006547.15,P2RY12,LAMC1,RP5-1021I20.1,RP11-713P17.3,ESPN,NOL6
5854,LOXL3,RP11-293A21.1,DUSP19,SLC2A9,SORBS1,RP11-362K14.6,RP11-950C14.3,N6AMT1
5855,ZNF84,ADAM12,LINC00884,HGF,CSTA,C5orf27,ARHGAP42,ZNF562
5856,C2orf81,ZNF223-1,CTD-2514K5.2,L1TD1,RBM27,RP11-126L15.4,MTUS1,TWSG1
5857,RP11-126K1.2,ZNF391,RP11-452C13.1,DLEU7,RP11-73O6.3,AC195454.1,WFS1,WRN
5858,CTD-2366F13.1,USP46-AS1,TMEM105,RP11-930P14.2,WWC3,SEPP1,RP11-666A1.5,AREG
5859,CTD-3065J16.9,AC010894.5,CTD-2651B20.3,RP11-96D1.11,ZNF514,ABCA1,RP11-327F22.2,PLXDC1
5860,KIAA1279,RP4-789D17.5,SGCB,NACC1,AGAP5,SRRM5,LINC00511,RPH3AL
5861,RP1-261D10.2,SNX33,TMCC1-AS1,HP,ZDHHC21,SCGB1B2P,CTC-297N7.8,URB1
5862,RP11-571M6.7,RP11-157J24.2,AP001046.5,PROC,RP11-159G9.5,CRYGS,ZNF396,ZSCAN29
5863,ZFP57,CTD-2015H6.3,RP5-1024G6.7,RP11-84C10.2,GS1-393G12.13,AC104699.1,RP11-483I13.5,VWA5A
5864,RP1-191J18.66,PYGM,SLC22A15,GPR20,RP11-758P17.3,ANKRD18B,FAM13A-AS1,CETN3
5865,C11orf95,OGFOD1,AC004069.2,CSRP2,INTS6-AS1,RP5-940J5.6,MID2,SYNJ2
5866,ZNF616,CTD-2516F10.2,CDCA8,TMEM51,D2HGDH,RP11-661A12.14,AC109333.10,ZNF287
5867,EIF4EBP3,DMC1,RP11-863P13.2,CCDC62,E2F6,CTD-2516F10.2,PDP2,HIST1H4J
5868,GPR63,ZBED6CL,CTA-14H9.5,TST,MCM6,RP11-863K10.7,TMEM199,PKIB
5869,NEB,FLJ00104,L1TD1,HUS1B,SPOPL,LINC00630,RP11-793H13.10,HABP4
5870,RP11-641A6.2,ADC,TET1,CLTCL1,AC009948.5,RP11-379K17.12,KANK3,RP11-386I14.4
5871,LNX2,VNN2,XRCC5,RP11-701P16.2,DNPEP,MAP3K14-AS1,RP11-57H14.2,FLJ00104
5872,GS1-114I9.1,ZNF624,RP11-849F2.7,NID1,C3orf14,ECT2,CTD-2630F21.1,KIAA1919
5873,GAREML,RP13-131K19.2,PKD2L1,WNT5B,NUSAP1,Y_RNA,RP11-95D17.1,TOP3B
5874,ZNF225,RP11-6F2.5,FAM110B,WDFY3,ZNF776,AKR1CL1,IQCK,RP11-11N9.4
5875,RP11-782C8.1,COBLL1,CTA-373H7.7,FFAR3,MFSD2B,KNTC1,ZNF711,CHST13
5876,OSCP1,ALDH4A1,CTC-507E2.1,OPLAH,DSEL,RAPGEF3,RP11-403I13.4,ZNF512B
5877,CTD-2325M2.1,ZNF41,AC008174.3,DGKG,RAB12,RP5-930J4.4,RPS10P7,ENTPD5
5878,ADCY9,AP003068.9,SULT1A1,LGALS12,GVQW1,RP11-274B21.10,GMPPB,CTD-2192J16.22
5879,AIMP2,SLC2A5,PEBP4,CCDC115,PDP2,CYP2J2,RAB12,SH3BP5-AS1
5880,AC103563.8,ZNF202,CTB-178M22.2,RP11-305K5.1,ZNF358,OVGP1,RP11-307C12.12,RRP36
5881,C3,LAPTM4B,CDK5RAP1,CABLES1,CENPN,HSF5,BMPR1A,HTR3A
5882,TMUB1,C5orf27,CCDC153,CBX2,CACNA1A,ZNF541,CCDC15,ZNF341
5883,CXCR2,ABCC4,CRYBG3,FOXM1,KLHL36,CTD-2410N18.3,ANGPTL6,OLFM2
5884,COQ9,AMY2B,FAM132A,GS1-393G12.13,ANAPC2,TLL2,C2orf40,ZNF582
5885,PIGW,ANKS6,MPO,STRN4,RCN3,TVP23A,TTC4,RP11-635N19.1
5886,RIMKLB,LINC00880,CARM1,AIFM3,EEA1,ANKRD50,RP11-277P12.20,AC062029.1
5887,TES,RP11-58B17.2,ARC,RP11-206L10.2,RP11-105N14.1,ACVR2B,ZSWIM1,CNTLN
5888,SRGAP3,RP11-108P20.1,GPT2,CPT1B,CTB-55O6.12,RP11-178L8.7,EPHA4,RP11-117D22.2
5889,RP1-20N2.6,PROS1,PDK4,MAP3K14-AS1,TMEM44-AS1,RP5-884G6.2,RP11-326C3.11,AL645728.1
5890,RP11-474G23.3,PTPDC1,CTD-2659N19.9,FAM114A1,CYP51A1,DAB1,CCNE1,SRR
5891,SVIP,ZNF653,RP11-439L18.2,DDR1,NCOA2,ADCK2,DCLRE1A,SUFU
5892,PNMA3,AC093157.1,TDRP,RP11-361D15.2,ANKDD1A,RP11-600F24.7,PBX1,AC007880.1
5893,ERAL1,FAM228A,RP11-315O6.1,FAM50B,ZDHHC18,PPP2R3A,PAGE5,LSS
5894,ZACN,ZNF547,SLC4A4,RP11-533E19.7,ZNF71,ZSCAN31,RP11-195F19.5,CTA-292E10.6
5895,COPG2,UCK1,PPP1R18,SERPINF2,STK35,MCAM,SLC12A4,LY96
5896,RP11-700H6.1,MAP3K12,PBK,THBD,POLR3B,CTD-2350C19.2,CCNF,C3orf33
5897,METTL14,CDCA7,CEP76,CD1A,HBS1L,ZNF547,CYP1B1,ANKRD40
5898,MYLK-AS1,NAA60,GMPPB,AC062017.1,HIST1H4H,CTD-2555C10.3,RIN2,CACNA1C-AS2
5899,TRIM59,PLLP,PRDM10,CTC-507E2.1,ACCS,RND1,CYTH3,GPR150
5900,ABCD1,LRRC3,RP11-1079K10.4,RP11-190C22.9,TBKBP1,RILPL1,RP4-781K5.2,PTDSS2
5901,CYB561D1,RP13-131K19.6,AZU1,FAM20C,RP11-152N13.5,RP11-138I18.2,RP11-216B9.6,PYCRL
5902,METTL7A,HCAR2,AC007036.6,COLCA2,BAZ2B,ADD2,RP11-407G23.3,RP11-4F5.2
5903,RP11-77H9.8,AL020996.1,PPP2R5B,NPIPB5,MKI67,CCNT2-AS1,MEGF6,RP11-467D6.1
5904,RDH10,AC009473.1,PWWP2A,CTD-2666L21.1,C11orf49,KLHL11,CTH,SMCR5
5905,NEURL4,RIMS3,DLG5,SRCRB4D,MDK,FAM178B,SELP,LNX2
5906,HLA-DOB,CTD-2033A16.3,LMO7,ATP8B4,RAP2A,RP11-402D21.2,FRMD3,PER3
5907,RP11-1017G21.5,FAM81A,UBXN10,RP3-508I15.21,TNFRSF14,FAM47E-STBD1-1,C2CD2L,TMOD2
5908,NOD1,GMEB2,CRIP1-1,FAM81A,CWF19L2,KRTAP5-AS1,SLC16A6,MKS1
5909,ZNF460,CLIC5,ARSA,RP13-314C10.5,RLN1,CERKL,MOV10L1,ZNF282
5910,SNX1,GNAL,RP11-458D21.6,S100P,HCAR2,CHGB,RP11-47A8.5,ADPGK-AS1
5911,PIWIL1,C19orf77,IL27,C10orf25,CLN8,LINC00880,ZNF502,ANKRD52
5912,WDR41,CABP7,RP11-677M14.7,C8orf31,CCDC9,FAM83G,TSSK6,BRMS1L
5913,SLC25A32,RAD52,CHST13,GPR34,MYPOP,NLGN4Y,APOOL,CTB-152G17.6
5914,GGH,GPR157,TNFSF13,RP1-266L20.2,RP11-643M14.1,UBXN10,LGALS4,PMM2
5915,KIAA0020,AC009950.2,ZNF333,RP11-417F21.1,TCN2,DPY19L2,RP11-1060J15.4,FAM200A
5916,SLAIN2,RP11-66N11.8,SIGLEC12,FAN1,ALMS1,MAMSTR,MAP6D1,PCSK5
5917,AKIRIN1,NAP1L3,RP11-305L7.7,MED4-AS1,RP6-91H8.3,NEK2,PVRL1,MOCS3
5918,MYH11,LRRC57,RAPH1,KIAA0895L,S100A12,BRSK1,WDR66,AC009065.1
5919,SLC9A6,OCM,RP11-252C15.1,RP11-1149M10.2,IL10RB-AS1,ZNF415,COL4A3,EXTL2
5920,CMTM2,RP11-656E20.5,ZNF417,ARC,TADA1,RP11-793H13.10,LINC00880,LOXL1-AS1
5921,AASS,NPM2,ABCC6,NT5DC2,TNFAIP8L1,CTC-209H22.3,CTD-3203P2.2,ZBTB21
5922,RP11-83N9.5,ZNF354C,PPP1R26,AC009950.2,BAG4,RP11-60I3.5,BFSP1,EVC
5923,C12orf4,RP11-362K14.6,RP11-293A21.1,HRASLS,PLEKHG2,BMPR1A,THBS1,ZBTB33
5924,PRSS36,MST4,PPT2,ADCY9,MAP1LC3A,MXRA7,ACVR1C,GPM6B
5925,MYLK,CHFR,RGS9,CTD-2353F22.1,TYW1,RP1-234P15.4,PNMA3,HMGXB3
5926,C6orf203,RP11-483I13.5,SMIM8,GFRA2,CHTF18,C14orf132,CTD-2012K14.6,PBX3
5927,SECISBP2L,LINC00663,SH3BGRL,BTBD3,ABCA5,RP11-206L10.2,MEGF8,CHAF1B
5928,KBTBD6,MIR378D2,RP11-317J10.2,PAPSS2,PDDC1,TNFRSF11A,ZNF165,FAM227B
5929,RNF32,ZNF587B,DTNA,VDR,CBY1,PNMA3,CTC-297N7.5,LRSAM1
5930,RP11-292F22.7,AC022498.1,LNX2,C19orf18,ERI3,EPPK1,SSTR3,COL9A2
5931,BAIAP2,SMAD4,C1orf172,PARM1,TMEM143,KDELC1,RP11-338I21.1,SCT
5932,SNX12,RP11-873E20.1,TGM2,SCGB3A2,PTBP2,PLXNA3,IL17RE,SMARCAD1
5933,ARHGAP18,DIDO1,CENPA,ARHGAP42,SRF,PGBD3,PLEKHM3,NAV1
5934,TCP11L1,NHLRC1,LINC00984,ARHGAP29,CPM,C17orf51,CDK1,PPP1R3D
5935,DDR1,PLXNA3,CCNYL1,LINC00694,ZSCAN12,PRDM11,RP11-755F10.1,TTLL4
5936,KIF16B,C11orf35,RP11-361D15.2,C1orf53,TIGD6,CTD-3203P2.2,HIST1H2AL,CTD-2270L9.4
5937,SLC16A10,RPTOR,RP11-434H6.6,HOXB3,ITPR1,PLS3,TCP10L,FAM189B
5938,CTD-2517O10.6,PPP2R3A,CALCRL,RP1-168L15.5,BZRAP1,AC004158.2,ZNF417,TBC1D31
5939,RP11-429E11.3,TAPT1-AS1,EMP1,PDE4C,TRPM2,TMEM136,SLC2A5,INTS2
5940,CTD-2532N20.1,RP11-973H7.4,C18orf21,RP11-863P13.2,FBXO3,NXPH4,SENP8,ZNF565
5941,CCDC59,TMEM117,RANBP17,RP11-95P2.1,KIAA0753,PLCH2,RP1-317E23.3,PDE8B
5942,HGD,ZNF616,CH25H,RP11-379F4.9,CYSLTR2,AC068580.6,FBXL19,GDPD5
5943,CTA-292E10.6,TBKBP1,ELANE,SLC2A5,RWDD2B,RP11-247A12.2,PLEKHG4,TRMT10A
5944,KDM4D,RP11-243J16.7,BTBD19,FGF14-AS2,CTC-301O7.4,ITPKB-AS1,RP11-379H18.1,KBTBD7
5945,LYNX1,SCD5,RP11-505P4.6,RAPH1,TMEM251,GPR126,RP4-798A10.2,RP1-29C18.10
5946,SGMS1,RP11-395B7.4,ZWILCH,AC005932.1,BROX,AC026471.6,KBTBD4,GPR68
5947,TEPP,ZNF483,PRELID2,AC015849.19,RP11-67L2.2,PM20D1,AC004463.6,POLH
5948,TMEM138,ITGA1,PPP6R2,CCDC151,MAFK,CTD-2260A17.1,EPB41L5,AC005523.2
5949,VARS2,FLJ20306,RP11-456D7.1,ZNF585B,CCHCR1,RP11-421M1.8,AC016757.3,NFYC-AS1
5950,RP11-575L7.8,EML5,RP3-399L15.3,RP5-1098D14.1,RP11-589P10.5,JMJD7-PLA2G4B,NRBP2,PPP1R12B
5951,KIAA1429,CLEC17A,FIBCD1,FCAR,DKFZP761J1410,DYX1C1,LINC00925,ZNF133
5952,GTF2B,ACVR1C,RP11-395B7.4,VSIG10L,SDCCAG3,CSRP2,MIR4453,SLC7A5
5953,PTGIR,TCF7L2,SFTPD,CCL2,AC027307.3,RP4-789D17.5,TGFB3,AARS2
5954,RASIP1,RAB11FIP5,AVEN,ANKRD22,ZNF570,ZNF225,TMEM171,PTPRK
5955,CD38,SYDE2,C12orf39,FBF1,FASTKD3,CDON,RTTN,AL591479.1
5956,SULT1A3,SYCP3,KRT73,RP11-809N8.4,AGPAT5,GRAMD1C,ZNF324B,TSEN2
5957,ENTPD1-AS1,FAM153A,NME1,FNBP1L,ENO3,TRIM61,KLHDC9,IBA57
5958,ADM,MYB,WDR11-AS1,RP11-221J22.2,ABCB10,TMEM200B,RP11-793H13.11,CCBL1
5959,RP11-134P9.3,PRDM8,OMG,DPYD,DOCK8,TLR9,RASSF6,CHTF18
5960,CEACAM3,RBM27,NUGGC,RP11-356N1.2,AP001062.7,C10ORF68,CTB-12A17.3,NAGLU
5961,RP3-486I3.7,CCDC61,OVCH1-AS1,GLCE,TMCO3,KLHL32,CTD-2368P22.1,ZNF691
5962,TTC28,CCDC62,RP11-443B7.3,RP3-466P17.1,MLH3,ZMYM6,DBNDD1,SLAMF8
5963,TMEM176A,IL7,RIMS3,MARVELD1,CTD-2270L9.4,EXOC6B,GNG5P2,RFX2
5964,SERAC1,AC018816.3,RP11-178C3.2,RP11-677M14.7,DISP1,SMAD7,GNAZ,RP11-1391J7.1
5965,ARHGAP11B,UNC5CL,ROCK2,HLX,STXBP5,CIT,RAPGEFL1,CNR2
5966,DCHS1,NIPSNAP3B,BRCA1,KCNE1,RP11-752G15.6,HAR1B,PDZD7,KIF16B
5967,AC074183.4,CTD-2651B20.3,GPR20,ANKDD1A,ZFHX3,RP1-317E23.3,NPTXR,RP3-467N11.1
5968,AC006994.2,GPT2,TMTC1,NRP2,LIN52,RP11-225H22.7,CCL27,DHX32
5969,NR2C2,PNPLA7,RP4-536B24.3,CCNT2-AS1,CDHR3,RP11-441O15.3,SEMA4F,DHX40
5970,CTC-454I21.3,RP11-977G19.12,RP11-884K10.7,KIF18A,PARP1,SNORD3A,VSIG2,AC024592.12
5971,AMZ1,C16orf46,RP11-381K20.2,TRIOBP,DARS2,RP11-336K24.12,TMEM38A,PROS1
5972,PAX8,DNAJC28,ELOVL3,RP11-336K24.12,PVRL2,RP3-322G13.5,POMGNT2,RP11-128M1.1
5973,ZKSCAN7,REG4,CTD-2085J24.4,KPNA3,UBOX5,RP11-95P2.1,ITGA1,ZNF678
5974,RP11-707M3.3,LEPREL4,RP11-80H8.4,AQP9,FOXN3,DUSP19,RP11-426L16.3,PROCR
5975,CTC-297N7.5,RP11-147L13.2,ZNF736,AC026806.2,USP6NL,CTH,DMPK,LINC01136
5976,APOBEC3D,RP11-35G9.3,WFIKKN1,ABHD1,AC069363.1,RP11-511I2.2,DCAF15,ZNF484
5977,CDK5RAP1,RP1-28O10.1,FAM151B,CTB-178M22.2,YIPF1,RASSF6,C1orf204,ZNF503
5978,MAP1B,IFITM10,RP3-462E2.5,LIN7A,LRRN3,RP11-529K1.4,RP11-680A11.5,CLDN15
5979,NF2,L3MBTL4,RP1-265C24.8,REPS2,IL18,PHLDB1,CLCN4,WDR86
5980,RP11-1070N10.3,BPNT1,CEP55,UBE2O,C17orf70,ULK4,DOCK7,ZNF780B
5981,SPDYA,AC009120.10,PKN3,MLLT10,SCARB2,BEND4,GLIPR1L2,RINT1
5982,PPP1R3B,ABCB1,CXCL9,AP000769.1,CARD6,RP11-473M20.16,SLC5A2,MICAL2
5983,ZNF391,CTC-297N7.5,GNA11,SLC41A2,CNR2,RP11-656D10.3,RP11-161M6.2,TIFAB
5984,LINC00174,SS18L1,C1orf177,CTD-2544N14.3,PCTP,CDK5R1,TESK1,SLC41A2
5985,ZNF205-AS1,TMTC3,DDO,RP3-525N10.2,SPIN4,FBXO36,LRRC34,ZNF671
5986,RP11-260M2.1,OPLAH,RP11-661A12.5,FIBCD1,POPDC2,TNFRSF21,HIST1H2AM,UBQLN4
5987,ZNF517,AP4B1-AS1,RP11-342M1.3,TDRP,C12orf66,PARM1,TRIM59,PIGQ
5988,LRFN3,RUVBL1,CLTCL1,ENTPD7,ADAMTS10,RP11-705O1.8,MIR181A2HG,EVA1C
5989,TVP23A,UGGT1,NRXN2,PIK3R6,TESK1,CTB-102L5.4,DBF4B,RP11-162G10.5
5990,AC116614.1,CTD-3074O7.12,PDE8B,SENP1,KNSTRN,AC010894.5,HOXA5,LACC1
5991,RP11-415F23.2,HMMR,ANPEP,GATS,VPS35,ZNF507,RP11-430H10.1,KRT7
5992,LINGO3,B3GNT2,DYSF,GPR42,SLC39A6,RP11-293A21.1,RP1-315G1.3,NR2F6
5993,ZNF320,SGOL1,LINC00106,SH3D21,FAM195A,CEP72,RP11-734K2.4,FBXL5
5994,CLPB,ELOVL4,FKBP9,ATL1,MTA1,NPR2,EPN2,CCDC9
5995,ANKRD6,CCDC102B,PODN,RP11-1079K10.4,CDC6,ARHGAP42,GAB1,ANK3
5996,CCDC69,RP1-92O14.3,STEAP3,CTC-444N24.6,MED14,C10orf111,ZNF579,EDRF1
5997,CABP4,RP11-875O11.1,FRMD3,LRP12,CACNA2D3,CCR9,LPP-AS2,SLC9B1
5998,RP11-573D15.9,MIR497HG,PDE5A,RP11-432J24.2,MCM10,RP11-513M16.8,TMEM262,MTHFSD
5999,SOX12,NLRP3,FKBP7,IFT81,PDS5A,ZBTB39,MARC2,AC026806.2
6000,RP11-1391J7.1,TUBG2,CASS4,SLC22A18AS,ZFYVE1,RP11-134G8.7,AC131056.3,C17orf58
6001,PLLP,DYX1C1,ZNF724P,MTSS1L,SHCBP1,RP11-106M3.3,PLEKHN1,ACTR3C
6002,GFM2,PPP1R3B,SLC38A6,RP11-484K9.4,MT-ATP8,LIG4,AZU1,CSDE1
6003,DNAJC24,TRAIP,RP11-264L1.4,LINC00984,OSR2,CTC-260E6.6,CXCR1,FGFBP3
6004,RGPD2,AC007383.3,MTBP,KHDRBS2,PLIN5,NPIPB3,KANSL3,SMKR1
6005,KHDC1,TNKS2-AS1,MMRN1,PLVAP,GPR61,AC104655.3,TNIP3,LIMK2
6006,ZNF514,RNU12,CD38,CYP4F22,RP4-684O24.5,MYCBP2-AS1,ACVR1B,TNPO2
6007,BBS2,HSF4,ADAMTS10,FAM151B,SAPCD2,RP1-261D10.2,ANKS1B,PALLD
6008,UBE2C,CDC42EP3,HMMR,RP11-498C9.2,SRP9,RP11-755F10.1,ZNF322,HESX1
6009,DNAJC18,ZNF804A,SLC6A12,AP001053.11,CECR6,WNK3,B3GAT1,KIAA1147
6010,CCDC102B,BBS1,JAKMIP2,PPP1CB,RALA,TNKS1BP1,RP11-308N19.1,AC093627.10
6011,ZNF165,MTERF,DMC1,ARHGAP18,UCHL1,DUSP16,FAM65C,SLC41A1
6012,ZNF502,CSNK2A3,TGFB3,CTD-2196E14.4,ZGPAT,RP11-571M6.7,CTD-2085J24.4,TCEANC
6013,CLDND1,NBPF3,RP11-221J22.2,WFS1,RSRC2,SLC4A5,TRIM2,LRRC46
6014,RBL1-1,ZNF771,RSPH9,RP4-781K5.2,ESCO2,PRR22,SLC27A2,RP11-295P9.3
6015,RP11-536K7.3,CDC6,CTC-444N24.6,KLHDC9,AC015971.2,LINC00304,AC069513.4,ATP1B1
6016,MARC1,CTD-2353F22.1,ZNF625,RP3-462E2.5,PPP2CB,WDR60,KDM4A-AS1,TMEM170B
6017,MBOAT2,HMGA1P4,MOCS1,PRSS53,RP11-849F2.8,CTB-118N6.3,GALNT3,XPR1
6018,MAP4K3,MLKL,GPR133,AFAP1,DOCK4,TSGA10,NXPH4,RPPH1
6019,FAM83G,WBP2NL,AC104809.3,CTB-129P6.4,MYO10,CCNI2,AC004893.11,PPAPDC2
6020,FZD6,MATN1,RP11-11N7.4,RP11-297B17.3,RP11-458D21.6,CTD-2517O10.6,RP11-56B16.4,CLCF1
6021,KLRC1,DGUOK-AS1,LINC00968,CTD-2083E4.6,RP11-206L10.9,GEM,RPS4Y2,B4GALT6
6022,MRPS17-1,FDPS,CCDC149,WNT2B,PKMYT1,AP003774.4,AL353354.2,FLVCR1
6023,SNED1,LINC00264,SERPINE1,AIFM2,FANCB,ADAM22,INSR,PDZD8
6024,DLAT,FAM222B,KCNE1L,ZNF416,CTA-293F17.1,WNT10B,GNAL,TUFT1
6025,TNFSF13,C6orf99,RBMS2,AC078883.3,RP11-108P20.1,KCNH3,HSD17B1,SYT17
6026,PAIP2B,RAD51D,SLFNL1,IDO1,VPREB1,BTBD19,ZNF665,ZNF175
6027,CENPF,NPTXR,RP11-195F19.9,RP11-33O4.1,RP11-362F19.3,PSD,AL627309.1,NDC1
6028,AC005306.3,MCM10,RRNAD1,RP11-70C1.1,NHS,LINC00562,RP11-190C22.9,LEPREL4
6029,RABGEF1,TEF,RASA3,RP11-158M2.3,FOXM1,RP11-77H9.2,SCD5,ASPH
6030,GDPD3,CPNE2,RP11-656E20.5,AC015922.6,CEBPA-AS1,SLC45A1,RP11-314O13.1,PTPRO
6031,EHBP1,TTC4,TCEANC,RP11-135A24.4,DHDH,RP11-46A10.5,DYX1C1,GSPT2
6032,MFN2,TNFAIP8L2,RP11-1100L3.8,ZNF24,AC099850.1,CTD-2162K18.4,TEC,REXO1
6033,HSPA2,CDC20,ZFPM1,OMG,KB-1507C5.4,ZNF259,CUZD1,TMED8
6034,RP11-506M13.3,MIEF2,LINC00663,PKIB,DNAJC9-AS1,KRT73,XRCC3,LINC00863
6035,ALG2,TBC1D24,TMEM200B,BACE1,GNA11,CDK1,ZNF620,GGT1
6036,FANCB,FOXM1,RP11-175O19.4,RP11-6F2.5,SKA1,COLCA2,LINC00299,STPG1
6037,ARHGAP12,NDFIP2,PBX3,GAB1,LINC00656,AC006547.15,AIRE,ZSCAN2
6038,ARMCX1,UCHL1,DCAF17,PLXDC1,RASA4B,C16orf46,ZNF30,CLUH
6039,C3orf18,IL1RL2,SGPP2,VENTX,CELSR3,ZBED3,USP35,AC132872.2
6040,TGFB3,RP11-531A24.5,CIT,CTD-2017C7.1,SIPA1L2,RP11-558F24.4,HMGN3-AS1,CTD-2162K18.5
6041,MEFV,TRAF3IP2,BHLHE40-AS1,HLA-DQB1-AS1,CDPF1,UNK,ADAM23,RALGPS1
6042,MIR3615,CTC-459I6.1,RPS17L,ABCB4,RASAL1,ITGAV,RP11-393I2.4,POFUT2
6043,TTLL11,ZNF551,PCSK6,AC104809.3,CTA-407F11.8,ZNF492,ORAOV1,AC120194.1
6044,GRPEL2,AL590822.2,ANKEF1,RP11-477N3.1,BTBD19,CYP4F35P,IKZF4,SYCE3
6045,ARMCX6,ADIRF,C20orf201,NLN,RP11-1079K10.4,CCDC163P,PVRL3,NSUN7
6046,GP5,ERF,RP4-781K5.2,WARS,ADIRF,KCNH2,SERPINE1,ERF
6047,CLP1,ESCO2,ZNF17,RP11-458D21.6,AC007285.6,EFHD1,RP3-508I15.19,PTPN23
6048,PI4K2A,FBXL22,ZNF84,RP11-338I21.1,SPR,CDH1,FAM129B,RIC8B
6049,KCNK7,RP3-466P17.1,ITPRIPL2,ZNF625,SERPINB2,PPP1R3B,RP11-415F23.4,SPRED1
6050,HOOK1,TRIM31,TTN,RP11-110I1.14,GPR125,USP12-AS2,PNRC2,GPR180
6051,CD93,CCDC3,C2orf27A,CTA-445C9.14,RP11-552D4.1,ZNF571-AS1,AP000769.7,BAIAP2-AS1
6052,RP5-914P20.5,RP4-816N1.6,PRSS53,ADD2,RP11-212I21.4,ZFYVE9,TTC28,P2RX7
6053,LEPR,LA16c-358B7.3,RP11-213H15.1,RP11-13P5.1,RP11-531A24.5,RP11-350G8.5,RP11-1007O24.3,PORCN
6054,EPPK1,LINC00894,CELF2-AS1,PSME3,RP11-764K9.1,ESR2,WNT11,PLBD2
6055,CDC7,SPERT,WNT11,CEMP1,CTD-2659N19.9,NUP62CL,PROK2,NEK3
6056,RP11-98I9.4,NIPAL1,GRIK4,FAM198B,ADORA3,RP11-388M20.6,RP11-977G19.12,PLK2
6057,AIRE,RP11-347C12.1,FZD2,SEC14L5,AC004540.5,C1orf204,KCNN1,ZNF777
6058,PSEN2,ZNF256,BCAT1,NUPR1L,C10orf12,CLCN4,USP27X,MICAL3
6059,CNTROB,RP11-196G11.2,DBT,LINC00968,OTOA,ZNF223-1,B3GNT2,LINC00910
6060,HEMGN,RP11-138P22.1,AASS,RP11-1151B14.4,OPLAH,TAS2R30,PEX11A,WDR76
6061,HSD17B14,ZNF442,SLC12A5,ADIRF,C9orf47,AC110771.1,ERI2,GOLGA8A
6062,ZNF630,PRKCZ,FGF14-AS2,NAF1,RP11-305K5.1,RP11-707G14.1,RP11-395G23.3,CYP2S1
6063,RP11-750H9.5,ZNF625,FAM3D,IL17RC,LINC01094,ITGA1,RP11-309M23.1,TRIM37
6064,SIMC1,RP11-661A12.12,AP006222.2,RP11-312B8.1,CABLES1,FA2H,GPRC5C,L3MBTL4
6065,OSBP,C1orf61,AP003068.9,LIG4,RP11-286E11.1,SPIRE1,B9D1,SLC1A4
6066,GMEB1,RP5-1142A6.2,BNC2,CTD-3154N5.1,KCTD21-AS1,RIMS3,RNF165,C5orf63
6067,DGCR6,ARHGEF10,BCL2L15,USP12-AS2,RP5-1142A6.2,UNC5CL,RP11-326C3.2,IL11RA
6068,ZGLP1,KIF9-AS1,ARHGAP29,PCSK5,RP3-466P17.1,HOXB3,ATP8B3,RAB40B
6069,TNS1,PAPL,CEMP1,AC007879.7,RP11-159D12.5,LHFP,RP11-571M6.7,NLRC4
6070,PPP5D1,KLHL29,ZBED3,VPREB1,RP4-583P15.15,SORBS1,WDR92,ZNF319
6071,AC024940.1,RP3-486I3.7,ITIH4,SERPINE1,TMCC1-AS1,FAM66C,CCDC121,ANG
6072,AC008174.3,ROM1,TPRG1-AS1,HDGFRP3,RP11-6F2.5,ERI2,AC110771.1,C2CD3
6073,RP11-403I13.4,PSMA8,AC007879.7,RP1-151F17.1,RP11-317J10.2,C1QTNF4,GNMT,RP11-473M20.14
6074,RP11-498C9.15,CELSR3,GLS2,RASAL1,ZNF625,RP11-90D4.3,LGALS9C,CTC-241N9.1
6075,CYP51A1,RP4-798A10.7,KIF2C,RHOBTB1,RP11-114O18.1,RBM12B-AS1,CASS4,USP53
6076,KLHDC1,RASIP1,OTOF,ESR2,C1orf115,CAND2,IGSF9B,KLC4
6077,CARD11,CCDC176,RP11-20B24.5,FZD1,RP11-305L7.7,INTU,BCO2,FAM120C
6078,TMEM38B,PLA2G1B,IL12A,FOXN3-AS1,FA2H,RBFOX2,PPP1R32,PRKCZ
6079,DBR1,GLTSCR1,DNAJC28,PBX1,ARSE,ZNF239,EFCAB7,C12orf42
6080,TM2D2,FGF9,CTC-550B14.7,VNN1,KIF18A,GAS2,ITLN1,HMGCR
6081,CTB-55O6.4,RP11-56G10.2,AC083843.2,PRR7-AS1,RP5-899E9.1,GEN1,RP11-298J20.3,DSN1
6082,FPR2,CTD-2227I18.1,SIRPD,P2RY1,RND1,SPATA5L1,IFT81,STK35
6083,NRCAM,RAB40C,MFSD7,PKD2L1,RP11-215G15.5,ZBTB42,CCDC13,KIAA1324
6084,TMEM175,RP11-260M2.1,CDON,CREB5,C1orf204,AF213884.2,KLHL17,PICK1
6085,CTAGE9,DNAJC9-AS1,MOV10L1,TLR8,TMPRSS13,TEX14,SLC5A10,TMEM184C
6086,FAM174B,RP4-583P15.15,STX16-NPEPL1,MAP7,RP5-1142A6.8,NOP9,CTD-3195I5.1,MATN1-AS1
6087,RP11-195F19.9,TRIM60,GP6,SFTPD,HIVEP3,RP11-89F3.2,ESR2,SSH1
6088,CNKSR2,ENOX2,RPL34-AS1,NEK2,CCDC26,SMTN,DNLZ,ZNF667-AS1
6089,HNRNPH2,AC137932.1,MAP3K7CL,HPS3,PRDM10,FBXO10,TAS2R30,LGALS9B
6090,KB-1460A1.5,ZNF80,SYNM,ZMYND15,COL4A4,RP11-692D12.1,SLC22A17,RP11-70P17.1
6091,YOD1,SEMA4G,RP11-106M3.3,TMEM200B,RP11-138P22.1,UNC45B,RP11-438L19.1,DDX51
6092,ZNF557,RP11-392P7.6,PM20D1,RAB23,NIPAL1,SERPINB2,CPT1B,ZNF134
6093,ANKRD31,RNF157-AS1,COL13A1,AP001412.1,SCARA5,RAD18,FAM161A,MBTPS2
6094,RP11-598F7.3,KIF18A,ZBTB41,WDR11-AS1,LIG4,RP11-582J16.4,RP11-242D8.1,GOLIM4
6095,CTD-2538C1.2,MST1,POLA2,LDLRAD3,RP11-10C24.1,TMCC1-AS1,GAREML,CXorf65
6096,CD274,ZNF280B,CKAP2L,ASAP2,RP1-151F17.1,BMI1,SPIN3,RP11-169D4.2
6097,MTURN,ERBB2IP,RP5-1142A6.2,RP11-960L18.1,RP11-252C15.1,RP11-666A1.5,DOCK9-AS2,FAM115A
6098,COL6A1,RP11-265P11.2,RP11-114O18.1,DENR,C2orf62,SLC2A1-AS1,RP11-517I3.1,FZD3
6099,TRIM34,RP11-137H2.4,WDR65,CLCN1,CD1B,ESPN,RP11-273G15.2,STRADA
6100,TIPIN,QRICH2,RP11-6F2.5,ANKEF1,ATL1,HIST1H2BH,SLC16A5,GMEB2
6101,CTD-2165H16.4,LOXL2,LCN2,RSPH9,AF127936.7,LINGO3,LAYN,TP53BP1
6102,PARK2,RP11-775D22.2,KAZALD1,INSR,CKM,C1orf145,RAD52,SPATA7
6103,RP11-479G22.8,RP4-784A16.5,CTD-2083E4.6,OTOF,CTD-2201I18.1,CCDC78,GUCA1B,PACSIN1
6104,STEAP3,KLB,AC021860.1,RP11-138I18.2,RP11-417F21.1,SAMD12,ANPEP,A2M
6105,A1BG-AS1,CACNA1C,PABPC3,PPP1R26,RP11-525A16.4,FNBP1L,U47924.31,DISC1
6106,AP001062.7,SOX12,HLA-DQB1-AS1,SLC46A1,EPHB3,LZTS1,FOXD2,LIPE
6107,DUSP6,SUN3,RET,AXL,CTB-96E2.7,AC129492.6,MPO,GCNT2
6108,LILRA1,FAM47E,C15orf26,GPR162,RP11-361D15.2,GPR63,ZNF492,MTERF
6109,QRICH2,RP11-532F12.5,VMAC,TIGD5,LHFP,SLC35F3,TMEM140,RAD51D
6110,ANKRD42,PARK2,AC109826.1,C9orf169,CH25H,LYG1,METTL21B,TMEM177
6111,TMEM88,ANKHD1-EIF4EBP3,KRT86,ZBED3,TRIM31,C8orf37,GDF11,TRIM24
6112,RP11-179B2.2,SLC23A3,MAMSTR,RP11-262H14.1,ABCC6,C9orf147,RP11-15A1.7,GPATCH11
6113,RP4-549L20.3,SKA1,CACTIN,CTD-2006K23.2,DTNA,RP11-15A1.7,STON2,ACY3
6114,HAUS6,SLC19A2,BOK,MOV10L1,IL1RL2,CLDN12,ZDHHC23,ADPRH
6115,RP11-243J16.7,ZNF709,RP1-151F17.1,CLCN5,RP11-356C4.3,C12orf60,DNAJC27,CBR3
6116,CTB-113P19.5,RP4-548D19.3,SNX8,SH3RF1,EHHADH,PEX12,MAX,ZNF354B
6117,CDNF,FRMPD3,RBL1-1,ZNF503,RTEL1-TNFRSF6B,RP11-504P24.8,CTD-2623N2.11,RP11-1191J2.5
6118,ZNF358,RBL1-1,CCL3L1,CTB-114C7.4,C5orf54,LAMTOR5-AS1,RP11-97C16.1,LOXL3
6119,SALL2,YY2,GDPGP1,RP11-1055B8.4,C1orf213,CCL27,AGAP4,DBT
6120,DLC1,RP3-477O4.16,RP11-318C24.2,GEN1,SGPP2,RP11-452L6.7,HOXB3,RABL3
6121,FAM13A,NFIA,ANKHD1-EIF4EBP3,RP11-114O18.1,RP11-290L1.3,TUBB4A,CTC-550B14.7,PVRIG
6122,TAL1,ZNF208,CTTN,DNAJC5B,RP11-54O7.17,RP11-496I9.1,SCIN,CDCA7
6123,ADORA2B,KLHL23,AC015922.6,RNF175,SSC5D,CAPN8,ZMYND15,KIF3C
6124,RP11-57H14.2,RNF222,RAVER2,C9orf96,AC009950.2,QSOX2,POLA1,VPS37C
6125,PTAFR,DICER1-AS1,DTX3,ZNF280B,MAPK11,B3GALNT1,RP5-1148A21.3,NSUN6
6126,CMTM4,DKK3,RP11-432J24.2,CTIF,FNBP1L,CITF22-92A6.1,RP11-876N24.2,ZSCAN5A
6127,B3GAT1,CEP112,UXT-AS1,CTD-2012K14.6,ACAD11,GDPGP1,RP11-110I1.13,ZNF579
6128,DIP2C,AASS,RP11-65I12.1,SEMA4G,TRIM74,RAB3IP,EGR2,FBXO31
6129,ZBTB7A,RP11-774O3.3,CNOT4,CTA-14H9.5,RP11-656E20.5,AC073115.7,SEMA7A,RP6-99M1.2
6130,HLA-DQB2,RP11-429E11.3,NEB,ZNF219,HPD,DACT1,RP11-589C21.5,APOBEC3F
6131,GTF3C4,RP11-707M3.3,NBPF20,NBPF20,ZFYVE9,RP11-216B9.6,DNAAF1,DCAF4
6132,SLC24A1,RP3-508I15.22,YARS2,RP11-513M16.7,LRRC37A2,TLR3,RP11-894P9.1,DNASE1L3
6133,MKL2,TCEAL2,CCNB2,AP2A2,NUPR1L,NUDT12,DMD,ZNF773
6134,CTD-2555C10.3,AC007228.5,CTD-2201I18.1,LEMD3,RP11-81A22.5,CHRNA1,EPHB2,CTC-534A2.2
6135,KCNMB4,KRT8,MERTK,SLC45A1,TMEM105,LRRC56,COLGALT2,LINC00987
6136,TRPM2,AC123768.4,FNBP1L,SLC46A2,CTC-507E2.1,RP11-83N9.5,PCBP3,ZBED6
6137,TSEN2,RP11-33O4.1,AC006129.1,RP11-145M9.4,FAM127C,CTB-91J4.1,ZNF490,SETD1A
6138,C16orf70,MAGI3,RP3-466P17.1,SEMA5A,CTD-2083E4.6,SLC46A1,GP6,AP000350.4
6139,AP003774.4,RP11-498C9.2,ZNF596,RP11-481A20.11,CTD-2571L23.8,ELMO3,CTD-2545M3.2,BCL2L14
6140,ZNF578,MXRA8,XYLB,RP11-211G3.2,LTB4R2-1,OCM,DDR1,ZNF362
6141,TPI1,RP11-477N3.1,RP11-261C10.3,RP11-429J17.2,RP11-277B15.3,RP11-23P13.7,SLFNL1,IQCG
6142,SMAD1,C4orf47,CTDNEP1,ZNF433,RP11-930P14.2,RP11-624C23.1,ZHX3,ATAD3C
6143,ZNF322,GTF2IRD1,KIAA1211L,RP11-661A12.12,LINC00482,AC016683.5,MST1,AC010761.8
6144,DHCR7,NPAS2,RP3-380B8.4,AGBL2,ABTB2,C1R,INPP5A,THAP5
6145,PAXIP1-AS2,KTN1-AS1,RIN2,PTX3,ADD2,RP11-457M11.5,AP001412.1,SRGAP3
6146,RP11-351D16.3,ZACN,SIRPB1,TMEM150B,DLC1,RP11-680G24.5,DIRAS1,MEF2BNB-MEF2B
6147,ZBTB26,RUNDC3B,SLC6A4,RP11-314O13.1,HOXB3,TRBV11-2,VEGFA,PIK3R4
6148,ZNF711,RP11-314O13.1,CTD-2006K23.2,RP11-553K8.2,IL10,PROC,HBQ1,SDCCAG3
6149,CPEB2,ZNF284,RP11-347C12.1,PTK2,DPEP3,CLIC5,SBF2-AS1,NAP1L5
6150,UGGT2,ATP8A2,RP11-338I21.1,CTD-2587H19.1,ZNF709,HSPA2,HHAT,RP11-793H13.11
6151,SMG1,C9orf116,DND1,U47924.31,RP11-95P2.1,RP11-342I1.2,FAM66C,TFEC
6152,CEP70,SYCP2,RFX2,ATRIP,SLC45A1,RP5-1098D14.1,MCF2L2,CTAGE5
6153,PPAP2A,NUPR1L,ARHGEF9,KLHL11,RP11-677M14.7,HID1,DIP2C,RP11-1000B6.3
6154,TRPV3,CNKSR1,RP11-791G15.2,AC104655.3,AC004540.4,IGSF9B,TMEM200A,PAXIP1-AS2
6155,RP11-677M14.2,PTRF,TMEM169,ORC1,CTD-2540F13.2,TTF2,NACC1,PSKH1
6156,KRT8,COL4A4,ASMTL-AS1,RP11-10C24.1,RP11-338C15.3,RP11-466F5.8,CTD-2514K5.2,SPERT
6157,MAP3K9,RP5-1042K10.10,CTC-366B18.2,WDR66,CTD-2353F22.1,ATP6V0E2-AS1,C20orf197,YES1
6158,UNC45B,SCARF2,RP11-1055B8.4,MADCAM1,KIF9-AS1,OPLAH,ZNF416,ZNF16
6159,RP11-355B11.2,XXbac-BPGBPG55C20.2,LYG1,SLC37A2,RP11-314O13.1,NEDD4L,EAF1-AS1,C1orf159
6160,SLC1A4,CRHBP,RAB23,LY6G5B,LINC00865,FAM65C,DLG3,SPATA5
6161,AC016757.3,PLCH2,AL590822.2,FOXRED2,PADI2,LIME1,CTD-2162K18.4,CCDC102A
6162,LINC00265,RP11-46H11.3,CSRP2,FSIP1,AC139100.2,C1orf186,ZBTB20-AS1,ZNF436
6163,CBFA2T3,COL17A1,ABCA3,SUOX,RP11-347C12.1,RP11-423H2.3,ZNF805,DCAF17
6164,PUM2,LRP5,FAM228A,SLC22A4,GPER1,CTD-2544N14.3,ZNF532,RP11-104N10.1
6165,CTD-3088G3.8,AC008174.3,ANKLE1,SLC51A,KRT23,RP5-1112D6.4,RAD54B,GADD45G
6166,ERLEC1,NPIPB6,SCRG1,CHCHD4,CTD-2006K23.2,RP11-554J4.1,PARS2,GYS1
6167,SCARF2,CTD-3064H18.1,AP000476.1,DLC1,SHISA4,RP3-380B8.4,RP11-292F22.7,METTL15
6168,MAU2,C9orf24,CTC-338M12.6,NFKBID,RP3-486I3.7,HSD17B1,RP11-647K16.1,ZSCAN9
6169,MT-ATP8,SLC16A10,NDN,ZNF286B,TMEM144,RP1-224A6.3,GPR55,MAPK9
6170,PIK3AP1,CTB-129O4.1,RP11-566K11.5,RP11-157J24.2,CRYBG3,TNIP3,IL21R-AS1,MPP6
6171,TRIM7,TRIM54,C22orf43,RP11-42I10.1,CTD-2514K5.2,LIPC,PRMT5-AS1,ALDH1A1
6172,B3GNT9,RAP1GAP2,C5orf27,RP4-548D19.3,RP11-498C9.2,SEMA5A,VIT,DHX37
6173,GPR137B,HSPA1L,ATP13A2,TMEM238,KLHL29,RP11-343H5.6,RASGRP4,RP11-156E8.1
6174,C5orf42,SUGCT,FAM174B,AP003774.4,CLTCL1,CTD-2623N2.11,CCDC176,ZC3H12D
6175,CETP,WNT2B,ZNF595,TSPYL5,SEMA4G,TMOD1,AP000692.10,ZNF17
6176,HAL,TRIM24,CACNA1C,BEND4,CTA-373H7.7,FAM92A1,SYCP3,CLCN6
6177,PPFIBP1,GPR125,AC009950.2,AAAS,CTD-2215E18.1,RP11-339B21.13,C10orf111,RRM2B
6178,FBXL20,RP1-257A7.5,RP11-46D6.1,MFSD2A,SDS,VPS9D1-AS1,MERTK,EXO5
6179,ARMC6,ZBTB8A,UHRF1BP1,AC004381.6,TDRD9,ZNF763,EPB42,SYCE1L
6180,CTD-2545M3.2,SUMO4,GLB1L,CDKN2B,PROS1,AC103563.8,RP11-378J18.3,KIF1B
6181,CPNE8,CTD-2047H16.4,RP11-10C24.1,AC007386.2,CEMP1,KCNJ14,RP11-422P24.11,RP11-284N8.3
6182,CEBPE,ANKRD31,CCNJL,GPM6A,ARC,LINC01119,CCDC122,IPPK
6183,XXbac-BPG252P9.9,HSPG2,RBFOX2,NEK7,PAPL,PTDSS1,MAP3K12,HIST4H4
6184,PIK3C2B,CTD-2054N24.2,MS4A14,RP11-531A24.5,FGF14-AS2,DOK4,STXBP5,GBA
6185,RAD51,CTB-47B11.3,ZNF696,KCNQ5,TMEM200B,AC116614.1,RP11-484K9.4,DNAJC24
6186,KLF4,SLC10A1,TCAP,PANK1,RP11-379F4.9,NUGGC,RP11-90D4.3,PLA2G15
6187,DOCK5,RP11-279O9.4,RP1-168L15.5,ZRSR1,RBL1-1,XXbac-B476C20.9,ZNF155,RHPN1
6188,DSCR9,PIFO,GAS2,SEPT4,CASS4,AP001412.1,WDHD1,PM20D2
6189,GMPPB,ZNF396,FGF9,UGGT2,RP11-477N3.1,GREM2,UBLCP1,FAM214A
6190,MRPL3,CTC-366B18.2,RP11-15H20.7,LRRC37A2,RP11-33O4.1,SNPH,ANKRD18A,AC110771.1
6191,TRUB1,MAMSTR,SPIRE1,PHC2,RP11-830F9.6,RP11-89K10.1,ZNF527,ZNFX1
6192,TRIM31,EPM2A,SUN3,SNX15,AP003774.4,ZNF483,BBS10,NCR1
6193,MMP11,CTB-113P19.5,MITF,RP11-483P21.2,ZBED3,RP11-275I4.1,CLEC4G,RUFY2
6194,TSTD3,CPA5,AP000254.8,RAB11FIP3,SRGAP1,CTD-2086O20.3,HID1,EXOC6B
6195,RP11-134G8.7,C4BPB,RAB12,SARNP,RP11-1299A16.3,MYO5C,RP11-775D22.2,PCNXL3
6196,GPAM,CRB1,RHEBL1,RP11-159H10.3,CELSR1,NCKAP1,AF213884.2,ZNF510
6197,ANG,RP11-513M16.7,ZSWIM7,SCN1B,LRG1,STEAP1B,MTX3,CAMSAP1
6198,TBX19,RP11-540O11.6,STON2,ZNF222,RAB15,AC109333.10,RHOU,AGMAT
6199,CTC-428G20.3,RP5-1180C10.2,RP11-511I2.2,AF127936.7,PFKFB2,RP11-326C3.2,C1orf51,BRPF1
6200,FKBP7,GCNT4,DLEU7,CDYL2,RP11-264L1.4,TTC30B,DDO,MARC1
6201,DLL3,RP11-302B13.5,CASC5,RTN1,CYP2S1,GSTCD,C16orf93,ZNF345
6202,ZNF804A,UBXN10,ZHX3,NTPCR,CSRP2,RP11-666A20.4,RSPH9,TAF13
6203,HMGN3-AS1,ZNF286B,ORC1,RP11-422P24.11,AL590822.2,RP11-242D8.1,MYCBPAP,ACOX1
6204,LAMTOR5-AS1,ZNF449,ADD2,ADAMTSL5,ZACN,LINC00511,RFPL1S,GYLTL1B
6205,FOXJ2,ABLIM2,RP11-225H22.7,CTD-3203P2.2,MOCS1,FOXD2,RP11-61J19.4,MEX3C
6206,NAIP,CTD-2532N20.1,PLD1,TET3,RP11-532F12.5,SNORA40-1,LMTK2,ATG14
6207,AC068580.6,RNF175,RP11-624C23.1,CTD-2619J13.14,PGF,RP4-813F11.4,CTD-3093M3.1,PAWR
6208,SOGA1,CRYGS,SIMC1,ZNF778,RPL34-AS1,RP1-223E5.4,KDELC1,CSNK2A2
6209,OSGEPL1-AS1,NRCAM,ZCCHC24,ZNF594,RP4-548D19.3,AC004381.6,RP5-1024G6.7,RP11-258F1.1
6210,GDPGP1,SEZ6,RP11-203J24.8,RP11-91G21.1,ZNF208,BOP1,NID1,NHLRC2
6211,HUS1B,RAPGEF3,RPS6KB2,RP11-16N11.2,CAMP,ZNF578,ZNF564,RHBDD3
6212,HSPA1B,TMPRSS3,DCUN1D3,PUM2,PSMA8,CABP7,B4GALNT3,DHX33
6213,C7orf13,RP11-66B24.2,RP11-101E13.5,LINC00865,RP11-540O11.6,RP11-484K9.4,ABAT,ZBTB18
6214,RP11-563N4.1,GPM6A,SLC23A3,COX15,ZNF286B,MTFR2,NAPEPLD,DERL3
6215,MTSS1,NEK2,PAGE5,CTB-61M7.2,SLC12A5,STX16-NPEPL1,B3GNT4,NUP35
6216,FBXL19,RAB15,L3MBTL4,SGMS1,RP11-46J23.1,RP1-151F17.2,MB21D2,ENPP5
6217,PPIP5K1,MDK,PSMA8,RP11-863K10.7,SOX12,CSNK2A3,AC097713.4,DUS4L
6218,PTK7,RP11-56B16.4,RP4-548D19.3,COL9A3,FAM169A,AC083949.1,SEC14L2,SLC23A2
6219,STEAP4,B3GNT9,NUPR1L,UTF1,LOXL2,RP11-643M14.1,KIAA1324L,HIST1H4E
6220,AP1B1,RP11-403A21.1,ANKDD1A,BAIAP2-AS1,ZNF280B,CCDC85C,SLC16A1-AS1,HECA
6221,DCLRE1A,COL6A1,HSF5,RP11-173M1.8,SLC22A15,HCG27,ZNF616,ZNF253
6222,CEP95,ZNF541,POMGNT2,LRRC37A,RP11-158K1.3,RBBP9,SFTPD,TRDMT1
6223,EXTL3,GAS8,LTB4R2-1,RP11-661A12.5,RP11-96D1.11,EFEMP2,CABP7,ZNF45
6224,AP003068.9,MYO1B,KIF9-AS1,BEND2,ITIH4,PRR7-AS1,ST6GALNAC1,TXNDC9
6225,MTFR2,PM20D1,RP3-329E20.2,TRAM2,ADAMTSL5,NHSL2,DNAJC5B,KIF1C
6226,RP11-138P22.1,RP11-111J6.2,OLFM1,GLS2,RP11-13P5.1,CEBPA-AS1,RP11-119D9.1,ZRANB1
6227,ZNF649,PTPRM,RP11-166B2.8,C2,CTD-2085J24.4,TGM1,CAMK2N1,ATG2B
6228,ZNF230,POU6F1,LINC01135,RP11-359I18.5,ATP10D,C7orf25,ZSCAN22,C1orf145
6229,USP13,ZNF415,CTC-459I6.1,B3GNT5,RP13-131K19.2,RP4-773N10.4,ZBTB3,ARHGEF9
6230,CDKL5,AC024940.1,RP11-647K16.1,SNX33,RP11-156K13.3,RP11-438L19.1,SLC51A,UTP15
6231,ZNF570,MLLT4,PPAP2A,ANKRD50,RP11-342I1.2,COL4A3,C10orf95,ASF1A
6232,ZNF155,RP11-46J23.1,GPR27,GNB1L,RP11-213H15.1,PLEK2,KCTD21,UFSP1
6233,PRR7-AS1,AKR1CL1,RP11-8L8.2,GAS2,EIF3C,SPR,ZSCAN21,C6orf57
6234,ZNF252P-AS1,TMEM238,SLC2A1-AS1,RP11-597D13.9,RP11-392P7.6,ZFP37,USP46-AS1,ZNF787
6235,RP11-326C3.15,OXT,HTRA1,VSIG4,RP11-661A12.12,RP11-390F4.3,RP11-552D4.1,TMEM9B-AS1
6236,CTB-12A17.3,C22orf15,SEPT4,JARID2-AS1,LINC00884,SKA3,NPIPB4,ZNF174
6237,HIST1H2AE,SLFNL1,NAMPT,FANCC,RP11-260M2.1,IL12A,WBP2NL,SLC25A43
6238,HPD,RP5-940J5.6,RP11-538P18.2,PLCB2,RP11-351I24.1,POU5F1B,HOOK1,ZNF124
6239,PLEKHM3,DPY19L2,RP11-166P13.4,HOXA10,ATP2A1,RP11-382J12.1,RANGRF,PTCH2
6240,MXRA8,DCHS1,PPP1R16B,RP11-179B2.2,AP003068.9,ANKRD23,INSL3,RP5-892K4.1
6241,AMER1,AP001610.5,RP5-1043L13.1,SGCA,ARHGEF10,IQCK,AC009120.10,PIP5K1B
6242,RP11-408A13.4,TMEM52,KCNC4,BMPR1A,RP5-1043L13.1,DUSP8,CHRNA1,CTD-2031P19.3
6243,CTD-3193K9.4,RP11-274B21.10,RP11-469M7.1,FAM3B,PLVAP,PCBP3,HDGFRP3,FBXO48
6244,MYCBP2-AS1,ZNF57,RP4-607J23.2,CTB-55O6.12,KTN1-AS1,PGF,RP3-462E2.5,HYI
6245,RP13-516M14.1,TRIM61,USP13,SPRED1,ADORA2B,HPDL,KLRK1,CCDC64
6246,EPHB2,AC012074.2,FOXD2-AS1,RP11-452H21.4,RNF122,RP11-160H22.5,SYP,AP1G1
6247,SLC10A1,SRRM5,CTD-2666L21.1,DSCC1,LINC00968,FAM154B,CEP112,ARHGAP35
6248,MAD2L1BP,CTD-2287O16.5,CTB-91J4.1,OAF,ZNF219,PHLDB2,RP11-441O15.3,PHF7
6249,NPAS2,SCMH1,RP11-178G16.4,RP11-775D22.2,GP5,TMEM200A,TMEM81,EXD3
6250,SPTLC3,AC009501.4,RP11-46A10.5,RP11-379K17.4,RP11-513M16.7,TMEM45B,RP11-420A6.2,RP11-1070N10.3
6251,TRBV11-2,TSTD2,ZBTB8A,CLIP2,OTUD7A,ZNF304,RP11-112J3.16,VAT1
6252,CTD-2227I18.1,CLECL1,RP11-644F5.16,PXDC1,RNF222,OSCP1,LRFN3,ENOX2
6253,SGPP2,TMEM254-AS1,RP11-333E1.1,RP11-540O11.6,RP11-17M16.1,CTD-2366F13.1,RP11-603J24.5,UTP20
6254,C4BPB,SFT2D2,PRRG4,EXOC3L1,ZNF724P,TBP,RP11-391M1.4,DDX26B
6255,AURKA,HKDC1,RP11-271K21.11,CTC-518P12.6,RP11-472N13.3,ARHGEF4,C1orf112,YTHDF3-AS1
6256,ZNF671,WNT10B,RP11-95P2.1,ATP13A4,RP11-282O18.3,ZNF441,ATP6V0C,CTC-338M12.4
6257,AF213884.2,RP1-29C18.10,MUTYH,MED25,RP11-446E9.2,NUAK1,NEDD4,STOML1
6258,C14orf79,PANK1,DHDH,AC016700.5,SYCP2,RP11-407G23.3,RP11-317N8.5,ZNF687
6259,TMEM27,FAM174B,AC137932.6,ZNF579,TCEAL2,SLC27A2,DGAT2,ABCA5
6260,KIAA1009,COX6B2,LINC00694,RNF222,RP3-462E2.5,TCAP,RP4-673M15.1,SLC26A11
6261,SHF,MOK,DDTL,ST3GAL6,SLC16A10,ACTR5,TMTC1,AHCYL2
6262,RP13-131K19.2,LINC00092,PLEKHM3,CHST13,KIAA0895L,BFSP2,RP11-290D2.3,UTF1
6263,PAM16,MADCAM1,RP11-666A1.5,CPED1,EPN2,SPEG,RHBDL1,PIDD
6264,CTBP2,CTC-550B14.7,CTC-523E23.1,TADA1,TMEM169,WDR66,PYGM,ARMCX1
6265,TTC12,RP5-1157M23.2,MNT,STAP2,CTD-2516F10.2,RP11-77H9.8,RP6-206I17.1,NFIL3
6266,NIPAL1,ADAMTSL5,CPAMD8,RP11-203J24.8,RP11-8L8.2,RP11-791G15.2,HSPA1L,ZNF614
6267,SEMA6B,RP11-379K17.4,CTD-2017C7.1,GOLIM4,MIR3615,RP11-391M1.4,HIST1H2BG,ASB13
6268,CTC-297N7.8,CDH20,LUCAT1,ARHGEF10L,TRIM60,GRB10,COG6,ARHGEF10L
6269,PINX1,RP11-324I22.4,KCNAB3,AL591479.1,AC008174.3,PC,RP11-307C12.13,COG7
6270,C5,TLL2,TCP10L,hsa-mir-1199,MPO,SLC35C1,C3orf18,HIP1R
6271,RP11-342M1.3,AF127936.7,C4BPB,KLHL29,SGMS2,ADAM12,CXCR2,PCYOX1L
6272,AC018766.4,SLCO4A1,CTD-2353F22.1,LRRC3,PLEKHM3,CMTM4,SCIMP,RP11-343H5.6
6273,HDAC6,MTCP1,LINGO3,VNN3,RP3-473L9.4,RP11-157J24.2,LINC00174,PTCD2
6274,CDH20,CTD-2555C10.3,GPR157,BCOR,AC137934.1,IL17RE,DBT,ZCCHC4
6275,RP11-301O19.1,SV2A,S100A5,PC,LRP12,GTSCR1,ENTPD7,PPP2R2B
6276,FAM3B,SLC2A1-AS1,CTD-3088G3.8,LINC01063,RP13-131K19.6,SEMA4F,ABCD2,FUK
6277,ARMCX2,DLL3,CTD-2135D7.5,KIF9-AS1,TRNP1,LRRC20,AQP9,PTX3
6278,KLHL23,CIT,OSGIN1,RP11-309M23.1,RASIP1,RP11-110I1.14,LINC00852,RP5-1115A15.1
6279,SLC27A4,CA6,DEPDC1B,TRAIP,TEX22,PTOV1-AS1,SPAG8,TP73-AS1
6280,GCNT1,ZNF257,DFFB,C9orf147,ODF2,NEUROD2,ABCC4,ZNF232
6281,RP11-875O11.1,FAM83G,FAM106A,RP11-672L10.6,RNF157-AS1,KIAA1324L,LY96,SPICE1
6282,FITM1,ZNF711,HGF,LINC00265,TMEM254-AS1,SPAG8,LINC00663,IPO11
6283,CNN3,ZFP2,WDFY3,WLS,RP11-206L10.2,ANKRD34A,INVS,ZNF205
6284,FCGBP,WNK3,NHLRC4,RP11-791G15.2,KLHL11,NCAPH,RP11-342K6.1,PHLDB2
6285,BBS12,ZNF492,PPP1R32,IFITM10,PTK7,AL020996.1,UBXN10-AS1,MKL2
6286,U47924.31,TMEM135,CCNE2,TRBV11-2,RP11-416N2.4,FCGBP,ANKRD28,GGT7
6287,RP4-794H19.1,CTB-91J4.1,RP11-707G14.1,AC137932.6,AC007228.5,PWAR6,AC010761.8,ATAD2B
6288,AP001046.6,TUSC1,DYNLL2,PSMA8,OVCH1-AS1,EVC,DSEL,ARHGEF4
6289,CDC42EP2,POLR3B,TRNP1,MAMSTR,TUBGCP4,RP11-98D18.3,ABHD4,PTGDR2
6290,LMO2,KRTAP5-AS1,RLN2,MYO1B,PMP22,MID2,HIC2,SNIP1
6291,EMR3,OVGP1,DYNLL1-AS1,ZNF385A,NSUN7,SLC6A4,RP11-385D13.3,TRIM35
6292,RP11-440L14.1,RP11-713P17.3,S100P,LGALS4,TGFBR3L,SMARCA2,RP11-730K11.1,CCDC58
6293,CCNT1,RP13-131K19.7,VIPR2,AP4S1,GPR157,KCNAB3,COLCA2,EME2
6294,GCSH,RP11-656D10.3,RP11-1299A16.3,DPF3,CTA-445C9.14,SAPCD2,ZNF213,ZNF85
6295,FAM129B,SERINC4,MIR3615,SMURF1,IL27,AC092667.2,LRRC56,RP11-383J24.6
6296,CTC-459F4.3,RP11-600F24.7,CKS2,CHST15,RP11-442N24__B.1,GLIPR1L2,A2M,LAIR2
6297,CDK7,ADAM22,C1orf145,OAZ3,GPR133,LINC01063,C12orf68,CLEC4D
6298,USP51,RBFOX2,TSKS,ZNF436,SLC44A1,SSC5D,POPDC2,FAM168A
6299,AVL9,CRIM1,ZNF280B,TCEAL2,RAB23,PAGE5,CTAGE9,MAML3
6300,TAF13,RNF19A,ZACN,PKN3,RBMS2,RP11-290D2.3,SEPT8,OAF
6301,F11R,CDON,PRR11,ZSCAN5A,PRSS53,HSD11B1,RP11-110I1.14,QPRT
6302,RP11-315I20.1,USP54,CHKA,RP3-486I3.7,FAM151B,CTD-2540F13.2,KIF19,IRGQ
6303,GLB1L,ACE,EPHX3,CTD-2201I18.1,MYO1B,ROPN1L,RP11-314N13.3,ZCWPW1
6304,C12orf39,SPIRE1,PANX1,ZNF703,MTSS1L,RP11-326C3.11,SLC1A7,RP11-58E21.3
6305,MUC20,HIST1H2BH,FOXD2,GRAMD1C,PARK2,UBXN10-AS1,PIK3CA,RP11-267N12.3
6306,TIGD5,RP11-389O22.1,TOMM40L,KTN1-AS1,CNKSR1,DMPK,RP11-479G22.8,MMP17
6307,C12orf68,TPO,DAPK2,MIR378D2,P2RY12,LRRC16B,MC1R,AP003774.6
6308,ARHGAP32,SCGB1B2P,RP11-318A15.2,SLC45A4,RNASE3,SPATA21,ZNF772,CARD6
6309,SRRM5,KHDRBS2,RP11-774O3.3,SIRPD,ATN1,HLCS,ZNF814,WDR4
6310,RUNDC3B,GPR174,hsa-mir-1199,ZNF547,BATF2,SLC14A2,OSBPL5,NR2C2
6311,LOXL2,RP11-402D21.2,RP11-873E20.1,MRAS,CTC-459I6.1,RP11-588G21.2,AL020996.1,MVK
6312,CACNB1,KIAA1107,AK4,MRPS25,RP11-529K1.4,DYNC2H1,AC079807.2,ABCA2
6313,DVL3,PYCR1,C7orf25,DPEP3,KRT8,PVRL3,MYO16,KB-1507C5.2
6314,RAB31,RP11-317N8.5,CASP9,NBPF12,MADCAM1,CTRL,PRDM8,WNT10A
6315,TANC2,CNKSR2,IKZF3,RP11-342I1.2,BCL2L15,NIPSNAP3B,SNORD3A,IFT122
6316,RP11-46A10.5,TEX12,CDKN2AIPNL,ZFYVE9,RUNDC3B,VPS13A-AS1,NUDT13,KATNAL1
6317,FAM218A,ECT2,ABCG2,IGF2BP3,RP11-163N6.2,RP11-452H21.4,HIST1H4I,CA11
6318,CDH1,ALPL,GNMT,NPPA-AS1,CTC-518P12.6,RP11-105N14.1,ACTN4,TTLL11
6319,RP11-350F4.2,RP11-106M3.3,RP11-23P13.7,FRMD4A,COL17A1,CTC-428G20.3,AFAP1,RPP25
6320,IL21R-AS1,AACS,TTC30B,PIGZ,RP11-161M6.3,RP11-266J6.2,IFT122,ZFP41
6321,C6orf99,JMJD7-PLA2G4B,LINC00865,DGAT2,RP11-16N11.2,MCOLN3,AP001062.7,IQSEC2
6322,AAMP,KBTBD7,WDR91,CRISPLD2,MXRA8,MAP3K9,GINS4,ZEB2-AS1
6323,RP11-424N24.2,HIST3H2A,FRMPD3,AC123768.4,RP11-452C13.1,RP11-403I13.4,AP000442.1,USP37
6324,GPRASP1,MUC20,HSF2BP,RASSF2,FAM167A,CEP112,RGL1,TIAM2
6325,RP11-191L17.1,RP11-782C8.1,LYNX1,TMEM255B,RP11-11N7.4,VIPR2,AC137934.1,LBX2-AS1
6326,ARHGAP19,PRR22,PIWIL1,MIR181A1HG,RP6-206I17.1,GVQW1,CTB-102L5.4,COQ3
6327,SNX33,CHGB,VENTX,RP11-219B4.7,KLHL23,SLC2A5,FTCDNL1,EIF5A2
6328,ZNF480,AC083843.2,EPM2A,CELSR2,SIGLEC12,RP4-561L24.3,HGS,PAFAH2
6329,ZNF442,TMEM136,TRIM54,RP4-607J23.2,ZNF789,RP11-359K18.3,MOSPD2,PPP2CA
6330,RNF157-AS1,Y_RNA,PLCH2,TPRN,RP11-421L21.2,LAMA5,PAK3,PAIP2B
6331,MMEL1,RP11-582J16.4,RGPD2,RP11-347C12.1,CTD-2196E14.4,EML5,SGSM1,SYNC
6332,YY1AP1,RP11-707G14.1,PHLDA3,UPK2,PPIP5K1,ZNF205-AS1,ZNF93,NOP14-AS1
6333,ZNF598,RILPL1,RP4-784A16.5,TXNDC15,RP11-173M1.8,RP1-92O14.3,RP11-433J8.1,CNNM3
6334,U47924.30,NPIPB3,FAM92A1,RASIP1,RP11-560J1.2,ZFP3,ARHGEF39,CUEDC1
6335,RP11-390F4.3,RP11-661A12.14,RP11-379F4.9,PACRGL,HDGFRP3,TRAIP,RP11-869B15.1,ADCK5
6336,RAB15,NPIPB4,SMCR8,RP1-100J12.1,RP11-707M3.3,HNRNPU-AS1,DKK3,ZNF180
6337,ZBTB42,GPR126,AC110771.1,PDGFC,ALDH4A1,C22orf43,HSD11B1,TTL
6338,PDP2,RP11-511I2.2,HOXA5,MBD6,CTD-3154N5.1,LINC00959,PKHD1L1,USP6NL
6339,UBXN2B,RP11-46A10.5,FAM72B,CYP1B1,CDH26,PPIL6,ING1,IL6
6340,KANK1,NUP62CL,STEAP4,TMEM86A,RP4-607J23.2,AC008440.5,DNM3,RP11-539L10.3
6341,TNS3,CCDC78,RP11-490O6.2,RP5-1043L13.1,LRP3,CCDC62,RP11-408A13.4,MAP9
6342,PCBP4,RP11-379K17.12,KLHL11,KCTD3,AC104809.3,CTPS2,PRPF40B,FAM198B
6343,ANKFY1,PRDM11,OSGEPL1-AS1,RP11-245J9.4,C2orf27A,PLEKHA4,CCDC102B,ZNF514
6344,DOK6,RP5-884G6.2,FLVCR1-AS1,CELSR1,FKBP9,MB21D2,SNAI3-AS1,RP11-372K14.2
6345,USP54,AC110771.1,LINC00211,RP11-324I22.4,SLC23A3,RP11-502I4.3,GALR2,ZNF585A
6346,LRTOMT,RP11-178L8.7,RP11-793H13.10,TCN2,PPARA,TPPP3,RP11-101E13.5,SLC4A10
6347,AC004158.2,SEPP1,PLK1,NLRP12,YY2,PRDM15,RP11-402D21.2,LIN37
6348,SLC5A10,RP11-60I3.5,RP3-477O4.16,TNNT1,RP11-54O7.11,TET1,RP11-89K11.1,GUF1
6349,SESTD1,PLXNA1,EIF4EBP3,ASTE1,RP11-111J6.2,RP11-92K15.3,BTBD8,GS1-251I9.4
6350,ENO1-AS1,KCNJ14,FAM209A,MCAM,RP11-381K20.2,TTC4,MIR155HG,ZNF48
6351,FAM228A,NLGN4Y,LDHD,NSUN7,KLHDC9,CDC25A,KLHL26,CTC-301O7.4
6352,LINC00877,SNORD3A,AE000662.92,CERCAM,RP11-362K14.6,SOBP,AASDH,EARS2
6353,C9orf3,LINC00630,LGALS8-AS1,VARS,FAM209A,TRIM59,SRXN1,WBSCR16
6354,AKR1CL1,TLR9,GP5,CBFA2T2,C9orf147,DOCK7,STK25,RP11-119F19.2
6355,GPBAR1,RP6-206I17.2,CCDC78,ALS2CL,GGH,CTD-2666L21.1,ZNF781,ZNF500
6356,C5orf66,ANKRD23,SCGB3A2,L2HGDH,BTBD3,GNAO1,CASD1,UTS2
6357,HYAL3,CDCA8,RP11-160H22.5,LNP1,AC007036.6,SERHL2,FBXO46,AC016586.1
6358,RP5-1148A21.3,PKIA,PP13439,RP11-392P7.6,RP11-443B7.3,RAPGEFL1,GCFC2,GSE1
6359,TXNRD3,MAP3K14-AS1,DNAAF1,CCSER1,S100A5,CYP2D6,CTC-209H22.3,UHRF1BP1
6360,AURKB,CTD-2410N18.3,RP1-90J20.12,SPATA6,SH3D21,RP11-433J8.1,CTC-454I21.3,PITPNB
6361,LILRA3,PHLDB1,CDC45,ZNF620,HSF5,CTD-2547L24.4,PLEKHA7,RP11-182L21.6
6362,MRPL13,C10ORF68,RP11-242D8.1,LPCAT1,AC123768.4,SLC35G2,ZNF667,GSDMB
6363,TCEAL2,CTD-3065J16.9,TMOD1,USP13,RP11-379K17.4,HSF4,CTC-518P12.6,HOMER3
6364,STK36,DOCK9,ZNF252P-AS1,CPAMD8,MINOS1-NBL1,RP11-700H6.1,RP11-573D15.9,LRIG1
6365,IQCE,FAM178B,GPR124,AC073072.5,SLC19A2,AC145110.1,CHST10,SLC39A13
6366,AC123768.4,SCARA5,BEST4,C16orf93,MMP14,SCRG1,XXbac-BPG181M17.6,CREB3L4
6367,MYO1D,AC124944.3,RP5-940J5.6,RP5-935K16.1,CTD-2619J13.14,MYO1D,RP11-932O9.7,GPR42
6368,GBA,RP1-261D10.2,TIGD3,ZCCHC24,SV2A,L3MBTL4,TRIM58,RP11-108M9.6
6369,C1orf233,CDK1,QRICH2,TMED1,RNF175,AC017002.1,AIM1L,ZNF816
6370,COL17A1,TNKS1BP1,MIR155HG,UBAP1L,UGGT2,WNT16,AC092667.2,TBC1D12
6371,ZNF208,SLC3A1,NPM2,JSRP1,AZU1,UGT2B17,LINC01094,RP11-412D9.4
6372,ATXN1L,HIST2H2BF,ADORA2A,AC061992.2,FOXD2-AS1,PDGFB,KRBA2,SLC22A5
6373,TET3,AC013449.1,ZNF805,ZNF350,RP4-794H19.1,STK33,URB2,ZNF781
6374,CTNND1,FAM47E-STBD1-1,AL020996.1,ATP6V0E2-AS1,STEAP3,RP11-46D6.1,AC009948.5,KLHL15
6375,RP11-392P7.6,HAR1B,ANKRD23,ALPL,ALPL,SLC15A2,RP11-466F5.8,APITD1
6376,DND1,AC195454.1,RP11-661A12.12,SLC24A4,CCDC153,RP11-483I13.5,ZNF280C,PPFIBP2
6377,C17orf80,RP11-666A1.5,TGFBR3L,DHRS9,RP11-318A15.2,VSIG2,TNFSF13,HN1L
6378,TNKS,TNFRSF11A,PPT2-EGFL8,RP11-442N24__B.1,SEZ6,RP11-58B17.2,WDR19,FAM20B
6379,SPOPL,TTC30B,F2RL1,RAB15,CTD-2017C7.1,ZNF620,RDH10,SCD5
6380,RP11-58B17.2,CELSR2,RASAL1,AC104699.1,RP11-66B24.2,CTD-2651B20.3,GREM2,ZNF573
6381,SLC23A3,C17orf51,AKR1CL1,RP11-805I24.1,SHROOM1,SNX33,PAK4,ATL2
6382,SLC25A30,ZBTB39,CDKN2B,AC137934.1,RNASE1,CUBN,C1orf172,IL24
6383,OTUD7A,NPR2,RP1-224A6.3,CTD-3093M3.1,RP5-1157M23.2,CECR5-AS1,RP11-46C24.7,MYSM1
6384,AD000671.6,ANKRD18B,DPEP3,RP11-305L7.3,RP4-798A10.7,PHLPP1,IQCE,TST
6385,CARNS1,SNX24,LRRC37A,RP11-421L21.2,ZCCHC24,APBB2,ZNF2,SETMAR
6386,Y_RNA,CTA-445C9.14,ALPK1,C5orf66,GPM6A,TMEM81,PIK3R3,BPHL
6387,ZFP69B,B3GALNT1,XXbac-BPG181M17.6,GFI1B,GDPGP1,ASAH2,LDHD,TMEM86B
6388,GINS4,MTFR1,WNT5B,LRRC24,FAM228A,CTD-2033A16.3,MMRN1,IDUA
6389,MST1,PSMD6-AS2,ADAM22,RP11-1299A16.3,SLC10A1,MIR155HG,AC116614.1,LRRC57
6390,FAM101B,CDK5R1,RP11-158M2.3,ZNF486,RP13-131K19.7,MARC2,IGSF22,ZNF783
6391,ZNF257,SKA3,AC009120.6,BGLAP,ZNF252P-AS1,RP11-423O2.5,CTB-96E2.7,TOMM40L
6392,RP4-607J23.2,AC073115.7,WNT2B,CTC-459I6.1,RP13-314C10.5,RP11-977G19.12,AC116366.6,NOP14
6393,PLCL1,RP11-292F22.7,FAM167B,TANC2,MAP3K14-AS1,AIRE,KCTD21-AS1,SLC35F5
6394,C10orf91,TXK,TMEM238,RP11-212P7.2,ANKRD31,TOX2,ETV2,ACSS2
6395,SCRG1,KLHDC9,XXbac-BPG252P9.9,TRMT61B,VNN3,PLGLB1,NDUFAF3,IRAK2
6396,RP11-72M17.1,ABCA1,TRIM61,DYNLL1-AS1,TMEM262,DSCR9,PARD6B,DLG4
6397,RP11-389O22.1,DAB1,HLTF,ZNF546,RP3-399L15.3,ZNF391,RP11-973H7.4,MAP3K5
6398,PANK1,FOXD2,AGPS,C1QTNF6,FRMD4A,SRCRB4D,JAKMIP2,BBS7
6399,RP11-160H22.5,RP11-388M20.6,SUMO4,JKAMP,AC083843.2,RP11-175O19.4,IGFBP6,GPATCH1
6400,RP11-442N24__B.1,RP3-380B8.4,SPATA21,AVIL,RP11-863K10.7,RP1-202O8.3,RP11-538P18.2,HIST1H3D
6401,NUF2,LINC01119,TRPV3,DUOX1,ANGPT2,RP11-430H10.1,AXIN2,CD300LB
6402,RP11-416N2.4,RP11-134G8.7,MAGI3,RNF157-AS1,C14orf79,OVCH1-AS1,SLC25A25,A2M-AS1
6403,NPC1,SNORA40-1,ATP8A2,SENP5,RP11-452H21.4,DIRAS1,GS1-124K5.4,PLD6
6404,AC018755.1,CTD-2517O10.6,EPHB2,KANK1,GPR84,RP11-61J19.4,FAM153A,CTBP1-AS2
6405,TNFRSF21,ATP6V0E2-AS1,ZNF613,OTUD7A,IL1R2,PER1,MBOAT2,FANCG
6406,B3GNT4,PSD,AMIGO2,ST6GALNAC3,FANCC,ZBTB26,RP11-798G7.6,GFI1
6407,GTF2F2,SLC4A5,STS,AC090186.1,CTB-114C7.4,ZNF665,HSD17B14,WDR36
6408,GPR157,ZNF763,SLC22A5,RAB1A,ZBTB5,AP001046.6,AC007383.3,MMEL1
6409,EID2,C12orf60,TTC33,ZNF208,CTAGE9,RP11-159H10.3,CTA-204B4.2,ZFYVE1
6410,RP11-540O11.6,RP1-317E23.3,ATL1,PTPDC1,USP54,ZBTB20-AS1,PSPH,RP11-44N11.2
6411,SYTL4,RP11-441O15.3,AC116366.6,UBXN10-AS1,C19orf44,REM2,C3,RP11-164H13.1
6412,KTN1-AS1,RP11-434C1.1,LRRC16A,NRXN2,CTD-2583P5.3,C1orf172,TMCO6,CENPQ
6413,CTC-459I6.1,STX16-NPEPL1,ZNF674,ARMCX6,B3GNT9,MMP28,ZKSCAN5,NAGS
6414,SCAF8,RP5-930J4.4,RP11-95D17.1,SLC23A3,CBX2,TPBG,RP11-502I4.3,AC015987.2
6415,FSCN1,ANKRD50,CCL4L2,PRRG4,SUGCT,ABCC4,ZNF530,NAB1
6416,PRKAR2B,AC068580.6,IFITM10,SLC25A30,SCARF2,RNFT2,AL441883.1,TULP4
6417,PHYHD1,CTB-102L5.4,ENAH,WNT16,AC000003.2,CASD1,CDAN1,KCNMB3
6418,KCNMB3,KDELC1,AQP3,GPR157,CELSR2,CTD-2587H19.1,LINC00893,TBC1D22B
6419,DHX58,RP11-242D8.1,RPRD1B,CTD-2085J24.4,AC015922.6,WDHD1,ZNF225,RP11-103G8.2
6420,SEZ6,CCNI2,PDZD7,RP11-580I16.2,C5,DDR1,RP11-294J22.6,RASA1
6421,RP11-111J6.2,CTC-209H22.3,ZNF517,PRICKLE1,CCNT2-AS1,HSF2BP,PRELID2,STARD5
6422,GZF1,NEUROD2,LIMK2,RP11-77H9.2,PDE5A,CTD-2541M15.4,C8orf88,NAT1
6423,RP11-382J12.1,FBXL8,ZSCAN25,PKHD1L1,RAPH1,FAM167B,RFESD,FRS2
6424,RP11-11N7.4,RP11-216B9.6,ZNF763,ULK2,RP11-1055B8.7,RP11-568N6.1,ADAL,GINS3
6425,B3GAT2,LINC00304,POMGNT1,STEAP1B,CCDC96,RP11-511B23.1,FKBP7,PDGFD
6426,KLHL29,SLC6A4,CTD-2366F13.1,TXNRD3,ABHD1,RP11-91G21.1,RP11-324I22.4,MCOLN2
6427,RP11-162A12.2,AC104699.1,C15orf52,SIGLEC14,PC,RP11-350F4.2,NRN1L,SMAD5
6428,MCM9,RP11-473M20.16,RRP12,CRYBG3,RP11-429J17.2,SMARCA5-AS1,ENO1-AS1,CSNK1E
6429,CTB-47B11.3,KLHL32,RP11-97C16.1,RP11-264L1.4,RP11-91G21.1,RP11-66N11.8,PLAG1,ANO9
6430,ETV2,LRRC16B,KIAA1524,MMEL1,RP11-661A12.5,AC073072.5,MAPKBP1,TNRC18
6431,NIPSNAP3B,TUBB4A,POLE2,RP11-731C17.2,P2RY6,RP11-677M14.7,CTD-2215E18.1,GGH
6432,HCG14,MXRA7,SYCP3,AC096772.6,ZFP2,RP11-486G15.2,UFSP1,SLC25A35
6433,AC096772.6,MCAM,WDR62,FLJ45079,SRCRB4D,RP11-243J16.7,ZNF19,OXSM
6434,ECHDC3,EPPK1,RP11-416N2.4,MFSD2B,CDAN1,AC009473.1,HIST1H4H,GALC
6435,KCTD1,CTD-2350C19.2,AC013449.1,CAPN3,CTB-129P6.4,FZD6,7SK-2,RNF212
6436,CTD-3064H18.1,PAGE5,RP11-157J24.2,RP11-884K10.7,RP1-266L20.2,EPHA4,HAR1A,GATC
6437,RAVER2,TMEM169,SPEG,CDH20,RP1-100J12.1,AC018766.4,DMWD,CTD-2538C1.2
6438,ZNF286B,CTH,ZKSCAN3,FSCN1,RP11-429E11.3,AGAP1,TMEM30B,COX18
6439,RP11-421L21.2,NUGGC,RP11-154H23.3,RP11-66B24.2,CTC-444N24.6,HIST1H4K,RP11-223C24.1,CRIPAK
6440,CTD-2085J24.4,CTD-2162K18.4,RP11-305K5.1,SEMA6B,ZNF205,MYOM1,SIRPB2,NMNAT3
6441,LRP5,RP11-247A12.2,INPP5A,RAVER2,CERKL,SSTR3,EZR,RAD18
6442,C19orf47,ZNF239,FRMD4A,SLX1A,COLCA2,CTD-2023M8.1,ALS2CL,PLCB3
6443,RNF222,FBXO46,RP11-161M6.3,FOLR2,NBPF20,RP11-420A6.2,RAB11FIP5,HOXB-AS1
6444,AC008440.5,AC129492.6,RP11-731C17.2,NXPH4,GAS8,ZNF667,FAM3D,TNKS2-AS1
6445,RP11-333E1.1,SORBS1,PVALB,MAP1A,TMTC1,HSPB9,RP5-1159O4.1,CEP19
6446,DDX51,LRRC56,TRAM2,PVALB,RP11-580I16.2,FANCC,PIF1,CBWD5
6447,RP11-264L1.4,NXPH4,OTUD7A,RP11-876N24.2,HKDC1,PAK3,NCR3LG1,TRIM7
6448,PSMD12,CCDC85C,RP11-260M2.1,EVI5,ATP8A2,RP11-297B17.3,FSIP1,NOP9
6449,C9orf147,PNMA3,HABP4,ATP9A,ACOX2,LRRC16A,SLC39A14,ZNF681
6450,FPGS,TNFRSF21,KIFC1,FASTKD1,FAM218A,POLE2,LINC01024,ITPRIPL2
6451,ZNF691,NUAK1,ZNF223-1,CCDC154,RP11-644F5.16,SLC45A3,FAM160B1,SCAMP2
6452,TEX12,AC004381.6,RP11-803B1.8,HSF5,DNAJC5B,CCL3L1,MITF,ADHFE1
6453,SHROOM1,VPS9D1-AS1,TMEM52,SIGLEC5,MCAM,SYCP3,RP11-446N19.1,ZFP91
6454,RP11-560J1.2,IFT122,TPO,RP11-416N2.4,DDTL,PLLP,RP5-884G6.2,COBLL1
6455,FRMD4A,AC026471.6,ZNF449,LINC01146,RP11-46D6.1,RP11-876N24.2,LNX1,ANXA4
6456,RP13-131K19.7,RP4-813F11.4,TMPRSS3,GIPR,GPR20,NEDD4,SLCO3A1,PPT2-EGFL8
6457,SLC16A4,RP11-77H9.2,GPR153,FAM154B,CTD-3203P2.2,ZNF517,LINC00562,NT5E
6458,STRN3,RP11-791G15.2,PRR22,LINC00106,CTC-338M12.6,AGAP5,RP11-385F5.5,CPEB4
6459,RP11-347C12.1,KPNA6,LA16c-358B7.3,SPTLC3,CCL3L1,RAB23,GINS3,ZNF621
6460,NLRC4,BMPR1A,LINC00402,SCRG1,CTD-2532N20.1,LGALS4,SEPT4,LRRK1
6461,RP11-1299A16.3,ITPKB-AS1,RP11-56G10.2,TTTY14,DDO,DPEP3,PPP1R26,NBPF12
6462,HOMER1,C1R,VNN3,CRB1,AC024940.1,SVOPL,C17orf100,BMI1
6463,PSMC4,KCNH2,RP11-666A20.4,SLC36A1,RP11-1151B14.4,RP13-131K19.6,NBL1,ACER3
6464,SH2D3A,LIPC,RP11-388M20.6,RP11-362K14.6,ELANE,RP11-73E17.2,ZNF275,RP11-345J4.5
6465,AC090186.1,RP11-350G8.5,ZNF649,SMTN,RP4-549L20.3,KDM4A-AS1,TPRG1-AS1,INTS9
6466,RP11-420A6.2,ZSCAN31,CABLES2,ANKLE1,RP11-467P9.1,RTKN,CNIH4,PARP3
6467,DPEP3,RP11-336K24.12,KIAA1107,SAMD14,TMPRSS3,SGPP1,PPRC1,KIF13A
6468,LIN7C,RP11-755F10.1,CHTF18,RP11-11N7.4,KAZALD1,DNAJC27,DEGS2,TREML2
6469,FUT4,RP11-421M1.8,CCDC137,RP11-424N24.2,RP3-508I15.21,C11orf63,TNFRSF11A,ZMYM6
6470,RP11-787I22.3,SLC27A2,BOP1,CTC-338M12.5,NDC1,MTMR8,ZBTB6,WDR91
6471,HCAR2,CMTM4,APOA1,RP11-506M13.3,ZBTB8A,RP11-950C14.3,GLB1L,L3MBTL1
6472,NFYA,TAS2R30,LRRC37A2,CD300LB,LINC01063,AC097713.4,TANC2,TTF2
6473,PSMA8,OSGEPL1-AS1,RP4-803J11.2,KIAA1467,RP11-443B7.1,CTC-523E23.1,ARL8A,SS18L1
6474,AP1S1,VIPR2,RP11-70C1.1,ODF2,RP6-206I17.2,RP5-1180C10.2,KNSTRN,NUP133
6475,FAM167B,RP1-234P15.4,AGAP1,MMRN1,NRCAM,RP13-270P17.1,HAS3,CD70
6476,RNF43,CCNT2-AS1,SLC10A1,SHROOM1,MIR378D2,SDK2,RP11-10L12.4,NHEJ1
6477,EVI5L,RBM12B-AS1,LIG4,RP11-258C19.7,CA6,SLC26A1,TUBG2,DHX35
6478,ZNF670,RP11-138I18.2,C3orf52,RP11-475O6.1,FAM110B,DPF3,CNN3,UGGT1
6479,PCK2,CTB-118N6.3,RP6-206I17.1,TACR2,CCDC149,KCNC4,FEZ1,CARF
6480,RP5-1043L13.1,RP11-496I9.1,LY6G5B,TRUB1,LAMC1,CUZD1,AC104655.3,AVPI1
6481,KIF9-AS1,CLDN12,SULT1A4,RP11-65J3.1,MUC20,ANKS1B,RP5-1115A15.1,DHRS11
6482,WNT2B,RP11-339B21.13,RP11-425I13.3,CTTN,HLA-DQB1-AS1,RP11-932O9.7,RP11-126K1.2,ARHGAP29
6483,HNRNPA1L2,TRIM16,RP11-359I18.5,PRR22,DSCC1,BBS1,LINC00211,RABL5
6484,ATG2B,RP11-15A1.7,ZNF205,RP11-216B9.6,PDK4,VANGL1,CRIM1,ZNF250
6485,LINC00106,CTD-2260A17.1,TSHZ1,TPTEP1,GAS2,GUCA1B,LIM2,TGFBR1
6486,ATP6V0E2-AS1,C7orf25,TONSL,LOXL2,RP11-190C22.9,CELF2-AS1,DNAJC3-AS1,AGAP2
6487,PINK1-AS,LIME1,SNORA40-1,RASGRF2,DTX4,DGUOK-AS1,DLEC1,RP11-65I12.1
6488,TMEM238,VSIG1,ANKRD31,AP001046.6,TMEM238,DDX43,AC012358.8,STARD9
6489,LIPN,HEATR2,MMP14,CXCL10,TEX12,PCSK5,SMAD1,ZEB1
6490,PRR22,F12,C5AR2,MARC2,C14orf132,RP11-504P24.6,REPS2,TOLLIP-AS1
6491,RP11-531A24.5,FBXO36,RP4-610C12.3,EFNA3,PTRF,RP5-1115A15.1,RP11-875O11.1,RP11-109G23.3
6492,RNF175,BOP1,RP4-813F11.4,PIGV,CRHBP,LEKR1,EPDR1,MICU3
6493,SLA2,CPLX1,PHYHD1,MXRA8,CCDC3,ZNF155,SERAC1,CLCN1
6494,TAS2R30,SMTN,GS1-114I9.1,SLC19A2,RP11-315O6.1,MDK,KRBA1,RECQL5
6495,AC004447.2,RP11-89F3.2,SPIRE2,FBLN2,AP001046.6,PXDC1,GAN,RP11-629O1.2
6496,ZFYVE9,UNC45B,GDPD3,UGT8,ZNF546,NBL1,HSF4,WDR3
6497,ADCK4,PTOV1-AS1,UPK2,CTD-2227I18.1,HOXA-AS2,ZNF624,GIT2,FARP2
6498,AC145212.1,CCDC163P,RP11-36B15.1,HCG25,SCARF1,IFITM10,ZNF831,B4GALT5
6499,KALRN,CAND2,TMEM136,CTB-129O4.1,DGKG,CACNA1C-AS1,AC093495.4,RUFY3
6500,KIAA1524,CYP2J2,DYRK1B,RP11-160H22.5,HIST1H2BF,ALS2CR12,PTPDC1,RP11-413H22.2
6501,NAP1L3,RP5-1112D6.4,HAUS1,AC011899.9,SLFNL1,RP11-388M20.1,FMNL2,HAUS8
6502,CRYBG3,TRBV11-2,CCDC3,AMIGO1,RP11-138I18.2,IZUMO4,RP11-388M20.6,B3GNT1
6503,CENPN,CTCF,SENP8,KLHL23,EIF4EBP3,CTD-2210P24.4,ERBB2,PMS2
6504,RP3-465N24.6,AC004158.2,FAM47E,RP11-191L17.1,QRICH2,RP11-154H23.3,RP3-455J7.4,AC017002.1
6505,NBPF12,LINC00511,SUZ12,CTD-2012J19.3,AC013449.1,RP11-890B15.3,UBAP1L,CTD-2562J15.6
6506,WFS1,PEX12,CTD-3214H19.4,NKAPL,ERMN,ZNF100,ATAD3C,FMO4
6507,RP11-66B24.2,DUSP4,CACNB1,RP13-317D12.3,ANKRD50,CTD-2012K14.7,RP11-297B17.3,EXOC3L1
6508,CCDC125,HID1,THAP8,C15orf48,AC010894.5,PLEKHA7,C10orf12,LRCH1
6509,RP5-1050D4.3,NRAS,MYO16,IL18,RP11-558F24.4,CHCHD6,RP11-190C22.8,ZNF189
6510,LINC00422,C1orf145,SRRM5,PDGFRB,USP12-AS2,FSCN3,RP4-813F11.4,HS3ST3B1
6511,CDCA4,PRR7-AS1,ZNF205-AS1,FUOM,PIWIL1,STXBP4,C11orf35,ZFYVE20
6512,PC,BEND4,SMAD1,CTD-2369P2.2,SEZ6L,AC009005.2,CTC-338M12.5,ATR
6513,MCAM,ESPN,RP11-787I22.3,COL4A3,AC004158.2,RFNG,PTPN11,CSTF2
6514,IL17RC,CHRNA1,ZNF541,FAM72A,RP1-168L15.5,BNC2,ALG10,BCAS3
6515,MIR378D2,ERI2,RP11-559M23.1,MUC20,LRRC24,ZNF587B,RP11-692D12.1,TTI1
6516,RP11-890B15.3,NUF2,NPEPPS,CEBPE,ARRDC5,BSPRY,CTB-152G17.6,SPATA2
6517,SNAI1,RP11-504P24.8,RP11-403I13.4,ZBTB26,PIK3R6,LINC00925,EBLN2,PPAP2A
6518,ZNF219,RP11-452L6.7,TTC4,RNASE2,PANK1,MEIG1,SEMA4C,GFOD2
6519,C5orf22,AC104655.3,ZMYND15,FAM83G,CD248,CLTCL1,KANSL1L,POLI
6520,FAM153A,FAM65C,CATSPER2,EVI5L,RGPD2,CTD-2015H6.3,CRYBG3,ABL1
6521,NPIPB5,C7orf31,RNF222,LARGE,CDH20,USP51,AP001058.3,SOS2
6522,RP13-317D12.3,TNIP3,RP1-261D10.2,FAM228A,ARHGAP42,C11orf84,STK19,NAIF1
6523,ZNF620,GRAMD1C,CTD-3064H18.1,GBA,OXT,RP3-467K16.4,EPG5,NKRF
6524,PURB,ZNF79,NIPAL1,RP5-1073O3.7,RP11-356N1.2,PRPF40B,RP13-270P17.3,SCGB3A2
6525,RPS6KA4,RP11-126L15.4,COL6A1,CABP7,ASB9,LINC00299,XXbac-BPG252P9.10,JRKL
6526,FAF1,ZNF225,RP11-421L21.2,RP11-10K16.1,ABLIM2,TMEM171,DDX11-AS1,VPS33B
6527,RAPGEFL1,CCR9,DCBLD2,SOX7,GLCE,MT3,CTD-2015H6.3,MFSD7
6528,CTD-2260A17.1,PARM1,RP4-789D17.5,RP11-219B17.1,ATP8B4,RP11-112J3.16,ZNF569,C15orf41
6529,SDK2,CDC25A,ZNF208,PIGW,LINC00694,LINC00672,MPP5,FBXW8
6530,PYCR1,CYP4F35P,RP5-1057J7.6,AMER1,CLECL1,TTC26,MCF2L-AS1,GPR160
6531,AL627309.1,CTD-2666L21.1,ZNF365,SDCBP2,RP11-46H11.3,HAS3,SYDE2,MIPEP
6532,CTD-2201I18.1,GIPR,ZNF677,RP4-794H19.1,CLCN4,DCBLD2,HIST3H2A,ZNF268
6533,RP4-548D19.3,DOK4,ZNF18,FAM218A,RP11-154H23.3,AZU1,RP11-315I20.1,ATAD2
6534,GAS2,LINC00562,SMAD4,AC009120.6,CTD-2545M3.2,RPA4,ZNF674,PNPO
6535,ZNF394,HCG27,SEL1L,ADAM23,RP11-178L8.7,PEX11A,LL22NC03-2H8.5,FAM19A2
6536,RP11-582J16.5,AC109333.10,PDE1B,BBS12,CTD-2319I12.2,PHYHD1,PINLYP,RNF139-AS1
6537,KCTD3,CAPN8,RP11-356I2.4,SHISA5,BMPR1A,PIGL,CPAMD8,ZNF528
6538,RP11-707G14.1,ZBTB42,CLDN12,FLT3,CABP4,CENPU,PPT2-EGFL8,IFT88
6539,PARD6B,ZNF354B,RP3-467K16.4,EFCAB4A,AC107081.5,NEK11,STARD9,SLFN13
6540,ARL15,CTRL,NET1,TEX12,INHBA-AS1,MYO18A,AC124944.3,SGK223
6541,RP11-661A12.12,RP11-457M11.5,RP11-805J14.5,OXT,PARM1,RP3-508I15.22,ZNF79,C8orf31
6542,RP11-290L1.3,ARHGAP42,CEP63,RP11-92K15.3,AC195454.1,RP11-385F5.5,SLC16A1,RACGAP1
6543,AC079922.3,CTD-2547L24.4,RP13-131K19.2,OLIG1,ELOVL3,ANKRD34B,RP11-128M1.1,TMC4
6544,GUCY1A3,EVC,RP11-707M3.3,RP11-126L15.4,FAM3D,RP11-677M14.2,CTD-2256P15.2,MAP3K10
6545,LRRC24,EFHD1,SPSB1,CTC-260E6.6,OSGIN1,AE000662.92,RPEL1,LAMP3
6546,THBS3,GPR63,STAB1,RP3-465N24.6,AC022182.1,C5,DLEU2L,AGPAT9
6547,LINC00865,RP11-692D12.1,SNORD3A,SLC10A1,UACA,ST6GALNAC1,WDR76,ZNF736
6548,AF127936.7,CXCR1,AQP9,B3GNT4,FRMD3,SYDE2,FKBP1B,PIP4K2C
6549,PBX3,RP11-398K22.12,SORD,ATF7IP,RP11-101E13.5,MRPL30,AKAP5,HIST1H1B
6550,NPIPB3,MYCBP2-AS1,SAMD14,C19orf59,GRAMD1C,U73166.2,GRAMD1C,RCOR1
6551,MBD6,RP11-403I13.4,RP11-138P22.1,AREG,AC090186.1,GNA11,SIGLEC12,RP11-15A1.3
6552,AC009473.1,SNPH,RP11-481A20.11,PVR,NT5DC2,H1FX-AS1,RP11-333E1.1,GTF2H2C
6553,LRRC37A2,RP11-105N14.1,HIST1H4K,KCNMA1,TVP23A,HRK,MSS51,EDEM3
6554,ITGAV,RP11-643M14.1,TRIM7,LCORL,ZNF365,CTD-3195I5.1,RP11-159H10.3,TTC16
6555,ADAMTS10,RP11-160H22.5,AC011747.4,ABCC3,RP11-782C8.1,RP11-277P12.20,ZNF121,CROT
6556,RP5-1057J7.6,DMPK,RP11-426L16.3,TNFRSF21,CPT1B,AC093157.1,SLC4A4,AP1S3
6557,RP11-10K16.1,PCBP3,MYLK,C4BPB,CTB-47B11.3,CBWD3,CCDC137,MLF1
6558,ABCB9,CTC-260E6.6,RP5-884G6.2,PLA2G7,RASSF6,BCL2L14,DNTTIP2,ACVR2A
6559,ZNF280B,DACT1,AC073115.7,RP11-730K11.1,C22orf26,CTD-2288F12.1,ARHGAP29,SBK1
6560,ME3,RP11-266J6.2,MAFG,CTB-47B11.3,RP11-336K24.12,CTD-2371O3.2,CTC-241N9.1,ZNF181
6561,SLC8A1,RP11-390F4.3,ARHGAP5-AS1,USP54,C16orf46,SGCE,CTA-384D8.35,RP11-500C11.3
6562,ZNF544,RP1-202O8.3,CCL2,RP11-159G9.5,KHDRBS2,RP11-793H13.11,ZNF587B,MAVS
6563,RP11-33O4.1,MTFR2,CRB1,ITGA1,MEX3B,RHBDL1,GDPD1,STAB1
6564,GUF1,RP11-1398P2.1,RP11-1151B14.4,B3GNT9,ZNF223-1,RP11-161M6.3,ZNF217,LIMS2
6565,RP5-1085F17.3,RP11-83N9.5,LINC01119,SLC5A10,C10orf25,AK8,ARHGAP32,GTF2H3
6566,CAMKK1,ZFP37,PC,NIPAL1,AC096772.6,CASZ1,FBXO38,PRKRIR
6567,ALG9,C14orf132,PPP2R3A,RP11-761I4.3,RP4-784A16.5,AP001469.9,DSTYK,SLC25A51
6568,KIAA0586,TGM1,ULK1,TOR1AIP2,RP3-465N24.6,AC006994.2,AURKC,EPHA1-AS1
6569,GAS8,POU5F1B,LINC00264,AL354822.1,MLLT4,MTSS1L,SUSD4,ZNF584
6570,RP11-597D13.9,SLC35G2,C15orf39,CCDC102B,ITGA1,PPFIBP1,AC137932.6,SLC25A44
6571,NOXA1,TPX2,LINC00630,HS3ST1,CUBN,LINC00996,AC074117.10,P2RY11
6572,KIF18A,CYP2D6,RP11-22P6.3,RALGAPA1,AD000671.6,RAB25,STK33,MIB1
6573,TCP10L,CTD-3203P2.2,LOXL2,AC004447.2,CNKSR2,TXNRD3,PLXNA3,CTD-2302E22.4
6574,KLHL11,UBXN10-AS1,ZNF629,ADM,IFT81,MDGA1,ANKDD1A,KIF23
6575,ADIRF,ZNF549,KLHL21,KCNC3,P2RY1,TXNDC5,CECR5-AS1,FBXL6
6576,RP11-159G9.5,CACNA1C-AS1,CTD-2162K18.4,CTD-2538C1.2,AC006547.15,ZNF416,ZNF649,RP11-147L13.2
6577,HCG25,GLIPR1L2,RNF217,MATN1,ABCA1,LINC-PINT,ZNF135,RP11-849F2.8
6578,RP11-69E11.4,RP11-326C3.2,SRXN1,FCGR1B,ENTPD7,LAYN,RP11-634H22.1,FAHD2B
6579,AC009961.3,NCKAP1,ANKRD37,DNAJC27,CTC-428G20.3,RP11-713M15.2,RELL1,RWDD2A
6580,DKFZP761J1410,SPEG,AC010894.5,MEIG1,LINC00106,HOOK1,RP11-701P16.2,TTLL5
6581,TYK2,BNC2,YAE1D1,RND1,MITF,AC009404.2,DNAJC24,METAP1D
6582,WEE1,SAMD12,ZCRB1,RP13-131K19.2,RP11-598F7.3,RP11-314N13.3,HOXA9,BCORL1
6583,THAP5,HSPA2,DNAJB5,RP11-774O3.3,C9orf96,C21orf58,MCF2L,ATP8A1
6584,NDC80,ZNF571-AS1,FCAR,ZFP69B,PIWIL4,CERCAM,AK4,CTB-32O4.2
6585,TPRN,RP11-407G23.3,MIR378D2,CACNA1A,AXL,ZNF470,EIF4G3,MED21
6586,AE000662.92,AC008440.5,PHLDB1,RP11-333E1.1,DYSF,PET112,CTD-3074O7.12,RAD23A
6587,RP11-362K14.6,CITF22-92A6.1,RP11-15A1.7,Y_RNA,RP11-195F19.9,LINC00894,RP11-473M20.14,LCORL
6588,RP11-90P5.2,GVQW1,KCTD3,SALL2,AC104699.1,AP001046.5,STX18-AS1,ZNF710
6589,DENND2C,RP3-467K16.4,PTGS2,FCGR3B,ZNF547,AC006116.20,RGS9,PALB2
6590,SNRNP70,FAM167B,EIF3C,CDPF1,GAB1,LRRC26,TIPRL,PAXIP1
6591,RP11-169D4.2,SEMA5A,APOBEC3F,AC073283.7,CDYL2,HIST1H2AH,HCG27,ZNF79
6592,TPM1,ESR2,ZBTB6,ZBTB5,SIRPD,LL22NC03-2H8.5,YES1,CMKLR1
6593,ADAP1,RP11-571M6.7,WNT10B,FGFRL1,OTOF,MFSD4,ACTR3C,ZNF71
6594,RP11-10C24.1,AC016683.5,IPO9-AS1,IQCK,FSCN1,SLC5A2,ZNF329,RP11-731C17.2
6595,ZNF665,GEN1,FSCN1,SLC8A1,RP1-234P15.4,VAV3-AS1,SNRPA,KSR1
6596,RP11-359B12.2,RP11-433J8.1,KIAA1279,CLCN4,B3GNT5,SGSM1,RP11-178C3.2,DCP1B
6597,RP11-1007O24.3,RP11-315I20.1,NTNG2,AC107081.5,KIAA1107,RAD52,AL133245.2,RP11-873E20.1
6598,RP11-379K17.4,BFSP2,CTD-2023M8.1,GUCY1A3,RP11-42I10.1,NPM2,RP11-755B10.4,C22orf34
6599,NUPR1L,U47924.30,ANKRD18B,AC069513.4,HSPG2,WFS1,SEMA4B,ATG9B
6600,FBLN2,RP11-423H2.3,CETP,CAMKK1,SLC2A5,CADM1,RP4-583P15.10,DNAL1
6601,RP11-580I16.2,AC103563.8,ETAA1,RTKN,PGBD3,AC009120.10,MYBL1,RP11-505P4.6
6602,AC131097.3,ANKRD34A,LRRC20,FAM129B,CCDC62,RP11-517I3.1,RP11-16E12.1,ZNF831
6603,FN3K,SLC14A2,SGMS2,NRCAM,GATS,RP11-161M6.2,SLC26A6,RWDD2B
6604,B3GNT5,RAPGEFL1,AC131097.3,LUCAT1,FZD2,ZNF30,AC093388.3,DOCK9
6605,SAMD10,ELMO3,RP3-525N10.2,SNAI1,BEND4,CHST10,CYB5R2,SCAF8
6606,FAM210A,C9orf40,AC007228.5,RP1-261D10.2,MED4-AS1,STON1,EPHB3,WSB2
6607,RP4-635E18.8,DYNC2H1,GFI1B,RP11-138P22.1,DAB1,SPIRE2,CLIP2,AREL1
6608,ANKRD27,AGAP1,LRCH3,C1orf186,CLDN23,BTBD8,CYP4F35P,MYOM2
6609,RASAL1,RP11-700H6.1,TMEM68,LIPN,C22orf15,TBX19,ZNF583,DNTTIP1
6610,SWT1,KCNAB3,RP11-54O7.11,SCARF2,AC104655.3,C2orf44,REV3L,TEX10
6611,RP11-56B16.4,RP1-151F17.2,ACTR3C,LCN2,SCRG1,DOCK9-AS2,QSER1,RNF123
6612,C19orf35,RP11-466F5.8,KDM4D,DIRAS1,VSIG10L,AL928742.12,VIL1,PPARD
6613,SAMD14,C8orf37,AC109333.10,GBE1,DUOX1,TLCD1,EVC,GCN1L1
6614,RP11-16N11.2,RASSF6,ADIRF,PHF21A,ITPRIPL2,FOXN3-AS1,CHML,DNAJC25
6615,LIG4,GEM,CRYGS,GTF2E1,PCSK6,C1orf200,ZFP30,ANAPC1
6616,STAB1,KNTC1,ZNF57,SOGA1,CTB-129O4.1,USP27X,PCOLCE,MYO7B
6617,DRAXIN,RP11-343H5.6,NUAK1,ZNF252P-AS1,BBS12,PBK,HARBI1,A1BG-AS1
6618,CYP4F35P,RP11-275I4.1,FAM229B,RP11-96K19.2,CTB-113P19.5,RP11-973H7.1,ASAH2,RP11-102N12.3
6619,EPN1,ZNF205-AS1,RP11-342K6.1,HEXIM2,FOXN3-AS1,ZNF486,JSRP1,SLC22A4
6620,MTSS1L,ZFP3,WNK3,LRRC16B,ITLN1,RP11-219B17.1,CCL20,L3HYPDH
6621,CTD-2017C7.1,ZC3H10,PRDM11,ACOT2,ACE,PRRT1,ZNF628,RYR1
6622,RP11-532F12.5,INTU,THAP1,RP13-131K19.7,YOD1,SPTLC3,BICD1,DHTKD1
6623,MSTO1,COLCA2,NDST1,KIF16B,GAL3ST4,SLC51A,SPEG,RP5-821D11.7
6624,CTD-2006K23.2,IGSF9B,CCDC183,AC018766.4,RP5-1074L1.4,MDN1,NBPF15,G2E3
6625,TPP1,RP11-326C3.11,SYP,PTK7,AC061992.2,BOK,ZNF726,C2orf74
6626,ZCCHC24,FBXO10,CNKSR1,EML6,KCNK7,RP11-798G7.6,B3GAT2,OTUD6B
6627,CTH,SPAG8,TMEM81,TRIM31,CTD-2165H16.4,RP3-455J7.4,VIPAS39,CORO2A
6628,RP11-342I1.2,HSF2BP,RP13-317D12.3,NIPSNAP3B,RP5-1098D14.1,RP11-145M9.4,THAP3,BBS4
6629,FAM92A1,IL17RE,CTTNBP2NL,LRRK1,SLC9B2,ZFR2,ZNF519,DCBLD1
6630,TMEM180,GREM2,MRPL30,C12orf68,Y_RNA,AL353354.2,ANKEF1,UBL7-AS1
6631,RP11-42I10.1,DUSP8,RNU11,GRB10,PDE4C,RP5-1024G6.7,PVALB,C1orf216
6632,ZNF418,DSCR9,VEGFA,PRCD,FBXL22,RP11-119D9.1,SLC45A3,AC097500.2
6633,FLT3,RP11-666A20.4,LGALS4,RP4-773N10.4,AC016757.3,AC090186.1,MTA3,AP006621.5
6634,VPRBP,ZNF304,LCAT,AC009473.1,C3orf52,AC131056.3,ALS2,TSNARE1
6635,RP11-805I24.1,ZBTB37,KRT2,MFSD8,TXNRD3,RAD51AP1,RP11-135A24.4,PIGN
6636,RP11-192H23.6,CLCN4,LIPN,DHRS11,RP11-56B16.4,INSL3,FOXRED2,RAC3
6637,SRGAP2,KIF2C,ZNF354B,ZNF709,RNF32,GPR124,RP1-43E13.2,AGO2
6638,ZNF579,ZNF578,EFEMP2,DCUN1D3,OMG,RAB12,CTD-2288F12.1,TP53BP2
6639,ARSD,PLEK2,HAS3,C12orf61,AC018766.4,U47924.30,MSTO1,PGM3
6640,RP1-151F17.1,PGBD4,C1orf101,CTC-454I21.3,DLL3,RPEL1,C9orf116,VPS18
6641,VMP1,FAM66C,C1orf53,SLC31A2,RP11-221J22.2,MTBP,NPPA-AS1,GAB2
6642,SULT1B1,WDR66,ZNF425,TAS2R30,CTC-260E6.6,RP11-475O6.1,KLHL14,ZNF574
6643,AP001046.5,TMEM200A,ATRN,RP11-342M1.3,EPPK1,IFNL1,LRRC7,USP9Y
6644,IQCK,RP11-90D4.3,RP11-127B20.3,ALDH4A1,POLN,EPDR1,MYCBP2-AS1,ZNF438
6645,ZNF625,ZSCAN25,SNX33,SCGB1C1,C4BPB,RP5-821D11.7,PPIP5K2,IPP
6646,PRRG4,LGALS4,PAPL,ZNF630,SEC24A,TCFL5,PDE1B,NKIRAS1
6647,DCUN1D3,ZNF441,AC011558.5,TUBA8,RP11-379K17.12,CTD-2616J11.2,UGT8,MRVI1
6648,ZNF667-AS1,CTD-2210P24.4,KIAA1671,ZNF169,C1QTNF4,SOX13,RP11-506M13.3,SLC39A9
6649,VNN3,PLS3,RP11-274B21.10,RUNDC3B,COL6A1,TSPYL5,SPSB1,ZNF738
6650,ATL1,CECR5-AS1,KTN1-AS1,TLR7,DNAH6,ZNF594,ZBTB9,RP11-492E3.2
6651,APBB2,TVP23A,CCRL2,STARD10,COL4A3,AXIN2,STAM2,VEGFB
6652,LINC01063,SEMA4F,RP11-438L19.1,ZNF570,PRRT1,OOEP,CTD-2020K17.4,TIGD1
6653,STON2,BCL2L14,IGF1R,TMX4,NXPH4,EHHADH,PWAR6,GIT1
6654,PTPN13,PHLDB2,PTPN13,AD000671.6,NRP2,ZNF829,TAF10,TRIB3
6655,C17orf59,CCL27,UBAC2-AS1,GOLT1B,KIAA1211L,SNX24,RP11-326F20.5,FBLIM1
6656,IL1RN,ARHGEF4,TULP2,ZNF514,SLC6A12,FITM2,LEPR,NBPF14
6657,RP11-513M16.7,CTD-2623N2.11,SPDYA,KRT8,SLC46A1,EPB41L5,CCDC6,ABCA7
6658,DUSP8,ZNF665,CLOCK,CDH1,AMZ1,RP11-488L18.8,SLC30A4,HK2
6659,FOXRED2,PHYHD1,ACACB,AC018755.1,DEPDC1B,ACRC,NETO2,PLEKHH2
6660,KIAA1377,GTSCR1,C20orf197,CACNB1,C1orf101,TMTC3,TRAF3IP1,SAMD1
6661,CORO7,RBBP9,SLC26A1,CTC-297N7.5,KNTC1,DTNA,ZNF410,RBM15
6662,UBE3A,MID2,BLOC1S3,PPIP5K1,CD1A,RP11-385F7.1,HSF2BP,CTB-133G6.1
6663,MSS51,ZNF564,KLHL23,UBR1,GCNT4,GATS,LCMT2,ZNF566
6664,SPTY2D1,AC083949.1,AP001046.6,LRRC26,RP1-191J18.66,CELSR1,KB-1460A1.5,RP11-325F22.2
6665,INPP5F,RTKN,FAM218A,RP11-750H9.5,PNMA3,UGT8,FIGNL1,TNFRSF13C
6666,LAMTOR3,ZBTB20-AS1,DPY19L2,EPB41L2,HIST2H2BF,ERF,AC002116.7,TSPAN7
6667,RP11-114O18.1,DPF3,RP11-730K11.1,LIPC,OLFM1,RP11-566K11.5,MCOLN3,RP11-345P4.9
6668,ADAMTSL5,CDC14B,C5orf22,AC016757.3,FOXRED2,PSPH,RP11-817O13.8,RP11-802O23.3
6669,STK3,OSCP1,PRKAR2A-AS1,TM9SF2,SDK2,LRRC24,NHSL1,MORC2-AS1
6670,ADD2,BSPRY,GTF2IRD1,RP4-635E18.8,RP11-597D13.9,RP11-362F19.3,HIST1H3A,FPGT
6671,CLMN,LYRM9,ZNF624,TBC1D12,LRRC16A,DLG3,PWWP2A,CDT1
6672,RP11-793H13.3,GTSE1,TCFL5,AP003068.9,RP11-225H22.7,CTC-297N7.5,ARHGAP5-AS1,CHIC1
6673,CRB1,RP11-388M20.1,PHACTR4,TNFSF13,PPP2R3A,NAA60,CEP97,VILL
6674,TDRD7,GSTCD,RP11-262H14.1,SPHK1,ANKRD18B,RP11-408A13.4,HIST1H2AH,LDLRAD3
6675,METTL20,KIR3DL1,BFSP1,LINC01013,U91328.19,HDAC11,C10orf25,CHKA
6676,RP11-410L14.2,MLF1,NMUR1,ASTN2,SLX1A,TRIM46,ENKD1,ZNF790
6677,FAM72A,CTA-204B4.2,AP1AR,RP11-879F14.2,B3GNT4,PDP2,FAM21B,ERMARD
6678,RP3-466P17.1,RP11-290D2.3,CEACAM4,LRRC69,RP11-158M2.3,THTPA,LINC00984,THUMPD2
6679,CTD-3203P2.2,TMEM45B,PPIP5K1,SEZ6,AC009005.2,CABLES1,SYTL1,SLC25A42
6680,CELSR2,ZNF569,CYP4F35P,CTD-3074O7.12,CACNB1,FAM53A,AXIN1,KBTBD11
6681,AC011893.3,LMF1,CRIPT,RP11-505P4.6,ASMTL-AS1,ACTR3C,RP11-1151B14.4,HELB
6682,RP11-6F2.5,HSD17B1,PRR7-AS1,PIP5K1B,COX6B2,CCDC183,RP11-395B7.4,SMURF1
6683,SNX21,RP4-561L24.3,MAP1B,SERHL2,CTD-2544N14.3,HSPA1L,ZNF343,RLF
6684,RAB23,RP11-77H9.8,AQP10,CALML4,FAM81A,FAM111B,ISYNA1,SLC25A28
6685,LINC00342,HIST1H4K,RTTN,ZFP28,NPHP1,SLC30A4,RP11-390B4.5,SYTL2
6686,SDCBP2,AL592284.1,TOMM34,RAPGEF3,KLB,RP11-415F23.2,ZNF438,RP11-296O14.3
6687,POMK,CTD-2544N14.3,ZFP30,SRC,CD1E,SLC38A11,IRS1,PDSS1
6688,LRRC3,MAP3K9,C1R,AC195454.1,GEN1,PRDM8,TAF6,RNF217
6689,FGFRL1,CTC-523E23.1,KCNA3,TMEM9B-AS1,DHRS7B,LINC00865,RP11-398C13.6,PGAP3
6690,LINC01146,STXBP4,CERCAM,GDPGP1,ZNF300,RP11-58E21.3,RP11-474G23.2,KCNC3
6691,CCDC102A,RP11-175O19.4,GNG5P2,RP11-46A10.5,PXDC1,IRGM,GET4,IL2RA
6692,RP5-1159O4.1,GNAO1,ZNF714,PRRC2B,RP11-571M6.7,THNSL1,ATP1A3,LONP1
6693,JSRP1,RP11-680G24.5,PTX3,SGPP2,C1orf186,LPHN1,CACNA1A,DDX20
6694,RP11-452H21.4,KCNC4,BAMBI,PTOV1-AS1,SLC35F3,RP11-16N11.2,TEPP,ARHGEF19
6695,ZBED3,C1orf186,A2M,CYP2D6,ZNF711,ZNF502,CCDC120,PAM16
6696,SUFU,MAN1C1,RP11-318E3.9,TRIP10,WDFY3,RP4-800J21.3,EPT1,ERBB2
6697,SPATA33,RP5-1098D14.1,RP11-89F3.2,DMWD,AP000769.1,NPIPB4,RP11-713P17.3,RP11-545E17.3
6698,RP11-775D22.2,LINC00925,RP11-279F6.3,FCGBP,MTURN,RP4-635E18.8,AC159540.1,AHCTF1
6699,CTD-3074O7.12,STEAP1B,JARID2-AS1,DLL3,KANK1,RP4-816N1.6,AC005253.2,PEX10
6700,PTPDC1,CERCAM,CTC-241N9.1,ZNF420,CTD-2031P19.3,RP11-474G23.2,ZNF577,SEC31B
6701,NAA60,PBK,ZNF514,AC006994.2,LAMTOR5-AS1,CTD-2035E11.5,C17orf72,PTCHD3P1
6702,RP11-259K5.2,AP001412.1,RNF32,RP5-1085F17.3,RP11-805I24.1,RAVER1,MYLK,ADAMTS6
6703,RP11-305K5.1,AC016757.3,RP5-1050D4.3,ATP6AP1L,TPRG1-AS1,MAP3K10,CDKL5,ZNF426
6704,AC093609.1,ALS2CR12,RP11-227D13.4,CTH,ANPEP,KCTD21-AS1,CATSPER2,SETD6
6705,AC009950.2,LAMTOR5-AS1,ZNF391,RP11-469M7.1,SOX15,ARL10,PRRC2A,TTC21A
6706,TICAM1,RP11-484K9.4,WDR83,DUSP6,EMP1,RP11-641A6.2,ABCD1,P2RY14
6707,RP11-509J21.2,RP11-378A13.2,RP11-758P17.3,CNKSR2,AMACR,DONSON,RP11-803D5.4,MTERFD3
6708,DHRS9,RP11-588G21.2,ARG2,PLEKHM3,RP11-701P16.2,RP11-805I24.1,LRSAM1,PRKCI
6709,RP5-940J5.6,MB21D2,TMEM177,TTC34,PLGLB1,CDC7,ANKRD42,ZBTB11-AS1
6710,ZMYM6NB,KIAA1324L,RP11-33O4.1,MRPS12,RP1-159A19.4,RP11-603J24.5,NR3C2,CLSTN3
6711,LUCAT1,SMARCA5-AS1,F13A1,ZNF598,RP11-424N24.2,C2orf40,ZBTB42,SLC37A4
6712,CCDC71L,TOX2,AP001053.11,RP11-707G14.1,RP11-10K16.1,CKM,ATAD2,TCN2
6713,HERPUD1,RP11-382J12.1,LINC00880,COL17A1,HTRA1,MMP25,BTLA,ALDH6A1
6714,KIAA1033,DIRAS1,KCNE1,PLLP,ESR2,MC1R,FBXO2,WDPCP
6715,SIRPD,RP11-511B23.1,RP5-930J4.4,ZNF532,DDX39B,ALDH7A1,TRPM2,GPR162
6716,RP11-379F4.9,B3GAT2,C9orf24,ZSCAN30,RAVER2,SPERT,CYP2J2,MTA3
6717,PALLD,BOK,ENKD1,CRYM,TNFRSF21,UBTD2,VNN1,C11orf71
6718,RP11-95P2.1,PWAR6,CTD-2227I18.1,GAS8,DNAAF1,STPG1,LINC00309,KIF21B
6719,IKZF1,AC009404.2,HBQ1,LRRC46,RP11-56G10.2,IFT140,MRPL48,PHLDA2
6720,DSCC1,RP11-677M14.2,LINC01146,PARK2,CYP2J2,CTC-518P12.6,TNK1,IKBKAP
6721,GRWD1,HAS3,RP11-641A6.2,ZNF227,AC068580.6,NAP1L3,CDCA4,PAX5
6722,OMG,DLG3,SUV39H2,INTS9,AC005944.2,TJP3,PHLPP2,RNF157
6723,CTD-2083E4.6,PRDM15,RP11-46H11.3,HEATR5B,SOX7,ZNF165,NUTF2,SYNJ1
6724,SP1,MCOLN3,CTD-2547L24.4,RFT1,ZNF579,PADI2,C5orf45,ZNF526
6725,RP11-91G21.1,RP11-568N6.1,LSM11,GBGT1,SLC25A30,CCDC122,KHDC1,KIAA1407
6726,RP1-100J12.1,LINC00299,VDR,TSTD3,RP11-498C9.15,NRG2,CCL4L2,MARCH9
6727,RP11-774O3.3,MDGA1,RNF175,FBXO30,ZNF225,LTK,RP11-279O9.4,CA13
6728,PARP4,RP11-793H13.11,PACRGL,STON2,GPR124,SSSCA1-AS1,SLC25A22,LSM12
6729,GLS2,RP11-359K18.3,TBC1D30,RP11-402D21.2,UNC5CL,RBM11,TRAK1,PCDH9
6730,FNBP1L,AC092667.2,ALS2CR12,TMEM40,RP11-544A12.4,PKHD1L1,SLX4,LINC00623
6731,FBF1,PVRL3,PHLDB2,RP11-408A13.4,RP11-333E1.1,RP11-197P3.4,CDK14,MCM3AP-AS1
6732,SPATA21,PPIL6,SLCO4C1,TNK2-AS1,SLC39A4,ZNF80,LL22NC03-75H12.2,RNASEL
6733,CDKN2B,ZNF71,LNP1,COL19A1,AGFG1,TCTN2,SPATA41,UBN2
6734,CTD-2353F22.1,CIB2,LINC00852,SLC27A4,AMER1,RP11-560J1.2,HCG25,LRP2BP
6735,PVR,RP11-391M1.4,CTAGE9,TMEM88,CLIC5,C17orf100,ABHD16B,PURB
6736,FGF14-AS2,NUDT22,OMA1,COL6A1,TACR2,RP11-359B12.2,DPCD,C9orf139
6737,NFKBID,SSTR3,ITGA10,PPIL6,RP11-438L19.1,RP1-266L20.2,FAM167A,ITPRIPL1
6738,MS4A14,TMEM200B,AC012074.2,HSPG2,RP11-421M1.8,KIAA0430,DVL3,TAB3
6739,RP5-1142A6.2,TRIM59,BACE1,ADPRH,KLHL32,METTL21B,RP1-111C20.4,TOE1
6740,TMTC2,FAM154B,FIZ1,AKR1CL1,AC016700.5,NAP1L2,PPAPDC2,KDELC2
6741,RP11-977G19.11,CTD-2366F13.1,FAM179A,SYT17,TGFB3,ERCC8,DNAJC18,KBTBD3
6742,OTUD7B,MYOM1,SGSM1,ADORA2B,KBTBD6,AVIL,VWA5A,XXYLT1
6743,MADCAM1,MED20,GPRC5C,CALCOCO1,RP11-388M20.1,MEOX1,AC009133.12,TM7SF2
6744,FKRP,AC097713.4,DCHS1,CLEC4G,IQCK,ZNF442,NDN,RP11-54O7.17
6745,LY6G5B,PEX11A,KCTD1,RFWD2,RP11-110I1.14,PTK6,ASMTL-AS1,SPINT1
6746,PIK3R6,RP11-305L7.1,AC004447.2,APBB2,TSKS,THAP9,WDR35,MLC1
6747,DHDH,STK33,ZG16B,DONSON,CTD-2054N24.2,MORC4,CACNA1I,ANKRD42
6748,BGLAP,TMEM171,ZFP37,MCTP1,FCGBP,ABCC6,TRIM32,SYT11
6749,NPIPB4,YTHDC2,RP11-531A24.5,ATF3,AC012074.2,MIR497HG,COPG2,ZNF789
6750,ASTN2,RP11-890B15.3,TRIM31,RP11-498C9.15,RP11-191L17.1,SH3D21,CDK11A,ABCG1
6751,FBXO36,RSAD1,CCDC13,PRAF2,RP11-247A12.2,RP11-166O4.6,ADC,TTC39B
6752,CCDC154,SLC26A1,RP11-57H14.2,LAMP5,PLXNB2,RP11-192H23.4,DDTL,TLK2
6753,RP11-158M2.3,C11orf84,KLRK1,ZNF583,RP11-977G19.12,MORN4,ZNF558,POT1
6754,RP11-458D21.6,RP11-110I1.14,WRAP73,AC024940.1,S1PR3,RP11-356C4.3,AMER1,RP1-20N2.6
6755,UBAP1L,KDM4A-AS1,CLIC5,ZNF304,LINC01023,RP11-307C12.12,ASAH2B,ZNF746
6756,SGOL1,NRG2,MOB3B,CTD-2186M15.3,ECHDC3,GRIK4,ICK,TBC1D30
6757,ORC6,RP11-973H7.1,MLLT4,ANKRD31,OVGP1,RP11-869B15.1,RP11-535A5.1,SEPT8
6758,RP11-1079K10.4,ZNF540,RP11-442N24__B.1,SMAD1,RP11-110I1.13,LOXL1,NHLRC4,GALNT3
6759,AP000783.1,ZNF30,RP11-600F24.7,MS4A14,AQP10,ZNF543,RP11-15H20.7,FCRLB
6760,RP5-935K16.1,TRIP13,RPS6KA2,FAM167B,CNNM4,AP001462.6,PRSS36,ANGPTL6
6761,P2RY1,RP4-773N10.4,BIRC5,HIST1H2AL,EFHD1,C11orf35,GSTCD,AC079922.3
6762,LINC00968,AL590452.1,RAB15,CTB-91J4.1,LIPN,CTD-2006K23.2,ZNF446,PLEKHG3
6763,WDR77,PAK3,KRT8,QRICH2,SEMA6B,RP11-425I13.3,FAM169A,ELMOD2
6764,LINC00304,MMP28,CTD-2616J11.2,WDPCP,TPO,AC159540.1,PTBP2,IKZF3
6765,AGO2,DBF4,DGCR8,FAM13A,CTD-2410N18.3,KIAA0895L,SLC38A9,GALE
6766,AXL,AGAP5,PMM2,ZEB2-AS1,C17orf51,BPHL,CCDC142,MB21D1
6767,FOXM1,ASAH2,EGR2,C22orf43,OCM,CCDC176,PPM1L,DGCR8
6768,SMTN,CENPU,GPR34,LY96,VWDE,MIR940,HIPK3,RP11-432I5.1
6769,PKN3,CCDC136,ANKRD34B,RP11-598F7.3,ZER1,GPATCH2,DGKG,TAPT1
6770,UBAP2,IFNL1,PAX8,MTUS1,KDM4D,LINC00265,PTX3,HARS2
6771,SPHK2,DDR1,RP11-284N8.3,MAP4K3,MAP7,TBC1D24,SLC35G1,ZNF568
6772,MMRN1,VSIG2,CCDC15,RP11-382J12.1,ZRSR1,FAM127C,CYB5D1,SLC9A8
6773,SEMA4G,MT3,RRM2,RP5-1042K10.10,EEFSEC,TMEM117,GOLGA7B,ZNF563
6774,CTC-366B18.2,KIAA1715,FSIP1,AC022182.3,RP11-473M20.16,GSTO2,C19orf18,NOG
6775,RP11-661A12.5,EEFSEC,SLC5A10,PNO1,RP11-261C10.3,GSPT2,TAF4,BAIAP3
6776,RP11-425D10.10,WDHD1,CMTM4,GNG10,GBA,HTRA1,RAPGEF2,HCG11
6777,VTI1A,ZNF45,DGKG,HRK,ADAM23,RP11-196G18.24,ZHX1-C8ORF76,GSTT1
6778,GPR125,SPIRE2,TOP2A,NR1H3,NLGN4Y,RP11-104N10.1,CEBPE,CLPB
6779,ANKLE1,PLEKHA4,AKR1E2,SAR1B,SERPINF2,SUV39H2,RP4-612B15.3,ZNF680
6780,RP4-813F11.4,RP11-92K15.3,RP11-392P7.6,WDR59,TST,TMEM144,CPNE7,DIRC2
6781,ZNF35,RP11-713M15.2,NCAPH,HESX1,WNT5B,MUC12,OTUD7B,PET112
6782,LRP12,ZNF155,AC024940.1,RP11-162A12.2,GLB1L,RP11-415F23.4,NEK4,DENND6A
6783,ADAM23,DONSON,VSIG8,SHF,PLS3,ALG1L,CCR4,BTBD2
6784,CAHM,ZNF671,RP11-540O11.6,BOK,RP11-342M1.3,FAM19A1,TMEM254-AS1,LINC00528
6785,CEP72,RP11-73E17.2,SLC16A10,TTC26,FAM66C,RP4-794H19.1,EPHX3,ABHD15
6786,FFAR2,MIR155HG,FAM83G,DENND2C,MRPL30,RFPL1S,RP11-712B9.2,RP3-325F22.5
6787,SLC46A1,C2orf44,TIMD4,CTD-2165H16.4,AP001412.1,AC012360.4,ZNF433,ZNF324
6788,RP11-386G11.5,RALY,LRTOMT,CDK2AP1,RP11-403A21.1,HOXA10,ZNF627,RP5-1065J22.8
6789,PRDM11,RNFT2,MINOS1-NBL1,ARHGAP33,ALDH7A1,MIR181A2HG,TAF9B,GIN1
6790,ATP13A4,RP11-223C24.1,RP11-181C3.1,AC091729.9,RP11-484K9.4,CTD-2555O16.4,DTHD1,SHROOM1
6791,PRSS53,RLN1,MEIG1,SPIN3,SAMD12,FKBP14,QPRT,RP11-872J21.3
6792,HLA-DQB1-AS1,C1orf172,POU2F1,RP11-259K5.2,GNMT,RP11-111M22.2,RP11-1149M10.2,NAA30
6793,LINC00630,7SK-2,RP11-680A11.5,RP11-111J6.2,MORF4L2-AS1,TIGD2,USP51,BORA
6794,ZNF486,AIRE,RP11-266J6.2,PTCD2,C19orf18,CHFR,ANKRD55,RYK
6795,HSF5,IRGM,ZNF616,AC008440.5,RHOD,NBPF3,SS18L1,ZFYVE16
6796,RP11-677M14.7,MYO1D,RP1-223E5.4,C12orf39,RP5-1042K10.10,DKK3,CTD-2007H13.3,HNRNPU-AS1
6797,OTOF,TET1,RP11-307C12.12,TAL1,CCDC163P,AP000442.1,TMEM25,PRRT3
6798,PTOV1-AS1,ZBTB26,CEP170B,RP4-803J11.2,LGALS12,FLJ20306,MYO18A,TUBG1
6799,ZNF408,PLEKHH2,TNS1,7SK-2,C1orf233,ZNF135,AMT,PCNT
6800,KIAA1467,ANKS1B,DSC2,TMX3,RP11-426L16.3,ZNF670,FLJ27365,SEPT10
6801,RP11-469M7.1,FZD6,C1orf204,TCL1B,TPRN,ROM1,ERLIN1,MMAA
6802,AC104809.3,GRIK4,INSR,ZNF804A,SERHL2,C9orf9,NEK11,RCCD1
6803,MOCS1,HSD11B1,SYCP2,RP11-83N9.5,HCFC1-AS1,VWDE,CCNT2-AS1,YAE1D1
6804,C5orf63,IQCK,RP4-798A10.2,SPOCD1,FSD1L,CDCA8,RP11-326K13.4,MTA2
6805,PDGFC,CADM1,CACNA1C-AS1,FAM160B2,AIFM3,BOLA3-AS1,LIPN,TAF9B
6806,KRT72,AC131056.3,CTD-2047H16.4,ST14,HP,ZNF519,CDC14B,MON1A
6807,CTC-507E2.1,MIR181A2HG,SERINC4,RP11-327F22.2,RP11-338I21.1,SRGAP3,SPIN4,DHRS13
6808,RP11-361D15.2,ZFR2,CRIM1,EMR3,SLC2A9,RP11-312B8.1,RP11-98D18.3,ERLIN2
6809,KIAA0895L,KLHL21,EPHB3,PTRF,GTF2IRD1,KIAA1009,NAB2,KLHL9
6810,UBXN10-AS1,RAB12,LINC00309,GLB1L,FAM114A1,FAM174B,CNNM4,SRC
6811,LIMD1,CHST10,S1PR3,CCNL1,HGF,DVL2,HAL,TIMM8A
6812,SCLT1,NCAPH,RP11-867G23.8,KCNK7,AMIGO1,RP11-305L7.1,OSBPL1A,TRAF7
6813,MAP7,RP11-603J24.5,KLHL29,NR2C2,RP11-297B17.3,LINC00663,DARS2,MORC2
6814,ATF5,RP11-430H10.1,LRG1,FTSJ3,RP1-223E5.4,PYGM,AL592284.1,MBOAT1
6815,STK11,RP11-196G18.24,SOX12,AL928742.12,RP11-84C10.2,RP11-867G23.8,HIST1H4A,ZNF420
6816,LNP1,WFS1,ENOX2,DBNDD1,HIST1H2AL,LAPTM4B,JAM3,ISYNA1
6817,NPTN,TSPAN7,ANKRD22,CTC-297N7.8,NIPSNAP3B,CD1E,SERHL2,RBKS
6818,RP11-773D16.1,LAYN,MFSD4,CEACAM4,ORMDL1,OSGEPL1-AS1,LIN7A,ZNF699
6819,PAXBP1-AS1,RP11-350F4.2,RP11-178L8.7,NPAS2,NR4A3,PIK3R6,FBXO45,DPH2
6820,RAPH1,EPHA4,RP11-295G20.2,CTD-2532N20.1,RP11-243J16.7,KIAA0754,AC007386.2,RP11-862L9.3
6821,EPHB3,CASD1,ESPN,CTD-2547L16.1,RP11-52J3.3,TEF,SARDH,FANCL
6822,BCL2L2,ZNF620,ATP6V0E2-AS1,GLIPR1L2,KCTD3,TMEM105,FAM102B,CALML4
6823,VIPR2,ZNF416,ANGPTL6,SPEG,NUDT6,RP11-758P17.3,ZC4H2,DFFB
6824,ZNF213,ZNF667,WWC2,ZNF189,CTD-2366F13.1,CTB-55O6.4,TFR2,KCTD2
6825,EFNA3,HPDL,RLN1,RP11-415F23.2,RP11-60I3.5,FITM1,RP3-399L15.3,LZTFL1
6826,FANCC,MC1R,AC017002.1,RP11-434H6.6,RP5-1103G7.4,LRFN3,ZNF507,SLC25A13
6827,AC015922.6,NUDT12,C3,MYO9A,RP11-761I4.3,RP11-271K21.11,RP11-445H22.3,RP11-473M20.9
6828,ARC,PRPF40B,ZNF674-AS1,DCHS1,CTD-2227I18.1,NARFL,DOK7,hsa-mir-8072
6829,RP11-305L7.7,CENPA,COPZ2,LRTOMT,RP11-415F23.2,SDR42E1,KLHDC8B,ABL2
6830,AC010226.4,IFT140,ECE1,MIF,RP11-72M17.1,C17orf107,ZNF654,EIF4ENIF1
6831,UPK2,CASZ1,ZNF284,FITM1,PTK6,IFNLR1,RP3-395M20.9,RP5-1180E21.5
6832,C7orf25,DOLK,RP11-568N6.1,CTD-3131K8.2,AC005932.1,ZCCHC24,ZNF737,BRCA2
6833,MUT,AC011893.3,AP4E1,SCARB1,THNSL2,AC026202.1,CBY1,PDE4D
6834,DUOX1,TRIM62,CTB-12A17.3,MYO1D,C10orf111,SLC37A3,FGD6,TMEM86A
6835,RP11-1151B14.4,NHS,TOR1AIP2,STEAP4,CAND2,RP11-875O11.1,ZNF408,HDAC4
6836,RP11-23P13.7,MMRN1,ANKRD6,ZNF391,FAM20C,ZNF772,SLC25A10-1,ZNF600
6837,SNORA40-1,ALG1L,TMEM150B,WDR26,MERTK,KIAA0391-1,PVRIG,PPTC7
6838,SNPH,SGSM1,GID4,FAM129C,CDH1,PLAG1,AC145110.1,SLC30A6
6839,RP3-462E2.5,SGTA,ARAP3,CTC-428G20.3,CTC-209H22.3,DNAJC28,TCEANC,TMEM131
6840,TMEM200A,HLCS,KLHL25,TRIM34,RP11-265P11.2,KIF27,ZNF804A,HMG20A
6841,RP11-157J24.2,APBB2,PRSS36,C5,FAM3B,REG4,C9orf96,TAB1
6842,GNA11,FCGBP,ABCB10,LAMTOR5-AS1,MAGIX,RARA,GS1-393G12.13,HAAO
6843,CTC-260E6.6,IGFBP3,RP11-96D1.11,C22orf15,ANKRD34B,RGL1,RP11-493L12.4,RP4-575N6.4
6844,AF131217.1,MTHFD1L,CDKL1,CTAGE9,TNRC6A,ZFP28,DHFRL1,SHISA4
6845,MALT1,RP11-932O9.7,SLC12A6,CD83,ZNF433,DBF4,DLL1,DGAT1
6846,PRDM10,C21orf58,CD248,RCL1,HAR1B,USP46-AS1,PSAT1,FAM179B
6847,ZNF492,RAC3,RABGEF1,ZNF382,CD3EAP,MAPK11,RP11-505K9.1,C12orf66
6848,ZNF416,WBSCR27,SSSCA1-AS1,CACNA2D3,FITM1,FSIP1,FAM135A,ATP6V1E2
6849,C5orf54,CTD-2288F12.1,PRIM2,HINT3,CABP7,TMEM67,COL19A1,COL18A1
6850,RP11-317J10.2,ZNF501,CCNI2,COL13A1,HCG25,RP11-960L18.1,AC107081.5,ABCD1
6851,DGAT2,ATP1B1,KANK1,SOX12,RP11-339B21.11,MCF2L-AS1,CACNA2D2,TDRKH
6852,OPLAH,MFSD4,RCAN1,AC006129.2,AC002116.7,CTC-297N7.8,MDM1,TAGLN
6853,CABLES1,DNAJC27,ZRSR2,UBP1,WNT16,IL21R-AS1,FIBCD1,KRBA2
6854,AC137934.1,AC073072.5,CNKSR2,STARD8,TEC,PIWIL1,RPRD1B,SLC25A16
6855,JARID2-AS1,OOEP,RP11-343H5.6,HAL,TSPYL5,ACVR1C,SLC36A1,ZC2HC1A
6856,TMED8,TKTL1,FBXL19,HES4,RP11-274B18.2,RP11-158K1.3,ZKSCAN3,FAM216A
6857,CLTCL1,RP11-112J3.16,ENKUR,AC008174.3,C8orf37,RP11-805J14.5,EFNB1,C20orf96
6858,WDR11-AS1,SGCE,CCDC136,RP11-429E11.3,GPRASP1,LL22NC03-75H12.2,TNK2-AS1,GOLM1
6859,IGF2BP3,SERHL2,RP6-206I17.2,PNMA3,INSR,AP000476.1,B3GNT1,CENPB
6860,RP4-803J11.2,H1FX-AS1,WDR36,XPO5,HSPA2,EIF4EBP3,KIAA1377,AP001055.6
6861,CEP164,AP001462.6,SUGCT,B4GALT6,LL22NC03-86G7.1,RP11-490M8.1,TSPAN17,EP400NL
6862,CAB39L,RP11-420A6.2,PTK7,ECHDC3,PLLP,NUF2,DHX30,TCTN1
6863,LTB4R2-1,ITGA4,CDH26,SEMA4F,LINC00211,ZNF540,ZFY,MDM2
6864,RP11-119F19.2,RP11-502I4.3,STXBP4,ZKSCAN2,DVL1,RP11-307C12.13,DAPP1,AC004257.3
6865,VEGFA,DEPTOR,ZNF585B,PYCR1,MAP1B,KBTBD6,CETN3,SLC14A1
6866,ZEB1,NF1,SIRT3,RP1-265C24.8,AL353354.2,RP11-176H8.1,RAD1,SDR42E2
6867,ODF2,IGF2BP3,KANK3,RP6-109B7.3,AC026471.6,RP11-313P13.5,SLC38A7,DZIP3
6868,EFCAB13,SLC45A3,DMPK,ARHGAP6,GS1-114I9.1,GIPR,ADORA2A,LIM2
6869,PPIL6,ENTPD6,CDC7,HTR3A,MFSD2A,FOXP3,RNF219-AS1,MROH1
6870,AC009120.6,LINC00996,LGALS9C,RP11-350F4.2,MTUS1,DCAF5,USP49,RP1-28O10.1
6871,PHGDH,SEC14L2,RP11-750H9.5,GP5,S100P,RP11-305L7.3,TAF5,PPP1R3B
6872,RP1-265C24.8,RP11-486G15.2,KIF18A,PPP5D1,RP11-502I4.3,ACOT4,FBXO5,SLC2A1
6873,CTD-2012K14.7,WNT16,RP11-73O6.3,HCAR3,RP11-292F22.7,USP9Y,ZNF565,BDH1
6874,RP1-168L15.5,FAM135A,AMDHD1,RP11-575L7.8,RPH3A,ZFP69B,NHLRC1,TP53I11
6875,CLCN3,NHSL2,RP11-433J8.1,GATM,PCSK4,ASAH2B,AARS2,ITPR2
6876,CTC-378H22.1,MARC2,ENC1,ZBTB42,ENAH,ZNF559,PXDC1,ATE1
6877,NPIPB11,GDF11,TRIM34,AC011893.3,CEP55,PDGFRB,MMP9,RP11-390E23.6
6878,GTSE1,RP11-488L18.8,CTC-428H11.2,RP5-1159O4.1,RP11-258C19.7,RP11-288H12.4,ZNF418,CNOT6
6879,CYP1B1,NBL1,VPS52,DUS4L,LINC00959,ZXDB,PPP1R3B,KIAA0232
6880,RP11-483P21.2,CENPF,RP4-794H19.1,C1orf233,GPX3,LONRF3,TMTC4,LPAR2
6881,CDON,NEK11,NPIPB3,GPR63,DLEU7,GAREML,IKBKAP,MED14-AS1
6882,RP1-151F17.2,SGSM2,PARK2,MMP28,FFAR3,SCRIB,ZNF232,RP11-134P9.3
6883,RP11-930P14.2,TMEM30B,ABHD8,SYTL4,TRIM34,AC142528.1,ZNF69,NACC2
6884,RP11-13P5.1,CUZD1,GVQW1,MTFR2,RP11-159H10.3,GPT2,GATA2,ITPR3
6885,CAPS2,HOOK1,DVL1,AC103563.8,KLHL14,ANKS6,ZBTB37,MFAP3
6886,GLTSCR1,N6AMT1,LATS2,FOSL2,RP4-536B24.3,POMT2,TMCC1,ITGB3BP
6887,ANKRD55,AC026202.1,LMTK2,CTB-113P19.5,GSTCD,C6orf99,SNPH,FUT8
6888,RP3-428L16.2,RP11-159H10.3,RP11-506M13.3,ZNF768,CEBPE,FAM132A,PYCR1,AACS
6889,CHAF1B,RP1-244F24.1,UNC45B,C14orf79,CDKN2B,CEP55,LETM2,RP11-799D4.4
6890,C15orf38,ST6GALNAC1,AC004463.6,AL133245.2,LY6G5B,LINC00264,DKFZP779L1853,AL354822.1
6891,ADAM9,SLC5A2,NPAS2,FGD2,ZBTB42,MCF2L,CNIH3,C4orf29
6892,RP11-656E20.5,HEXB,WBSCR27,PRKAR2B,C9orf24,SNTA1,KIAA0586,ZMYM3
6893,SERPINH1,RP11-355B11.2,MTSS1L,H3F3C,CCNJ,FAM179A,ME3,CRAMP1L
6894,HOXA10,RP11-876N24.2,RNF157-AS1,MOB3B,AATK,ACSBG1,AC061992.2,SMN2
6895,THAP6,EVI5L,KRT7,MAP1B,RP11-83N9.5,RP11-1055B8.4,RP11-119F19.2,LAX1
6896,LIPC,BTBD8,AC124944.3,C1QB,TMEM86A,STAP2,RP5-935K16.1,CTB-43P18.1
6897,TACR2,SLC35F2,ZNF219,BTBD6,TMEM51,TBCEL,CETP,MED14
6898,hsa-mir-1199,RMI2,CACNA2D2,AC011558.5,AC103563.8,RP11-355B11.2,VPS54,TTPAL
6899,CASS4,RP11-145M9.4,C10orf95,CTD-2545M3.2,HPDL,CRIP3,CTD-3065J16.9,GTF3C3
6900,RP11-342K6.1,BOLA3-AS1,RP11-305L7.1,AMZ1,KLHL25,CCL20,CPD,ZNF43
6901,CCNG2,RP11-513M16.8,CYP1B1,RPP14,GNAZ,GINS4,CCDC30,FASTKD3
6902,TRIM74,RALGPS1,B3GNT5,CEP192,CCNF,CCDC138,TRIM24,COMMD3
6903,IER5L,INSL3,GNAO1,MRPL15,NDN,BEX1,SLC14A1,LYPD3
6904,CTC-518P12.6,PDP2,ZFP2,RP11-532F12.5,RP11-390B4.5,TPX2,AC021860.1,PPP1R16A
6905,RP11-477N3.1,KCTD21-AS1,ZNF773,IQCH-AS1,RCAN1,AL592284.1,INHBA-AS1,ZNF669
6906,TOP2A,SLC51A,RP11-558F24.4,ANKRD6,LRRC8B,RP11-509J21.2,TEX2,NFYA
6907,AC007285.6,GCC2,FBXO28,RP11-410L14.2,AGAP4,AP4B1-AS1,RP11-539L10.3,PRICKLE1
6908,BTBD19,METTL21B,GPAM,CTD-2541M15.1,ZNF594,ZNF443,DIP2B,SNTB2
6909,FAM151B,RP5-1024G6.7,CDH20,PSMB5,JSRP1,CCDC102B,IER5L,TK2
6910,CH25H,EPDR1,HIST3H2A,RP11-707M3.3,RP11-483P21.2,GTSE1,GK5,AC009133.12
6911,VPS13A-AS1,RP11-802O23.3,DNAJC11,AC004540.4,THBD,POLR3B,RP4-594I10.3,KIR2DL3
6912,RP11-863K10.7,AC006116.20,AC123768.4,ZNF711,RP11-294J22.6,RNF165,TMTC3,SLC46A2
6913,CTD-2192J16.22,HRK,ZNF213,MIR3615,RP11-713P17.3,RP11-637A17.2,PGM3,SYNE3
6914,ITIH4,LINC00623,CYP2J2,TGFB3,MOK,MSH5,SIMC1,N6AMT2
6915,GPR108,AK8,RAD51AP1,AC068580.6,IGSF9B,ASB2,MAPK11,TCAIM
6916,CENPE,ZNF502,GALR2,CD101,RHBDL1,XXbac-BPGBPG55C20.2,FAM212B,ERCC6L2
6917,CTC-444N24.6,MEIG1,SHF,RBL1-1,RP11-90D4.3,ST8SIA1,ZNF540,PRKCDBP
6918,RP11-96K19.2,CEP55,NUF2,MIS18A,BBS10,SLC25A23,AC013449.1,RP1-8B1.4
6919,NLRP12,ZNF670,RP11-701P16.5,MRVI1,ZNF84,RP11-10K16.1,FAM86C1,RP3-322G13.5
6920,GPR61,EPB41L5,CCDC102B,NMNAT3,NEDD4L,PPIP5K1,ZNF512B,CD200R1
6921,RP11-252C15.1,RP11-119D9.1,ECT2,PHKA2,POLE2,ZNF70,THAP8,PEX6
6922,AC107081.5,RP11-305L7.3,GPR84,C15orf38,ZNF629,CTD-2035E11.4,TIMP2,ACTA2
6923,ABCA7,AC017002.1,ZNF286B,RGPD2,CTD-2012K14.6,AC021188.4,FZD6,HDHD1
6924,CTD-2619J13.14,VAV3-AS1,USP31,DCP1A,TLR9,RP11-498P14.5,BAIAP2-AS1,NCAPD3
6925,PACRGL,RP11-490M8.1,RP11-110I1.13,PRRT1,SMTN,ZMAT4,CTTN,PPRC1
6926,HIST1H4E,HIST1H2AH,RP11-126K1.2,ICAM4,PEX12,HRASLS2,SEPP1,TRMT12
6927,PTX3,DEPDC1B,PRRT2,RP11-260M2.1,CAD,SENP3,LINC00544,RP11-332H14.2
6928,APOBR,RPEL1,POMK,GATA2,PPP5D1,F2RL1,MYEF2,WDR27
6929,BCOR,C11orf63,RP11-47A8.5,GNG3,RP11-553K8.2,TRIM23,AC020571.3,GTF2H2
6930,RP11-644F5.16,FAM179A,TAF13,CTC-250I14.6,RAP2C-AS1,AC093388.3,PCAT1,HEATR1
6931,C2orf27A,CAV1,RP11-265P11.2,SLC16A10,FBLN2,CTD-2369P2.2,PAGR1,RP11-52J3.3
6932,RP13-131K19.6,STON1,RP11-137H2.4,PHYHD1,COL9A3,ASMTL-AS1,GALNT7,FAM101B
6933,C15orf52,XXbac-B476C20.9,RP4-798A10.7,AC013449.1,TSTD3,CACNA1I,TTC12,TMEM168
6934,C1orf115,KRT86,RAC3,RP11-504P24.8,C8orf31,KANK3,MAP3K4,ZNF587
6935,AC016700.5,CXorf57,SLC4A5,CLIC1,SALL2,DSEL,RP11-159D12.2,RP11-154J22.1
6936,SLC36A1,RP11-950C14.3,RP11-407G23.3,RP4-798A10.4,CTD-2086O20.3,SLC41A2,ZNF354C,ZC3HC1
6937,PIGZ,RP11-492E3.2,CYTH3,RP5-884G6.2,CTC-428G20.6,DNLZ,TMSB15B,PABPC1L
6938,SRCRB4D,ZWILCH,SPIN2B,RP11-490M8.1,IGF2BP2,RNF212,CTC-301O7.4,SFXN2
6939,BMPR1A,ZNF100,NKIRAS1,RP11-420A6.2,DLG5,NBPF15,PHF13,PPP4R1
6940,IFITM10,RP11-798G7.6,CTD-2031P19.3,FANCA,RP11-382J12.1,CR2,AC026806.2,TTC8
6941,TMEM200B,FSIP1,RP11-42I10.1,AASS,MARC2,PSEN2,PPP1R3F,F8
6942,FLJ45079,PSPH,ZNF540,LRRC28,RP13-270P17.1,PATL2,RPA4,C18orf25
6943,CTD-2659N19.9,CTD-2012K14.7,SLC46A1,PDK1,STEAP1B,LINC00494,C12orf61,CHAC2
6944,CTB-114C7.4,ZCCHC18,ARHGEF4,RP11-351D16.3,RP11-77H9.2,PCSK4,ZNF205-AS1,NEO1
6945,RP1-266L20.2,KANK3,RP5-1157M23.2,AKR1E2,C5orf27,RP11-15H20.7,ZNF267,GLCCI1
6946,CECR5-AS1,DOCK9-AS2,HTATIP2,GNAI1,RP11-876N24.2,RP11-308N19.1,TRPM7,ZNF641
6947,RPGRIP1L,RGMB,AC009133.12,FAM8A1,WDR11-AS1,HOXB-AS1,FANCM,PPARA
6948,P2RY13,AC159540.1,SCD,ZNF667,RP11-1149M10.2,KRT86,RP11-434C1.1,COPZ2
6949,ARHGEF12,ZNF165,C10orf111,PWAR6,RP5-894D12.3,BGLAP,CXCL3,SMPD3
6950,ZMYND15,RP3-455J7.4,NLGN4Y,MED23,BACE1,RP11-456D7.1,SMIM10,VPS13C
6951,SLX1A,UGT2B17,YY2,RP11-279O9.4,CTD-3131K8.2,KRT2,CTD-2537I9.12,TSHZ1
6952,RAPGEF3,SOX13,GTDC1,HIST2H2BE,LINGO3,LINC00174,RP11-37B2.1,ZIK1
6953,PABPC3,STAP2,GIPR,ABCB9,C19orf77,FBLN2,AMZ1,ZNF570
6954,CTD-2256P15.4,CLIP2,AP4B1-AS1,CMTM4,RP11-423H2.3,RP11-379H18.1,TCTN2,TUBGCP3
6955,SERPINE1,RAB25,RHOD,HYAL3,SLC27A4,RP11-395B7.4,TAPT1,ZKSCAN2
6956,TRIM58,USP51,TANC2,AC004158.2,TAS2R30,ZNF627,KIFC2,ALDH18A1
6957,RP11-213H15.1,PDE6B,MAP4K3,RP11-56B16.4,PPM1J,TGFBR3L,RP1-90J20.12,GORASP1
6958,GPR20,RP11-161M6.2,TLDC1,RNF32,LSM11,ANKEF1,MXD1,MRVI1-AS1
6959,ABCC6,CCDC122,CTD-2260A17.1,LINGO3,NUDT12,IL12RB2,PDZD4,MFSD3
6960,RP11-126L15.4,ZNF75D,TXNRD3,KDM4D,TMEM255B,UST,ERCC8,ALG14
6961,CDC6,AP000442.1,RAP2C-AS1,RP11-72M17.1,KCNH3,PRKAR2A-AS1,BRCA2,SLC19A1
6962,RP11-221J22.2,MTMR8,DDX49,ARHGAP32,RP11-47L3.1,RP11-73O6.3,FNIP1,FAIM
6963,LRRC20,BAIAP3,METRNL,ZNF829,RP11-661A12.14,C20orf197,PKNOX1,ZDHHC21
6964,CCDC24,NEDD4,NRG2,RP11-862L9.3,CCDC13,RP11-566E18.3,CACTIN,SIRT4
6965,FAM209A,TLDC1,CDK1,TRPV3,GALNT12,FAM161A,KIR3DL1,ZNF100
6966,TMCC1-AS1,GAREML,SCARF2,NAPSA,ZMYND15,NHLRC4,TUBG1,AP1AR
6967,NIFK,AP003419.16,ZNF630,STEAP3,GPR34,KIF2C,UNKL,C16orf52
6968,ZNF341,NEDD4L,LINC00304,TLR9,AC116614.1,PNPLA7,GOLGA8B,CCDC152
6969,DMC1,HCG25,MON1B,PRKCE,RP11-89F3.2,AIM1L,NSUN4,XPO4
6970,AC124944.3,KIR2DL3,CAPN8,FAM122C,CTD-2517O10.6,DLL1,HCG14,VAV3
6971,ATP6AP1L,CDC7,AC026806.2,PCBP1-AS1,TEX2,TNFRSF13C,EFCAB13,PRRG2
6972,TMEM25,RNF165,AC016757.3,FAM174B,APBB2,AGBL3,CCR9,TBC1D7
6973,CTB-129O4.1,KPNA1,RAPGEFL1,CTD-2366F13.1,RP11-727F15.9,AP006222.2,NDOR1,NCOA5
6974,STARD8,SDR42E1,PDZD8,RP11-252A24.7,PLEKHA4,ME1,MARK4,CLYBL
6975,ZNF57,KDM8,CHAF1B,HIST1H2BN,RP11-343H5.6,ZDBF2,KIFC3,MBD5
6976,FSIP1,ZMYM1,ARHGEF10,GAREML,SPRED1,FCHO2,GCN1L1,GTSF1
6977,CRISPLD2,RP11-474G23.2,PLA2G1B,DNAJC28,RP11-275I4.1,LINC00422,SGCE,ZNF197
6978,DNAJC27,LRFN3,RP11-54O7.17,YOD1,TCEANC,FAN1,PPP2R3B,BMF
6979,SLC3A1,C20orf197,PDGFB,HSPA2,RP11-504P24.8,RP11-297N6.4,CABLES2,RP5-1136G13.2
6980,TTTY14,PDGFRB,ZNF681,AEBP2,FGF9,ZNF671,ZNF670,RP11-299J3.8
6981,INSR,PPFIBP1,MXRA8,GPR114,TMIE,ZNF324B,MMEL1,SERINC2
6982,FRMD3,TLCD1,RP11-440L14.1,CDKL5,FZD1,ZNF616,AC024592.12,SLC10A7
6983,GPR27,ZNF823,RP11-90P5.2,RP13-516M14.1,ZNF620,ZBTB6,MFHAS1,RP11-78A19.3
6984,EPB41L3,RP11-297B17.3,DOK6,AP001462.6,RP11-79P5.9,CORO6,CXorf57,CROCC
6985,RP5-943J3.2,ZNF793,NEURL4,PPP1R16B,CTD-2555O16.4,RP11-498C9.3,APBB2,PAM
6986,RP11-505P4.6,RP11-308N19.1,SELP,ASB9,RNF212,ADC,RP11-504P24.6,GCC1
6987,ZNF17,RNF43,LINC00174,PFKFB3,FBXO10,SFTPD,RP11-6J24.6,NACC1
6988,RP11-293A21.1,TJP3,CRISPLD2,U47924.30,AK4,ZNF558,ADORA2A-AS1,LRRIQ3
6989,PLA2G1B,BBS10,DGUOK-AS1,FASN,HSD17B14,HOXA5,ANKRD50,TMEM185B
6990,GIMAP2,AXIN2,CTD-2555C10.3,LPP,AC004069.2,ZNF613,ZBTB26,CEP41
6991,ESAM,RP11-314N13.3,TMEM27,C22orf34,PP13439,TAS2R14,MCM8,CCL4L1
6992,IPO9-AS1,IFNLR1,PSPH,MAML3,SUOX,ZKSCAN2,RP11-359K18.3,C20orf197
6993,DYNLL1-AS1,CTD-2035E11.5,ZNF239,RP1-43E13.2,PPP1R32,ZBTB32,MAP4K3,WDR65
6994,RP11-214O1.3,BFSP1,RP11-700H6.1,RP11-195F19.9,FLT3,TFAP2E,YPEL4,RP11-706O15.1
6995,ZNF547,MAPK11,AURKB,ARPC1A,SUMO4,EMP1,MYH11,SPATA33
6996,PKMYT1,RP4-800J21.3,NPIPA5,IFT140,RP11-474G23.3,BZRAP1,FTSJ1,AKT3
6997,DLGAP3,KIFC1,RP11-182L21.6,LINC00877,TMEM45B,RP11-203J24.8,TRIM62,ACBD4
6998,C10orf105,FKBP14,LINC00299,MSRB3,CTC-297N7.5,VSIG10L,RP11-488L18.8,RAB40C
6999,PODN,MEOX1,KLB,FAM92A1,AMT,ZNF343,ZNF337,MED12
7000,SHCBP1,C2orf40,SLC16A5,RP11-641A6.2,RP11-666A20.4,TRAPPC12-AS1,ARHGEF19,RMDN2
7001,NUDT14,ZNF786,FGD6,CCDC130,RP11-960L18.1,NUMBL,POU6F1,ACACA
7002,KB-1732A1.1,KIAA0391-1,SALL2,RP4-549L20.3,PPFIBP1,CIB2,FAM198B,NUDT7
7003,ATP8B1,ARL10,NR2C2,FANCE,ZNF391,SCD5,CLPB,EP300
7004,SLC16A11,CTD-2371O3.2,RP11-348F1.2,PER2,PTPRM,AGAP4,CAPS2,ETV7
7005,AP1AR,TCTN2,EFHD1,RP1-8B1.4,RP11-483I13.5,DICER1-AS1,ZNF441,UBE2V1
7006,CCDC26,LTK,LRP12,RP11-247A12.2,DBF4B,SLC9B1,RP11-53I6.3,ZNF395
7007,RP5-1103G7.4,THNSL1,RP11-566E18.3,CTD-2288F12.1,SCIN,CRYBG3-1,KLRC2,CYP27A1
7008,RP11-80H8.4,RP11-415F23.4,ARHGAP32,RP11-292F22.7,FAM178B,MORC2-AS1,SLX4IP,GSTM1
7009,RP11-286E11.1,METTL20,C2,GPT2,AQP9,CTD-2020K17.4,MEOX1,ZDHHC13
7010,ZGPAT,SVOPL,RP5-1074L1.4,RPS6KA2,IFT172,DEPTOR,IGFBP3,RP11-355B11.2
7011,OSR2,KB-1507C5.2,SLC25A15,CYP51A1,AL020996.1,EEF2K,PKIA,MPND
7012,ANKDD1A,LINC00174,OCM,RP11-389O22.1,RP11-367J11.3,MIR29A,MACROD2,RLTPR
7013,ZNF667,TRIM23,RP11-473M20.16,ITGB3,ZNF804A,PRSS36,PARPBP,XYLT2
7014,CTA-293F17.1,RP11-159D12.5,RP11-533E19.5,GS1-114I9.1,CTC-273B12.10,CD1B,BCL2L2,C3orf62
7015,DOCK4,TIGD2,ADORA2B,CTD-2192J16.22,PKHD1L1,CTC-338M12.6,TLE2,PWP2
7016,SPIRE1,KIAA1671,LRRC37B,CCDC24,RP11-452L6.7,ZNF461,ZXDA,METTL6
7017,SAPCD2,JSRP1,TGM1,EPPK1,DYX1C1,SEC61A2,OBSCN,AC002117.1
7018,MYO10,CNIH3,DONSON,LOXL3,ARHGAP32,AP003419.16,SNX25,ARID1B
7019,RHOBTB1,CTC-246B18.10,AC000003.2,FOXN2,KB-1460A1.5,CCDC136,RP11-350F4.2,ULK1
7020,RP4-684O24.5,TTC34,LIME1,TUBB4B,TAS2R14,ZBTB41,AC005306.3,ATG16L1
7021,RP11-106M3.3,FAM19A1,AMER1,HSD17B14,MXRA7,HIST1H2BG,CHERP,C10orf2
7022,RP11-206L10.9,GSDMB,P2RY2,TP53I3,RP11-317N8.5,SLAMF8,RIMKLB,BAIAP2
7023,CTD-2196E14.4,C19orf18,MYCBP2-AS1,ARMC6,ARHGAP33,C3orf18,KCNH8,NMNAT1
7024,PLIN5,ZNF141,TOE1,MRPL22,FAM174B,CTA-14H9.5,NUDT7,RP11-499P20.2
7025,RP11-212I21.4,LOXL1,FCHO2,AC012074.2,RP11-432J24.2,CARNS1,STK36,FOXJ2
7026,CTA-407F11.8,SLC38A11,MAP10,RP11-243J16.7,CCL27,FOCAD,RP11-666A20.4,THBS3
7027,SLC27A2,STARD9,TUBB4A,ZBTB7B,SLC15A2,B3GALT2,DICER1-AS1,FAM24B
7028,ZNF571-AS1,UGT8,ZNF415,SNX21,VDR,TRAF3IP1,PNPLA7,PIP5K1C
7029,KB-1507C5.4,C1orf109,CMTM2,C2orf81,CDKL5,RP11-383J24.6,PRR19,C20orf201
7030,CECR6,KBTBD6,ZFP41,ZACN,ZKSCAN7,SPIN3,ZNF771,ST6GALNAC2
7031,RP11-525A16.4,RBM11,SHISA4,CTC-209H22.3,RP11-76E17.3,PYCRL,LRRC24,PPP1R16B
7032,RP11-282O18.3,FAM111B,HAL,RP11-111A22.1,DACT1,ABCD3,LCN2,AGO4
7033,AC108488.4,RHOBTB3,SYTL4,RP11-47L3.1,TIMD4,HCG14,CMTM2,ZNF606
7034,TMEM136,IL21R-AS1,RP1-266L20.2,NHSL2,ZNF587B,GPR84,SCAMP1,OPA3
7035,RP11-552D4.1,TROAP,IFNL1,RUSC1-AS1,PRRG4,CDC20,ZNF551,LZTR1
7036,LINC01094,ZNF461,AC093609.1,RP1-191J18.66,GTSCR1,FUT10,RP11-398K22.12,TP53I3
7037,GEN1,MIR146A,GRK4,ZNF502,RNU11,AC011893.3,NFIA,CHPF
7038,RP11-764K9.1,DYNLL1-AS1,NAP1L3,C3,RP4-789D17.5,RP11-390B4.5,ITPKC,ZC3H7B
7039,LHFP,ARHGAP11B,COLGALT2,MTL5,VSIG4,PRCD,BIVM,GMDS-AS1
7040,RASA4B,CCL20,TERF2,WSB2,CCDC121,BAALC,CYP4F22,TNKS
7041,OSGIN1,AC093388.3,RP11-536K7.3,SAMD12,MSRB3,USP44,TAGLN,RP11-73E17.2
7042,EMP1,SLC30A4,PANK1,AC116614.1,EBI3,MAP3K12,IGF1R,MEMO1
7043,HOXB3,ZNF519,TCEAL2,LINC00494,IDO1,AC011558.5,RP11-787I22.3,PARG
7044,LINC00656,OIP5,CTD-2165H16.4,PIWIL1,DHRS9,RP3-508I15.21,UBOX5,FCRL2
7045,OTOA,RP11-166O4.6,CAMSAP2,CETP,SNAPC1,HAR1A,RP11-410L14.2,MYBBP1A
7046,RP11-245J9.4,LL22NC03-75H12.2,ZSCAN22,RP11-117D22.2,SLC22A18AS,C6orf229,TONSL,RP5-1091N2.9
7047,CTB-178M22.2,RP11-359B12.2,RP11-480D4.6,CCNJL,RP11-428J1.5,ZNF823,RYR1,STAG3
7048,PROS1,CTB-129P6.4,DHX33,SDK2,RP11-732M18.3,GTF3C4,ARL6,HBEGF
7049,SDS,LINC00920,STXBP1,CTD-2371O3.2,WLS,RPS4Y2,SGCB,SEC24D
7050,PMP22,DLL1,JRKL,SIDT1,SLC5A10,SPA17,CTD-3193K9.4,SRP14-AS1
7051,RP11-863P13.2,BAALC,EFCAB7,ABHD16B,FGD6,MMP14,RP5-1092A3.4,DCAF16
7052,LINC00694,MRPS33,PLXNA1,IL10RB-AS1,RP11-1060J15.4,RP11-493L12.4,GEMIN5,AC093609.1
7053,ITLN1,NME8,RP11-60I3.5,MIEF1,FCHO2,RP11-324I22.4,LRRC28,KLHL12
7054,PVALB,RP11-408A13.4,ZFP3,SLC1A7,RP11-950C14.3,STARD9,ZFP1,GORAB
7055,AC137932.6,NCR1,ME1,C1orf177,RP11-755F10.1,BFSP1,CPNE8,C9orf91
7056,HCAR3,REM2,LINC00894,FOXD2,TNNC2,CTLA4,SETD4,CMTM2
7057,SBF2-AS1,MEGF8,RP11-286E11.1,ZNF84,RP11-350F4.2,AC007383.3,AC083949.1,H2AFY2
7058,DTNA,DNLZ,GPR63,NLRC4,GSTZ1,LTB4R2-1,POFUT2,MAP2K5
7059,CEBPA-AS1,DTX4,SPERT,LY6G6F,LAMA5,TRPV3,RP5-1050D4.3,TTI2
7060,HOXA-AS2,IL12RB2,PLEK2,PGBD4,ANKRD6,ZNF860,SPAG1,AC005082.12
7061,TMPRSS13,LRRC61,TADA2B,BTBD9,CTB-43P18.1,CD274,CTC-338M12.4,RABGAP1
7062,ABHD1,ZNF135,JMJD7-PLA2G4B,MRVI1-AS1,CXCL9,LINC00656,KIF5C,ZFYVE26
7063,RP11-338C15.3,RP11-498P14.5,BZRAP1,AF131217.1,CEACAM1,JAKMIP2,ARHGAP19,TMTC4
7064,NHS,MORN4,FAM86C1,NIPAL2,EFCAB4A,CAMK2N1,NOP9,DOPEY1
7065,C9orf47,DSEL,LINC01136,MAP3K9,RGAG4,HEATR2,SLC16A4,ZSCAN30
7066,RP11-97C16.1,GINS4,VPS4B,ZNF358,UTF1,DMKN,SLAIN1,YEATS2
7067,CTB-96E2.7,GAN,NUDT6,RP11-267N12.3,STEAP4,ANGPT2,AREL1,SARM1
7068,ADORA3,U73166.2,ZKSCAN2,DOK7,EVI5L,WBSCR27,BRD3,WASH4P
7069,CYP2S1,RP11-764K9.1,RP11-307C12.13,RP11-137H2.4,AC026806.2,RP11-79P5.9,USP53,LINC00174
7070,SIPA1L2,MCF2L-AS1,TMEM41B,NEB,CAMKK1,HOXA9,MCTS1,TNFRSF10A
7071,IL1RL2,LAMP5,DSCR9,IDH3A,DNAJC27,ZNF329,BLOC1S3,FSTL3
7072,AC099850.1,BCKDHB,NCR3LG1,VARS2,AIRE,KIAA1671,TUBGCP6,AP4M1
7073,CTD-2319I12.2,AIM1L,RP1-191J18.66,AC144652.1,PKIB,7SK-2,RP11-350N15.5,FAR2
7074,RP11-356C4.3,ZNF445,ZNF304,NME4,AP001610.5,PLA2G6,CC2D1B,PDE8A
7075,RP11-277B15.3,KCNMB4,B3GNT9,ZNF578,TMEM88,ROBO3,PSMD6-AS2,POLR3F
7076,RP11-362F19.3,ST8SIA1,CXCR2,CTDSPL,AC005306.3,SLC35E2,ZNF443,MRM1
7077,USP12-AS2,PARG,ZNF845,ZKSCAN7,AC073283.7,NAPSA,ZNF598,TCEANC2
7078,RP11-81A22.5,WWC3,FAM98A,CAPRIN2,NPHP4,KB-1460A1.5,RASGRP1,WDR24
7079,SLC22A15,RP11-219B17.1,NPTXR,RP11-666A20.4,CTD-2350C19.2,CPNE7,PGAP1,AP001816.1
7080,SLC38A11,RP11-290L1.3,UBN2,DEGS2,SLC25A15,ZNF527,ZNF41,EAF1
7081,TRNP1,CHEK1,TNKS1BP1,CCND1,PTX3,PPP4R1L,HIST1H1B,C1orf233
7082,SPR,TXNDC5,GAL3ST4,FFAR2,BAG1,ZNF275,NEUROD2,IZUMO4
7083,RP5-1142A6.8,ZNF443,RP1-257A7.5,RAD51,ZNF667,TNK1,EGLN3,C1orf109
7084,ARSE,ZMAT4,C4orf27,RP11-288H12.4,LPP-AS2,CKAP2L,RIC8B,LIMD1
7085,BTBD3,RAB40B,OSBPL3,MACROD2,RP1-224A6.3,LAMC1,HPSE,FAM122C
7086,SERPINB2,ASAH2B,AC093495.4,CSAD,RP11-92K15.3,GTF2H4,TSC22D2,NAPEPLD
7087,EHHADH,RP11-867G23.8,RP11-196G18.24,ZNF596,RP11-869B15.1,AC011747.4,ZSCAN2,RP11-403A21.2
7088,RP11-288H12.4,DPP9,STK19,OCM,TTC24,SEC14L2,ANGPT2,MRPS5
7089,BTN2A2,KIF19,HIST1H3A,RP11-536K7.3,MAP4K3,MCM8,ZNF347,RP11-545I5.3
7090,DNAJC9-AS1,FOXP3,LIM2,EIF4EBP3,DGAT2,RLN1,ZCCHC2,NEIL1
7091,CTA-445C9.14,BDH1,RP11-597D13.9,TBC1D9,ST6GALNAC3,MRM1,ZNF235,INPP5F
7092,PBX1,AP000692.10,C19orf47,DNAJC18,RP11-145M9.4,PLEKHN1,MAN1C1,FBLN7
7093,RP11-417F21.1,ZNF69,RHOF,GNG11,OSCP1,LINC00544,RFWD2,ZNF429
7094,TMEM144,ZNF343,PPP2R3B,RP11-1007O24.3,SCGB3A2,PSMD6-AS2,ELOVL6,TNFAIP1
7095,RP5-899E9.1,PKMYT1,PNMA3,KBTBD11,PKD2,HARBI1,RP11-819C21.1,LINC00094
7096,C16orf93,ZBTB6,PLEKHH2,CLIC4,LRP5,TRIM35,PRMT6,KIAA1731
7097,SRGAP1,AGBL3,CCL27,ZNF582-AS1,CEP112,PIK3R3,FAM19A1,XPO5
7098,ST14,BICD1,USP46-AS1,STAB1,TTC28,RP11-267N12.3,HCFC1-AS1,RP4-539M6.22
7099,AC009404.2,CTD-2035E11.4,ITGB3,ESCO1,RP11-391M1.4,CTD-2287O16.5,ATP11C,PAQR8
7100,RTEL1-TNFRSF6B,RP11-176H8.1,HKDC1,SIGLEC9,CPED1,RP11-440L14.1,CDC42EP1,CD163
7101,RTN1,CARNS1,CPA5,PINX1,AC018755.1,FKTN,RP5-892K4.1,FASTKD5
7102,GLCE,PLAG1,LRRC45,CENPJ,PVRL3,MST1,SH3PXD2A,MYPOP
7103,NEK2,JAKMIP2,ADAM12,RP11-700H6.1,ANKRD22,FAM81A,C9orf41,OSBPL11
7104,SYDE2,RP11-111M22.2,AC103563.8,RP1-224A6.3,RP11-98I9.4,NME8,PTPLA,TUBGCP4
7105,RP11-17M16.1,ZNF451,ZDHHC13,MLLT4,MMP28,ADORA2B,NAP1L6,FKBPL
7106,RP11-159D12.5,PROCA1,MAP3K10,PAPD7,REPS2,C4orf36,PDPR,C11orf30
7107,SKA3,RP11-206L10.2,RHOU,GAS6,MIR155HG,CEP128,AC104820.2,CDKAL1
7108,PADI2,PIK3R3,GPHN,FANCB,U47924.30,PGBD4,KALRN,SLC2A13
7109,TMEM105,GTF2H4,RP1-159A19.4,AP001062.7,RP11-16E12.1,PCAT1,C1orf145,METTL16
7110,LL22NC03-86G7.1,C1orf51,AC104532.4,CABP4,MYO5C,ASPM,IL23R,CARKD
7111,SSC5D,GINS3,RNF219,RP11-1000B6.3,C1orf51,ZNF347,GPR146,BARD1
7112,CACNA1C,INVS,SLC36A1,FMNL3,RP5-930J4.4,RP5-1050D4.3,POLA2,ERCC2
7113,RP11-131L23.1,ZNF674,TMTC2,RP11-875O11.1,CCL2,ATP2A1,METTL4,RP3-402G11.25
7114,ZNF420,THUMPD2,FAM212B,KLK1,C12orf68,AP000692.10,RP11-863P13.2,CCDC132
7115,GPER1,SNTA1,C8orf88,C16orf58,SLC8A1,COQ10A,NLRC4,RANBP9
7116,FAM127C,FUT10,RP5-894D12.3,CYP2J2,CTB-102L5.4,RP5-1021I20.1,RP11-344P13.6,TFAP4
7117,CTD-2571L23.8,RORC,MMEL1,FBXO10,POLD3,ZNF649,ALG9,BCS1L
7118,ZNF185,ACVR2B,PARS2,CTD-2035E11.3,CCDC34,GPR34,SH3BGRL2,RP11-861A13.4
7119,RP11-649E7.5,PGBD3,RP11-134G8.7,TNFRSF10D,LRP6,ADCY3,RINT1,FAM210A
7120,LINC00482,AL928742.12,INO80B,SEPT10,MATN1,PKIA,FLJ00104,SH3D19
7121,SPATA6,MCM8,HOXA-AS2,RP11-571M6.7,RP11-219B17.1,RP11-229P13.20,SLC17A9,ACP2
7122,PROC,ANKEF1,ABCC4,KB-1460A1.5,RP4-773N10.4,SH3PXD2A,APC,ADAMTSL4
7123,C2orf62,ABCB4,SUMF1,MBNL3,RP11-475O6.1,PSAT1,TMEM241,DNAJC13
7124,HDGFRP3,RP11-190C22.8,DNAJC4,PVRL3,RP11-641A6.2,CTD-2576D5.4,PEX11G,ZP3
7125,NT5DC3,ZNF805,RP11-195F19.5,CTD-2517O10.6,LRRC46,RP11-96K19.2,ZNF568,SMPD2
7126,CSRP2,SLC25A23,KCNJ14,CPA5,ZNF284,ZNF154,TERF2,RP11-426C22.5
7127,CKM,CACNA1I,BRD7,FAM229A,RP11-348F1.2,ZNF554,RPH3A,LIN7B
7128,ZNF554,MFGE8,MAP1A,YKT6,RP11-379H18.1,DKFZP434E1119,MRRF,RHBDD1
7129,LRG1,LRRC26,COPG2,SIRT1,C1orf53,AC004854.4,MIR497HG,LINC00526
7130,C16orf74,RP11-297N6.4,ZNF664,PPFIBP1,AC093157.1,EPS8L1,NQO2,CXCL10
7131,KDM1B,CTD-2020K17.4,ZKSCAN4,LINC00959,NEU3,ARMCX2,POMT2,PEX14
7132,LINC00894,C3orf18,BRD3,RP11-533E19.5,PACRGL,AC009299.3,KLHL20,DPYSL2
7133,KRT23,RP11-493L12.4,INO80,NAPA-AS1,CRIP1-1,ZNF121,HPS3,MRI1
7134,C15orf26,CTLA4,CTD-3193K9.4,YPEL5,AMDHD2,CELA1,AP000769.1,AHI1
7135,SCGB1B2P,TEX14,RP11-867G23.4,RP11-782C8.1,CTSK,DEGS2,C5AR2,MAPK7
7136,MAP1A,AC021188.4,DAB1,ASB2,FOSL1,RAB11FIP5,IL17RC,RN7SL1
7137,THBS1,NEB,RP11-415F23.2,GPRASP1,HIC1,CENPA,ZSCAN25,LINC00886
7138,AC005932.1,FAM171A1,TIGD6,LINC00663,HLX,RPGRIP1L,CSTF2,RP3-402G11.26
7139,LRRK1,NHLRC4,AGAP2,XXbac-BPG252P9.10,NEDD4,RP11-398K22.12,C14orf28,GATSL3
7140,RP3-473L9.4,AC142528.1,RP11-429E11.3,EPDR1,LINC00309,TNKS2-AS1,DNAJC27-AS1,KRT1
7141,CTD-2514K5.2,CR2,CTRL,RP11-16E12.2,ST6GALNAC1,RP11-223C24.1,CATSPERG,TMCO6
7142,RP11-351I24.1,ITGA10,RNF165,A2M-AS1,VSIG2,AD000671.6,TNFRSF9,TRIM23
7143,P2RY6,PKHD1L1,CAPRIN1,CCDC120,ABHD4,RP1-244F24.1,H3F3C,RP11-274B18.2
7144,S1PR4,AC109826.1,SEMA4F,NRROS,AC073072.5,ARL17A,TBC1D24,KDM4A
7145,HIST1H4I,PIK3CB,KCNH3,TNS1,RP11-775D22.2,FAM151B,RP11-305L7.3,RALGAPA1
7146,RP4-798A10.2,STK39,GCNT4,SLC25A36,UGCG,LRRC37A,WNT16,ACSL4
7147,RP11-8L8.2,SUPT7L,INPP1,RP5-940J5.6,RTN1,NFIA,MRPL45,MMP23B
7148,BEND4,ZNF627,RP11-339B21.11,MTA1,NFKBIE,ZNF530,KCNA3,NMUR1
7149,TDRD9,PTPRK,PTPRM,TCP10L,ARHGEF4,RP11-152N13.5,TMPRSS13,OGFRL1
7150,LRP3,ZNF543,AC007246.3,OSCP1,ZSWIM1,NOS3,PLCL1,IL18
7151,AC015849.19,KIAA1009,C2orf44,CDCA4,CTD-2015H6.3,HS3ST1,LOXL1,TMEM150A
7152,UCHL1,FAM84B,SNPH,DYX1C1,TNFRSF10D,S1PR3,ZNF827,LDLR
7153,WIPI1,PSAT1,AC005253.4,MSL1,STX3,AC006129.1,UBAC2-AS1,HEATR6
7154,IL1R2,PCAT1,TPBG,A1BG-AS1,FAM65C,AC024592.12,TBCCD1,HOXB4
7155,XYLB,EIF3C,TTC24,ZNF155,PAPSS2,MYH11,AC092295.7,RP11-640M9.1
7156,CTC-273B12.10,CTC-297N7.8,RP11-326C3.11,GSTCD,DCHS1,DGKH,RP11-67L2.2,COX8A
7157,CCDC96,ZFP41,SLC35F3,CRCP,AC145110.1,NPIPB11,TTC16,TOP3A
7158,RBFOX2,RP11-104N10.1,MAPKBP1,CXorf56,CPNE5,ARMCX6,LINC00092,C1RL-AS1
7159,KCTD18,ZNF831,PWWP2B,C22orf26,CDK5R1,FAM72B,ZNF862,LANCL2
7160,ASAP2,USP44,ZNF614,LY75,C10ORF68,RNF219-AS1,ZC3H10,PPP1R37
7161,ZNF205,ZNF844,AC131056.3,ARMCX1,RP11-214N9.1,FAM153B,RP4-539M6.22,IL18R1
7162,L1TD1,CCDC138,SULT1B1,PTPRK,RP11-809N8.4,ARHGAP11B,SLC35F2,GFPT1
7163,LINC00884,C9orf147,PHLPP1,DENND5B,RP11-262H14.1,FAM153A,ITIH4,RDH13
7164,KCNC4,ZNF275,HHAT,GTSCR1,PDGFC,ZNF79,AC007246.3,FRY
7165,NEUROD2,UBE2F,RP11-803D5.4,RP11-77H9.8,RPA4,RP11-404F10.2,RORC,PTCD1
7166,RP11-312B8.1,ZNF329,SCD5,IQCG,CYP1B1,TMEM30B,TMEM110,LARP4
7167,PDK4,RP11-390B4.5,OBSCN,CNN3,PHLDB1,TNFRSF17,TXNRD3,SMG5
7168,NID1,CTD-2630F21.1,FBXO36,TTC28,RP5-884G6.2,RP11-830F9.6,RP11-92K15.3,ARL13B
7169,CTA-373H7.7,SLC9B1,MAPKAPK2,CKAP4,CAMSAP2,LINC00092,PAQR3,RGS9
7170,CTD-2516F10.2,RP11-637A17.2,RAB3IP,C1orf172,FAM129B,LRRC3,TMTC2,COLGALT2
7171,RP13-314C10.5,CAMK2N1,UBE2C,DOK6,TSSK6,RP11-378J18.3,LINC00910,WDR12
7172,RIMS3,MBLAC1,RP11-160O5.1,SMIM5,RP11-513M16.8,RP11-166P13.4,LINC00115,AP4S1
7173,ASPM,FAM53C,MRPS24,LATS2-AS1,PLEK2,GS1-124K5.4,STAM,WDR92
7174,IL10,SH3PXD2A,ZFP1,C10ORF68,SGCA,DHCR24,SMARCA5-AS1,ACTR8
7175,CDH26,CPNE7,SLC2A13,MYLK-AS1,FCAR,DOK7,VPS37C,EPC2
7176,PFKFB2,SMPD3,ZBTB20-AS1,DNAJC30,KCNE1L,SGOL1,NUDT19,ZNF692
7177,AZU1,AC007880.1,SPATA5,RP11-60I3.5,PROC,KIF19,COPA,KAT2B
7178,RP11-96D1.11,LINC00494,AC026202.1,KCTD13,ARL17A,RP11-573D15.9,CEP72,UBA6-AS1
7179,CTD-2651B20.3,DEGS2,RAD52,MAGIX,UGT8,FAM21A,ARL17A,MAP3K4
7180,ZW10,HAR1A,SPOCD1,COL9A2,RP11-536C5.7,ARHGEF19,RP11-343H5.6,ETV3
7181,PIWIL4,GPHN,ANKRD9,ERMP1,PNMA5,RP11-141B14.1,BRSK1,RPP40
7182,RP11-443B7.3,NAA40,RP11-442H21.2,EIF1AY,ARL15,GRAMD3,TMEM9B-AS1,AGFG2
7183,FAM167A,ZNF530,FBXL14,AC010894.5,AP001053.11,PSMC1,NCAPG2,RNF144A
7184,CLEC4G,DMKN,NUSAP1,TMEM234,ALDH3B1,SPESP1,C21orf58,RAPGEF6
7185,RP11-498C9.2,UBE2T,PALLD,VAV2,BMP1,PARD6B,LINC00265,DTD2
7186,RP11-680A11.5,LZTS1,POU5F2,AIRE,EML5,RP3-508I15.19,C19orf82,HEATR5A
7187,PTGS2,TNK1,ZC3H7B,AP001189.4,EMR1,RP11-16E12.2,PHLDB2,LIMK1
7188,MYPOP,MYCBPAP,FLJ20306,BIRC2,RP11-296O14.3,ZNF564,FANCC,TTC31
7189,IL27,RP11-475O6.1,LONRF3,KALRN,GNAI1,ANAPC15,RP11-566E18.3,AHDC1
7190,MCM10,ZNF121,INCENP,ZNF408,BEX1,ZNF74,TREML2,TRIT1
7191,WDFY3,MICU3,ZNF546,CHAF1B,RP11-69E11.4,RP11-14N7.2,LINC00342,CSRNP2
7192,PPP1R26,ZC4H2,RP11-158I9.5,AF213884.2,C16orf93,CDC14B,TAF4B,KLC2
7193,CTA-14H9.5,RRN3,ERBB2IP,ABCA2,RAB11FIP5,SPAG1,WLS,TNNT1
7194,SLC6A12,CEP72,TRMT44,RP11-815J21.2,CARM1,RP5-1159O4.1,VSIG8,NDRG2
7195,RP11-156K13.3,IL24,AC006994.2,ZNF461,CCSER1,ARHGAP11A,AC109826.1,FAM129C
7196,BATF2,C19orf44,EID3,SPOPL,L1TD1,PRMT5-AS1,ARHGEF10L,CDC34
7197,RP3-399L15.3,SLC35E2,RP11-83N9.5,EPB41L3,SPATA7,NUP35,CDC42BPB,HIATL1
7198,POU6F1,LINC00544,SLC17A5,BLM,AC016683.5,CTA-204B4.2,CTB-178M22.2,NEK1
7199,RP4-583P15.15,ZNF527,C1orf112,IL13RA1,FAM47E,TMEM203,RBM27,NCALD
7200,CAMP,STT3B,RDH11,RP6-206I17.2,RP11-509J21.2,RNF34,NDFIP2,GTDC1
7201,GFRA2,GS1-124K5.4,NAA60,HHAT,RP1-92O14.3,MEGF6,GS1-393G12.14,C1orf27
7202,MAML3,RP11-197P3.4,RP11-119F19.2,AC139100.2,RP11-894P9.1,ANKRD55,FAM216A,GPR141
7203,SLC4A4,CTB-114C7.4,B4GALNT3,RP11-96K19.5,RP11-575L7.8,GCAT,SOCS6,ZNF280D
7204,AC004540.5,NDUFB2-AS1,PLEKHN1,GPR180,GPR63,RP11-445H22.3,IL1RL2,NMB
7205,AC007036.6,PGAP1,TMEM200A,SLC15A3,CTC-246B18.10,FIZ1,ELOVL4,C17orf70
7206,GPR84,RP11-861A13.4,GS1-124K5.11,CTD-2086O20.3,SNAI1,RP11-442H21.2,APPL2,ERLIN1
7207,DDO,RGS9,ELL,KIAA1279,TDRP,ABCB4,MICALL1,DHX57
7208,RNASE3,RP6-99M1.2,RP1-234P15.4,FBXL22,LUCAT1,TMEM38A,ENKUR,SOCS5
7209,RP11-452C13.1,CDKN2B,PSD,AC007228.5,SFXN2,CNTNAP2,AGAP3,ELK4
7210,CLDN23,AC004854.4,WDR75,ZNF566,KCNE1,MPO,RP11-761I4.3,HSD11B1L
7211,SIGLEC12,SLC7A1,C1QC,SLC29A1,RP11-425I13.3,ZNF202,RP11-566K11.5,ZNF559
7212,RP11-472N13.3,DGKH,STARD9,DOLK,PKP4,NDUFB2-AS1,CTD-3214H19.4,SERPING1
7213,PKD2L1,HBQ1,PSMD6-AS2,BDNF-AS,RP11-219B4.7,ZNF84,MORN3,GCNT1
7214,STOML1,COLGALT2,RP11-539L10.3,RP11-390F4.3,ST7L,CDT1,PRICKLE1,DAPK1
7215,RP11-876N24.2,DPH6,ZIK1,ZNF138,RPS6KA2,PLEKHA5,KCNMB4,ZYG11B
7216,MPO,SH3D21,IST1,FAM13A-AS1,PNPLA7,FBXO2,DNAL1,ZNF140
7217,SFTPD,MGST2,PEX11G,SKA3,RP11-128M1.1,MAGEE1,ZNF549,SPAST
7218,FAM110B,AC009005.2,HAR1A,ELP6,RP4-635E18.8,ZNF28,SYT17,TNFRSF17
7219,RP11-1348G14.5,RGPD2,AL136376.1,TTC39B,AC009506.1,GPAM,ZSCAN31,CHRNE
7220,FIBCD1,FBXO2,RP11-498C9.15,PPP1R12B,CCDC151,KRT23,TGM2,PPP2R1B
7221,LGALS4,ZNF860,SENP1,FGD5-AS1,C1orf172,GPR146,DMC1,TOMM70A
7222,ST3GAL6,ZNF718,ERP27,S1PR3,CTD-2623N2.11,COG4,TRAIP,RP13-270P17.3
7223,CTB-129P6.4,IPP,FSTL1,CCDC71L,RP3-525N10.2,GS1-124K5.11,GFI1B,MCM6
7224,RP11-434H6.6,ZDBF2,KIAA0195,RP3-322G13.5,ZNF596,ZNF831,CTD-2287O16.5,NBPF1
7225,FCGR3B,CDH1,DLG3,FAM159A,RP11-36B15.1,RP4-594I10.3,RP11-1299A16.3,ZNF799
7226,GPT2,MPP6,PPM1J,GVQW1,BAIAP2-AS1,CDCA4,CHAF1B,TRIO
7227,LIME1,LARGE,NOL12,PABPC3,TIGD7,SCT,LINC00422,RNGTT
7228,TMTC1,RAD51,ZNF841,GALR2,STXBP1,LGR6,SAMD9,LSM14B
7229,NUP62CL,BTBD3,ACTL10,DKFZP761J1410,FAM72A,ZNF596,C16orf86,PRICKLE3
7230,RP11-761I4.3,CARF,EPB41L5,C17orf51,RP11-496I9.1,MYO6,ZNF839,RBAK-RBAKDN
7231,MFSD2A,TONSL,ZFYVE9,PRR11,RP11-350G8.5,FBXO46,ARHGEF4,VARS2
7232,LINC00984,LIMA1,KCNK7,RP11-348F1.2,RP11-314N13.3,HIST1H2AL,PGLYRP2,MIR4458HG
7233,DGKG,LINC00944,PUS7,UBAC2-AS1,GPR162,DEPDC1B,SETMAR,ZDHHC20
7234,ZNF23,UST,FCGR3B,SEC61A2,AL354822.1,DRAXIN,SFMBT2,TTYH2
7235,REXO1,ELOVL6,HAR1B,CMAS,AP000254.8,CTA-384D8.36,BMI1,WDFY4
7236,MUC12,RP11-425I13.3,RP1-315G1.3,LYNX1,NEB,SPINK2,KIF11,APC
7237,C1orf213,ZNF649,UBTD1,RP11-126K1.2,AGRN,MYH3,RP11-108P20.1,AMMECR1
7238,RP13-638C3.4,RAD51AP1,RP11-517I3.1,ITGA3,RP11-423O2.5,IGSF22,PRPF3,PSME4
7239,RP11-884K10.7,SLC16A13,RP11-488L18.8,ZDHHC21,DIRAS1,BRF2,ADAT2,NUP155
7240,PEBP4,TFR2,NLRX1,WDR35,FAM198B,MIR3615,NR2C1,SART3
7241,ACOX2,RP11-535A5.1,METTL21B,GPAM,SLC9A7,SLFN13,DGUOK-AS1,NSUN4
7242,RP11-439L18.2,SPAG1,BSCL2,CDC42EP2,AKAP8L,LINC00843,HIST1H2AG,ZFP82
7243,RP11-529K1.4,ZNF829,MMP28,EFCAB13,RP11-430H10.1,RP1-187B23.1,NPIPA1,ACAD10
7244,TMEM135,ACAP1,RP1-317E23.3,B3GALT2,RP1-43E13.2,ZSCAN25,SETD6,GDAP2
7245,LATS2-AS1,C15orf52,CEP192,CEP112,FGFRL1,ADAMTS6,GPR174,RBM43
7246,RNASE1,SPATA13,RNF121,ZWILCH,LIN7A,FAM201A,SAMD10,SLC25A53
7247,ABTB2,LGR6,C7orf43,ARIH2OS,CACFD1,RP11-660L16.2,CPEB3,SESN2
7248,RP11-446E9.2,COG6,CHKB-AS1,WDR65,RRAGD,TMEM25,TMEM105,ZNF251
7249,RASGRP3,CCNB2,ERLIN1,MYLK,CRISPLD2,RP11-432I5.1,XYLB,RFXAP
7250,CENPA,PODN,ERCC5,MMP11,DOCK3,SLC9A7,SIAE,DIEXF
7251,BUD31,MYO5C,RP13-270P17.1,PAK3,ASB7,PAXIP1,GGT7,FAM208B
7252,SOX15,IRS1,CDC42EP1,SGSM1,RELL1,TFR2,ZDBF2,ESRRA
7253,TRAIP,SLAMF8,PLA2G4C,MRPL49,NKAPL,CTC-454I21.3,SOX13,ZFHX3
7254,FUCA1,GOLGA8A,CTD-2532N20.1,SMPDL3A,GPR42,GYLTL1B,TMEM182,UCK2
7255,RP11-443B7.1,CCND1,NRBP2,RET,NRN1L,PSPN,FEM1C,DUSP4
7256,IFT81,ZNF470,RP11-474G23.2,FNIP1,MAP1A,RPS6KL1,ZNF18,MED13
7257,RP11-163N6.2,HRASLS2,AVIL,TPT1-AS1,RP11-98D18.3,N6AMT1,PPT2,PFAS
7258,IFT122,MBTD1,FAM178B,IRAK3,AC009501.4,SMARCAD1,CTD-2260A17.1,RP11-252A24.7
7259,CCDC153,CYTH3,USP18,RP11-80H8.4,HRASLS,RGMB,HECTD3,AC006369.2
7260,LCN2,ARHGEF19,AC129492.6,RP11-677M14.2,SH3RF1,RP11-527L4.5,RP4-607J23.2,TADA1
7261,SEZ6L,LEKR1,NDOR1,TBC1D31,NHSL2,RP11-131L23.1,CYP2U1,C21orf119
7262,RP11-456D7.1,PLEKHA5,KRT72,INHBA-AS1,RP5-935K16.1,C9orf40,TBXAS1,PUS10
7263,RANBP17,ZBTB32,KDELC1,RP4-813F11.4,HRK,RP11-535A5.1,IRGQ,MAPK8IP3
7264,SLC41A2,PIK3R6,TMIE,DNASE1L3,NLN,DYSF,CTAGE5,HLA-DOA
7265,TMEM51,THEM6,POU5F1B,C10orf105,FBXL14,ELOVL6,PPP1R37,DDX43
7266,GBE1,C17orf67,KLHDC7B,CBLN3,ZNF417,CCR4,RP11-382J12.1,CKMT2-AS1
7267,RP11-46D6.1,SCT,ADCY4,CABLES2,SUN3,PWP1,ZER1,MBD3
7268,AC004069.2,LMBR1,RP11-420G6.4,GLT1D1,RP3-477O4.16,RP11-344P13.6,TCP11L1,ZNF236
7269,ZNF844,CTD-2135D7.5,HOMER3,TFAP4,RP11-288H12.4,TRIM74,ROCK2,WDR59
7270,DISP1,KIAA0101,SNAI1,AC147651.3,ZNF619,MYB,LRRCC1,CBX4
7271,HIST3H2A,HHAT,DDX10,SLFNL1,ELMO3,KATNAL1,TRAM2-AS1,KBTBD2
7272,GS1-393G12.13,LIM2,QPRT,RANBP17,MIR4453,RMI2,ZNF860,OSBPL10
7273,RP11-830F9.6,LIPT2,NDST2,RBM48,DDX59,IL27,ZNF571-AS1,TRMT1L
7274,ESCO2,ZNF507,ACOX2,ZNF544,FDXR,TRIP13,SLC37A2,SNAPC1
7275,CTD-2666L21.1,PRTFDC1,IFT140,KIAA1107,C3,DEPDC5,NBPF3,TUT1
7276,ITPRIPL2,RASA4B,RNASE1,CECR5-AS1,NUBPL,ZHX3,RP11-617D20.1,TRPM7
7277,AQP9,ROPN1L,RPS6KA3,ZNF165,ZNF554,PPP4R2,TINF2,AC010883.5
7278,PHLDA3,AC108488.4,ORC6,ANG,FAM105B,ARMCX5,ACE,WDFY3
7279,RBM12B-AS1,LINC00843,AL627309.1,A2M,ZNF738,FZD3,RP11-162A12.2,HPS5
7280,RP11-315O6.1,ADAMTS6,CCDC6,RP11-456D7.1,F2RL1,RORC,SLCO4A1,NAF1
7281,PATL1,AMN1,RP11-379K17.12,TMEM171,AC083949.1,TTC12,EIF5A2,CHSY1
7282,CTIF,MYO6,RP11-398C13.6,PTGS2,U47924.31,RP11-108P20.1,ZNF282,ENG
7283,CDYL2,LRRC46,TMEM164,MORN4,RP13-516M14.1,FAM177B,CRAT,PPAT
7284,RP11-359I18.5,SEC61A2,ZNF283,FOLR3,RP11-161M6.2,RGS16,ELOVL3,MFSD8
7285,FAM3D,PHLDA3,AP000692.10,TMEM143,KISS1R,HMMR,CDNF,PRPF3
7286,CCDC149,AC007285.6,SARDH,RP11-873E20.1,ABCG2,UTS2,ACOX3,ANKRD13C
7287,MED4-AS1,FBXL17,ZNF275,CRIM1,SAMD14,PRKAB2,RP11-367J11.2,NDST2
7288,SMIM10,CEP128,KIF19,CTD-2023M8.1,RP5-1112D6.4,PKD2L1,FAM131A,TSGA10
7289,VCL,TRIM35,RP11-275I4.1,BATF3,CTD-3065J16.9,PLRG1,SLC3A1,AC022182.3
7290,LCAT,SLFN13,FKRP,ARL1,SSSCA1-AS1,IGFBP3,VENTX,AP4B1
7291,GRIK4,LRRCC1,ZCCHC8,KRT72,RP11-77H9.8,HILPDA,TMEM51,GABBR1
7292,ELOVL3,MCM3AP-AS1,FBXL22,CTD-2651B20.3,ECT2,TBKBP1,TRIM16L,TMEM53
7293,RP4-781K5.2,AC004893.11,LFNG,ENO1-AS1,KCNMA1,CCDC120,LINC00996,SETD4
7294,RP11-481A20.11,MAPK7,SYCE3,RP11-69E11.4,EFCAB13,XPNPEP3,TRIM46,TRAF6
7295,CTD-2583P5.3,FAM201A,AIFM3,RP11-274B18.2,FMNL2,MFSD2A,ACPL2,RP11-70C1.1
7296,RP11-318C24.2,COLQ,BRCA2,RP11-430H10.1,CPPED1,FAM214A,DGKQ,ACOT4
7297,NRXN2,CABP4,AASDHPPT,C15orf52,ARHGAP29,ZC3H10,FAM206A,POMZP3
7298,REPS2,ZNF382,SSTR3,TAB1,DLGAP1-AS2,ZNF256,DCUN1D5,TRIM32
7299,TST,RP11-96K19.2,ZNF367,TMEM126A,PLD1,ZNF569,COLQ,FAM65A
7300,MAP3K14-AS1,MYH11,COA1,CTD-2031P19.3,PYCR1,KLHL26,TOM1L2,FAM114A2
7301,AVEN,PDZD4,ZFR2,NIPA1,TRIP10,CCR6,MYO6,AGO1
7302,VSIG4,MAGEE1,C1orf51,C15orf26,GFRA2,AKAP11,MEIG1,L3MBTL3
7303,SERPINF2,GPR146,EMR3,SLC25A39,PDZD7,RP1-191J18.66,ZNF154,CXorf21
7304,ARHGAP29,MTBP,CTNND1,FAM49A,PLEKHN1,ADCY9,UBN2,RHEBL1
7305,PAPSS2,FAM153B,KLHDC8B,ZNF624,AC007386.2,MIEF2,MFAP3,POLR1C
7306,MITF,SLC15A2,TMEM201,RP11-98I9.4,RP11-876N24.4,AP001062.7,CSF1,DVL2
7307,MARVELD1,ARMCX2,LRRC3,RP13-270P17.1,RP11-166B2.8,CBFA2T2,CERS4,QTRTD1
7308,CTD-2541M15.1,RP11-378J18.3,SEPHS1,ADCY4,RP11-481A20.11,ALG9,RABGEF1,AMPD3
7309,HGF,CTD-2576D5.4,TMEM161A,RAP2A,RP11-388M20.6,RP11-580I16.2,SULT1A4,APPL2
7310,MOV10L1,VPREB1,CDK5R1,TMEM27,EMR3,DIEXF,RP11-176H8.1,TTBK2
7311,PDE4C,ERMN,RP11-302B13.5,RP11-293A21.1,LDLRAD3,AC007880.1,TSHZ1,SMG9
7312,TGM2,SHQ1,NPR2,RP13-516M14.4,SEPT10,ZNF654,TBC1D2B,FBXO7
7313,DYSF,RP11-141B14.1,TTBK2,ZNF605,NOL3,ZNF793,LTBP4,TMEM161A
7314,ANPEP,MCOLN2,LINC00886,MCMBP,HAL,SLC16A13,THNSL1,TADA2A
7315,SCN1B,PRCD,CTD-2369P2.2,RP11-1008C21.1,GINS2,RP11-383H13.1,CENPBD1,CCR10
7316,CRYM,RP11-152N13.5,ZBTB37,MSMO1,C2orf40,LRRCC1,ZNF484,AC079767.4
7317,OLFM1,TTC12,MICALL2,MBNL2,ZNF696,IRAK1BP1,ARSG,RAB11B-AS1
7318,WNT5B,RP11-432I5.1,CEP41,TSKS,XYLT2,TMEM209,ZNF200,IDE
7319,CELSR3,FCER2,KIFC3,CPNE8,MCC,PLEKHG1,TESK2,SPATS2
7320,SEMA5A,ANKRD55,MOSPD2,KLHL32,CLIC2,RP11-159D12.5,ZNF550,DHRS3
7321,C1orf177,RP11-345J4.5,PQLC2,GNA13,REG4,MCM3AP-AS1,SETD8,FAM213A
7322,C5AR2,ABHD4,ANKRD18A,RHOQ,TIGD3,ACY1,RP13-580F15.2,VPS37B
7323,EPHX1,XYLB,TIPARP-AS1,LINC00562,KRBA2,HIST1H4I,ZNF461,ARL4D
7324,TMEM86A,VIT,VIT,CNNM4,SLC41A2,SNURF,NME4,VPS52
7325,RP11-327F22.2,RP11-166P13.4,CTC-301O7.4,ZNF257,SMAD1,BCL2L2,RP11-309G3.3,PARD6A
7326,BNC2,NAP1L6,RP11-563N4.1,CD1D,SEC24B-AS1,TSTD3,RP11-203J24.8,PELO
7327,CERCAM,RP11-344P13.6,TCN2,AC002116.7,PRICKLE1,GNG3,MAGIX,GNB4
7328,HIST1H2BF,MAP1B,GPR55,AC009403.2,ERI2,TMCC1,ZNF674-AS1,MILR1
7329,SEPT4,TMEM63C,ADCY9,RHOA,HSD11B1,ERC1,SLC1A4,C7orf43
7330,AC015971.2,ARHGAP11A,UNKL,COASY,ST3GAL6,IGFBP4,PTER,CERS4
7331,CTD-2540F13.2,RP11-295G20.2,ZNF519,DLG3,RPS10P7,RP11-533E19.5,PSMB1,ZNF33B
7332,TDRP,TTC26,KRTCAP3,NOS3,RP11-274B21.10,PDZD4,METTL20,CENPV
7333,AC004381.6,STXBP5,KIF3A,RP11-379H18.1,SELP,AC004463.6,TOE1,TMA16
7334,AP006222.2,COL13A1,RPL22,MEX3B,CTC-425F1.4,ATP1A3,RP11-644F5.11,SBF1
7335,SCARF1,GTF3C4,ARHGEF10L,ZC2HC1A,TET1,CCND1,CAPN3,PERP
7336,ZBTB11,DOK7,CXorf24,TMCC3,ZZZ3,PSMG3-AS1,RP11-383H13.1,TAF1
7337,TPRG1-AS1,RP4-594I10.3,TNIP3,CD274,RP5-914P20.5,RP11-434C1.1,TNFAIP1,BEX5
7338,CTTN,TMEM25,NOL9,RP11-421M1.8,HK2,TRIM62,ATP2A3,FCRL3
7339,CTD-2623N2.11,RP11-597D13.9,HGD,CASP5,AXIN2,MCF2L2,IL11RA,ZNF609
7340,LRRC69,SARM1,ZNF573,CRHBP,RP11-566K11.5,FAM21B,STRIP1,RP11-661A12.7
7341,HDAC11,BRCA1,PTPRJ,RPEL1,RP11-96K19.5,HEATR5B,C11orf1,USP30
7342,SCO1,KIAA1377,PLLP,RP11-423H2.3,LRRK1,KANSL1,WNT7A,MYO15B
7343,RP11-359K18.3,B3GAT1,RBBP9,RP11-318C24.2,ZNF25,WDR11-AS1,ZRSR1,CTU2
7344,FZD2,PTCH1,ZNF654,QPRT,RP11-536K7.3,MDS2,CRTAM,FNIP2
7345,RAB30,SLC1A7,CYP2S1,ITPRIPL1,CLCN1,RP11-214O1.3,ZNF23,ICOSLG
7346,ACAD11,LRRC1,GNAL,RNF213,NBPF15,CENPF,AATF,MED23
7347,BOK,ZMYM6,DVL3,RP11-582J16.5,XXbac-BPG252P9.10,ZNF501,CTD-3088G3.8,MED9
7348,HRASLS,TENM1,DHFRL1,AC005306.3,CCND1,RP11-23P13.6,GALNT12,TAOK2
7349,FOXN3-AS1,GPR160,ASAP2,ADAP2,KDELC1,RGS9,RP4-816N1.6,ALMS1
7350,DNAJC28,AEBP1,ATXN7L2,ZNF805,DEPDC5,OR2A1-AS1,RP5-1065J22.8,DTWD2
7351,TMEM117,HSF5,DIP2B,VSIG2,NPR2,RANBP6,FXYD1,RIF1
7352,C2CD2,IFNG-AS1,ALG1L,MAN1C1,EHBP1,CXCR1,RP11-705O1.8,HKR1
7353,GTPBP8,A2M,FAM21A,RP11-390P2.4,VASH1,ARHGAP33,C19orf54,CLEC4G
7354,GPR160,CDT1,MIR181A2HG,RAB25,MARVELD1,VMAC,POLR3F,SEMA4B
7355,ENTPD7,GOLGA7B,MORC4,IGF2BP2,JMJD7-PLA2G4B,MDM2,RANBP10,INTS6-AS1
7356,KRBA1,FEZ1,GOLIM4,ZNF541,LINC00957,HIAT1,SNAPC4,NRL
7357,SPRED1,AC025171.1,FAM129B,RP11-76E17.3,VNN1,LRRC37A2,INPP5F,KIAA1468
7358,MYH10,RP11-259K5.2,TMEM51,CLEC4E,LNX1,NCR3LG1,HDHD2,LMF1
7359,XXbac-BPGBPG55C20.2,KALRN,SPHK1,NAA60,PIGZ,BTG3,RP11-158K1.3,TFE3
7360,ATP8B4,AC022400.2,ZNF793,FCGR1A,RP11-196G18.24,TMTC2,ARFGEF2,AGPAT5
7361,RP11-1055B8.7,MFN2,RP11-428J1.5,TMTC2,KIAA0586,PGAP1,RRP36,BCR
7362,LAMC1,DOCK4,ZNF830,KIAA1377,CCDC73,SLC16A4,IDUA,TNKS2
7363,SLC37A2,PLCE1,SAP18,C11orf49,KLHL18,RP11-367J11.3,RP3-400N23.6,TRPM4
7364,VENTX,AC079807.2,KCNK12,AC009404.2,MON2,AMY2B,FAM219A,PHC2
7365,RTKN2,RPS6KL1,B3GAT1,EBI3,RP11-932O9.7,CHEK1,RP11-637A17.2,TCF20
7366,NT5DC2,ZNF425,RP11-273G15.2,FAM171A1,HSPB9,ZNF75D,PDE9A,SH3BP5L
7367,RP11-215G15.5,AMZ1,HSPB9,NADK2,RP11-398C13.6,FCRL5,ZWILCH,TELO2
7368,ZNF532,CTB-152G17.6,CCDC58,PBX3,KCNC3,ATP1B1,AC104699.1,RUNX2
7369,DIRAS1,FBXO11,KCTD2,KLF9,C9orf9,MBTD1,VPS41,CAPN10-AS1
7370,IDO1,MOCS1,MYOF,TMPO-AS1,CELF2-AS1,TMEM251,RP13-638C3.4,TIPIN
7371,TEX22,BRMS1L,RP11-17M16.1,PLEKHH2,CREB5,SAMD10,SLC16A11,CPEB3
7372,GAB1,RP11-16E12.2,NT5C3A,CTD-2547L24.4,TMPRSS11E,OSTM1,ATP6V1C2,MOSPD2
7373,UHRF1BP1,RFPL2,PPP2R2D,RP11-359K18.3,E2F2,CAV1,LGALS9B,WIZ
7374,RP11-1055B8.4,RGS16,HPDL,C19orf38,ACPP,RP1-28O10.1,CARD6,ZFYVE28
7375,KRT86,CNTNAP2,KB-1208A12.3,NETO2,DBNDD1,MAN1C1,KBTBD6,AVL9
7376,ZNF485,KLRK1,XYLT2,ACE,FZD6,TUBG2,AC074138.3,CTU1
7377,TP53INP2,RP11-647K16.1,TP53INP2,ORC6,RP11-351D16.3,ZWILCH,RPS6KL1,KIAA1328
7378,ATP9A,HECTD3,RP11-603J24.5,CDK3,NLRP12,CTD-2196E14.4,CTD-2012K14.7,SYT5
7379,SGMS2,RP11-527L4.5,RP5-1125A11.1,GFM2,HABP4,LINC00944,EDC4,TRIM16
7380,ZNF778,CTC-241N9.1,MTMR6,ITSN1,FOLR2,C5orf66,RP11-166O4.6,AP001258.4
7381,FAM114A1,SPINK2,PROK2,TGFB1I1,HLCS,TLDC1,ENO3,MGAT4B
7382,SYNM,FAM227B,LSS,CXCL3,RP13-753N3.1,LINC00957,ZNF883,TATDN2
7383,RAB1A,HLA-DOB,CLEC4G,WRNIP1,GPRC5C,COLGALT2,BLOC1S2,KIAA1586
7384,NPTXR,ZNF28,DYNC2H1,ATF5,KCNN1,EPN2,PM20D2,FCRL5
7385,FA2H,SAMD10,AFG3L2,CDK18,MTCP1,RP11-156K13.3,PHOSPHO2,ZNF200
7386,RP11-338I21.1,AC069513.4,CTC-297N7.5,MEG3,CKAP2L,ELOVL4,ME1,CD200
7387,TCTN3,TRAM2-AS1,PEX12,OSTM1,RP11-692D12.1,ZNF93,MAGEE1,PDE4A
7388,BHLHE40-AS1,ACADSB,FCGR1A,SLC26A6,ZNF883,GALK2,PITPNB,AC009403.2
7389,DNASE1L3,GEMIN5,RP11-84C10.2,RP11-950C14.3,FAM72B,E2F5,TCN2,CTD-2020K17.1
7390,SLC2A9,C12orf68,LINC00562,MTURN,CUZD1,MED20,MBLAC2,ZCCHC3
7391,BAIAP2-AS1,LYRM7,ANKRD34A,RP5-1103G7.4,NID1,FTX,GPRASP1,TOX
7392,SCARA5,SMG9,WFS1,RP11-509J21.2,C2orf81,KIAA1377,ZNF778,ALDH5A1
7393,HESX1,GRAMD3,DDX54,SETD9,USP31,RP5-864K19.4,RP11-701P16.5,PDE6B
7394,CELSR1,PVR,PIFO,MYOF,BRSK1,ZBED6CL,RP11-527L4.5,THAP7-AS1
7395,UACA,RNF157,RP11-582J16.4,RP11-480D4.6,MBD5,CDKL1,ZNF525,ARFGEF1
7396,SKA1,CKMT2-AS1,HDAC11,IGSF9B,KCNH2,AC109826.1,TRIO,TMEM8B
7397,SENCR,PLEKHG1,CEP19,AP001372.2,TPBG,SMIM1,ZDHHC20,ADAL
7398,RP11-54O7.11,LAMP3,CAND2,ZNF417,IGSF22,RP11-894P9.1,C21orf49,ZNF837
7399,ATP2A1,JAM3,MPZ,AFF4,RP11-386G11.5,C10orf35,SQLE,AC016831.7
7400,CTD-2033A16.3,ZNF252P-AS1,B9D1,AC145110.1,NMRAL1,GPAT2,CRB3,GRPEL2
7401,MLYCD,CYB5D1,ZNF513,ALG14,RP1-111C20.4,DLEC1,ICA1,PCGF6
7402,MCOLN2,GNG3,TNFRSF11A,SSR1,NPIPB4,TBC1D25,RP11-407N17.5,RP5-887A10.1
7403,AC026806.2,RDH10,ZNF883,RP11-441O15.3,MSH5,SLC35F2,FAM89A,ZFY
7404,COL9A3,GCAT,POPDC2,MPP7,SNORD3A,CORO7,TRIM7,NPHP1
7405,CD1B,RP3-395M20.9,RNF144A,PTGIR,CTC-550B14.7,LARS2,HELB,FLVCR1-AS1
7406,NPPA-AS1,TNFAIP8,MARCH8,KIAA0947,AC025335.1,AKAP5,GNE,BCL11A
7407,CYP4F22,ALG9,GSTO2,ZNF432,RMI1,ZWINT,LINC01137,CPM
7408,ELANE,HILPDA,ANKS6,RPS6KB2,CTB-133G6.2,ZNF639,PRTFDC1,CHN2
7409,RSPH9,CTD-3185P2.1,RP11-496I9.1,ZNF225,LRRC26,LINC01024,NUMBL,SMURF2
7410,NKAPL,TRAF6,HCG14,KLF8,PRCD,ZNF749,CCT6B,SZT2
7411,RP11-1149M10.2,RP11-421L21.2,IKZF4,OCRL,ZNF396,GPR89A,MASTL,FOXO4
7412,RP11-701P16.2,RP11-23P13.6,GPR174,NCOR2,HS3ST1,PLCE1,MCU,ETV5
7413,KIR3DL1,DUOX1,ZFP69B,SNED1,GALR2,TSPAN3,LINC00863,SLC25A32
7414,WDR82,SEPT4,TIGD5,TIFAB,AC009120.10,RP11-553L6.2,SBNO2,RNASEH1-AS1
7415,LRRC37A,DNAL1,UBXN10-AS1,CUX1,ARHGAP22,RP1-140A9.1,RAB25,RP11-488C13.5
7416,SPOCD1,CTB-178M22.2,APTX,DUSP3,KLF5,ZNF571,SNED1,VARS
7417,SCARB1,IGFBP4,GPSM2,MAPRE1,AMDHD1,RP11-498C9.15,SDK2,SENP5
7418,PSMA6,GPAT2,LINC00925,HDAC11,ZC3H12D,WNT7A,SVIL,NREP
7419,MRAS,SEC24B-AS1,TMC4,CLIC2,IFT46,AEBP1,ZNF605,LDOC1
7420,CHST13,AUTS2,TRMT61A,GCNT4,KB-1732A1.1,RP11-65J3.1,C5orf42,ZNF160
7421,ITGB3,EBF1,FAXDC2,PPP1R13B,C12orf39,STXBP1,GUF1,HS2ST1
7422,CTC-246B18.10,C9orf3,EMC1,HES1,RP11-324I22.4,PIGW,POMK,LINC00937
7423,CITF22-92A6.1,CCL28,TIMM8A,ZFP30,GUCA1B,METRN,STARD10,TSR1
7424,S100P,SOBP,IGSF9B,HES6,CAPN3,TMEM53,APOBEC3F,SEH1L
7425,AMACR,DOK6,FUT4,GOT2,CETP,XPR1,CACFD1,C10orf128
7426,MFNG,MTA3,POC1A,ZDHHC5,RP11-559M23.1,CCDC106,SNX12,STX3
7427,CPAMD8,RP11-712B9.2,TMED8,PKD1,N4BP3,LARGE,LAGE3,IL2RG
7428,SYNE2,PIGW,DNAL1,ACTR3C,UBAP1L,SGK223,L3MBTL1,HAUS5
7429,CTD-2547L16.1,IP6K2,RALGAPA2,ZNF154,FAM153A,CLEC17A,LATS2,WARS2
7430,RIN2,LINC00959,CHST10,DNLZ,EPB41L3,CTD-2017D11.1,SBK1,ARMC2
7431,FAM20C,CCDC13,OTUD7B,NPHP1,RP11-705O1.8,KLF8,PPP6R1,ZXDC
7432,COL13A1,NUP35,U47924.31,CNKSR1,RP11-211G3.2,WBP2,MANSC1,ARSK
7433,CBX2,OR2A1-AS1,PER3,POU5F1B,RBM26-AS1,LIM2,NUP188,NDUFAF5
7434,SPRYD4,LRG1,AGAP4,RP1-317E23.3,CTA-217C2.1,GNAL,ARL5B-AS1,RBM45
7435,EPN2,RP11-73K9.2,UTF1,CPNE5,FAM171A1,NPEPPS,ST8SIA1,PLEKHG2
7436,GLIPR1L2,LHFPL2,RP11-443B7.1,PCDH9,ARMCX1,CMC4,HES6,XXcos-LUCA11.4
7437,FAN1,STAG2,EPT1,SPATA21,CCDC51,FAM161B,LYNX1,UEVLD
7438,SLC45A4,FAM177B,RAD54B,ERMARD,RP11-420G6.4,CTB-152G17.6,PEX6,MBNL2
7439,FFAR3,MEX3B,PHF20,TTYH2,MYH3,TPST1,MPZL3,RP11-327P2.5
7440,RP11-809N8.4,SPRY1,BOLA3-AS1,INSIG2,TCL1B,GPER1,ZNF222,ATP10D
7441,RUFY2,MEIS1,RP11-395G23.3,RP11-977G19.12,WNT2B,C14orf182,ACP6,TUBD1
7442,PGF,FKTN,MAT2A,STK36,RNF219-AS1,IGF2BP3,CFH,IL10RB-AS1
7443,CPED1,PPP2R2B,MROH1,RP5-894D12.3,LINC00304,ATP13A4,EXO5,CASP9
7444,CCNJL,NCAM1,PRR19,FDXR,RP11-582J16.5,SLC16A1-AS1,C2orf47,HECTD4
7445,PPP2R1B,BACH2,RPS10P7,SACM1L,RBM11,ZNF813,GIN1,ESCO1
7446,SCGB3A2,OAT,BAG2,ZFP2,ZNF93,CREB3L4,ARMCX4,DNAJC14
7447,TULP2,PXMP2,BCL2L14,PEX12,CHST13,ARRDC5,ZNF594,CNNM2
7448,CPT1B,STON2,SLC1A7,TMEM176B,SLC16A5,RP11-22P6.2,B3GALTL,CNFN
7449,CTD-3093M3.1,RP1-8B1.4,AC144652.1,EGR2,AC092667.2,CCDC180,PLEKHG1,NKD1
7450,ZNF154,RP5-1142A6.8,CEP97,CUEDC1,TBC1D12,MLH3,DMKN,INADL
7451,RP11-190C22.9,LRIG1,SLC25A44,VIL1,LYG1,MYBL1,WEE1,RBM19
7452,SCYL1,AUH,PRPF3,GDPD3,ITSN1,SNHG10,AC093627.10,SCYL3
7453,AP000769.1,RP11-960L18.1,BAHD1,HEMGN,ALG14,ATRIP,PTGR2,DYNC2LI1
7454,AIFM3,EARS2,RP11-98D18.9,CSF2RA,ST14,P2RY11,MAP3K10,GTF2IRD2
7455,DTX4,ZNF268,ECHDC3,RBM12B-AS1,PEX11G,OLFM2,RP1-40E16.12,ANKS3
7456,ACTL10,DNAJC5B,C4orf32,RP11-265N6.1,CTD-2371O3.2,ZNF551,ZNF773,NBPF20
7457,RP11-84C10.2,MTUS1,SAP30L,GCNT1,CTC-454I21.3,ZDHHC23,NLN,KIR3DL1
7458,RP11-206L10.2,C8orf88,PPP1R3F,ZNF441,RP4-673M15.1,RP11-96D1.11,METRN,ZNF589
7459,GOLM1,FBXO48,ZNF587,UHRF1BP1,SYP,RP11-166P13.3,ZNF614,WDR5
7460,AP001053.11,ATP13A4,AP001462.6,TSSK6,EXOC6B,B3GALTL,TIPIN,ZFP14
7461,CLCN1,TRAPPC12-AS1,DYX1C1,FXYD6,CXCL3,TAF5L,LINC00843,SDSL
7462,RP11-467P9.1,TUFT1,ANKS1B,CNTLN,GSTM4,ARHGEF11,DPF2,TTTY15
7463,RRNAD1,RTTN,DNASE1,MEFV,GTF2H3,CCNE2,L1TD1,FOXO1
7464,RP11-815J21.2,MVB12B,FBXO2,SIRPA,CEP170B,DDX11-AS1,SLC39A13,ATG7
7465,ALPL,ZBTB3,WDR43,DOT1L,TLR8,MRPL1,SLC26A1,CLEC16A
7466,EIF3C,LETMD1,PHF13,RP11-1391J7.1,AASS,RP11-732M18.3,NT5DC3,SFXN5
7467,RNF122,RP4-803J11.2,TNFAIP1,AMDHD1,CAPN8,ZC3H11A,CYP2S1,BAHD1
7468,RP11-216B9.6,SMG8,AL645728.1,E2F5,SEMA4F,ADAMTS10,ADNP2,LINC00685
7469,C2ORF15,B3GALTL,MAP6D1,AK8,RAB25,CARF,RQCD1,RNF26
7470,RP3-329E20.2,TMEM50B,ABAT,ZNF234,IL12A,FAM89A,PLEKHA4,RAB33B
7471,RP11-432J24.2,ATP7A,CSF2RB,PM20D1,RP11-395G23.3,BLOC1S3,PPP2R2B,SESN1
7472,ZRSR1,ZNF571,TUFT1,ZNF784,ZFAT,ACCS,VDR,PARP16
7473,CTD-2215E18.1,ACPL2,RP11-661A12.14,ZNF205-AS1,EFNB1,INHBA-AS1,CTA-292E10.6,NGRN
7474,CADM1,C10orf35,RP11-305L7.3,BIK,ZDBF2,ZNF862,C10orf35,ASB6
7475,LRRC48,RASAL1,RP11-214N9.1,CDC42BPB,KDM4A-AS1,ZNF781,NQO1,G6PC3
7476,INTU,OLFM2,FAM71D,MBTD1,SNED1,ACPL2,C16orf45,RAVER1
7477,CORO2A,TBC1D30,RP11-74E22.3,TMEM220,NAGA,FAM149B1,C1orf198,PIK3R2
7478,ABCA3,ARMCX6,NRCAM,AC010761.8,HSF4,AGAP2,TSTD3,ZNF714
7479,CDC26,KLRC2,SEMA6B,KB-1732A1.1,SLC45A3,PPP2R4,LTK,HEATR3
7480,CSNK2A3,SLAIN1,PHF2,FAM216A,ENTPD1,TRAF2,GTF2H2C,RNASE4
7481,HLX,ZNF528,ZFP69,PDZK1IP1,PDE8B,ARHGAP5-AS1,RP11-423O2.5,BCL7A
7482,SLC4A8,RP11-386G11.10,EPC2,GS1-393G12.14,CTB-61M7.2,PTGR2,NUDT8,BPNT1
7483,ITPKB-AS1,MKI67,ATP8B3,ADAT3,AC005253.4,AC027307.3,C14orf182,AP4E1
7484,TONSL,WNT7A,STOML1,MARC1,RP11-408A13.4,VIT,AC131097.3,SIAH1
7485,MIEF1,ACTR5,VANGL1,MMP14,AP1AR,HPD,AP4E1,BCKDHB
7486,TSPYL5,REL,SKIV2L2,PAQR7,CTD-2162K18.4,TUT1,CDC7,ZNF318
7487,KLHDC9,ZFAT,LINC00422,MYCL,SLC46A2,TMEM241,SLC35A2,MAPK8
7488,RP11-422P24.11,ZNF566,PAK4,RP11-560J1.2,RP1-29C18.10,SPTSSB,TTLL3,TNF
7489,RP11-484K9.4,LRP2BP,CCPG1,DISP1,PPT2-EGFL8,SNTB2,QSOX2,EPOR
7490,AC000003.2,RP11-108M9.6,FANK1,GSTA4,DNM3,DUSP4,HIST1H2BD,CEP192
7491,THBD,NAT9,GUCY1A3,EHMT2,DPM1,LL21NC02-1C16.2,TLR8,ALG1
7492,CTNNBL1,RP11-103G8.2,KLF16,SAC3D1,TMEM150B,MTHFD1L,DCUN1D2,PRDM4
7493,C1orf53,SPTSSB,CPEB3,ZBTB8A,TCF19,RP11-430B1.2,DBR1,C8orf44
7494,CIRH1A,AC004540.4,SIK3,ZBTB33,RAD52,POLA1,STK35,NFS1
7495,RAB11FIP3,EXOC6B,PAGR1,COBLL1,RP11-793H13.10,FAM229B,RP11-212P7.2,ZFYVE27
7496,MIER3,RP3-400N23.6,TTF2,RNF103,TMEM63C,PTPRK,SNX21,MPZL1
7497,MALSU1,DFNB31,BCORL1,NFE2,CNN3,RP11-178G16.4,CRAMP1L,TBCCD1
7498,C8orf31,BIVM,TIGD2,BCL2L15,VAV3-AS1,CD70,GKAP1,WDFY2
7499,PINLYP,PARP10,CREB5,RP11-154H23.3,ADCK1,PROK2,FAHD2A,C14orf93
7500,CTD-2587H19.1,RP11-215G15.5,LRP5L,ZC3H3,CYB5R2,ZNF382,RP1-28O10.1,TMEM8A
7501,ABCC4,NAP1L2,RP11-894P9.1,U91328.19,RP1-90J20.12,MICALL2,F2RL1,FAM32A
7502,NCKAP1,RP11-367J11.2,KALRN,IFT172,RP11-227D13.4,SLC16A11,IFT80,RP11-693J15.5
7503,C15orf48,SULT1A4,ZNF483,TFDP1,PZP,VSIG1,NUP35,NCOA6
7504,IRAK3,C9orf169,MIR4453,REG4,EEF2K,GALNT12,LACC1,TMCO4
7505,JDP2,FYCO1,UTP3,KRT2,CD8A,AREG,ZNF852,ATP9B
7506,CTD-2541M15.4,ALG8,RP11-996F15.2,HAAO,TRMT44,TESK2,HABP4,SLFN12
7507,SUN3,C16orf45,AMN,TUFT1,LINC00630,SLC1A7,AC144652.1,ORC1
7508,RBM45,CALD1,USP44,BAG2,GNL1,LAMP5,ATAT1,DTX3
7509,OAZ3,C12orf61,B3GALT2,MYO1C,GANC,B3GNT4,SPEN,NANP
7510,RTKN,AC015971.2,GLT1D1,TEX2,CALML4,SYCE1L,LRIG2,ADCK4
7511,TRIP13,IKZF2,PAQR3,LGALSL,AP000769.7,GPM6B,RP11-383J24.6,NOD2
7512,AL354822.1,GDPD1,ARMCX6,RNF26,RP11-158I9.5,EAF1-AS1,PIGZ,ASGR2
7513,RP1-202O8.3,VEGFB,EEF2K,GGH,NCKIPSD,FEZ1,MPZ,THOP1
7514,KLHL25,PVRIG,NLRP2,POLN,SLCO4A1,RP11-252C15.1,TIRAP,GNA12
7515,GATS,RP11-305K5.1,CTC-338M12.5,SUGCT,KRTAP5-AS1,BRMS1L,ASUN,NCAPG2
7516,RP11-390P2.4,MAN1B1,HCG27,LGMN,SOGA1,SLAIN1,CHST14,UTP23
7517,FAM154B,DCUN1D3,ROPN1L,SLC52A2,RP11-337C18.8,ZXDA,C1QTNF6,DPP4
7518,ANKRD22,RP11-57H14.2,ZSCAN16,DST,XXbac-BPG181B23.7,RELL1,ZNF436,ZFP64
7519,RP11-336K24.12,DERL3,AURKA,ZBTB47,PLAG1,RP11-67L2.2,PODXL2,FXYD6
7520,AL020996.1,CDK3,RP11-732M18.3,TRIM22,MRVI1,ZCCHC18,ZMAT4,AKT1S1
7521,LRRC16B,CTD-2325M2.1,SAMD12,PLSCR1,RGS12,RP11-1114A5.4,ZNF736,CACNA2D3
7522,CRIP1-1,NPPA-AS1,ERBB2,NPIPA5,RP11-70C1.1,ZNF718,KB-1732A1.1,ZNF397
7523,WDPCP,PPT2,RELL1,LILRA6,DMC1,BEND2,PCNXL4,MAFF
7524,TROAP,L3MBTL1,HPS3,MYB,ATAD5,CYP3A5,ANKRD9,KIF3A
7525,PLTP,ZNRD1-AS1,HOXA10,ZNF490,RP4-583P15.10,PIGB,NMRK1,CEP250
7526,RP11-70C1.1,CTA-407F11.8,SLC15A4,GNAZ,MRAS,MATN1-AS1,RP11-378A13.2,ZNF211
7527,SIK1,EML6,ASAH2,MYO1E,IRF2BP1,KBTBD7,GTF2E1,STAP1
7528,RP11-428J1.5,SPECC1L,HS6ST1,ATF1,LYSMD4,RBM12B,SLC10A7,LRRC42
7529,CCDC62,MAP7,DIS3L2,NOTCH4,ZNF2,CEP41,SMCR5,ZNF717
7530,GTF2H2C,GPM6B,ZNF30,PCOLCE,AC007879.7,KIAA1407,GPD2,CTB-113I20.2
7531,TIMD4,GPR68,EIF4E3,ENKUR,BBS4,NAA40,MLST8,FBXL20
7532,SENP1,RP5-1092A3.4,TNPO1,EPHA1,ZNF184,SPRY1,PIP5K1B,KCTD6
7533,RP11-73K9.2,C12orf42,GNAZ,LINC00996,DNAJA4,MAN1A1,SLAIN2,TPM2
7534,TMEM170B,TP73-AS1,RP11-16N11.2,RP11-787I22.3,TLL2,CANT1,NOS3,AQR
7535,AC005253.4,NINJ2,MID2,GPATCH11,RP11-637A17.2,EVA1C,OOEP,C1orf56
7536,RP11-429J17.2,SIPA1L2,RP11-89K10.1,PMEPA1,RP11-533E19.5,TFDP2,CRYBG3-1,ZNF708
7537,ZNF714,ZNF781,KCTD9,TOP2A,RP4-800J21.3,ZMYM6NB,MLH3,NOTCH4
7538,RP11-307C12.13,RP11-94L15.2,PIWIL4,LINC00511,MEOX1,BIVM,PMPCA,ZBTB44
7539,HIST1H3D,C1orf101,FFAR3,SLC38A9,TRAF3IP1,CTIF,UBE2T,SLFN12L
7540,POMT2,RP5-1074L1.4,SORT1,SZT2,MRVI1-AS1,REPS1,RP11-498P14.5,KLF5
7541,GHRL,TMEM201,NLRP12,ZNF749,SNAI3-AS1,ALCAM,ANG,BCL3
7542,CALCRL,IFT80,ARHGEF11,AC008443.1,SLC38A9,MACROD2,CCDC58,PDE6G
7543,HTR3A,SERTAD2,RAB6B,C1orf200,TLCD1,ARHGAP12,TNFSF4,EPHB6
7544,C10orf25,SLC16A11,SUV420H2,PTK6,NLRC4,FLJ00104,EPS8L1,PECR
7545,RP11-219B17.1,TTLL11,CNOT3,PPP1R3D,RP11-504P24.6,RP11-35G9.3,FAM53B,PRIM2
7546,RP11-92K15.3,SNHG10,MEGF6,RP11-295G20.2,CENPV,LARP4,PMM2,PGBD2
7547,PSRC1,ZNF579,RP5-864K19.4,RP11-214N9.1,EXO5,TWSG1,CTD-2033A16.3,BRD8
7548,CTD-2302E22.4,CD70,C9orf96,AC079807.2,DUSP19,CCDC51,EPHA1,SYNGAP1
7549,LGALS12,APP,FAM193A,CCDC106,RP11-89K10.1,MAP10,ZNF382,CDK2AP1
7550,PKIB,BTG3,AC022498.1,SEPT5,SCML1,RP11-661A12.5,CYP27A1,TRIM65
7551,HP,TM2D1,DIP2C,MIR497HG,RP11-617D20.1,CALCRL,CTD-2260A17.2,SFMBT1
7552,ST6GALNAC3,POLN,RP11-58B17.2,MSANTD4,TBC1D32,DERL3,DGKH,RP11-428G5.5
7553,CTD-2012K14.6,RP11-554J4.1,METTL16,ZDBF2,SENP8,AC018816.3,RP11-401F2.3,C19orf68
7554,ARHGAP42,RP11-299J3.8,ETV2,LILRA1,RP11-677M14.2,ATP5F1,MIEF2,CTC-250I14.6
7555,TOMM34,U47924.31,SLC22A17,IMPAD1,FAM160B1,TTTY14,PER3,DDHD2
7556,GFI1B,RHOD,TUBG2,RPP25,AL441883.1,RP1-8B1.4,TMEM194A,RTN4IP1
7557,CCNB2,ZNF852,ADAT2,LINC00938,PCOLCE,CNR2,PPIE,MORN2
7558,RP11-666A1.5,RP11-430B1.2,MOGS,AC083949.1,AFMID,RHOBTB3,PET112,NCKAP5L
7559,MAPK6,ZNF879,PAICS,DLG4,AC109333.10,SLC26A2,FAM173B,WRAP53
7560,SPHK1,WDR11-AS1,C6orf229,RAB27A,CRYGS,EGFL7,VAV2,CDK6
7561,SLC27A1,ZNF615,LRFN3,BFSP2,ZNF503,RHOU,GOLM1,PYGO2
7562,PLVAP,CTD-2545M3.2,C17orf103,CTD-2054N24.2,SLC3A1,PRKCD,BRPF3,IRAK3
7563,PLK1,CCNB1,HOOK1,GOSR1,WBP2NL,RP11-84C10.2,A2M-AS1,CR1
7564,RHOBTB2,KRBA1,URB2,DAP,SCARB1,RP3-428L16.2,ASMTL,MOV10
7565,GP6,TUBB2A,PPP6R1,CACNA1C-AS1,TMEM38A,SCMH1,PAXIP1,TUBE1
7566,TRERF1,EVA1C,FAM102B,ERBB2,GREM2,RLN2,RHBDD3,IGF2R
7567,SOBP,CTBS,NFIL3,CTD-3065J16.9,ANG,DHRS11,LAIR2,C9orf66
7568,AC093388.3,ARHGEF39,RP11-326C3.2,RP2,ACVR1B,HP,PRMT1,ZNF688
7569,UTF1,TPST1,ST6GALNAC1,RP11-426C22.5,SERINC4,RP11-182L21.6,MTMR12,NUAK2
7570,NRP2,RLN2,CCND1,SIAE,GTF2H2C,EDC4,UBASH3B,TMEM110
7571,PDGFRB,PARPBP,CSRNP2,RBM11,PIP5K1B,PET100,hsa-mir-1199,SECISBP2L
7572,VNN1,NAPSA,RP11-245J9.4,TBC1D30,TULP2,IFT80,SLC41A1,CTB-58E17.1
7573,KCMF1,RPUSD3,MYPOP,ZNF670,PIK3CB,TBC1D30,AC132872.2,AGL
7574,B4GALNT3,CTD-2583P5.3,RP11-1348G14.5,SNAPC1,RP11-658F2.8,ZNF664,C11orf74,GBE1
7575,TMEM255B,BRPF3,DLL1,SMARCAL1,RP11-262H14.4,TMEM39A,ACVR1,KAT2A
7576,ETV5,PBX1,CHGB,RP11-128M1.1,CCNYL1,ARL15,ORC1,C16orf45
7577,LRP1,PFN2,MAP7D1,CCDC125,ARHGEF10L,CBR3,RPF1,IGHMBP2
7578,RP11-77H9.2,SALL2,ZNF185,TMEM45B,AC093391.2,KCNK12,TCL1B,TSC22D2
7579,ARAP1,CTPS2,TPX2,NPIPB6,TMOD1,CTD-3185P2.1,CBLN3,TGFBRAP1
7580,DLEU7,HOMEZ,SYDE2,NIP7,LPHN1,ZNF433,EFHC2,ZDHHC16
7581,BOLA2B,HIST1H3D,AC159540.1,CCNYL1,MARC1,C16orf45,AP003419.16,DDI2
7582,PHLPP1,E2F5,MC1R,MANEA-AS1,SIRPB2,ZNF557,ATP8B2,SLC27A1
7583,BACE1,ALDH1B1,PLEKHG5,RP11-381K20.2,PRKCE,RP11-479G22.8,WBP1,RRAGB
7584,KRT73,C11orf82,ENTPD4,L3MBTL1,SPDL1,COLQ,ACTR1B,SLC12A6
7585,RP11-624C23.1,AC096772.6,ZNF230,PRDM11,NOTCH4,SNRNP200,CSPP1,MAP1S
7586,SERINC4,TAF5,EYA3,BOP1,RP11-367J11.2,TMEM177,HDAC11,SUV420H2
7587,CORO6,CYP3A5,SLC9A9,LRRIQ3,PHLPP2,SLC25A32,IKZF2,COQ10A
7588,ABHD16B,LGALS9B,TMEM171,IRGM,VSIG1,ARSE,RP11-326C3.15,FLYWCH1
7589,RP11-314O13.1,MATN1-AS1,ANKRD35,GEM,CD101,BICD1,TNFAIP8L1,ERAP1
7590,RP11-706O15.1,ALDH5A1,GK5,VAV3-AS1,PWAR6,AC137934.1,MMP17,FBXW11
7591,CLIP2,DUSP14,NCOR2,MARCO,CTPS2,MLF1,CTD-2231E14.8,RFFL
7592,SLCO4A1,MMP23B,RP11-350G8.5,SETD8,RP11-126K1.2,MYPOP,PLK4,CEP57L1
7593,AC145110.1,ZMYND15,AC104820.2,TFR2,ZRANB3,MARVELD1,ANKHD1,MIER2
7594,PTPRM,NET1,PLCL1,FBXW8,NMNAT3,GPR68,ZP3,ORC3
7595,TMEM79,RP11-787I22.3,TEX14,QPCT,ZNF286A,ENKD1,PLA2G15,SPATA6
7596,RP11-309M23.1,PLCL1,GEMIN5,FAM177B,C1orf200,TROAP,TRIM37,PPARGC1B
7597,TEX2,RP11-192H23.4,RDH10,RP11-728F11.4,PRRT2,RNU11,PRRG2,OTUD4
7598,CCL2,ZNF175,EDARADD,FOPNL,AK8,CTD-2012J19.3,AC002310.12,KCNG1
7599,WDR66,TMEM177,RP11-50E11.3,SLC9A1,AC116366.6,FAM227B,POC5,PLCG1
7600,GPR42,LY6G5B,ST6GALNAC2,PLEKHM2,ZNF282,AC074183.4,CASP10,TLR8
7601,SH3RF1,CTD-3193K9.4,AC026471.6,RP11-273G15.2,RP4-781K5.2,WBP1,DNHD1,EDC3
7602,ATP5S,RP11-348F1.2,PSMG3-AS1,AGBL5,PRELID2,C12orf42,SCGB3A2,APOLD1
7603,CD1A,KCTD9,AC009948.5,HCAR2,LINC01013,MTERF,CUL2,CHAMP1
7604,RP11-490M8.1,SLC35D1,GPA33,SRXN1,SLX4IP,HABP4,SEPT10,PDIK1L
7605,PARM1,ARFGEF1,PLEKHG4,MYO7B,COL19A1,CYP2U1,CELA1,LINC00339
7606,ZNF200,C10orf95,TYMS,ZNF765,ADAMTSL4,KLRC2,ANKRD16,ARMCX5
7607,RP11-446N19.1,CSF1,CLEC4D,NRAS,CTD-2260A17.1,AC107081.5,ZNF845,IL6ST
7608,GPR34,KDM5A,SPIN3,UPK3A,AC017002.1,NFATC2,LNP1,LOH12CR2
7609,CREB5,HIST1H2BD,HARS,RP5-914P20.5,FIBCD1,SRR,PTCD1,IPMK
7610,TFAP2E,C10orf105,ZNF322,HGD,FBXO36,TMEM135,CTLA4,FAM117A
7611,RP11-258C19.7,MCU,TRIM59,LDHD,PTPLA,LIPE,C3orf33,CRY2
7612,KCNE1,UTS2,ASTE1,ZNF512,PAPD7,CDCA7,VANGL1,TSPAN17
7613,MYO7B,MAPKBP1,RP4-673M15.1,FAM117B,MYO1E,RP11-442N24__B.1,ZNF582,TMEM184B
7614,GNAL,TADA1,TST,WDHD1,RP11-817O13.8,AL627309.1,RP11-442H21.2,PSMF1
7615,SAMM50,C5orf63,SOCS6,PEX11A,ABCB4,ZNF574,TIMM9,TMEM186
7616,XXbac-BPG181M17.6,P2RY14,FASTKD3,FAM212B,TTC4,CNEP1R1,LAMP3,PDE12
7617,TMEM192,LINC00987,SLC8A1,INPP5B,POLA1,CEP170B,TTLL11,IPO4
7618,C19orf18,SYT5,MSS51,AAR2,RP11-863P13.2,AL590452.1,C8orf33,PFDN4
7619,ARHGEF10L,C14orf79,WDR12,RETN,SDCBP2,IL2RA,PBLD,CHCHD6
7620,ANKRD50,CTD-2541M15.1,PAQR7,ZNF19,USP37,TM2D3,SPAG4,CCDC71
7621,RP11-192H23.4,OAZ3,AC096772.6,KCNG1,EXOC3L1,AC009948.5,ZNF573,BACH2
7622,SLC1A5,ZSWIM4,LAIR2,TMEM164,ZNF251,MYH10,USP22,C7orf60
7623,TGFB1I1,SMKR1,RP11-589C21.5,RP1-234P15.4,RP1-317E23.3,SLC39A9,SULT1A1,ZMAT1
7624,GTF3C5,RP1-102H19.8,KIR3DL1,COPZ2,SUPT6H,RP11-798M19.6,FADS1,DSTYK
7625,TMEM163,IZUMO4,CTC-454I21.3,GPR126,ZNF571-AS1,TCP10L,AMY2B,TIMM44
7626,RP11-894P9.1,MEG3,AGGF1,DHX40,CTB-118N6.3,FAM169A,TMEM255B,DNASE1
7627,GOT2,RNF32,LAMTOR5-AS1,RP11-161M6.2,MMP11,RASGEF1A,RP11-542M13.3,RP11-386G11.10
7628,DPF3,COG4,RTKN2,LINC00342,SUN1,TRAF3IP2,MMS22L,SMG6
7629,CTD-2368P22.1,PAX5,MBNL2,RP11-876N24.4,EPHX3,C19orf55,FBF1,ZNF516
7630,RP11-14N7.2,BIRC5,FAM200A,IDS,AGAP3,ZMYM1,RALGAPA2,POGLUT1
7631,SLC15A4,STPG1,MZF1,CEP120,FXN,FAM222B,SPATA6,PIAS4
7632,PRKCE,FOXD2-AS1,RP11-634H22.1,RP11-90D4.3,C11orf63,PRTFDC1,KLF5,SLC18B1
7633,LDLRAD3,LRRC23,RP11-351D16.3,BCR,FTX,N4BP3,CLEC17A,DKFZP761J1410
7634,FAM132A,PRKAR1B,CHEK1,ALDH1A1,RP11-441O15.3,EBF1,ELL2,MZF1
7635,AK9,YES1,HDX,CCDC159,C17orf107,ZNF268,RP11-23P13.6,RP11-304L19.5
7636,TAOK2,ZFC3H1,PPM1D,RP11-817O13.8,ERC1,MBTPS1,CHIC1,RGP1
7637,SETD7,LENG8-AS1,TMEM110,SRGAP3,RAD9A,PLXDC1,BCOR,ETFDH
7638,CTD-2047H16.4,ZNHIT6,RP11-355B11.2,KRT7,SLC30A4,LIMA1,STEAP4,CES4A
7639,ZNF490,DNM3,FGFRL1,AC124944.3,PPARGC1B,SMKR1,CCDC73,CTC1
7640,GALNT12,NUDT17,SDR42E1,ADAMTSL4,PEX11A,AURKC,KCNMB1,POLR3A
7641,AC073072.5,MYBL2,ELMO3,PDE1B,NT5DC3,GALNT6,ERI3,ENPP4
7642,EPHA4,PLA2G6,C22orf26,AC004463.6,CSNK1E,CHST15,MYEOV2,PDCD11
7643,DOCK7,FCRLB,EPB42,C1QTNF4,BCORL1,HHLA3,NUBPL,UGCG
7644,NTNG2,CNR2,AC009961.3,APMAP,INPP5E,DFNB31,GFI1,POU5F2
7645,RP11-10L12.4,TOP1MT,TVP23C,TSNARE1,CLEC4G,RTN4R,SPRY1,SPEF2
7646,ZBTB9,MANSC1,NHLRC1,KCNAB3,CAHM,MMP9,VCP,MOSPD3
7647,ZNF80,RP11-96K19.5,HYKK,PYGL,RP11-522I20.3,SLC35B4,IL12RB2,ATP13A2
7648,TMEM150B,MDN1,GAMT,IER5L,RP11-701P16.5,C5orf63,FAM115C,NAIP
7649,APOA1,PIGA,DCAKD,ABLIM2,GPR160,FAM84B,C17orf67,CEP70
7650,FAM81A,CBR3,EPHA4,CLDN5,SETD2,SETD6,IPPK,PKNOX1
7651,GORASP1,LEAP2,GOLM1,FASTKD3,CCDC102B,PVRIG,IL24,TDRD7
7652,ZNF433,PPP1R13B,FAM114A1,SPTY2D1,RP11-119D9.1,SEPSECS,RTKN2,MTOR
7653,RP11-138I18.2,TM7SF2,USP35,EMD,MEF2A,IRS1,LY6G5C,TEP1
7654,COLCA2,MAD2L1,ZNF615,RP11-158K1.3,SRC,DOLK,SDR42E1,KIR3DL2
7655,LMAN2,ZWINT,FAM198B,CNEP1R1,ARHGAP5-AS1,COPRS,BCL9L,UNK
7656,DDAH2,STIP1,SOX15,LRRC16A,KLHL3,APOA1,TTC39B,SPATA20
7657,STEAP1B,RP11-318E3.9,RP5-1021I20.1,CD300C,CMC4,KIFC1,CACNA1C-AS2,ZNF273
7658,RB1CC1,ATP6V1E2,ZNF527,EXT1,RP3-510H16.3,TAPT1-AS1,SARM1,AC006129.2
7659,C10orf95,UHRF1BP1L,IRGM,KAT7,CYP4F22,AVEN,PPP1R13B,DEDD2
7660,MEGF8,ZNF512,RP1-28O10.1,TNNC2,MTMR8,ZNF251,AC018816.3,TMEM234
7661,CD300LB,ASNS,ZNF618,FOCAD,RP11-214O1.3,PRMT6,UBL7-AS1,FAM43A
7662,AC007386.2,IRAK2,METTL3,TOM1L2,LINC00984,BMP1,SLC25A14,SREBF1
7663,KHDRBS2,ATAD3C,SLC22A18AS,CTD-2630F21.1,RNF217,COPB2,NACA2,COX10
7664,UGT8,ADCY3,LGALS9B,RP11-438L19.1,KCNH8,SRP14-AS1,CEP120,COG3
7665,SLC2A5,PRSS57,ALG11,KDM6A,ANKRD18A,SPATA13,RP11-108M9.6,GTF3C2
7666,COL4A4,LRP3,RP11-339B21.13,AC131097.3,SYT17,GORASP1,RP11-262H14.4,PIGB
7667,EXOC3L1,CCDC102A,BBS12,TMEM176A,CTB-178M22.2,MKI67,ZNF514,SLC35E3
7668,GPR141,RSG1,RP11-5C23.1,MAPK14,RP11-420A6.2,RP11-213H15.1,USP21,RP11-539L10.2
7669,AGBL2,RP11-383C5.4,LL22NC03-75H12.2,PDE8A,CTC-428H11.2,PTK7,AMZ2,KDM6A
7670,RP11-356N1.2,RP11-706O15.1,SEPT8,LYSMD4,GNPNAT1,AF131217.1,DNMBP,ZFP62
7671,RP11-1000B6.3,TUT1,RP11-573D15.9,TEX14,THTPA,MCOLN2,NKIRAS1,UTP14C
7672,PINK1,WRAP53,U91328.19,IGSF22,C15orf38,ENC1,TSPAN18,SLC25A4
7673,CYP2D6,CCDC106,CSE1L,KCNMB3,MIR29A,ZNF845,STK39,FBRSL1
7674,CD226,GTF2I,SLC25A23,C2orf44,FLVCR2,LRP6,DYNC2LI1,GLTPD1
7675,TMPO-AS1,AP000254.8,RP11-10K16.1,S100A13,PRR19,HMGA1P4,TMEM164,GPATCH3
7676,LIN7A,ELK4,L2HGDH,PRR19,CCR9,P2RY14,PTPN18,KIAA0226L
7677,WDR25,RP11-350N15.5,RP11-426C22.5,ATP8A2,RP11-480D4.6,KIR3DL1,SUV39H2,MAP3K6
7678,RP11-54O7.17,C6orf57,AC113189.5,MED26,RNF43,PLCB1,P2RY2,CLMN
7679,RP11-395B7.4,KRT72,TRIM66,RP11-350G8.5,PAK3,LTC4S,RP11-977G19.11,ARSG
7680,CBX8,RP11-467P9.1,PGBD3,CSNK2A1,TBC1D9,LINC00987,CBWD6,DECR2
7681,WLS,THBS1,TRMT1L,ZNF292,RP11-372K14.2,GPR27,IFT46,ADCK2
7682,USP45,GLS2,C6orf99,CTTNBP2NL,TRAM2-AS1,SLX1A,MON2,NF2
7683,C2,AC005253.2,BDNF-AS,ZG16B,ERLIN2,NDFIP2,ZBTB49,AHSA2
7684,FCAR,RRAGD,AC024592.12,RP11-166B2.8,CRIP3,SMPD3,ME2,MDN1
7685,KRTCAP3,IPPK,SH3GLB2,KIAA0141,GPR27,EARS2,AC145212.1,NUFIP2
7686,NME8,CTB-113I20.2,ZNF74,PAOX,WRNIP1,ZNF175,WDR86,CDC42EP4
7687,C1orf109,C11orf80,AC009506.1,SLC4A4,ALDH1A1,RHPN1,RP11-553L6.2,FMNL3
7688,SHISA4,SLC45A1,SPEN,RP11-225H22.7,RIMKLB,CISD1,TUBB2A,PURA
7689,ESR2,RP11-110G21.1,MCF2L2,HIST2H2AB,NAPSA,CTC-273B12.10,KLHL21,SLC20A2
7690,MYO18A,FAM106A,SMG8,MEGF8,AMY2B,MAP9,ATP9A,PIK3CA
7691,SLC22A4,SRP14-AS1,RP5-1091N2.9,PCP2,KRT7,TRIM2,NLRP1,TLR10
7692,KIAA1671,ZHX1-C8ORF76,CCDC176,TVP23A,MANSC1,KIAA0556,TNPO2,TAF2
7693,CTB-55O6.12,CTD-2162K18.5,ANKRD28,RP11-440L14.1,CNTLN,ZBED6,BAG3,NECAP2
7694,HBQ1,ZNF181,IL23R,P4HTM,AC009961.3,KLHL25,NDUFAF6,SPRYD7
7695,CTD-2544N14.3,RP11-539L10.2,METTL22,SLC1A4,LRRC20,PRKCZ,FGD4,SLK
7696,CTD-3154N5.1,SHF,SUCO,ARHGAP26,RP5-1136G13.2,SLC22A17,RP11-70P17.1,BBS9
7697,RP11-110I1.14,SNURF,FAM173A,HSP90AA1,SNX33,MTFR1,LRRIQ3,ZNF18
7698,ZNF613,PPP1R3D,OXSM,TOMM34,PRPF40B,C11orf80,ATP6V0A2,JDP2
7699,TMEM131,DLGAP1-AS2,ZUFSP,GCC1,C6orf99,CTD-2083E4.6,POLR2B,RP11-572O17.1
7700,ADAMTS6,MAP9,CLCN5,EPOR,PSD,CHM,HDLBP,OXR1
7701,CCDC151,FER,BRSK1,SIPA1L3,RP11-680A11.5,SLC35B2,ZDHHC9,NUP205
7702,AGBL5,CTC-534A2.2,THBS3,AC024592.12,RP11-126K1.6,PLD6,ZNF75D,FCHSD1
7703,CDK14,RP11-332H14.2,CTD-2319I12.2,DAPP1,C5orf51,HBQ1,EVA1C,SOCS4
7704,KAT2B,SH3BGRL2,RP11-179B2.2,SLC35A4,MSANTD4,ARMC2,GTF2H3,LRRK2
7705,VDR,AC011558.5,SGK3,RP11-178C3.2,BEST4,RUSC1-AS1,ENPP5,C16orf70
7706,EFCAB4A,RHPN1,FAM13B,CIB2,GAS6,PRC1,TRAPPC10,MCCC2
7707,AC104655.3,C9orf37,FOXP3,RETSAT,CLEC4A,GMEB2,TTC30A,P4HA1
7708,PDE8A,SEPT10,MT3,WDR25,EXD3,FMO4,MMAA,HIRA
7709,GOLIM4,P2RY1,KLHL32,USP6NL,LYPD3,CTD-2260A17.2,CBR3,AMN1
7710,CAPN3,SLU7,MOB3C,GS1-124K5.3,RSG1,CDK2,DHCR7,ASNS
7711,ZNF30,PTPN13,NAA16,AC093157.1,KB-1507C5.2,URB1,NAP1L5,COG6
7712,CTD-2012J19.3,FBXO5,RP11-792A8.4,S100A5,PTGDR2,PFN2,C6orf99,TBC1D8
7713,TNNC2,PCBP4,RP11-393I2.4,NFIX,SPEG,DZIP3,RP11-649E7.5,CSE1L
7714,EVI5,PDCD1,ACRC,MBOAT2,LACC1,PIGZ,LINC00341,RALGAPB
7715,RP11-158I9.5,ARHGAP22,AL590452.1,BCL2L14,MEG3,MFSD9,CCNE2,AAR2
7716,ZNF503,CCSAP,PRRT1,PRKCDBP,AP006222.2,LAX1,WIZ,FOXK2
7717,AC069513.4,ANK1,RGL2,PSPH,UFSP1,RP11-1100L3.8,ZFP41,RFNG
7718,CTD-2135D7.5,ACAD8,BOLA2B,CCDC102A,CCDC122,NCAM1,OLFM2,ABCB1
7719,FAM198B,PHLPP1,ABL1,CDKL1,TRIB2,KIF11,RP11-66N24.3,ST3GAL4
7720,SGCA,AC008443.1,XXbac-BPG252P9.10,ARL5B-AS1,CDC42EP1,FCRLB,OR2A1-AS1,ZUFSP
7721,AC104699.1,ACACB,SLC4A2,MYLPF,OSBPL1A,MSANTD2,FAM200A,R3HCC1L
7722,SLC35D2,ZBTB49,RILPL1,TGM2,CABLES2,CYB561D1,STRADA,ITFG3
7723,FAM153B,AC015849.19,PSPN,RP11-692D12.1,NOD2,CPLX1,EXOC6B,IKZF5
7724,UBAC2-AS1,GPR153,LRRC48,OTUD1,CXCL10,RAD51D,C11orf21,CTA-384D8.34
7725,RP11-22P6.3,HIST1H1B,ZNF507,KIF3A,CLEC4D,PARG,RDH13,LMBR1
7726,TAF4,ZNF182,C14orf79,AL590452.1,NDOR1,GS1-114I9.1,ATP1B1,TMEM229B
7727,RELL1,TMEM42,CDAN1,RP11-378J18.3,ARMCX6,C19orf35,ADIPOR2,CAPN10
7728,AC007880.1,VPS18,INSL3,PAN2,SLC22A4,LOXL1-AS1,SYTL4,PNPLA4
7729,EPB41L5,ABCB9,FDXR,DSC2,MIR940,SHQ1,SLC37A4,MAF
7730,RP11-511B23.1,NPL,RRAGD,CPSF3,RP11-137H2.4,KLHL3,AC005932.1,CAPRIN2
7731,CTB-61M7.2,ATL1,THAP2,PATZ1,RP11-378J18.3,STX1A,WDR83,RP11-611L7.1
7732,RP5-1024G6.7,ZCWPW1,RP11-367J11.3,SLC19A1,PRRG2,MICU3,BLZF1,C9orf38
7733,AP001412.1,TRIM47,AFAP1,OTUD7B,AC005076.5,HELLS,PTGS2,RP11-863P13.2
7734,RP11-324I22.4,RP11-412D9.4,ZDHHC18,CTD-2047H16.4,MTFP1,TRIM47,MED26,PRKD3
7735,WNT16,MYO16,PHGDH,XXbac-BPG181B23.7,NCAPH,RP11-191L17.1,GXYLT1,FAM208A
7736,LRRC46,RP11-326C3.12,SSC5D,TRPM4,RFPL1S,ZNF35,DRAXIN,MYCL
7737,USP37,NEURL4,RP11-644F5.11,PLTP,ZNF558,TP53INP1,RP11-146F11.1,NFIC
7738,DNAJC5B,XYLT2,MAP1S,RP11-514O12.4,RP11-215P8.3,AVL9,TAPT1-AS1,DEAF1
7739,BEND2,RBM45,SLC2A8,SRGAP2,MORN3,RP11-169D4.2,MFSD4,ACADS
7740,RP5-930J4.4,GPATCH1,ASB7,ANKRD23,AC006129.4,RP11-164H13.1,GPHN,TFB2M
7741,GORAB,RP11-1348G14.5,LIPC,SORD,TLR3,CCDC102A,SIPA1L3,CYBRD1
7742,FAM47E-STBD1-1,GCDH,SEPT6,ACSBG1,ACVR2B,RP11-1000B6.3,TNS1,IDH1
7743,COLGALT2,ZFY,C1orf115,SSPN,CASD1,HIST1H4A,ZNF445,FAM193A
7744,RP11-791G15.2,ZFAND3,ZNF80,HILPDA,RP11-223C24.1,RP11-42I10.1,PORCN,SLC9A6
7745,CXCL10,RP11-258C19.7,ALOX12,HSPA8,TNFSF13,DVL1,CCDC64,FAM98A
7746,LGALS9C,SEL1L3,FAM168B,RPH3A,RP1-187B23.1,SLX4IP,MIER3,ZBTB17
7747,AGAP5,CTB-12A17.3,RP11-90D4.3,BEX1,MS4A14,ZNF14,C5orf22,TBC1D2
7748,CRIM1,RP11-66N24.4,RP11-401F2.3,PGGT1B,LARGE,KISS1R,EBF1,RUNDC1
7749,TUBB4A,CCDC82,RCN3,SH3TC1,VENTX,CDKN2AIP,UXT-AS1,ZNRF2
7750,ZNF70,SEMA4C,TMEM144,CATSPER1,ADAM12,AHDC1,CEP250,KCTD17
7751,IRGM,BRPF1,MED21,ZNF669,ZNF763,LRIG1,XXbac-BPG181B23.7,C16orf72
7752,BIRC5,ARID2,RP4-583P15.10,PRR14L,RP11-410L14.2,ZNF429,ZNF585A,SKI
7753,XXbac-B476C20.9,C10orf12,ZNF354C,KCNK6,MAP6D1,IL1R2,FBXO10,TONSL
7754,C9orf91,NCALD,ZXDB,STK39,CEP152,LGALS9B,AMMECR1L,INO80D
7755,CCDC106,KCNH8,SPECC1L,IDNK,RP11-334C17.5,USP35,ERF,KPNA5
7756,KCNQ5,GATM,PGAM5,SLC24A1,RP11-734K2.4,UTP15,ADORA3,TAF1B
7757,IL24,RP11-559M23.1,NOD1,WDR1,HARBI1,ZNF16,MED21,WDR25
7758,RP11-426C22.5,LINC00893,PATZ1,C20orf194,HILPDA,RP11-712B9.2,ACSF2,CYP4F22
7759,FOLR2,EPHX2,COPA,SPESP1,VPS37C,RP11-973H7.4,GPR68,HHLA3
7760,GPR153,AP003068.23,EPHX1,RAP2C-AS1,OAF,C5orf42,HDHD3,SNX30
7761,C1orf50,MUC12,RP11-247A12.2,ATP13A3,RP3-428L16.2,PCBP4,SVOPL,ZNF227
7762,MCF2L2,RP5-1180E21.5,LINC01011,SLC25A32,BBS2,RP11-552D4.1,NPIPB6,SULT1A4
7763,CHST7,IKBKG,GPR42,CACFD1,KLK1,DNAJC18,APOA1,BCL2L11
7764,RP3-508I15.21,COL6A2,LRRC24,CTB-12A17.3,TMSB15B,RP11-97C16.1,METTL6,ZNF317
7765,HAS3,PRELID2,RFPL1S,ZGLP1,ZNF630,ZNF562,ZC3H13,DCTN4
7766,RP3-510H16.3,RP11-54O7.11,DNAJC3-AS1,RP5-821D11.7,RAD18,AC021860.1,SLC35D1,TESK1
7767,DNAJC1,AP5Z1,LL21NC02-1C16.2,ZNF814,RP11-803B1.8,S100A5,RBL1,PCNXL4
7768,EP400,ZNF184,SEC23B,BAHD1,CPNE8,GGT7,CCNT1,TBL3
7769,CENPW,C15orf26,RP11-536C5.7,CTDSPL2,RP11-517P14.2,MSS51,SUZ12,LINC00954
7770,SLC25A29,ZGPAT,TAF5,UCK1,TLR7,LRRC61,ALG11,CASP2
7771,C11orf74,TMEM187,TNNT1,CBWD3,DNAJC16,MPP6,FUK,CWF19L1
7772,CD37,RB1CC1,ZNF510,USP51,CTD-3193K9.4,HACE1,ABCA3,FAM76A
7773,C20orf197,TMEM27,OPLAH,GNMT,RP11-841O20.2,RP4-607J23.2,N4BP2,RP11-295G20.2
7774,ZNF879,PBLD,SUV39H1,LONRF3,EBLN2,NT5DC2,RP11-536K7.3,KLHL42
7775,RP11-203J24.8,B3GNT1,MAP7,RP11-337C18.8,CTD-2012K14.7,RFPL2,C9orf3,RP11-115C21.2
7776,TRAM2,ZNF557,PIGW,RP11-178G16.4,TNFAIP8,MVK,LMNB2,IFNG-AS1
7777,CDC45,VPS26A,PLCG1,TNRC18,KIF27,PPP2R2B,LRRC1,C5orf28
7778,RP11-95D17.1,HIST1H4H,ICK,MEOX1,BOLA3-AS1,ZNF181,CYSLTR1,NUP85
7779,MIR497HG,PAOX,IL17RE,NHSL1,DNM1L,DNASE2,CXorf65,TTC21B
7780,MCTP1,CDC45,YES1,TMTC3,C5orf34,HIST1H1B,PEX7,RRP15
7781,ITGAM,SLC2A1,DMWD,ARHGEF10,RP11-393I2.4,RANBP3,EML6,RP11-140K17.3
7782,BNIP1,RP11-173M1.8,PPP1R9B,UNC5CL,CCDC183,CENPM,NCR1,SGMS1
7783,MIR181A2HG,CABIN1,TTC30A,DSE,TEX14,MTX3,ZNF718,SLC25A19
7784,MAMSTR,RP5-1021I20.1,ZNF555,KDM7A,NFIX,RQCD1,DISC1,APOL1
7785,SMARCAL1,DCLRE1A,PRRG2,RSBN1L-AS1,SCD,MMP23B,ZNF513,NUTM2A-AS1
7786,C9orf169,PIGL,MEOX1,AP001046.5,ARSB,GSDMB,HIST1H4J,GTF2IRD2B
7787,CXCR1,ZNF367,QSER1,CCNT1,VAV2,APC,RP11-389O22.1,MAPKBP1
7788,SIAE,NOD1,ITPRIP,PRICKLE3,SLC6A16,NRIP1,AL590452.1,FAM91A1
7789,FAM72B,RP13-314C10.5,LSM14B,HMGA1P4,TIGD5,TSTD2,RP3-325F22.5,CTC-459F4.3
7790,RP11-145M9.4,ICA1,ACVR1C,ARMCX2,METTL20,FBXO30,PPP1R12B,SENP2
7791,CCDC9,DAPK2,CHCHD6,CRELD2,TMEM180,EDC3,MCTP2,TBCE
7792,KIAA1598,HELLS,RP11-973H7.1,VWDE,SOCS4,BRCA2,CKAP5,INPP5B
7793,ECI1,CCDC58,MAGEE1,NLRP2,DPY19L2,PSD4,NHEJ1,TIAM1
7794,CARD6,ZNF251,PAPOLG,KATNAL1,ZNF133,EGR2,GIMAP1,ZNF689
7795,RP5-1098D14.1,DENND2C,EXOC3L1,BNC2,CCDC154,ZNF404,RP5-943J3.2,LEAP2
7796,C10orf118,RP13-516M14.1,ZNF12,RP6-99M1.2,FEM1C,TM7SF2,NANP,CRTAM
7797,CABP7,MED13,RNASEL,AC004257.3,CD300LB,RP11-66N24.4,ARL17B,NT5C3B
7798,EXOSC4,BOLA2B,SH3GL1,HCFC1-AS1,CACNA1I,AP003774.1,TDP2,VMAC
7799,RP11-805J14.5,RAP2A,CRAMP1L,ZSCAN21,RP11-750H9.5,IRAK2,DIRC2,WDR5B
7800,CALU,CCDC153,SCGB1B2P,UGT2B17,FAM106A,CEP19,LEAP2,RAD51B
7801,C1orf112,ALDH18A1,CRHBP,CTDP1,GUCY1A3,TRIM37,TCF19,METTL2A
7802,PDCL3,GPR55,NCAPG2,THAP8,LY96,UBQLN4,SYCE1L,RP5-940J5.9
7803,C11orf82,TBC1D32,HSD11B1,ZFP41,GRK4,LINC01146,ASPH,MED27
7804,LY96,KEAP1,HIST1H4H,CCNJ,SERPINE1,LINC01023,ZCCHC18,RP11-343N15.5
7805,ZG16B,ZFYVE9,FBXO9,HPCAL4,SSPN,PLEKHH2,NGRN,PUSL1
7806,NLN,OTUD7B,FZD3,ZNF442,ZNF239,LINC00694,AFAP1L2,RAMP1
7807,MMP25,ERCC6,RP11-415F23.4,DMD,ZDHHC23,CALD1,KIAA1731,HSPA13
7808,VIT,AMZ2,TWSG1,EFHD1,RP11-192H23.4,ZNF76,RAB40C,PAPD5
7809,ULK4,HYKK,RP11-191L17.1,ZBTB9,RP11-413H22.2,KB-1208A12.3,ZFC3H1,TOP1MT
7810,CNNM4,CCNJL,CYB5R3,CKB,AP003419.16,GPRASP1,FSTL1,DNAL4
7811,CSTA,AK9,TRUB1,ZNF77,RNF207,SLC45A4,ARL10,MAFK
7812,P2RY2,TRIP10,USP51,POU6F1,FECH,RAC3,PDK3,LIPE-AS1
7813,RND1,GNA13,SLC39A6,BCL2L2,C11orf95,CTD-2514K5.2,SLC6A16,ARL8A
7814,RP11-849H4.2,KDM4D,CBR4,ZNF79,CCNE1,MYBL2,RAB6B,POLG2
7815,CCNE1,NARFL,NPHP4,C11orf95,ZNF513,BDH1,RP11-54O7.17,ACTL10
7816,FBXL18,AC007386.2,DNMBP,DET1,TMEM170B,DOCK9,LRRC37B,FAM98B
7817,RP11-297B17.3,TMEM161B-AS1,AC015849.19,RPUSD4,LINC00115,NPTN,ARHGAP11B,ADNP
7818,CD151,TOP3B,GREM2,CHTF18,PAIP2B,TDRD9,NKD1,DOHH
7819,BAZ1B,RP5-887A10.1,HIST1H3D,TBC1D15,FBXW9,ZBTB14,AC093642.3,KIF13B
7820,DNAL1,NUAK2,TMEM45B,BTBD7,SULT1A4,FRMD4A,GADD45G,CCDC154
7821,RP11-279O9.4,RP5-1148A21.3,ASB9,ZNF616,SNX21,RP11-802O23.3,USP44,ASB7
7822,FSD1,CRYM,UBE2V1,DNAJC24,EXD2,RP11-492E3.2,MICB,METTL8
7823,EDARADD,AURKA,KIAA1377,TNFRSF13C,TP53I3,AK9,RP11-412D9.4,RP1-197B17.3
7824,VSIG10L,RP11-104L21.3,RP11-815J21.2,RIMKLB,PKIA,BIK,RP11-488C13.5,CEP120
7825,CDC20,AP001058.3,SLC7A1,CXCR2,MOB1B,ZSCAN22,LINC00954,TYW3
7826,AP003774.6,B4GALT5,WDR19,F2RL1,UBTD1,PRSS57,RNFT2,EID2B
7827,SEPT8,ATP2A1,FADS1,RP11-89F3.2,ZXDB,SAP30,ATP8B1,UTP14A
7828,KCNMB1,NARS2,RCOR3,GPS2,C2,MEF2BNB-MEF2B,ZNF547,FBXO33
7829,SFXN2,UBL7-AS1,GTSCR1,DHFRL1,PDE7A,NCR1,KCNQ5,CREBZF
7830,RP11-793H13.10,RP11-658F2.8,RP11-65J3.1,MGLL,INO80,PAQR7,ZNF16,TMEM156
7831,RP11-159H10.3,ZNF286A,CEBPE,RP11-290D2.3,SLC37A2,RP11-873E20.1,DPH1,BYSL
7832,RP11-98D18.9,RP11-483P21.2,FAM13A,CTC-503J8.6,ZFPM1,AUTS2,CCL2,ECI1
7833,PIGM,DUSP22,NFE2L3,ADAT1,AC006994.2,KLC4,LARGE,KALRN
7834,RYR1,RP11-734K2.4,DDX51,UBE2T,ZNF516,TSPAN7,SUFU,RMI2
7835,WDR86,RP11-338C15.3,DOLK,NRBP2,MICALL2,CYTL1,RP11-873E20.1,GHDC
7836,EPM2A,RP11-517P14.2,TM2D1,GINS4,RP4-816N1.6,UBXN7-AS1,PLEKHH2,ZNF792
7837,IL10RB-AS1,RP3-473L9.4,RNF207,L3HYPDH,MYB,RP4-536B24.3,PROS1,CEP170
7838,AC137932.1,SBF2-AS1,KIAA1683,PRSS36,ZNF69,RP11-796G6.2,TYK2,C17orf103
7839,ZSCAN21,RAD18,MED6,APAF1,LYNX1,AZI1,ZNF341,UBE2T
7840,PYGL,KRTCAP3,MFAP1,AL590822.2,FXYD6,PPAP2A,NAA25,SIRPA
7841,SIPA1L3,HCFC1-AS1,ANGPT2,ZNF555,TRIM2,LZTFL1,ATR,FASTKD2
7842,LGALSL,GZF1,KIF11,LAX1,NPIPB5,RP11-412D9.4,ZNF256,RGS12
7843,C19orf82,WNT11,FOXN2,EAF1,MYO16,MEX3C,PDGFD,TBC1D10B
7844,RP11-98D18.3,TTTY15,PDGFRB,CLDN12,STAM2,NINJ2,F5,DYRK1A
7845,AP003068.23,IL1R2,WBP1,EMILIN2,RP11-624C23.1,STEAP4,BSCL2,MTMR4
7846,ZBTB47,RP11-326C3.15,TOM1,CYB5R2,MAML3,IPP,FAM154B,PI4K2A
7847,PXDC1,ZNF726,ITSN1,TMPRSS3,SLC29A2,MBOAT2,KDM6A,DHDDS
7848,RP11-308N19.1,HINFP,NEO1,C9orf72,RILP,BAIAP3,INTS2,ZNF3
7849,ZFP36,TMA16,NUCKS1,RP11-457M11.5,NOG,CENPL,C1orf233,DOPEY2
7850,DHFR,C5orf34,SERAC1,HOMER1,RP11-448A19.1,SYNC,TGFB1I1,NUDT4
7851,ASAH2,SNX25,ZNRD1-AS1,MPHOSPH6,SIGLEC1,FAM13A,MAP1A,DIS3L
7852,RHOBTB3,ZNF619,RP3-508I15.22,PKNOX1,LENG9,PDCD1,TMEM102,RPE
7853,PRCD,TNFRSF8,IL1RAP,RASSF4,NPIPB11,RP11-693J15.5,DDI2,AC008964.1
7854,MARCO,ZNF432,PTS,PLXNC1,TLR6,RP11-103G8.2,CA11,SOWAHD
7855,PRRT2,AFAP1,AC005944.2,SLC38A11,C2CD2,RNF31,RP3-525N10.2,KMO
7856,HSPG2,PIGM,IGF2R,RP11-275I4.1,ERP27,LRP2BP,MYO1D,AGPAT4
7857,CYBRD1,ELMOD2,C5orf34,MCM8,RP11-313P13.5,PITPNA-AS1,ZNF287,FAM188A
7858,TMTC4,C3orf52,MIR22HG,CEBPA,RP11-862L9.3,TBCK,RP11-138I18.2,CTD-2186M15.3
7859,COL9A2,RHOBTB1,FAM229A,CTB-55O6.4,RP11-138I1.4,HSF2,TLR7,NOTCH2NL
7860,AL136376.1,TBPL1,GCN1L1,HOXA5,SEC14L5,ANO9,B4GALT6,PRMT3
7861,TCFL5,AFG3L2,C19orf40,GALNT12,PCBP3,RP11-841O20.2,RP11-126L15.4,FECH
7862,NFIL3,RCCD1,NHS,PPP1R7,FKBP1B,YES1,MED9,PGGT1B
7863,OCRL,CCDC154,CCSER2,LNX1,KLHDC4,RP11-647K16.1,PDCD1,DYM
7864,ASGR2,RP11-295P9.3,ZKSCAN5,ZBTB18,B3GALT2,BOLA3,U47924.30,GLYCTK
7865,H1FX-AS1,ZNF365,MICALL1,RBM45,ZNF134,ZNF354B,GSTT1,B9D2
7866,RAD52,TMEM163,RP11-973H7.4,LGALS8-AS1,RP11-242D8.1,CENPH,RNF111,PLXND1
7867,CTC-550B14.7,FCRL2,ATAD3C,LINC00402,DGUOK-AS1,PPT2-EGFL8,KBTBD7,ZW10
7868,PBK,TLK2,PIGZ,ATP5S,LOXL3,DNASE1L3,RP11-481A20.11,TVP23C
7869,KLHL7,LPAR2,IGFBP3,RP1-257A7.5,C15orf41,AMIGO1,OXLD1,UBR7
7870,PCNT,RP5-1007M22.2,EDA,CSRNP2,GPR55,NRP2,ALKBH5,PLEKHM2
7871,CR2,RP11-359I18.5,SIRT4,CINP,MTX3,LINC00623,PUS7L,AC084018.1
7872,COL4A3,RTKN2,MTMR8,ANKRD35,IKBKG,TMPRSS13,TSEN2,CTC-503J8.6
7873,KBTBD11,ABHD16B,AF127936.7,C5orf42,CTD-2537I9.12,USP3-AS1,FAM193A,CCDC127
7874,STAP2,POPDC2,PPP2CB,ZNF619,RP11-179B2.2,CBLN3,NDUFB2-AS1,ORC2
7875,TMEM63C,RP11-611E13.2,TUBGCP5,FASTKD5,AC097500.2,AMN,FASTKD5,ZNF138
7876,VANGL1,SNAI3-AS1,DKFZP779L1853,EXTL3,hsa-mir-1199,CKMT2-AS1,TSPAN7,FAAH
7877,DNLZ,ADAM19,NPIPA1,IQSEC2,GLS2,SLC17A9,RP11-731C17.2,TOX2
7878,DHRS11,TRMT61A,ZNF577,ZSWIM1,CLEC17A,SLC29A2,KIF13B,TOPBP1
7879,AL591479.1,TIAM2,PLEKHB1,ZNF45,ACVR1C,MYEF2,HPCAL4,PSMC1
7880,TMCC2,GSTO2,C5orf66,FBXL19,TMEM67,RP11-18H21.1,TBC1D30,SLC4A7
7881,QPRT,SRR,RBM41,ALDH3B1,C16orf58,RP11-90P5.2,RGS12,VENTX
7882,AC129492.6,FAAH2,CYP3A5,MSH2,UBAC2,CASC5,DAK,VPS13D
7883,PLXND1,RP11-47L3.1,KIAA0895L,NEURL4,CDK2AP1,RP11-426C22.5,RP11-404F10.2,MFSD4
7884,RP11-65I12.1,PEX13,SLC5A2,HIST3H2A,MCF2L-AS1,LPAR2,DNAJB4,SLC48A1
7885,APLF,EFHC1,USP53,SETDB1,SYNM,DLGAP3,PLA2G4C,CCDC6
7886,TWSG1,ZKSCAN2,MCM3,SYNJ2,RP11-73K9.2,BTBD6,KIAA1919,C12orf29
7887,CEP55,ATN1,CASD1,C3orf18,RP11-553L6.5,ATAD3C,BBS7,GEMIN8
7888,GPR107,RAB30,FYCO1,SRRM5,ENC1,WDR53,ABCB9,ALG8
7889,RNU11,PYCRL,LPHN1,FKBP7,FAM177B,HLX,MYB,SHMT1
7890,POLR2D,MACROD2,SLC39A13,AGO4,ZNF484,MSRB3,CLUAP1,MAN2B1
7891,SUOX,RP11-95D17.1,RP11-672L10.6,AC006547.15,TRIP6,ME3,ARG2,LINC00998
7892,IL18,PLEKHA3,RGAG4,CDK1,ZNF555,TMEM187,PFN2,CENPH
7893,SLC39A3,CTA-373H7.7,CETN3,RASGRP3,ZNF646,PEX1,TIMELESS,DPY19L4
7894,HOMER3,DDX43,PIK3R3,HDAC6,INTU,SLC41A3,LINC00623,SLC37A2
7895,SLC25A51,ASB2,SMYD5,SPATA20,NR2C2,RP11-111A22.1,MON1A,ST20
7896,ZNF74,RP11-192H23.6,ATAD2,RP13-582O9.7,NIFK-AS1,TCF20,FYCO1,GAB3
7897,TCN2,B4GALT6,C19orf44,PQLC1,OSGEPL1-AS1,MTA3,CYBRD1,FKBP14
7898,GOLGA5,SMOX,RP11-479G22.8,IBTK,ANK1,TMPO-AS1,RP11-672L10.6,ITGB2-AS1
7899,HIST4H4,RP11-22P6.3,C2CD5,SMARCAD1,CTD-2186M15.3,GPR160,CTC-503J8.6,LACTB2
7900,RP11-146F11.1,SLC39A14,CBX8,SMCR8,CCT6B,SERPINF2,CLEC4D,FZR1
7901,RBBP9,RP11-25K19.1,SPATA33,AXIN1,PLD2,ADAM23,SHROOM1,KDM5B
7902,PARP16,MRPL19,OAS2,STK19,TEFM,C19orf40,LRRC14,RP11-262H14.1
7903,DNAJB14,AL136376.1,RP13-580F15.2,ZNF665,TNNT1,MMRN1,DGCR2,PIKFYVE
7904,TLR6,N4BP2,PPP1R13L,CTC-378H22.2,STS,ZNF500,DENND2C,FAM105B
7905,OAF,CENPH,RING1,SPHK2,LINC00920,STX17,CTB-133G6.2,ZNF814
7906,BRCA1,ZNF683,ARMCX1,MDN1,GTSE1,IL7,ZNF248,TMEM209
7907,TMSB4Y,ENG,TRIM58,DTWD2,RP5-1007M22.2,XPOT,C11orf95,NUDT6
7908,RNASEH1-AS1,RP6-91H8.3,CSF1,NPHP4,RP11-178G16.4,ZNF438,RAC3,BTD
7909,MRPS2,ZNF440,HIC2,AEBP1,S100A13,UBE2W,SLC9A7,BEND5
7910,VPS13B,DENND4A,THOC5,CCDC157,SLC31A1,DNAJA4,EID2,C12orf49
7911,INHBA-AS1,DIP2C,ENPP5,RP11-637A17.2,RPGRIP1L,CEP290,AP001053.11,ZNF506
7912,CKAP2L,FCRL5,RP11-206L10.2,THAP7-AS1,ZNF845,WRNIP1,TEFM,IMPACT
7913,ZNF772,SLFN12L,ORAOV1,WDR12,ZFYVE20,AC009133.14,GRIPAP1,RAD54L2
7914,TRAPPC11,MAST4,DNAH1,CTD-2260A17.2,SSFA2,NET1,AEBP2,C17orf67
7915,AMIGO2,SETD9,APLF,SERAC1,PBK,WLS,RANBP6,HDAC9
7916,ZFP37,ANXA11,GPATCH2,AC074117.10,CRB3,CD28,RP11-154J22.1,PTS
7917,VAV3-AS1,IGF1R,PER2,POP4,STAB1,RP5-827C21.4,ELMOD3,EPG5
7918,RP11-553K8.2,ANKRD13C,METTL6,ICAM1,LINC00562,FBXW9,RP11-553K8.2,PIGO
7919,HSF4,ACOT11,SLC51A,MAP1S,FZD3,OSGIN1,ENPP4,DGKD
7920,CRYBG3-1,RNLS,AQR,TRPS1,CCDC24,DPY19L3,CNTROB,NVL
7921,RP11-960L18.1,LRP12,SLC26A11,TMEM242,RGMB,AHCYL1,ZNF783,SDR42E1
7922,LY75,PLCG1,NOL3,CSGALNACT1,NUDT4,COL6A2,LZTR1,NAA25
7923,TRAPPC13,COL9A3,C19orf35,ZNF724P,ZNF19,LINC00968,RDH14,PTPN9
7924,C21orf119,KIFC3,SPTLC1,ZNF517,NOD1,FKBP1B,ACCS,GNG10
7925,ZNF768,CHCHD6,ZBED4,MTRF1L,MCOLN1,OTUD3,FANCE,SLC8B1
7926,L2HGDH,SENP8,CTD-2015H6.3,CARD11,RP11-539L10.3,KRT1,ZNF595,MCCC1
7927,HMMR,RWDD2A,ETFA,HSD17B1,RP11-117D22.2,ZFAND4,UBTD1,GPR35
7928,ATL3,CTD-2012K14.6,OLIG1,LRRC8A,EPHA4,ZNF528,RP11-443B7.3,PHLDB3
7929,KLRF1,USP49,LZTS1,FARP2,PAQR7,JAM3,MLC1,LRCH3
7930,IQCH-AS1,PON2,PLEKHA7,TTC24,GS1-393G12.14,DSE,WDR5B,RP11-47L3.1
7931,BCAT1,RAB6B,POFUT2,CTC-338M12.6,RP11-111A22.1,RIC8B,CSAD,STK11IP
7932,CTB-58E17.1,TMEM33,KLF5,LILRA4,SIAE,LEMD2,AK1,GTF3C1
7933,CHST10,POLG,CLEC2D,CENPU,ACVR2A,RNF157,MCM3AP-AS1,APOL2
7934,ARHGAP6,RP11-138A9.2,FAM161B,PGM2,C1orf61,FTO,RAP1A,C19orf59
7935,ZNF709,SLC26A2,KRBA1,IL6,AKIRIN1,SLC15A4,DYNC1I2,HIVEP3
7936,AL133245.2,HLA-DQB1-AS1,STRN3,RP5-1092A3.4,RP11-169D4.2,UXT-AS1,RN7SL1,ZADH2
7937,ZNF626,ATRIP,EGLN3,CCDC73,CCR4,SLC25A30,RP1-20N2.6,TLE1
7938,MXRA7,ZNF639,TNFRSF12A,PRRT3,C9orf169,C9orf64,YLPM1,FAM199X
7939,ADAT3,RNF185,AUH,PARG,C9orf38,VAMP1,GRAMD4,PAOX
7940,MKI67,CEP290,USP46,GPR150,ITPKB-AS1,CNN3,WDR65,MCAT
7941,C6orf47,ANKAR,GSTM1,COX16,DTX1,BCDIN3D,IRAK2,SLC35E2B
7942,CDC25A,CNPY4,SNX24,CAD,RP11-266J6.2,STK39,RP11-359I18.5,PAAF1
7943,RP11-159D12.2,JAKMIP1,GRASP,CD93,WDR19,PMP22,BAIAP3,WDTC1
7944,DMPK,DPY19L4,ZC3H18,RBMS2,PIP4K2B,OSGEPL1,MATN1-AS1,SNHG10
7945,HES1,CACNA1A,AP000783.1,AL441883.1,ZBTB18,LRRC8A,RAB30,RCC1
7946,DEGS2,MICAL2,AC139100.2,GPR141,MMP17,AC005253.4,NPHP1,RNF20
7947,FAM106A,UFSP1,DDR1,EDC3,RP11-176H8.1,P2RY10,UAP1L1,RP4-610C12.3
7948,MEIG1,ZXDB,HID1,HAUS5,PAAF1,LAMP3,FANK1,PRPF39
7949,OSGIN2,GPR150,ACOT11,XKR6,RP4-798A10.2,TOP1MT,ZFP64,CLCN5
7950,CCSER1,ELP4,RPP25,ZNF738,GOLGA7B,RP5-887A10.1,PIGQ,ZMYM4
7951,PPP4R1L,THNSL2,LOH12CR1,OVGP1,HIST1H4A,SEPHS1,AC093391.2,DCTN5
7952,NUSAP1,MAP3K4,OPRL1,AC012358.8,LINC00342,NUDT13,MECR,ECE2
7953,ZNF470,NUP133,PRKCDBP,ITGA2B,RP11-162G10.5,CCNB2,RP11-78A19.3,C11orf54
7954,PLB1,ZNF222,RP11-513I15.6,RP11-802O23.3,RP11-265N6.1,IL18R1,N6AMT1,ASB16-AS1
7955,COQ5,CLASRP,PAK3,LINC01023,TBC1D22B,RP11-104L21.3,PHKB,FANK1
7956,AVPI1,GKAP1,ZNF529,MT-ND6,MIB1,AGL,C16orf52,PANK3
7957,PDXDC1,EHD3,IGFLR1,MED17,RTN4R,THUMPD2,PDZD8,C11orf49
7958,C9orf96,CDC42BPB,AGMAT,RP11-502I4.3,C20orf201,ARHGAP22,ZNF354B,VPS11
7959,NHSL1,HIP1R,ACVR2A,C1orf101,GIPR,C8orf59,TP53I13,URGCP
7960,BMP1,KIAA2026,CCDC7,MYCBP2-AS1,SLC5A2,CCT6B,COPZ2,EEA1
7961,STARD5,LILRA4,RNLS,VBP1,KCNQ5,ZUFSP,PGM2,C6orf203
7962,PLEKHG4,FOSL1,C6orf57,PLAG1,SFPQ,RAB38,RAB27B,AK9
7963,SSH3,TNK2-AS1,DKK3,ZNF587B,CTD-2007H13.3,UBAC2-AS1,AC002467.7,PREP
7964,GEM,IL18R1,TRBV11-2,CLEC10A,CENPE,SLC35F5,MTHFSD,POMT1
7965,ZNF135,TMEM194B,DMKN,AC009506.1,HID1,ACOT7,ZNF404,CEP104
7966,TPM2,CCDC146,RP11-424N24.2,PRMT7,NPIPB6,PAXBP1,TMEM184C,ZZEF1
7967,HIRIP3,ZNF740,FAM89A,POLR3A,TCF7L2,ZHX1-C8ORF76,RALGDS,YTHDC2
7968,LAMP5,MEST,FOSL1,RP11-313P13.5,RP11-290D2.3,CCDC151,AKT3,ZC4H2
7969,TNIK,SNX16,EMR1,CDK8,RP11-58B17.2,HDAC5,FAM111B,RP11-421L21.3
7970,CEMP1,PLK4,RP11-344P13.6,PXMP2,P2RX5-TAX1BP3,TRIM3,ZNF345,RP11-400F19.6
7971,CDPF1,RP3-322G13.5,NFATC2IP,RSG1,SLC24A4,AK4,AL354822.1,C17orf80
7972,MAZ,RP1-265C24.8,ATP13A4,NUDT6,N4BP2,DTX3,STARD5,GIGYF2
7973,RP5-892K4.1,ZNF345,GLRX3,SLC38A7,RP11-126L15.4,C22orf34,CPSF1,ALDOC
7974,ZNF324B,FLVCR2,MAPK8IP3,ZNF48,ZNF432,SIMC1,IGF2R,RPS6KA5
7975,SLC43A2,GPR114,RAB33A,PPAP2A,RAB3IP,AP3M2,FER,USP44
7976,SLC17A9,SERPINI1,NOD2,AGTRAP,LINC00886,C6orf136,DCBLD1,PLA2G7
7977,GALNT1,HRASLS,GOLGA5,CUBN,PAGR1,ATE1,AC005253.4,C12orf73
7978,DLST,AC006369.2,MLYCD,ASGR1,AC011899.9,RANBP9,RP11-296O14.3,SP1
7979,RP4-773N10.4,FITM2,RP11-712B9.2,SCRIB,LAPTM4B,PSMC3IP,WDR7,EXTL3
7980,NRIP1,THRA,ACSS2,SLC6A4,ANKRD55,BCL7A,KRTCAP3,RASD1
7981,B3GALNT1,NFATC2,NOXA1,RP5-1180C10.2,ZNF346,GADD45G,COCH,SLC30A1
7982,SMARCAD1,SEMA7A,SLC46A2,ALPK1,CLDN7,TYMS,CAB39,ZNF595
7983,CTD-2616J11.2,CXCR2,ZNF668,RNPC3,RP3-395M20.9,ZBED4,FZD1,LDLRAD4
7984,THAP8,SPATA7,FAM65C,ENDOD1,RP11-293M10.5,KCNK7,DNAJB1,GALNS
7985,TMEM241,LIN54,MPP5,RP11-345P4.9,PPT2,FAM115C,C1orf200,TMEM256-PLSCR3
7986,KIAA0907,C19orf68,TBC1D8,ZDHHC23,RP3-400N23.6,AMFR,ZNF566,FAM117B
7987,SLC14A1,SLC4A4,CPNE8,THAP9,RP11-1348G14.5,SLC26A11,INTS8,AFF1
7988,LCNL1,TESPA1,GGACT,ZSCAN31,YPEL4,BLZF1,TGFBR1,GOLGA3
7989,KIAA0101,RP11-98D18.9,HK2,NSMAF,TRIM54,CYP1B1,MIR29A,KHK
7990,CTB-91J4.1,RP11-644F5.11,TNFRSF10D,KRR1,MYH10,ADNP2,IL1RAP,YWHAG
7991,CLCN4,PDIA5,LOXL1,RAC3,AP001058.3,AC007228.9,C4orf29,NRM
7992,ZNF77,SAMD14,FAM47E-STBD1-1,MANSC1,SLC4A5,C2orf81,TMEM121,GALNT1
7993,7SK-2,CENPJ,TJP3,RP11-1191J2.5,AHDC1,ECSIT,TPRG1,HIST1H1E
7994,RP11-656D10.3,E4F1,ZNF337,MAPKAP1,MORN4,MYSM1,ENC1,ACADSB
7995,RP11-499P20.2,CACNA1C-AS2,MCOLN3,C1QA,VKORC1L1,ZNF45,ZNF169,PTPLB
7996,RMI1,DVL2,EXO5,LSM12,NKD1,HINT2,VKORC1L1,FAM129A
7997,LRRC26,ADARB1,ZBED6,CTB-102L5.4,HYAL2,LIMK2,VAV3-AS1,RP5-1073O3.7
7998,CLCN5,CTD-2270L9.4,ARFGEF2,MEF2BNB-MEF2B,MB21D2,COBLL1,SLFN12,CSNK1G1
7999,HSPA13,NHSL1,ZNF121,ZNF397,WWC2,XXbac-BPG252P9.10,AGPAT5,ERAL1
8000,CSF2RA,FEM1C,HSPA1L,PEX13,TMEM64,SCO1,IL6ST,TROVE2
8001,CLSPN,PODXL2,SART3,RNF19B,RP11-486G15.2,ABCD2,PPFIBP1,MED22
8002,ATXN7L2,REPIN1,RP13-131K19.6,TMEM131,LRRC1,TMEM168,PIK3AP1,PPM1D
8003,GPX7,KRT1,PLEC,DFFB,RP11-466F5.8,TTC13,ZNF460,CCDC117
8004,METTL21B,RNF122,KIAA1328,PITPNM2,GHRL,EIF3J-AS1,RP11-1348G14.5,ZNF675
8005,AGAP3,NLRC4,KISS1R,BHLHE40-AS1,DTWD2,ZNF296,CCDC183,ZFX
8006,GS1-124K5.3,ELMOD3,SNX27,ANKZF1,RP11-803D5.4,SHPK-1,PDS5A,RBBP5
8007,TLR8,ASB13,SLC19A1,PHF13,KIF5C,AC009133.12,LGALSL,PBX4
8008,AP001462.6,ATP8B2,SFMBT2,TRERF1,CBWD6,FBXL16,RP11-802O23.3,MAP2K6
8009,AUH,EXOG,MVK,SORT1,RP11-798G7.6,PYGB,STEAP1B,RBM41
8010,ZFP28,HOXB3,NUP153,CLEC4A,COCH,C1orf50,HGD,MTF1
8011,FAM66C,HAUS7,AMIGO1,STARD4,LINC00663,DLEU1,C6orf57,CDC42EP2
8012,ZDHHC14,DLEU1,CNEP1R1,AC002117.1,JAM3,FAM213A,ZNF570,PCYOX1
8013,FAM86C1,HADH,TMEM79,NAA15,NAP1L2,CTD-2541M15.1,UGGT1,AIDA
8014,TRIM32,TMEM260,RGP1,UBXN7-AS1,RP11-111M22.2,RFX2,PAN3,APAF1
8015,RP3-525N10.2,LUCAT1,FAM66C,FANCM,RP5-1180C10.2,C2orf27A,RP11-218M22.1,EDEM1
8016,SPAG5,UBE2C,CTLA4,CTD-2006K23.1,RNFT2,SYP,GALE,ORAOV1
8017,CTC-503J8.6,CDKN2AIP,RP11-158K1.3,NPM2,IFT43,HOMER1,RET,EFHC1
8018,TPTEP1,IST1,C4orf36,NEDD4,PMEPA1,RP11-115C21.2,PYGB,DENND4A
8019,LTBR,RBL1,ERCC8,SPATA33,MCF2L,FCRL2,ZNF808,AMBRA1
8020,TNNT1,INTS5,AC115618.1,THBS3,DENND2C,EXOC3L1,ARIH2OS,UBE3B
8021,RP11-37B2.1,RP11-351D16.3,MYEF2,PLEKHB1,TMEM52,PHF2,TRAF3IP2,EIF4G3
8022,CCNY,TGFBR3,SV2A,AC021188.4,RP11-867G23.4,SYNE2,INTS9,CDHR3
8023,AC073283.7,CTB-133G6.2,CTC-425F1.4,GPR160,IGFBP3,RP11-332H14.2,TRIM21,ARHGEF11
8024,BMF,CTC-428G20.3,RP11-575L7.8,LPCAT2,RP11-61J19.4,FBLN7,RGP1,ENO3
8025,MRPL27,HIST1H2BF,SRRM1,ZNF678,SLC16A4,AC004257.3,AC004257.3,SH3GLB2
8026,NLRP3,KCNG1,ANG,RASL11A,SAP30L,TRRAP,MIR22HG,SCAMP1
8027,RP11-862L9.3,RP11-164H13.1,IVNS1ABP,IBA57,ZNF70,PMS1,AC104532.4,CCL3L3
8028,LDHD,SDCBP2-AS1,AKAP5,SLC29A3,PPP1R12B,ABHD3,LINC00494,SAMD8
8029,URB2,SGK223,TUBG1,C2orf40,RP11-402D21.2,JAKMIP1,RP11-488L18.10,DUSP14
8030,MAP3K5,NTNG2,CXorf40B,RP11-403A21.1,ZFP41,POLR3H,EIF2AK3,APEX2
8031,IARS2,ZSWIM1,CYP27A1,NBL1,ARL10,SDCBP2,ZNF71,LRRN3
8032,ASAP1,MVK,AMMECR1,EYA3,RP11-345P4.9,CTD-2037K23.2,ASTN2,NIF3L1
8033,CDCA7,AC079922.3,RP11-452L6.7,RP11-490O6.2,FAM161A,ZNF786,RP11-353N4.4,SLC35A5
8034,DLG5,SMIM8,RP11-131L23.1,DOLPP1,ZNF765,RP11-318C24.2,SMG1,ADIPOR2
8035,VAV2,MTAP,ABCA5,ZDHHC14,FFAR2,AC099850.1,STX1A,ABAT
8036,DDX24,CTD-2616J11.2,XXbac-B476C20.9,TIPRL,ZNF540,LPAR5,ZNF717,C10orf88
8037,FAM21A,AEBP2,ASAH2B,CSF2RB,ITPK1,MARCKS,INF2,BDH2
8038,LHFPL2,TSGA10,HEMGN,SLFN12,SGOL1,KIF3A,EFCAB4A,WDR48
8039,ZNF827,ZNF506,IPO11,PARS2,CUL2,RP11-279F6.3,RP11-796G6.2,FGD5-AS1
8040,ZNF347,TMEM9B-AS1,CTD-2371O3.2,LCMT2,CTD-2368P22.1,TK1,HS2ST1,EID2
8041,DCAF10,RP5-1065J22.8,CUBN,MTHFD1L,AGAP6,AC079767.4,TATDN2,SLC26A6
8042,ZNF273,NRXN2,BPTF,LIG1,HAR1A,TTC7A,RP11-798M19.6,FNDC3B
8043,POLD1,XXbac-B135H6.15,E2F6,RP11-391M1.4,ME3,RP11-327F22.2,SLC12A2,SLC37A3
8044,RRAGD,RP11-212I21.4,ZNF559,MTF1,DOPEY2,ANAPC10,ZNF283,MCM3AP
8045,HLA-DOA,ST6GALNAC3,RP1-29C18.10,AC079767.4,PER2,KIAA0101,FHOD1,RBM28
8046,HS2ST1,IL2RA,TRIM62,CEP70,PALB2,RECQL5,GABBR1,POLR1A
8047,LINC00494,TGFB1I1,TEC,KIF23,SEPP1,MPV17L2,PARG,ABCC10
8048,GOLT1B,DZIP3,ZNF589,RAB4A,MMEL1,PTPLA,SIRT4,ICAM1
8049,TRPM4,MRPS35,LCMT2,WDFY4,FAM154B,AC023490.1,RP4-610C12.3,RP11-285F7.2
8050,ICMT,THTPA,KDM5D,TRAM2-AS1,AL136376.1,AKR1E2,RP11-359B12.2,ZC3H12A
8051,EIF3K,DPP3,VWA5A,AC110771.1,LBX2-AS1,TM9SF1,RP11-426C22.5,SLC39A8
8052,CC2D1A,TSPAN18,CDC42EP2,IL12RB2,MROH1,NEK3,ZNRF2,NARFL
8053,RP11-452L6.1,CD248,EPG5,SPTLC1,KIAA0196,BAMBI,WRN,NARS2
8054,SPIN4,ZNF765,RP11-66N24.3,ZMYND19,EPHX1,SLC30A9,MRPL1,NEK6
8055,HS6ST1,SELP,RTN4R,LIN9,CLIC4,TNFRSF9,PRICKLE3,ENOSF1
8056,MYOM1,PIK3C2B,CLPB,KIAA1958,RP11-87C12.2,NEFH,RP11-693J15.5,FXYD7
8057,SERHL2,AP001469.9,BTBD8,HTRA1,TMEM121,PROCR,CARF,MRE11A
8058,ZNF726,ZNF341,PEX7,LIMA1,ARAP3,ALDH18A1,BRMS1L,CXCR5
8059,C9orf116,DLEU2L,RGS12,SPDL1,RSPH9,FGFBP3,SHISA4,AP2A2
8060,ZNF585B,CDCA4,RP11-386I14.4,ZNF485,ZNF234,LY6G5B,NSUN6,ZNF444
8061,IFT172,UBP1,CCDC9,ALS2,KIAA1324,KBTBD3,CROT,CEACAM4
8062,CENPJ,MCF2L,COX6B2,LNX2,TLDC2,RP11-16E12.1,RB1CC1,MOSPD1
8063,ARHGEF3,ZFP82,SCN1B,UST,GAB2,C12orf29,RP3-508I15.22,RBM48
8064,DCAF15,MSRB3,BRD1,SUMO4,CD163,XXbac-B135H6.18,LZIC,GNAQ
8065,RP11-65J3.1,SPIN4,CD1E,B3GALNT1,CDC26,PKNOX1,ERMP1,BRAP
8066,PROCR,AIFM2,DROSHA,PLXNA3,FCGR3B,LMTK2,UVSSA,CCR6
8067,RP11-388M20.1,AC009120.6,CSPP1,BTBD2,TPX2,ZRANB1,NOMO1,CDCA4
8068,ARL11,SH2B1,GDPD1,RP1-140A9.1,LMO7,C12orf49,WDPCP,BRD3
8069,RP11-309G3.3,SWT1,STON1,MNT,CFH,RP1-43E13.2,NEO1,TSC1
8070,DEPDC1B,LMOD3,MED16,POC1A,TAB3,AHI1,GPA33,ICA1
8071,PARP2,NT5E,CTD-2086O20.3,DPY19L1,MYO7B,C7orf31,FCRLB,VCPKMT
8072,KCNN1,PITPNA-AS1,WWC3,DND1,MYOM1,FDXACB1,RPS6KA2,AGPAT3
8073,ZSWIM3,NAE1,NOL6,PSME2,CDC42EP2,RP11-222K16.2,CPT1A,GSTM3
8074,ZNF644,CLDN23,GAREML,MEIS1,PLXNA3,CRELD1,C17orf80,TNRC6A
8075,SMG5,EPB42,PINK1,SLX4,PLB1,PTCH1,PLXDC1,RLIM
8076,AC009133.12,TRAF7,TSNARE1,KDM4C,ASB13,NKRF,ZSCAN32,UBFD1
8077,PEX10,FAM161B,RFWD2,RP3-455J7.4,BOP1,RP11-706O15.1,UACA,HIST1H2BC
8078,RP11-423O2.5,SLC25A29,RASAL3,UBTD2,ZNF304,CNFN,ALPK1,NUDCD1
8079,TNKS1BP1,SMURF2,ZNF438,ENHO,CD274,RP11-70P17.1,HIST1H4K,COQ9
8080,DLEC1,KLHL14,NELFB,CTD-2007H13.3,MTF1,B3GNT5,CXCR6,NUDT14
8081,RP11-274B18.2,AK1,TMEM64,HIST2H2BF,POU5F1B,TTC31,GRWD1,RP11-244H3.4
8082,RP11-67L2.2,CUBN,NPL,LINC00493,FAM229A,RFX3,UBR3,KLHL21
8083,SPNS1,AC020571.3,NFYA,NMB,SLC16A1-AS1,CAPS,GTPBP10,CCRL2
8084,DUSP19,AC078883.3,BYSL,SUSD1,KIF13A,ZNF550,TENM1,MICB
8085,CLIC5,AC004447.2,HAAO,HIST1H2BH,GPR150,GPR180,UTP14C,P2RY13
8086,FBXW2,GSPT2,AURKC,KCNH2,DHRS1,PICK1,FMNL3,RP11-798M19.6
8087,ABL2,AC061992.2,MKS1,RP11-492E3.2,CEP76,UPK2,RP4-635E18.8,RP11-222K16.2
8088,LILRA5,ENPP5,ZBTB11-AS1,CMTM5,MYLK-AS1,PRKACA,HEMGN,ZNF652
8089,SIGLEC9,VPS37A,AC006116.20,WDR3,EVA1C,ALDH5A1,NCAPD3,TBP
8090,RPS4Y2,SPDYA,IL17RC,FZD6,C11orf82,AMN1,HSPBAP1,THEM6
8091,MBLAC2,RP11-563N4.1,ZMYND19,CEP170B,METTL15,PPAT,RP11-104L21.3,NUDT18
8092,PCSK6,IL18RAP,USP21,RP11-428G5.5,AK2,NUDT19,ZADH2,SC5D
8093,ZFP30,LPAR5,SPTLC3,AHCTF1,LNP1,ZNF683,ROM1,CAMTA2
8094,RP11-629O1.2,MBD4,APOL1,STX16-NPEPL1,EVI5,RP11-539L10.3,GIT1,SLC46A3
8095,SEC61A2,PI16,ANKRD13A,ZMAT5,EMC1,CENPN,RP11-429J17.2,HPS6
8096,PRICKLE1,SLC12A4,CTC-273B12.10,PAQR4,CLN5,ZSCAN2,PPM1A,BRAF
8097,RP11-219B4.7,AC016831.7,NCR1,PLOD1,SYCE1,NPPA-AS1,TSGA10,ELMOD3
8098,PPP2R3B,PTGS2,MRPL27,FBXO5,ANKRD16,LRRC48,FDX1L,TNFRSF10B
8099,C12orf61,TOX,JUP,SPIN1,WDR35,KIR2DL3,ANAPC10,ITPR1
8100,IFNLR1,AC010761.8,RP11-388M20.1,RP5-1157M23.2,LHFPL2,AC006369.2,AC004854.4,ZNHIT2
8101,ZSCAN31,KDM6A,ZNF184,RP11-439L18.2,C1QTNF6,CLDN7,C3orf38,ANKRD36
8102,CYSLTR2,RP11-262H14.3,RLTPR,MILR1,MACROD2,L1TD1,FOLR2,VAC14
8103,ZNF594,DBT,STK3,MKL2,AL591479.1,ASUN,HAUS8,ERP27
8104,RP11-1100L3.8,RP11-218M22.1,C17orf51,SWAP70,PTPDC1,HIST1H2AE,FAXDC2,N4BP1
8105,WNK3,ZNF570,PDP2,RAB30,SEMA7A,GRAMD4,C1RL-AS1,PIAS2
8106,TRIP10,PTCD2,RP5-886K2.3,RHBDL1,PSMB6,THBS1,CTD-3185P2.1,TLR4
8107,UBE4A,ACCS,NUDT11,RP11-101E13.5,CEP70,ZNF330,IFT88,PARP15
8108,CDK1,LGALS9C,C17orf80,ABAT,NUDT7,MRPS27,MSANTD2,ZNF354A
8109,CROCCP2,LATS2-AS1,TEPP,ZNF667-AS1,C10orf88,ZNF830,ZNF571,ABI2
8110,CTC-250I14.6,CLDN15,RNF43,RP11-473M20.7,STK33,TMEM220,STAT5B,LPGAT1
8111,PRIMPOL,SIAE,MFSD11,FAM221A,XXYLT1,TOR1B,SEC24B-AS1,RELL2
8112,RP5-1092A3.4,C2CD4D,EML5,FCRL3,SNX27,RP11-390P2.4,DNAH1,TRIM5
8113,AC007879.7,PHF10,CAD,ANKRD40,ABCB9,CRTC3,KIF13A,TMEM38B
8114,ZNF519,BMI1,PROCR,RP11-758P17.3,RBAK,AGFG2,ZCCHC3,TNFRSF9
8115,AP4E1,TREML2,RP11-15A1.3,TAF4,PEX26,HNRNPDL,DUSP7,GPR75-ASB3
8116,ZNF117,UBAP1L,PDGFD,HBP1,ENKD1,SYT5,ZFYVE28,PUS7L
8117,ZNF546,GRAMD1A,KNTC1,CNOT1,RP11-156E8.1,ZFY,AFF4,WDFY1
8118,CXorf57,UGGT2,DYRK4,C20orf197,RP11-326F20.5,TMEM180,PRKCZ,FAM204A
8119,RP11-326F20.5,PDIK1L,LILRA6,DNAJC25,SLC25A53,EIF5A2,FGGY,SMYD4
8120,RNF165,TXNDC9,C9orf139,SYCP3,RP11-634H22.1,BET1,RNF220,MED1
8121,CTD-2350C19.2,CHPF,BCL9,NDUFB2-AS1,IL6,VEGFA,LINC00944,UBBP4
8122,TBC1D9,BRD1,PTCH1,F13A1,CCDC136,PDIK1L,SGK3,LYNX1
8123,LINC00893,ZEB1,NCKIPSD,ABCB7,TNS3,LZTS2,ATP13A3,ALKBH6
8124,PNPO,LTA,YPEL4,CCDC138,UAP1L1,RSPH9,SLC46A2,ZNF766
8125,CPM,UBBP4,TECPR2,RPS6KC1,RP11-505K9.1,RP11-481A20.11,ERCC6L2,RAD1
8126,EBI3,RIOK1,TMCC1,ZNF93,ALS2CL,SLC25A4,FRAT1,TRAK1
8127,RP11-162G10.5,TMEM143,RP5-1180E21.5,RCC2,ANKRD40,CYB5RL,AGFG1,PIP5K1A
8128,SDCCAG3,RP11-219B4.7,C11orf63,ERN1,CRTC2,ARHGAP5,AC142528.1,CHKB
8129,IPMK,PRPF40A,COLGALT1,TTBK2,RP11-178C3.2,CLEC4A,DFFA,TMEM41A
8130,RP11-317N8.5,RYK,TMEM170B,RP11-5C23.1,ZBTB39,FICD,PTCH1,PIP4K2A
8131,CTD-2267D19.2,RAP2C-AS1,ZNF781,RP11-1070N10.3,GKAP1,SF1,MTURN,TGDS
8132,CDK5R1,DYRK1B,RP1-20N2.6,IRF4,ZNF277,CD200,P2RX5-TAX1BP3,C2orf47
8133,CLEC4A,ACOT7,TPTEP1,ELMO2,SIGLEC14,ZNF417,SLC4A8,TRMT10B
8134,EEFSEC,PDXDC1,CTD-2537I9.12,GPR137B,RP11-110A12.2,TPM2,RP11-498C9.3,UGDH
8135,KDM5C,PIK3R4,STK39,KIAA0754,GMNN,LRRK1,RRP8,NR1D2
8136,RP11-819C21.1,HS3ST3B1,AC005253.2,CD163,ZNF34,SLC43A1,RP11-219B4.7,CMTR2
8137,ZBTB5,RP11-47A8.5,TMEM63B,PEX7,RP11-389O22.1,ZNF358,ZNF12,FAM86A
8138,SIGLEC5,TDRP,RP11-445H22.3,DGAT1,RP11-273G15.2,BCAT1,NFE2L3,RDH5
8139,YIF1A,ZCCHC14,CMC4,ZNF34,CGRRF1,CTB-113I20.2,TRMT10A,SARS2
8140,AP001610.5,SEC14L5,LOXL3,TAB3,RP11-277L2.3,CA11,TBC1D13,NELFB
8141,RP11-105N14.1,NAIF1,AK1,SLC22A5,RP11-666A1.5,SPATA24,FMO5,PREPL
8142,TNFRSF13C,EPS8L2,TFG,NMNAT1,AP001469.9,RHOQ,RP11-713M15.2,STK38L
8143,MYO1E,PTGDR2,SMYD4,HIST1H2AG,MAMDC4,PHLDB3,RFXAP,FBXW4
8144,MILR1,CENPM,RFESD,RQCD1,CDCA8,KCTD3,EPHX1,GPATCH2
8145,DSC2,DKFZP779L1853,CCR9,RAD54B,PARPBP,EXOC8,ZG16B,TCEAL1
8146,FAM193B,RP11-727F15.12,RP11-326C3.15,RP11-317N8.5,CCRL2,RNF19A,KIAA1324,RANGAP1
8147,NAPA-AS1,GABPB1,RHBDD2,RP11-46C24.7,ZNF563,KCNG1,KIR2DL3,CBFA2T2
8148,AK8,DDO,ARL6,RALGAPA2,CPLX1,RP11-25K19.1,MYOM1,C10orf76
8149,CCL4L2,CTA-29F11.1,ST8SIA1,SNX29P2,ATP2A3,RP5-1180E21.5,CAP1,DUSP18
8150,PLCB3,SRXN1,ARHGEF39,ACER3,RP11-326C3.2,ZKSCAN7,ACTL10,FYCO1
8151,MIR4453,ZNF573,RP11-640M9.1,AC006129.4,FGD4,TSHZ1,SLC40A1,SLC22A18
8152,OLIG1,PPP5D1,RP13-582O9.7,NUDCD1,RP11-359I18.5,TBC1D22B,PSMC3IP,ZNF487
8153,DNAJB5,CLSPN,RP11-1407O15.2,CD248,RP11-65J3.1,ENPP4,SLC25A23,PDE4DIP
8154,LINC00341,HIST4H4,ZC3HAV1,SULF2,RHOU,NCAPG2,PMS2,DENND1A
8155,PSMB4,PKD2,PYROXD2,KCTD15,CTD-2538C1.2,IL18RAP,XYLT2,ZNF592
8156,PHF19,PIP4K2C,ADAM9,ARL5B,PRR7-AS1,DSC2,MTERFD3,NAT6
8157,ZMYND10,POFUT2,ACADM,RP11-559M23.1,PITPNM2,CRELD2,PRKCI,UBE4A
8158,RP3-402G11.25,CTD-2659N19.9,GS1-124K5.4,AC022182.1,DNAJB4,FBXL14,MAP9,LTBP4
8159,FUK,RP11-413H22.2,C22orf29,NBPF9,CELA1,INPP5F,HIST1H2AE,ZNF674
8160,CTD-2410N18.3,LIN52,FN3K,ALG1,PLEKHG5,ZIK1,LRCH1,NID1
8161,NUP160,SBK1,POLR3A,ZNF415,RNASE2,METTL7A,FKBP14,B3GALT6
8162,GHDC,MIR4453,ELOVL6,TMEM200A,KIAA1468,SUN1,MGLL,MAP3K2
8163,PLEKHM1,IL16,GGT1,TUBE1,CALCRL,FZD2,FAM76B,TMEM191C
8164,KDM4A-AS1,TUBGCP4,NOTCH1,LBX2-AS1,RP11-404F10.2,ACY3,INO80B,PPP3CA
8165,KAT2A,AC079767.4,CBX4,SELP,RP3-467N11.1,CALR,VARS,RALGAPA2
8166,SLC22A18AS,AAMP,ZNF16,ZRANB1,SEPT4,RREB1,PAM,TRAP1
8167,ZNF174,C19orf82,NAP1L2,AC009948.5,ZMYM6NB,ZNF532,ARHGAP21,CCDC14
8168,MUTYH,MAN1A1,FPR2,RSPH3,ACADSB,IDUA,GPM6B,ELK3
8169,ATAD3B,IFT88,CCR1,ALKBH6,C9orf114,KCTD7,AC009133.14,RP5-1068E13.7
8170,NR4A3,BORA,FBXO32,MCF2L2,ABHD16B,COG6,DUSP10,ZNF333
8171,GALM,TCF19,CCT6B,PAX8,SIGLEC5,PBLD,GTPBP3,MCOLN1
8172,FAM189B,SEMA4B,SMC5,RGS12,AE000662.92,ENTPD5,C9orf38,TBL1X
8173,NCKIPSD,LIN9,P2RY11,PIDD,RP13-638C3.4,KDM4A,TCF20,OXSR1
8174,KCNK12,RP11-417F21.1,TTTY14,LACC1,PLA2G7,ZNF844,ZNF253,METTL4
8175,USP27X,TNFRSF13C,PVRL1,DPY19L4,SERPING1,ZCCHC11,DCAF17,ANGEL1
8176,CEACAM4,PATZ1,RP11-161M6.2,ADAM12,SYDE2,RAB6B,CEP19,KIAA0100
8177,CACFD1,SLC35B3,SACS,EGLN3,AC110771.1,LINC00665,MORC2-AS1,EI24
8178,AASDH,ATXN7L2,CCL20,GSE1,EML6,PTPN9,AC009299.3,GPR89A
8179,IQSEC2,RP11-227D13.4,IGSF22,PRPF4B,F5,ANKRD16,FCGR3B,FLNB
8180,BRCA2,PPWD1,ERI1,ATAD5,HCG27,ICOS,HAUS5,INPPL1
8181,ITGA2B,GRAP,MIR181A1HG,TUG1,RP11-279O9.4,MEIS1,BRCC3,LARP1B
8182,POC5,EGFL7,SH3BGRL2,PSMG4,CTA-384D8.34,CCL28,POMZP3,TMEM33
8183,AC018816.3,RUSC1-AS1,C16orf52,AKIP1,RP11-35G9.3,YPEL4,AMMECR1,SKP2
8184,GPR162,CYP4F22,SPATA41,FBRS,NUP98,TMEM170B,ZNF738,RALGDS
8185,ERLIN1,LIG3,MBOAT2,C19orf77,ADAM9,LTA,PI4K2A,STAT5B
8186,TRIB1,CBX8,NDUFS1,PEX2,RP11-295G20.2,LINC00176,ACSL4,IL3RA
8187,GLE1,MTRR,CCDC92,HYKK,SART3,FAM69A,MORN4,ZFP69
8188,SLC45A3,F2R,SLC29A3,CEP128,EPM2A,RP11-861A13.4,CLASRP,RP4-758J18.2
8189,RP11-277P12.20,BAG2,REEP6,PTK2B,RP11-284N8.3,C2CD4D,AP5B1,NIPAL2
8190,RP11-117D22.2,RP11-252A24.7,AUTS2,ZNF17,SPAG5,RP11-74E22.3,ARMCX2,SLC16A1
8191,CTD-2210P24.4,RP11-553K8.2,RNASE4,MORC4,EXT1,ZNF680,OTUD3,RNASE2
8192,CCDC146,ARHGAP5,CCNL1,HIST1H2BK,CHGB,KLHDC1,TCEANC2,USP18
8193,ACY1,EIF2AK3,C4orf33,RP11-319G6.1,NUF2,LIPT1,CDYL2,KLRC1
8194,ABCB8,RP13-580F15.2,PLK4,PAX5,SLC35G1,MFGE8,DNAJC16,CTB-178M22.2
8195,ACTR2,IER5L,RP11-223C24.1,CSE1L,CASC5,RP11-179B2.2,ASB13,FBXO8
8196,DTWD2,CTD-3138B18.5,CTPS1,KLB,ABCD2,SEMA6B,RP3-402G11.26,RP11-25K19.1
8197,AC002467.7,SYTL4,ZFP64,SETMAR,KLHL22,ARMC8,HRK,DDX55
8198,LGALS8-AS1,ABCC3,SGSH,PLEKHN1,GNG3,RN7SL832P,LIMS2,SLC15A4
8199,TSPAN5,SPATA41,AXIN2,ZNF330,PIFO,SPAST,EMR2,FTO
8200,LILRA6,DHTKD1,CBY1,FCRL5,SPIN3,H3F3C,WWC2,GLE1
8201,C1R,LRRC8B,GPR141,PPP1R12C,AHCYL2,BBS2,FAM13A,NPEPL1
8202,PLCE1,CXorf40B,IGFBP6,CTD-2616J11.2,CTU1,AMMECR1L,CDK2,PITRM1
8203,RP11-407G23.3,TTI1,ZMAT4,SLC17A9,ZNF117,ACAT1,hsa-mir-8072,GOLGB1
8204,EBF1,C12orf29,RP11-290L1.3,TNFRSF12A,C21orf49,BAG2,IGFBP4,RPF2
8205,GMPR,CDK2,CTD-2562J15.6,ZNF879,MFAP3,TOX,KIR3DL2,STX6
8206,SLC4A5,HIST1H1D,CYP2R1,RP11-589C21.5,C2CD2L,EPHX2,INPP5B,TMEM160
8207,KLC4,MIPEP,WDR81,SIK2,RP3-475N16.1,FBLN5,GALC,NCBP1
8208,GTF2IRD2,P2RY12,MCTP1,ROBO3,DZANK1,CCNB1,PDIA5,CACNA2D4
8209,HRK,RP11-730K11.1,DDX11,AC004854.4,TAGLN,ZW10,LMOD3,MGST1
8210,ATP8B3,PAWR,ZNF286A,ZNF443,KNOP1,C1orf109,ABL1,ZNF599
8211,ACAT1,TMEM170B,TBC1D13,NAA60-1,AC005523.2,CA5B,RBM41,H6PD
8212,ZNF69,PICK1,RSBN1L,NPDC1,EFTUD1,AFMID,NEU3,PLA2G6
8213,ZNF513,PDZD7,BLOC1S5,KPNA5,PTGIR,ASNS,PPP2R5A,FBLN5
8214,TNK2-AS1,LARP7,GRAMD3,BSCL2,GLTSCR1,NCEH1,HES1,RPP14
8215,ACRC,FBLIM1,SOX13,LMO7,HIST2H2AB,CTSF,BAG4,RP11-936I5.1
8216,PNPLA4,AGMAT,SHC1,TFAP2E,BBS1,ZNF397,KIF3C,SERPINB8
8217,CFLAR,TRANK1,PRDM8,MGST1,LINC00937,MLTK,JRKL,TARS2
8218,PAXBP1,PTPN22,SMU1,RP4-594I10.3,ZNF43,SYNM,TJP2,ERAP2
8219,ARMCX3,ANKIB1,ZNF623,IZUMO4,CCDC134,PLCL2,FBLIM1,F5
8220,PIGK,FBXO44,ENTPD3-AS1,RBM47,HOMER3,UCP3,PTPN12,MOGS
8221,KDELC2,RP11-80H8.4,ST3GAL3,GOLM1,SPINK2,TAF1C,TRAF3IP2-AS1,ZNF626
8222,MRVI1-AS1,PLEKHG4,FAM208B,PAXIP1-AS2,CTD-2287O16.5,ZNF286A,FOXO3,TANGO6
8223,ZWILCH,CAB39L,FBXL12,REEP4,CLEC11A,POLR1C,ARRDC4,ELMSAN1
8224,TMEM141,KRBA2,AFMID,RP11-142C4.6,ME1,TMEM8B,RCN3,CAPN15
8225,WWOX,PGM2L1,CA6,IL3RA,RPS4Y2,RP11-212P7.2,RP1-102H19.8,PHF6
8226,ZNF7,DHDH,CCNT2,SPSB1,SLC14A2,PTAR1,LINC00937,FAM178A
8227,CCDC126,TSPAN15,LSR,CTD-3195I5.1,RP11-873E20.1,PTPN22,MBNL2,WDR89
8228,SEC14L2,ANKRD10,CDC37L1,TRIM2,AC020571.3,MST4,PIKFYVE,KRIT1
8229,PLD1,RHOBTB2,FEZ1,RPS6KA5,ACTR5,CMTM7,UQCC1,TBC1D14
8230,TBC1D25,GPD1L,FAM210A,DSCR9,ARHGAP31,C8orf44,ACTR10,CRELD1
8231,SEPP1,RAB38,CASP8,RP11-318A15.2,A1BG-AS1,RINT1,WDR70,TSHZ2
8232,CBLN3,RP11-545I5.3,NCEH1,C14orf64,HBEGF,LY75,ZIK1,SLC25A12
8233,DYM,PPIE,NR4A3,RP11-869B15.1,ZNF195,LSS,SYNJ1,TFCP2
8234,SPATA20,DIS3,RP11-78A19.3,ARFIP1,RP1-151F17.2,AP000783.1,CYP2R1,MRPS17-1
8235,TLR7,RP3-477O4.14,FAM21B,E2F1,CTD-2576D5.4,RP11-473M20.14,PTRH2,TP53INP1
8236,RP11-932O9.7,WDSUB1,HKR1,NAIP,PARD6B,DDX51,SH3GL1,VIPR1
8237,RP11-600F24.7,TMEM156,RP1-202O8.3,SCAMP2,ATP9A,NDUFA6,ZNF226,CYP4V2
8238,RNASE2,CCDC26,XXbac-B135H6.15,PLGLB1,C10orf95,CDC42BPB,DAG1,ATXN2
8239,ATP5F1,RPH3A,SNX17,N4BP3,XXbac-B135H6.18,PGAP2,DPY19L1,TRAF3IP2
8240,ST13,PTK2,RP11-1055B8.7,PUS3,DPCD,C21orf2,GNA12,AP3M1
8241,C1orf61,PPAPDC2,CABLES1,ZEB1,CCNB2,APOBEC3D,MSC,RBM26-AS1
8242,CUX1,CACTIN,BTBD11,RP11-423O2.5,PRMT6,TMEM194A,NPM2,TEFM
8243,PRDM2,EXT1,MKI67,GSTM1,WDR65,BIRC5,ZNF764,NNT-AS1
8244,C7orf26,TIGIT,BIVM,RP11-111M22.2,LRRIQ3,JMJD1C,BEST4,EFTUD1
8245,LHPP,RALGDS,GIN1,PPP2R3B,CYBRD1,ABCA2,CEMP1,POLG
8246,HIGD1A,ENAH,HIST1H2AL,CHKA,LSM14B,GPR150,PHF12,UBP1
8247,CALML4,MKNK2,ZBTB20,NLRP3,CTA-250D10.23,RAB30,RP11-629O1.2,TNPO3
8248,CCL3L1,ZNF418,XXbac-BPG181B23.7,TMEM67,CDC20,SEZ6L,DCAF12,GTPBP3
8249,HSD17B1,C11orf1,ZHX1-C8ORF76,AL353354.2,FARSA,PHF7,CEP128,THRA
8250,RP4-647C14.3,CHML,CELA1,RP11-505K9.1,LRRC27,RP11-474G23.3,THBS3,JAZF1
8251,MAP3K1,APITD1,RP11-504P24.8,SERPING1,N6AMT2,BTBD2,TNKS2-AS1,STYXL1
8252,HEG1,ZNF85,ANKS1A,ARHGEF37,ASTN2,CLOCK,ZBED4,FAM126B
8253,ZBTB40,RSRC1,TMEM63C,RNASE4,FAM83G,MANEA,RNF217,PPP2R2D
8254,ZNF335,RP11-315O6.1,AC007880.1,SH3PXD2A,ZC4H2,PPFIA1,ARHGEF11,SLC31A1
8255,PAOX,GPR61,ALS2CL,SORBS3,UBP1,TMEM156,UBE2A,ZNF7
8256,HDHD1,AC004540.5,EFHC2,ROCK2,TNS1,NMUR1,ZNF197,ZNF784
8257,SLC46A2,TBC1D4,AC079305.10,FLJ27365,LIME1,WSB2,ZNF699,RP11-291B21.2
8258,AMIGO1,FTX,DARS2,GPD1L,BTBD7,LIX1L,DHX57,TMEM2
8259,TXNRD1,HOMER2,CD28,POLR1A,P2RY2,VRK1,FGFBP3,IPO7
8260,TLL2,AC147651.3,CLPTM1L,NEK3,UBE2O,USP53,SLC8A1,NAP1L6
8261,GPR171,AC002117.1,RP11-545E17.3,FLJ00104,PPP6C,TNFRSF14,SIRT5,NRG1
8262,CTD-2035E11.5,ACSL6,DOCK9-AS2,ANKRD18B,XRCC1,ZFX,CYP51A1,EIF3J-AS1
8263,FSTL3,RAB3GAP2,TMEM86A,ARHGAP21,OPRL1,LRRC37B,ACTA2,FBXO42
8264,RP11-647K16.1,SOX15,IQCE,PELI1,SSR3,PLEKHA3,ERO1LB,DTNB
8265,ZBTB3,TCP11L1,RP11-334C17.5,RP4-798A10.7,C9orf66,PAX8,RP3-322G13.5,NFKBIE
8266,ATP6V0C,AP001258.4,SPATA7,ZNF10,ZNF519,LINS,STXBP1,SULT1A3
8267,KLHDC8B,SDSL,VPRBP,TMEM241,LINC01135,ZCCHC10,RP3-477O4.14,ZMYM5
8268,AHR,MYBL1,TLR8,P2RY13,FAM153B,PFKM,CCDC180,CIITA
8269,FOSL1,PLA2G4C,EPS8,BAZ1B,CHM,HIST1H2BN,PCBP4,MLLT3
8270,ANKMY1,DUSP19,RBM26-AS1,MKLN1,LMOD3,IQCE,ZNF14,ARHGEF7
8271,CDC16,GOLPH3L,GOLGA7B,PHF19,PLEKHH2,VPS37A,U73166.2,TPCN1
8272,CCDC157,LRWD1,DSEL,EFCAB4B,DENND6B,TTC37,RP1-8B1.4,CTD-3074O7.5
8273,PSME3,RP11-89K10.1,ZNF646,GTF2A1,RNF144A,PAK4,RYK,AFF3
8274,LRCH3,RAD54B,COG7,MATN1-AS1,SCMH1,PUS7L,APPBP2,ZC3H3
8275,KLHL12,PRR5L,SETMAR,CDC7,STAG3,STT3A,TULP4,CHRAC1
8276,ICAM4,ERCC6L2,NEDD4L,COPS7B,CLMN,SDCCAG3,ZNF346,NPRL3
8277,FRS2,FLOT1,CHRNE,RP11-103G8.2,RP11-267N12.3,UBE2C,VAV1,HNRNPA1L2
8278,CCDC28A,PACSIN1,PGLYRP2,JUP,ST8SIA1,USP22,ZNF615,CLEC4E
8279,FCGR1B,PECR,FBXO34,GIMAP2,C11orf84,ALG13,SERTAD2,CPT2
8280,SMARCC2,FAM76B,ZFYVE19,DGCR8,NOP14,GCDH,FOXO4,SEC16A
8281,TCAP,MRPL1,C1orf198,ARHGAP19,EAF1-AS1,ASTN2,ELMOD2,RCN1
8282,ZNF396,TNFRSF17,DDX58,COA7,PXN-AS1,IL4I1,ENTPD1-AS1,SHPRH
8283,SIRPA,P2RY10,ZFX,FAXDC2,NTNG2,CDR2,MAPK14,SMYD2
8284,AC061992.2,RNF219,TCP11L1,LILRB1,RAC3,LENG8-AS1,E2F5,GOLGA5
8285,SLC25A43,ZNF552,ZNF831,HOXA9,PM20D1,KIAA1324,TARSL2,CTC-228N24.3
8286,TFAP4,WEE1,ELK4,PRDM8,SNTA1,UNKL,C2orf27A,NEK8
8287,PHKA2,RP1-20N2.6,PEAK1,HIST1H4E,RET,FNBP4,GPR82,TTF1
8288,GFOD1,ITGB1,TMEM262,TSEN2,TP53INP2,KANSL1L,TAF1,MFSD5
8289,PTS,ZNF34,C5orf54,CENPV,ZNF449,AGRN,NMUR1,BACE2
8290,CXCR6,SLX4,GPR125,WHSC1,PTPN13,PI16,LSS,ABCF3
8291,HOXA5,RP11-273G15.2,TK2,LAMA5,RP11-553L6.2,TACR2,RNF26,ARHGEF37
8292,CIT,SETD6,MRE11A,PIGQ,FAN1,CACNB1,ATL3,MARCH3
8293,C10orf12,CCDC142,ERCC6L2,PAGR1,ZNF337,TRIM7,KLK1,ZBTB48
8294,AC003075.4,PYGB,AGRN,PPM1L,ITPR2,ANO6,ZNF212,LINC00909
8295,AK4,SLC15A4,LINC00116,CAMSAP2,NKIRAS2,IFNG-AS1,SARS,NCAPH2
8296,ZNF330,DFFB,WRNIP1,ZNF552,DGAT1,RP11-545I5.3,FOXP3,FCGR3B
8297,SH3PXD2A,B3GALNT2,LINC00511,SP4,ITGA10,CXorf40A,ZNF865,SQLE
8298,ZNF239,CDCA7L,LINC00544,PLEKHA4,IL13RA1,C10orf128,ITSN1,KNSTRN
8299,DCAF16,FASLG,SLC25A30,SIMC1,ZNF324B,TULP2,MTMR3,ARVCF
8300,RP11-566K11.5,CD82,FUT10,LINC00893,CCDC6,RP11-163N6.2,SHPK-1,C2orf69
8301,ZNF407,ARHGAP12,ABCD1,PIP5K1A,SLC20A2,SMAD4,CSNK1G1,RRP8
8302,RSL1D1,ACVR1B,NFIA,BEND5,XPO5,RP11-686O6.2,RASL11A,MRS2
8303,CERKL,GRK4,TMTC3,MOB1B,PLCE1,CCDC88B,AREG,HCG25
8304,FOXP4,RBAK,NPIPB4,KXD1,TUBG2,RP11-159D12.2,NARG2,EMC1
8305,TLDC2,RP4-612B15.3,ZNF574,SNORA40-1,PSMD11,SLC22A18AS,SLC26A11,BTBD10
8306,SCMH1,VIL1,RRP36,NREP,SDR42E1,ANKRA2,H6PD,NAPB
8307,CKAP4,ZNF799,RRAGB,XRCC3,PLK1,GTPBP10,ALMS1,C19orf18
8308,HECTD1,ABHD15,PRUNE,BOLA3-AS1,XXbac-B135H6.15,LIG3,AC007879.7,DPAGT1
8309,CEP170,RP11-222K16.2,RP11-314N13.3,CHRNE,ENHO,ARFGEF1,RP11-588G21.2,MAP3K13
8310,RP11-297N6.4,CTA-292E10.6,AC132872.2,POLE2,C19orf59,U2AF1L4,LL21NC02-1C16.2,ZNF34
8311,NAF1,CASP7,LRIG2,RFX3,ICAM4,KSR1,ZNF714,C16orf98
8312,CCL27,AC013264.2,LDLR,MED14,LOXL1,GRK5,MAPRE3,LINC00920
8313,SMPDL3A,CMTM8,RP11-294J22.6,GTF2H1,RP11-731C17.2,SCAMP4,TTLL4,WDR70
8314,MOB3B,CLCF1,RP11-680G24.5,ST3GAL3,ATP8B2,RP11-252A24.3,NPAT,MYOF
8315,ATP2A2,STK11IP,UBQLN4,MS4A4A,PHC2,ZNF503,RNF157,UMPS
8316,IGF1R,RFNG,SRSF10-1,RAI1,PODXL2,MTHFD1,SLC14A2,LINC01004
8317,KANK3,FAM193A,THADA,ALS2CR12,USP45,SCIN,MOGS,ZFP30
8318,HS3ST1,STX18-AS1,ECI1,HKDC1,RP11-542M13.3,MCEE,NFXL1,TMEM187
8319,GABARAPL1,FBF1,ACAD9,C19orf33,KIAA1586,AK1,FRAT2,NPIPB5
8320,LINC00957,RP4-575N6.4,C10orf91,RAB3GAP1,UBE2W,ZFP57,FPGT,RP11-473M20.7
8321,KIFC1,INSR,AIM1L,P2RX7,FCGR1B,HLA-G,FAM168A,NDN
8322,CACNA2D3,SZT2,PI4K2A,ZSWIM4,SLC14A1,ITGB3BP,CSRNP2,C20orf112
8323,VPREB1,E2F1,SUSD4,CCDC13,CBLN3,AC145212.1,PEX14,NFKBID
8324,SIK2,NPHP1,AD000090.2,CCDC59,RRM2,CLIC4,FAM111A,NR2C1
8325,LRRCC1,ZNF700,RWDD3,RP11-119D9.1,ACSL3,TMEM150B,APOLD1,ITLN1
8326,FAM111B,CANT1,TLR5,HNMT,ZNF182,PMM2,DDX43,GCDH
8327,ZDHHC1,PTGDS,SYNJ1,RP11-176H8.1,SPSB2,NUS1,CTB-43P18.1,GATAD1
8328,PITPNB,DSTYK,EME2,SV2A,RFX7,NLRP2,GLMN,STARD10
8329,PHC2,NAA25,MRFAP1,CDC42EP1,TRAF3IP2-AS1,TBC1D20,RPAP1,MTRF1
8330,MEIS1,ZFP90,HELB,GPBP1L1,USP44,NRN1L,SLC39A9,RP11-138A9.2
8331,CHST2,NKD1,TATDN1,SBF2,CCNI2,TOLLIP-AS1,RP11-708J19.1,DAGLB
8332,RP11-475O6.1,ZFP1,KLHL15,SMARCD2,RP11-326C3.11,ANKRD36,SLC38A6,ARHGAP26
8333,SLC7A6OS,NCR3,SNURF,RRNAD1,TMEM171,PCNXL3,LRRN3,INO80B
8334,PKHD1L1,FLT3LG,MCF2L-AS1,WBP2NL,KCNMB1,CCDC146,STAG2,MARCH8
8335,EDA,EDRF1,C11orf71,BRAT1,PAWR,SENP7,RCCD1,TCEAL3
8336,MYBL2,MDS2,VPS16,TMEM68,CYTH3,CCDC132,OARD1,ZNF804A
8337,ZNF805,DGKD,FHIT,PAWR,RP11-131L23.1,EPS8L2,PCSK1N,C10orf11
8338,RP11-809O17.1,MMAA,FLOT2,MED12,AARSD1,XRRA1,WDR59,COG5
8339,TIFAB,C1orf56,PPP2R5E,CHN1,HACE1,NAA25,FASLG,TMEM102
8340,CD1D,MLLT6,FLVCR2,C21orf119,RP11-277P12.20,SLC29A3,GPAT2,FAM172A
8341,PPP2R2D,TIRAP,FRY,PSMD6-AS2,MAST2,ZNF816,RP1-168L15.5,ANKRD36C
8342,C9orf9,UGDH,B3GALTL,RP4-610C12.3,ABL1,TMCC3,C12orf42,C19orf12
8343,PLA2G7,NXPE3,TNRC6A,HMCES,CLDN15,ACADSB,RAPH1,TAF8
8344,C19orf59,TSKS,RP1-151F17.2,B3GALT6,RP11-568N6.1,KDSR,ZNF599,SMC5
8345,NXPH4,OASL,CTB-152G17.6,RP11-46J23.1,ZNF500,RIOK1,ZNF185,SGTB
8346,SMAD3,SEC11A,RINT1,SLC4A1AP,GCLC,DHX32,MRPS24,PER2
8347,FCHO2,RAB2B,LINC00959,ZKSCAN1,C2ORF15,RP5-894A10.2,RNF6,XRN1
8348,MCTS1,GCC1,APOL2,MDK,CNRIP1,TAGLN,RP11-103G8.2,UBE2W
8349,GREM2,FXYD1,HIATL1,RBBP8,CEP19,MYO7B,PIGW,SFT2D3
8350,HIST1H4J,RP11-536C5.7,SLC15A2,WDR36,AMN,KIAA0195,DOLK,IPO13
8351,FKBP1B,ICOS,SNX25,FPR2,IL17RE,PRKAG2,ACLY,IKBKG
8352,ZNF12,PSMC1,WDR37,CTNNA1,LRFN1,WDR27,AC016700.5,CCR2
8353,MPZ,ZNF717,SHROOM1,ZNF827,RP4-758J18.2,CMTM8,HMGCR,PGM2L1
8354,C1orf85,LAX1,TPST1,BASP1,GUCY1B3,SH3BGRL2,RP11-4F5.2,CLEC4C
8355,HHAT,KLF5,MICAL2,RBP7,RPH3AL,LRP5L,AGO1,TMEM57
8356,KNTC1,LHFP,CCR4,EIF4E,LIMK2,ZNF235,TMEM39A,BBS2
8357,NQO2,TUBD1,MMP9,NET1,CCDC180,RP4-798A10.2,CBX2,SIRT6
8358,RP11-388M20.6,TAL1,SLIRP,ANKRD10,PDIA5,SREK1,CENPW,CPD
8359,HIPK2,RP13-188A5.1,ZNF829,NOL3,SLC25A10-1,TET2,STOML1,DERL2
8360,ADPRH,SETD4,XRRA1,CSTA,MTR,ELANE,SAV1,TMEM214
8361,HDAC2,RP5-1085F17.3,KANSL1L,TBL3,MILR1,PLEC,ANKRD26,FN3K
8362,DOK4,FAR2,DENND2D,ORC5,TRIM61,CTC-428H11.2,RP11-403A21.2,S100PBP
8363,GAS6,VAMP4,LENG8-AS1,CIITA,ZNF28,NFE2L3,RBKS,GABPB1
8364,RP11-803D5.4,RASL11A,RP11-474G23.3,SNAI3,TRAPPC2,NCAPH2,LRRC8D,TMEM161B-AS1
8365,USP6NL,GALE,RP3-473L9.4,NAT6,LZTS1,RORA,GTPBP2,ZBTB4
8366,SCRIB,C10orf25,SLC16A4,NICN1,RNF103,RNGTT,SH3GLB2,ATXN1
8367,MOK,RP11-1007O24.3,ZNF440,OBSCN,UXT-AS1,FARSB,MAML1,C6orf120
8368,CYSLTR1,LL22NC03-86G7.1,ZNF320,ATP8B3,PDE6B,RP1-168L15.5,ALOX12,JMJD8
8369,TMEM81,DDTL,STAP2,RP11-620J15.3,HFE,ARL4D,SUV420H2,SWSAP1
8370,TOP3B,CCBL1,TLE2,C16orf98,IGFBP6,RP11-196G11.2,DPP4,PTPLAD1
8371,GDAP1,RANBP17,SMAD7,ZNF251,ACP6,ZNF692,TRPM4,USP3-AS1
8372,CTD-2555O16.4,NPTN,EVA1C,XXbac-BPG181M17.6,ZNRF2,SCRN3,SHQ1,CDPF1
8373,ZNF565,DND1,SETD1A,SSSCA1-AS1,PALLD,TMEM86B,HEATR5B,LEMD3
8374,NAV1,SLC25A26,COA7,SCT,ARMCX2,CETN3,BSPRY,MRPL17
8375,RP11-803B1.8,CTA-293F17.1,CTC-246B18.10,APOLD1,AC144652.1,CPNE2,PEX5,RXRB
8376,DDX39A,COG3,TM6SF1,USP46,BRICD5,SAMD14,UBFD1,RP11-452F19.3
8377,ASTE1,TRAPPC2,RP11-452L6.5,GTF3C4,CORO2A,LRMP,PIP4K2A,NDUFAF6
8378,VIL1,RP11-22P6.2,GPX3,AC025335.1,ADNP2,RCCD1,ZNF25,PRRC1
8379,AC022182.3,WDR62,KAT5,RP11-448A19.1,RP11-804H8.6,SYTL2,FLCN,TRAPPC10
8380,TTC30B,CD200,MIB1,CBWD6,URB1,NFX1,NECAB3,CPSF2
8381,UXT-AS1,BDNF-AS,ZNF234,AC093818.1,AC004257.3,TMEM14A,ZNF333,PPIL4
8382,PROCA1,ZBTB9,ZFYVE1,RP11-841O20.2,UBE2H,ROCK2,ARHGEF9,TFB1M
8383,LINC01013,FAM50B,FSD1L,DAG1,HDAC9,ALDOC,PAPD7,FAM201A
8384,SEL1L3,SLC6A16,DENND5A,MTCP1,MST1,ASF1B,FAM201A,ZFR
8385,ARL5B,MAST2,KLF3,RP11-603J24.5,HUS1B,MRPL19,TSTD2,DDX59
8386,EPB41L2,NPIPA1,MLF1,SNTB2,CENPW,CNNM4,TUFT1,CD93
8387,RP11-498C9.3,C10orf2,THBD,RP11-15H20.7,SYTL4,C1QTNF6,ARNTL,CTC-241F20.3
8388,CHSY1,SERPINE1,SPOPL,ZNF418,CDC25A,PHF21A,RP11-337C18.8,UBE2D1
8389,DHRS13,HOXA-AS2,YARS,RP1-244F24.1,AEBP1,VPS52,CTDSP2,KLRF1
8390,RP4-784A16.5,AC005076.5,TMEM237,CSTF1,WRN,MAP2K6,AC023490.1,GPHN
8391,SSPN,MCM2,HIST1H1D,COPG1,DENND5B,FBXO44,CTD-2576D5.4,PDSS2
8392,SMIM5,ZNF439,ACTR5,C5orf27,CDC45,HIST1H2AG,MLF1,CTSF
8393,TRAPPC12-AS1,CLDND2,TLR2,GAPT,ARG2,TBC1D12,TTC34,RALGPS2
8394,MTHFD2,TGFBR1,UBE2Q1,DISC1,TROVE2,TCL1B,ANKRD32,TMLHE
8395,AC011899.9,RBKS,LEAP2,KIF3C,RWDD4,TMEM8A,DPAGT1,BAG4
8396,ZFYVE1,C4orf46,SETD7,ZBTB32,FAM19A2,FUBP3,ZNF606,DIP2B
8397,RP6-91H8.3,NADK,MRPL19,OSBPL10,RP11-506M13.3,ITPKC,MTERF,VPS45
8398,ABCB4,WDR76,DHX34,CRIP3,FAAH2,HIST1H3A,MATN1,COPRS
8399,IL1RAP,RP4-549L20.3,GRAMD1B,AMMECR1,TRIP13,WDR12,C2ORF15,SMPDL3A
8400,RP11-390B4.5,COQ10A,DISC1,CBFB,TET3,CASK,RTN4R,MIER1
8401,RP11-603J24.5,RFXAP,CEACAM3,CIAO1,RP5-892K4.1,IL23A,ITGB3,TTC22
8402,XPO1,RP11-65I12.1,KIAA0754,RP11-473M20.16,RP11-46C24.7,CCDC149,WDR91,SETD2
8403,ARIH2OS,ANGPTL6,CTD-3074O7.5,MPZ,B3GNT8,KIF21B,POLB,WWP2
8404,BANK1,RP11-701P16.5,ARSB,CTD-2302E22.4,VARS2,FBXL8,IPO13,GFM2
8405,RCL1,TMEM14A,CTD-3131K8.2,CHCHD3,CNIH3,TBC1D4,IAH1,DDHD1
8406,AC093391.2,CTD-2256P15.2,CAAP1,LRP6,TTC21A,PIGP,SENCR,C3AR1
8407,RNF20,ZNF3,COLQ,C9orf139,RP11-22P6.3,AIM1,ZNF696,KLHL20
8408,ZNF577,APTX,GALC,RP11-385F5.5,OLIG1,AL928768.3,RUSC1-AS1,KIAA2013
8409,DENND5B,TCTEX1D2,IPO13,RP1-159A19.4,MTIF3,NOP14,CEP192,TRAK2
8410,KIAA1191,MBD3,C1orf233,ZNF746,DHTKD1,CLEC16A,HIST1H3D,TTC5
8411,CUEDC1,CTA-445C9.15,PDZD4,GINS3,KCNC4,FLJ45079,TP73-AS1,CDK14
8412,DGCR8,TNKS2,IRF3,LINC00544,CACNA1C-AS1,GALNT3,GTDC1,ATP13A3
8413,AC012358.8,NMT2,AP000769.7,CAPN10,ZNF790,METTL12,ZMYM1,RP11-727F15.9
8414,GNG3,PZP,MRPL2,RP11-301O19.1,ROCK2,ACBD3,TMEM57,CTD-2228K2.5
8415,KDM7A,WDR5B,MBD2,FAM228B,FKBP14,TRAPPC6B,PMVK,ZNF639
8416,LRRC23,SUSD4,CTD-2020K17.4,CEP170,RP11-302B13.5,TAF4B,DFNB31,PRSS57
8417,TUBA8,CKAP5,LINC01024,NUDT5,ZNF687,PAX5,MAD2L1BP,NOL10
8418,KIAA0247,RFX7,UST,CTA-384D8.36,GNB4,PALLD,ATG2B,FAHD2A
8419,DLL1,TRIM58,ZNF319,ACVR2A,ERO1L,PIGO,MTA2,SLC35A2
8420,MPI,RPS6KA2,ORC5,AP001469.9,FCRL1,IGFBP7,TRUB2,NUPL1
8421,HSPB9,RP4-798A10.4,CTD-2017D11.1,KLHL12,WDR5B,GDF11,ZMYM6NB,CMTM7
8422,GPR35,CTD-2538C1.2,ACPP,ADORA2A-AS1,ZNF35,RP11-47L3.1,NFE2L1,DUSP3
8423,LRRC47,PDE9A,SMOX,RP11-378A13.2,PDE1B,RPH3AL,LRP6,CEP78
8424,C1orf204,ACSL3,EXOC3,GYS1,NCKAP5L,MAD2L1,AC091729.9,RP11-708J19.1
8425,BTN3A1,NME7,CACNA1C-AS2,NOD2,IL6ST,NAALADL1,LBX2-AS1,TCEA3
8426,ZNF473,GBA,C21orf119,S100Z,SLC50A1,CHERP,CNTNAP2,C15orf48
8427,CXorf23,MTIF2,RP5-1180C10.2,LINC01137,LINC00544,RP11-429J17.2,ANKLE1,CABLES2
8428,SFMBT2,PCGF6,TNKS,SIRT4,PHLDA2,ST8SIA4,TMCO3,KCTD13
8429,FRS3,RP11-469M7.1,RP11-142C4.6,RP11-74E22.3,RP11-511B23.1,ZNF107,FRY-AS1,ADAM9
8430,TIMM21,AGER,HECTD3,RP11-25K19.1,CBR3,AC013264.2,RP11-492E3.2,RAP1GAP2
8431,NDUFAB1,SNED1,CCL4L1,KIAA0226L,OSBPL10,CTNND1,COX10,ZNF664
8432,XXbac-B135H6.18,TRIT1,GCSAM,PTAR1,PLEKHA7,PGM2L1,AC009404.2,WWC2
8433,SLC24A4,DNAJC8,HCAR3,KRTAP5-AS1,ADORA2A-AS1,GNE,TIGD1,ACAD8
8434,ZNF484,ETAA1,PIGV,MPP6,ETV7,SEL1L3,SLC22A18AS,PLEKHB1
8435,CSRNP2,CRELD2,VILL,NSDHL,RP11-6J24.6,PRPF39,MEX3B,SLC16A7
8436,DGKQ,PAPD4,MAK16,CHST14,ZNF202,AMPD3,SPERT,POLM
8437,SNORD3B-1,ANKRD54,SMIM1,KLRK1,HMMR,MAPK13,BTN3A1,FBXO28
8438,ZFYVE26,STARD5,PPIL1,ZNF565,RP11-115C21.2,PSPC1,GMEB1,RCN3
8439,TCL1B,DCTN1,DDX31,DBF4B,CTA-211A9.5,ANK1,MIEF1,ABHD6
8440,PGLYRP2,PRR7,RANBP6,FSD1,DDR1,ANKRD35,ABHD10,PEX7
8441,AGO4,AC104820.2,ZNF197,H2AFY,ZNF425,INVS,AGBL2,TTC27
8442,CLEC10A,DCAF4,AC093627.10,RP11-558F24.4,SLC35E4,FAM129A,CTB-58E17.1,FCF1
8443,SOS2,CCDC15,RP11-553L6.2,FEZ1,RP11-640M9.1,TDRP,RP11-277L2.3,ZNF518B
8444,NPR2,HSF2,SDF2,ACN9,ISG20L2,HPS3,CLSTN3,FAM111A
8445,CCDC88A,RSPH9,AC020571.3,HIST1H2AE,UGGT1,TIMM8A,RP5-1103G7.4,PPP6R2
8446,CHST15,ST3GAL3,PIK3R6,MARCKS,DUSP8,FAHD2B,SPESP1,EEPD1
8447,LINC00996,SLC25A28,CHD6,OSCAR,IL23R,RAB3GAP2,EMC9,SETD1B
8448,WNT10B,EZR,CDK6,ASB7,CORO6,GET4,CX3CR1,SMAD4
8449,SLC37A4,SMAD1,AC009299.3,GS1-124K5.11,ZCCHC14,KDM8,AGMAT,ARNT
8450,OAS2,TEX22,NPTN,RP11-680G24.5,ZYG11B,RP4-781K5.2,ANKRD13C,IFIH1
8451,SERINC2,AC016700.5,RP4-561L24.3,RP5-940J5.9,ARMC6,SEPT4,ODF2,ZNF350
8452,TTC26,RP5-894D12.3,CDKN3,TNFSF4,AKR1E2,TLE2,AC062029.1,IMMP2L
8453,LEMD3,C9orf38,MTG2,RLN1,TROAP,ZNF232,CLDN7,MICA
8454,CHD3,RHOQ,ZNF496,RP11-195F19.5,SPECC1L,ADORA3,CYB561D1,RP3-475N16.1
8455,HFE,CTD-2037K23.2,ATP2B1,HS6ST1,ZNF737,PAM16,RP4-798A10.4,ZNF577
8456,BAG3,ARHGAP6,RAB40C,HKR1,GYLTL1B,TRAF6,RHEBL1,DDX19A
8457,THTPA,TTC31,ALDH3A2,L3MBTL2,SMG9,RTN1,MRPL42,JAK3
8458,TMOD1,CCDC73,MATN1,C2orf69,HECTD4,AC115618.1,FCRL6,KAT6B
8459,IMPDH1,DCUN1D2,AC025335.1,TGM1,RP11-164H13.1,C15orf26,ZNF799,CLASRP
8460,C22orf29,POLD1,NAV1,RP11-14N7.2,NAT9,TMEM30A,DOCK9,UBTD1
8461,RP5-864K19.4,PCSK1N,PTPRA,CBFA2T3,CCDC117,APOOL,MYLK-AS1,VPRBP
8462,KIAA0556,RP11-505P4.6,UBBP4,MTMR11,OXR1,ZNF436,ABCA1,ENTPD4
8463,TMEM201,AC093673.5,HIST1H2AG,RP11-367J11.2,BAIAP3,ZNF764,RP11-326C3.12,MSI2
8464,DBNDD1,ATG12,PRKAR2B,MXD3,YIPF2,ARL6IP4,KIAA0195,FGD4
8465,SLC29A3,TNKS,PFAS,LSM14B,CENPF,USO1,B3GALNT1,TMEM176A
8466,EML6,SLMO2,UBOX5,DYM,CASP5,GLS2,BORA,PDCL
8467,POLA1,LINC00863,GRB10,JAM3,CDCA5,COA7,ABCB4,CHD7
8468,FKBP1C,LINC00910,SLAMF8,ZNF283,RFWD3,RP5-1091N2.9,RP6-99M1.2,SEC24B
8469,NDUFAF7,SH3BP5-AS1,FBXO31,WDR82,ZNF367,CYP51A1,SLC31A1,HMGB3
8470,SPAG4,SYCE3,ST7,AP000476.1,MOCS3,SYT11,SMIM20,CITED4
8471,TRMT61B,ZNF490,ARL4D,ZNF492,AP000350.4,CCDC107,FAM171A1,GTF2B
8472,FBXL17,GOSR2,IFFO2,NUDT14,RP11-532F6.3,SIDT1-AS1,AAK1,EIF3E
8473,DNAJC3-AS1,PDZD8,AC005082.12,CRB3,MBD3,ABCB1,ACAD9,RBFA
8474,HACE1,MMS22L,DLC1,RP11-398C13.6,DST,LMF1,RWDD2B,PAQR4
8475,HSPA1L,AVIL,HDAC6,TFEC,CXorf21,IP6K2,TSPAN33,SYTL3
8476,RP11-876N24.4,RP11-485G4.2,CLCN7,ZNF557,MYCL,TGFB1I1,AMACR,PRKAG2-AS1
8477,INPP5A,CRADD,KCNMA1,TBC1D22A,CDC42EP4,DENND4C,WDR36,PPP1R17
8478,SLK,CCZ1B,ERCC6,ZNF589,GNE,KIFAP3,PRKAR1B,TIPARP
8479,ZNF627,ZNF410,CDA,RP11-498P14.5,LMBR1,DGCR14,IPO4,NDRG3
8480,ANKS1A,CEP76,EID2,TUBGCP3,HIST1H2BG,BEX5,KDM8,NUDT19
8481,CLDND2,TSPAN5,ATL3,CTC-523E23.1,ADRBK2,EXOG,PPM1N,EMP1
8482,PCSK5,PLEC,HCFC1R1,DNAJC14,RP5-1091N2.9,LILRA4,CRIPAK,FCGR2B
8483,TLR9,TMEM161A,CDC26,NDN,NVL,GLRX3,IL6,FAM63B
8484,ENGASE,HIST1H2AM,EIF5A2,LINC00937,ZNF816,RNF135,PGAM5,CEP135
8485,SEC14L5,YRDC,RP11-430H10.1,SS18L2,RP11-1008C21.1,GHRL,HOXB-AS1,DGKE
8486,ELMO2,NPIPA5,AP003774.4,MCM9,ABCG1,MATN1,TTYH2,FANCE
8487,CLDN15,AP003774.1,LRFN1,SMAD5,CAPRIN2,TCTN1,VAMP4,CCDC151
8488,LARGE,GFI1,IBA57,DPH6,RP11-162A12.2,CROT,EARS2,MMS19
8489,BEST4,KLHL28,RP11-796G6.2,POLB,OBSCN,MICAL2,ABCB1,TIMM23
8490,RWDD2A,CCDC134,AP3S2,C11orf71,ADCY3,FASLG,GPD1L,PRKAB1
8491,HDX,AC147651.4,SBNO2,BAMBI,MAP10,MAST4,GLE1,CKAP4
8492,AATK,RP11-693J15.5,MPEG1,CNTROB,ZBTB17,TTC34,RP11-432I5.1,ENC1
8493,CTC-241N9.1,GP6,TRIM24,ARRB2,FANCE,SLFN12L,PARD6A,NCAPD2
8494,PMM1,NUBP1,RUSC1-AS1,KDM8,TSPAN5,KLF16,BDH1,TARSL2
8495,CCDC85C,PNMA1,ADSSL1,KIAA0930,SMIM5,PON2,RP11-327P2.5,CATSPER2
8496,GOPC,DNAJC16,ZNF598,RAB11FIP5,RP11-395B7.4,ATP6V1B2,TULP3,DCUN1D2
8497,C17orf107,ZNF827,CBWD3,E2F2,TEPP,TLK1,C15orf40,TLR6
8498,UBE2N,SGOL2,HPD,USP35,BCAT1,ZNF615,CRY1,DIS3
8499,AGBL3,DLGAP3,TBX19,RN7SL1,MIR146A,ZNF595,ZNF286A,PTPN22
8500,NUDT19,C3orf14,BAG5,MCM2,C16orf95,FAM171A1,SLC9A9,ZNF136
8501,SYNC,ERMP1,ARNT,MUC12,PPP1R3F,WRB,CPLX1,ZMAT3
8502,TAF5L,TTC38,UGGT2,CERS6,EDA,NT5DC3,ZNF442,CSNK1G3
8503,AC092667.2,SLC36A1,UBE3A,ARID1B,KCNJ14,TIMM9,SYTL2,ARL17B
8504,C10orf11,PTCH2,LGR6,TESK2,ZNF710,ABCD1,DZANK1,ZNHIT6
8505,PDIA3,ZKSCAN4,PPP5D1,UBAP1,NIPBL,GATA3,ACTR8,RP11-66N24.3
8506,HAR1B,APOL1,TIMM13,ZBTB48,MYOF,SETD1A,IL18R1,ZNF644
8507,PDE4D,ZNF546,IL11RA,AC009005.2,IL4I1,C9orf139,PKD2,EIF4E3
8508,WASH4P,HN1L,TIMM23,NUDT17,MSTO1,SLC12A7,AC073072.5,ZMIZ1
8509,LYG1,ZNF587,NAGS,LEPR,DOK4,RP11-293M10.5,KLHL15,DENND4C
8510,CCDC86,PARP6,TTC34,UTP6,HES1,SCYL1,GPATCH1,BCL9
8511,C1QB,GS1-124K5.3,NLRC4,TUSC1,NOXA1,GPR56,PHF10,CBLB
8512,PDPR,FBXO45,KIAA1143,DENND1A,B4GALT7,DHX29,CTC-378H22.1,P2RY2
8513,CTD-2006K23.1,ARC,NBL1,RP11-773D16.1,NR2F6,FCRLA,CD1A,TRMT61B
8514,AC147651.3,CENPB,SENCR,AXIN2,ADCY7,ZNF687,VNN3,BNIP1
8515,SEPT10,FSTL1,BRWD3,GRPEL2,RP11-457M11.5,TRIM16,ZNF567,DNAJC30
8516,FAM46A,RP4-539M6.22,HNRNPH2,SLC41A1,RNASEK,TMEM161A,SLCO4C1,CDADC1
8517,HES6,LAG3,KNSTRN,P4HA1,KIAA1324L,TGS1,C1orf21,CXCL2
8518,HLCS,WDR47,CHRNA1,PHOSPHO2,TBC1D24,TGFBR3,ST3GAL3,ABHD8
8519,TFEC,NAPEPLD,ZNF771,CARF,COBLL1,WDR91,TAL1,PAPOLG
8520,C1orf21,BLOC1S6,ITGA2B,SNORD3A,TP53INP1,EML6,FSCN1,TLR5
8521,PSTK,ALOX12,C17orf75,FAM161A,KLF9,KBTBD11,MORF4L2-AS1,USP30-AS1
8522,EMC6,PINK1-AS,MSANTD3,KCNH3,SEC22A,ELMOD3,GTF2IRD2B,IL18BP
8523,AHSA2,AP3M2,RP11-390P2.4,SENP3,TLR5,RP11-147L13.2,SLC25A53,KIAA2018
8524,S100A13,ZNF559,AC093157.1,ZBTB22,SHPK-1,ZBTB48,AP003068.23,PEMT
8525,CXCL2,ZNF736,EDF1,JDP2,SLC25A43,ZNF250,ANKRD35,FZD1
8526,FADS2,C2orf43,MRPS33,NPIPB11,NEK8,HPGD,AK8,STX2
8527,EHBP1L1,KIF21B,SEMA4C,FTO,GGACT,SYTL4,GAS2L1,NOL9
8528,ALCAM,PAM,ALDH4A1,RP13-270P17.3,CTA-384D8.35,C3,KIAA1468,COL6A2
8529,POLRMT,RP11-862L9.3,ZNF362,EMR1,RP11-16E12.2,TMEM184C,RP11-841O20.2,CIRH1A
8530,RP4-728D4.2,ILKAP,VKORC1L1,HIVEP1,KDM6A,GNA13,TRIM28,GALNT6
8531,MCM4,SH2D2A,ZBTB9,NUP188,RP5-894A10.2,ACVR2A,XPO5,POLD3
8532,ACSS1,ZNF248,PTBP3,DHX58,POU5F2,CCDC174,CCNG2,EGR1
8533,MT3,LYPD3,PMS1,CTB-152G17.6,RP1-261D10.2,HCFC1,HNRNPU-AS1,MBD6
8534,ASRGL1,NHLRC2,CCNB1,NCF2,CBX8,LINC00886,KIAA0754,CREB3L2
8535,EHD3,CPAMD8,NSUN6,PSEN2,MSANTD3,FSCN1,HMGXB3,ESF1
8536,MTHFSD,HSBP1L1,NRN1L,NR1D2,CASK,RRP1B,EEA1,HDHD3
8537,ABCA2,EPS8,RMI2,LINC00623,SLC15A3,KCTD9,TMEM181,BTBD9
8538,MTO1,ITPRIPL1,EEF1A1,TCF7L2,PAXBP1-AS1,PYGL,TMEM150B,TMEM106A
8539,MICALL2,SHMT1,CDK7,PIGS,RP11-514O12.4,ZSCAN12,ZNRD1-AS1,IPO9
8540,MUL1,CRB3,ANP32B,RP11-446N19.1,IDUA,ARVCF,RP11-110G21.1,PINK1-AS
8541,ZNF14,TXNL4B,IL13RA1,FAM115A,NMNAT1,RSRC1,PRDM4,SLC39A6
8542,CTNS,ZNF138,SLC41A2,CDC42EP4,ZNF667-AS1,AP001816.1,ANKRD52,IL13RA1
8543,LAP3,UCHL5,PLOD1,PLCB1,ZCCHC10,RP11-731C17.2,CDK20,ZNF836
8544,UTP20,ATAD1,CLEC4E,CLEC4D,TNKS1BP1,DOHH,FAM24B,ANKMY1
8545,C6orf120,ZNF77,TMEM245,LRRC1,CTD-2541M15.4,GNL3L,MARCH9,TMEM41B
8546,ARMCX4,RP11-142C4.6,TBC1D15,CEP19,AC009299.3,SIAE,FRS3,YPEL1
8547,FGD6,TYMS,RP11-110A12.2,GPR75-ASB3,DYRK1A,TCL1A,ANAPC1,ACOT2
8548,DKFZP434E1119,GTF2A1,LINC00954,RP11-415F23.4,CALD1,MAN1B1,STAG3,WWP1
8549,CRYGS,RP1-315G1.3,RP11-66N11.8,SLX4IP,OPA3,KLHL7,AMN1,HSF2
8550,LINC00880,MOSPD1,GPD2,GLTPD1,SLC35F2,RP1-100J12.1,RP11-379K17.4,SNX19
8551,CLEC4E,ZNF667-AS1,LANCL2,AGTPBP1,KANSL1L,KATNA1,CTC-428H11.2,SH2B2
8552,SEC24B-AS1,POLA2,CADM1,OSBPL9,PMS2,REPIN1,TAP1,SLC25A36
8553,MOV10,ITIH4,RASIP1,TRIM61,NBPF12,PDSS1,ACSL6,HCG18
8554,PUS10,BACE1,PLA2G15,ZNF75D,LPCAT2,ATAT1,TTC39C,USP28
8555,CX3CR1,SOCS1,MOCS3,CENPB,JUP,GOLGA8A,SYNGAP1,STRBP
8556,MYCL,SC5D,RANGAP1,ZSCAN12,SMCR8,PLEKHF1,FBXO48,PIGK
8557,UBE2Q2,RAP1GDS1,ATP7A,ZNF273,CXorf57,JARID2-AS1,ALDH6A1,HBA1
8558,CCNA2,TMEM126A,APOBEC3B,MSS51,POLR1A,RP11-439L18.2,JAK2,B3GNT2
8559,ZNF860,UBE2Q2,C12orf44,RP11-442H21.2,RP11-820I16.4,SCLY,PDIK1L,MPHOSPH9
8560,UGT2B17,ZNF708,C2ORF15,DLGAP1-AS2,GBGT1,ULK1,RP11-533E19.7,PPP2CB
8561,CCDC43,PRICKLE1,GSPT2,CEP350,CKAP2,C9orf47,GCNT2,LIMA1
8562,DOK7,FAM13A-AS1,ZSCAN16-AS1,VASH1,ZNF827,RALGPS1,PIWIL4,CTC-378H22.2
8563,SRFBP1,CTNNAL1,C22orf46,ATXN7L3,FKRP,FAM175B,KIF27,STAC3
8564,EPHX2,MBD5,REG4,TECPR2,MAL,INADL,IER3,DENND3
8565,MIR29A,APIP,NR2F6,DRAXIN,ALPK1,TCTEX1D2,MIDN,ABR
8566,SNRNP48,FBLN5,C9orf147,POLR2M,MAN2A1,DNAJB5,RP11-138A9.2,SGPP1
8567,CDK3,TMEM87A,CALML4,ETV2,PIK3C2B,A2M-AS1,RP5-1007M22.2,SGK3
8568,UFSP1,APOBEC3H,TBKBP1,RP11-452L6.7,RORC,ZG16B,SOX7,PPP2R5B
8569,GSTO2,FAM200A,NR3C2,ZNF33B,RP11-142C4.6,LEPREL4,ZKSCAN4,SHC1
8570,WDR60,ARMC10,ALDH1B1,FOXRED1,ATG14,C19orf47,PGBD2,UBE4B
8571,CBWD2,RP11-572O17.1,SPTY2D1,CPNE7,TNFRSF13C,RBM19,RP11-51J9.5,CYHR1
8572,POLR2I,SSX2IP,IL24,BSPRY,HYKK,FRY-AS1,LRRC57,RMND1
8573,CENPBD1,WDR53,RPTOR,NFX1,CHST15,RP3-465N24.6,RP11-580I16.2,PQLC2
8574,IFT46,RP11-124N14.3,AP2A2,FAM19A2,RP11-98D18.9,FAM210A,FUNDC1,ST8SIA4
8575,PDE8B,AL645728.1,GPR75-ASB3,BRICD5,KANSL3,TMEM104,KHK,SAMM50
8576,LEAP2,GRPEL2,SLC27A2,EXD3,GEMIN5,DIMT1,SEC63,TMEM5
8577,RABL5,IRS2,CCSAP,DHCR7,AC092295.7,MLLT6,ZNF641,BRAT1
8578,TMEM41B,SMIM4,ARL13B,CPLX1,DOCK9-AS2,MAPK9,RP11-65I12.1,DET1
8579,RP11-513I15.6,LLGL1,TRIM37,LSM5,NCKAP1,UBASH3A,VPS8,NRF1
8580,SLC9A1,PEMT,ZNF212,KIF1C,SPINT1,IPMK,IER5,SPTY2D1
8581,ACACB,RP11-159G9.5,HEXIM2,AC026202.1,STX16-NPEPL1,RALGDS,RP11-98I9.4,ARFGAP1
8582,RP5-1042K10.10,ZNF841,SLC9A8,DDX11,CDC42BPB,TAL1,NBN,RP11-485G4.2
8583,CMTM7,AGAP3,GPR89A,CD200,RNASE4,ENDOV,ATG16L1,CD1C
8584,CDK11B,LMAN1,GTF2H2C,MORN2,WWP2,GNPNAT1,TST,THOC3
8585,TMEM159,AC093609.1,PEX5,KIAA1598,GPR174,RP11-426L16.3,SPTSSB,ITGA5
8586,MPP5,MOB3B,METAP1D,HYAL2,SNPH,TELO2,RP11-799D4.4,MAPRE3
8587,CARF,ARL1,ALG9,CCDC176,ACRC,PWP2,SLC22A15,OSBPL2
8588,C10orf54,CCSER1,CHN1,ST6GALNAC1,MFSD4,IVNS1ABP,ZNF546,IL4I1
8589,RP11-1094M14.11,RNMT,RP11-386G11.10,MYO5C,TOX2,LACTB2,MORN2,PJA1
8590,ALKBH6,LDOC1,OSER1-AS1,CRIPAK,MYO1D,GPR82,SLX1A,RP5-943J3.2
8591,GFER,CD1B,CDT1,CTC-459F4.3,NUMBL,PAXBP1-AS1,RP11-1114A5.4,GXYLT1
8592,OXSM,GTF2E1,ZCCHC14,DDX47,KIN,PPWD1,PLCB1,FAM175B
8593,PIKFYVE,ZNF398,DCLRE1A,NLGN4Y,ALDOC,CDC42EP1,RBM11,NFXL1
8594,ZNF461,LINC00884,PLEKHA8,LY9,ST3GAL1,LHPP,MYNN,HIST2H2AC
8595,MMAA,ZNF784,CCNB1IP1,SLC35F3,FAM132A,LXN,DDX59,GBGT1
8596,SCGB1C1,FGFR1OP,LY6G5C,MCU,METAP1D,LINC00341,B3GALT2,ADAM28
8597,ABCC3,SMYD4,CROT,ANO10,GDPD1,FAM98B,ZNF48,ADTRP
8598,RSBN1L-AS1,ATP6V1C2,CMTM8,SPECC1L,HDHD3,RP11-162G10.5,KCTD1,BRF1
8599,FAM110A,DHX58,TK1,C16orf70,RP11-147L13.2,EIF2AK1,SDCBP2-AS1,TNS3
8600,MIR146A,AC139100.2,FAM76B,PPP4R2,LDOC1,ORAI2,MAPK7,PI4KA
8601,FAM168B,RANBP3,MLC1,NRN1L,ZBTB26,F2R,E2F1,SNX21
8602,AC017002.1,KLRC4,PXN-AS1,HSPA1A,RP11-872J21.3,B3GNT1,SMTN,JAK2
8603,GIN1,RP11-620J15.3,RSBN1L-AS1,AC074289.1,RP11-473M20.14,TMEM106C,ZNF473,C9orf85
8604,APAF1,ZNF674-AS1,DDX59,RP1-90J20.12,RP11-849F2.7,SYNJ2,RP11-809O17.1,TXLNA
8605,ST20,TMEM254,RP3-486I3.7,DGUOK-AS1,SEC61A2,CXorf24,TOPORS-AS1,RAB3GAP1
8606,PIAS2,EDA,KLRC2,EPB41L5,ZNF79,SLMO2,PNPO,RREB1
8607,FBRSL1,LINC01013,NCAM1,FBP1,RP11-47A8.5,HIST2H2AB,RP4-575N6.4,KLHL8
8608,RP11-879F14.2,SLC38A9,DNAJC17,PROCA1,LL22NC03-75H12.2,STAB1,CNOT6L,ZNF782
8609,FBXO7,MLH1,ALDH7A1,MEST,SLC38A5,AC018755.1,RGS3,ZCCHC6
8610,ZNF638,TNFSF4,LRP5,METTL20,CEACAM4,AP1B1,RNASE4,NCLN
8611,OAZ2,RP11-81A22.5,MFHAS1,LOXL1-AS1,IPPK,TMOD2,BCL9,SYNJ2BP
8612,EPB42,ITGA3,PLBD1,PDIA4,TMEM136,RP4-583P15.10,UGT2B17,TIRAP
8613,INCENP,PRRG4,CCDC41,LRWD1,HCAR3,LAG3,THRA,SLC2A3
8614,STRADB,MIR4519,ZNF554,ARHGEF12,JHDM1D-AS1,RP11-359I18.5,GTF2H4,PCTP
8615,ATP6V1C2,C5orf54,RP11-643M14.1,ERCC6,AAMP,C1orf115,TEX22,KIAA1109
8616,MARK4,RP11-244H3.4,RP3-428L16.2,SPATA7,EFCAB7,MED24,MAGOHB,ADRBK2
8617,AC007383.3,OSBPL11,MTCP1,SENCR,TMEM8B,FADD,ENOX2,LRRC37B
8618,SLC15A3,SRRD,REM2,AC147651.4,ZNF777,RP11-94L15.2,C1orf109,DLG1
8619,RP11-305L7.3,ARVCF,IFT43,SMARCC1,RP11-196G11.2,PDHX,CAMKK1,HIST1H2BN
8620,C9orf37,MPZL3,WDR92,TBC1D7,ASPHD2,SLC25A13,RP4-800J21.3,OSBP
8621,NAGS,GFPT1,CCDC132,USP27X,RP11-611E13.2,EPC2,MMP11,MED13L
8622,SZT2,VNN1,TSFM,UBE3A,EPS8,GNG5P2,AMIGO2,EXOC3
8623,RP11-426L16.3,SLC25A30,ZDHHC8,TDG,ADCY4,BLCAP,AHI1,FAM109B
8624,FDFT1,ZNF407,EVI5,ZNF341,TXNDC5,MYO15B,ARHGAP5,HINFP
8625,TNIP2,KANK1,TRIO,PI4K2A,TBCD,VEGFB,AARSD1,E2F2
8626,SIGLEC1,TRAF4,CPLX1,UTP23,ZNF407,TAF8,TPTEP1,EVA1B
8627,TNKS2-AS1,HIST1H4J,RORC,TIGD6,TAL1,C1orf177,BATF,RP11-66N24.4
8628,AC027307.3,CLPTM1,RN7SL832P,GABARAPL2,ATL2,SLC37A2,C8orf44,ASPHD2
8629,FARP2,CLMN,ZNF35,TDRKH,SYCE3,YPEL1,RP11-430B1.2,MIA3
8630,LIM2,ZSCAN21,CCL3L3,CBLL1,KCTD1,RP11-393I2.4,MBTPS2,CSGALNACT1
8631,CTPS2,SPEF2,UTP14C,RECK,HEATR5B,CTC-523E23.11,RP11-22N19.2,SOAT1
8632,PPP2R3A,FOXN3-AS1,LYPD2,MRPL38,CLCF1,FUK,TMX3,SCML1
8633,IFT88,GUCY1A3,ZNF703,RP11-290F20.3,CNNM2,TSPAN15,SYT5,SCAI
8634,ZCCHC2,TRMT1L,CMAS,AMBRA1,CTNND1,GPX7,METTL14,KIAA0430
8635,PTTG1,NFX1,STAM,WIPI1,ASPH,SP140L,ZNF77,ZNF529
8636,SLC16A6,RCL1,CHAF1A,XXbac-B476C20.9,BATF3,HAUS6,HIST4H4,ACSL5
8637,ADAP2,GEMIN4,CYB5D2,ABCB8,KIAA0355,UBE4A,RP11-572O17.1,UFL1
8638,ZNF595,WDR7,COG8,PHF23,RHOQ,TMLHE,DDX39B,ATAD3A
8639,TRIM62,DNASE1L3,ZNF470,CHUK,CDK9,FAM76A,KIAA0391-1,CYTIP
8640,TRIM54,PVALB,RP1-187B23.1,NARG2,IPO9-AS1,AMIGO2,C9orf66,RNF169
8641,DTX1,USP38,RP11-301O19.1,CTB-32O4.2,MBLAC1,SNAI1,PBX2,FAM53B
8642,LY6G6F,GCSH,TMEM30B,LMNB1,ACTR3C,TRPM2,RP11-262H14.1,SIK3
8643,RPPH1,AHDC1,DCLRE1B,ZNF615,PGAP1,INTS8,LENG8-AS1,SNUPN
8644,TMEM38A,ATP6AP1L,TTYH2,HLA-DOA,CD93,TSPAN17,PROCA1,EPHX3
8645,LINC00998,CAPN12,CNTD1,SFT2D2,SPAG4,FCAR,ADAM10,FASLG
8646,RP11-568N6.1,CTA-384D8.36,BMF,HSPA4,ZNF830,HAL,CCRL2,ZNF646
8647,CTA-204B4.2,SMCR8,STXBP5,THNSL2,ABCC1,PP13439,PDLIM7,UBE3D
8648,ZNF280C,ZRANB3,CRYZ,CTC-534A2.2,TSPAN18,RP3-467N11.1,RP11-635N19.1,TRIM13
8649,TNPO1,TTC30A,ACY3,ZNF772,SNAPC4,ENOSF1,CAPN10-AS1,SLC11A2
8650,FGGY,RP11-589P10.5,HSF2,GCFC2,USP13,SETD8,ZNF160,ELL
8651,CCDC77,BCO2,F8,NOP14,CYFIP1,CIC,TADA1,LINS
8652,ZNF841,IFT172,SLC19A2,STX2,ZDHHC9,PPP1R3D,FBXL18,PLEKHM1
8653,FBXO30,RP11-338I21.1,TRIM39,QSOX2,AC097713.4,TRMT10B,ABCA2,CDK13
8654,RP11-11N9.4,ALG10,PTRF,SCAF4,CTC-338M12.5,WARS2,MAPK6,ST6GALNAC4
8655,RAVER1,AC022182.3,NOM1,ANKRD42,MFHAS1,PEX13,UBE2Q2,KCNA3
8656,DTX3,RP11-432J24.2,RTN4IP1,ZYG11B,PGAP3,SPATA2L,RAB38,MLH1
8657,OLFM2,CSNK1G1,ZFP91,ZIK1,KANSL1-AS1,TNFSF8,AC010226.4,AC093323.3
8658,R3HDM1,FNTB,RP11-112J3.16,SLC6A16,EVC,LUC7L3,VPRBP,LINC00324
8659,RP11-339B21.13,CENPBD1,IRS2,RP11-867G23.4,JARID2,AC004069.2,TAZ,EXOSC10
8660,MTA3,BOLA3,MRVI1,SENP8,MICALL1,APAF1,MARC1,RBM12B
8661,HOMEZ,VWA5A,IKBKG,ASAP1,NXPE3,GRAP,CTC-228N24.3,RPS6KA3
8662,SIGLEC14,PARP15,LIPT2,ULK1,C22orf43,SLA2,CLP1,EXOC5
8663,AGRN,HELQ,TNFRSF1B,ZKSCAN8,ALDH6A1,TMEM79,PTPRJ,PYROXD2
8664,PNRC2-1,EFCAB7,BBS4,RP11-407G23.3,LEPREL4,HUS1B,KATNAL1,LINC00649
8665,POGLUT1,ATG9A,RP11-418J17.1,TRNT1,RABL3,SMPD2,TRMT61A,MTMR9
8666,FANCE,HSPBP1,KLRC4,C19orf44,DONSON,YAE1D1,TMEM189,NFE2L1
8667,STX6,DNAJC30,HS1BP3,PATL1,ZBTB21,MYL6B,OXR1,FANCF
8668,ZNF415,IL23A,RBAK,ZNF883,MBTD1,SPATS2,KIF1C,PPP1R21
8669,PDS5B,DUS4L,NEK6,AC108488.4,RP1-140A9.1,SDHD,AMIGO1,NFATC2
8670,PRPF18,RP11-701P16.2,KDM1A,THADA,C5orf30,C16orf95,ZNF257,HTT
8671,ANKIB1,AMACR,BCL6,TAS2R14,NAT1,NMT2,PAQR4,CTDSPL2
8672,RPS6KA3,TAF9B,PKP4,THBS1,RP1-202O8.3,BLM,CCSER1,GMDS
8673,ABCC5,DHRS1,GFRA2,ARMC5,CDNF,HIST1H1D,LINC00685,C9orf114
8674,TCTN1,KDM6B,DHX32,RNF207,RP4-610C12.3,ZNF790,MRVI1-AS1,C2CD4D
8675,SULT1A4,C22orf26,KDELC2,ZNF736,RP11-428G5.5,ZKSCAN3,HERC2,AC004951.6
8676,SHQ1,USP37,STARD4,NDUFAF3,CITF22-92A6.1,SMG9,KIF3A,PID1
8677,UBL3,ORC1,RP11-535A5.1,ZNF487,U73166.2,RPL36,MIEN1,EREG
8678,PNMA5,PRRT1,PLEKHA3,PWWP2B,HIST1H2BH,SPDL1,TP53INP2,CYSLTR1
8679,NFATC1,CRYZ,SNIP1,BCL7A,RP11-527L4.5,BYSL,TBC1D14,RUSC1
8680,LIPE,ZNF577,PLIN2,UNK,CACNA1C,CCDC64,RGL2,CCDC82
8681,NFYB,DISP1,RBBP5,CCDC141,C1RL-AS1,ID3,NSUN7,ITPRIP
8682,E2F5,MINA,SETD3,CHM,ARHGEF19,DIABLO,GPR150,SKIV2L
8683,HMGCL,TIAL1,ITGAV,RP11-383J24.6,TOMM40,RAD17,METTL16,SNHG8
8684,NAT14,FKBP7,KCNH2,SEMA7A,TMTC4,GCSAM,MTG2,TPT1-AS1
8685,SEMA7A,WBP5,FAM228B,SCARB2,ZNF813,CEBPE,ZFAND3,CBFA2T3
8686,RP11-517I3.1,TUBGCP5,THAP9,TNFRSF11A,PNP,CAPN12,ZNF575,TLR7
8687,STAM,HBA1,GNAI1,PJA2,GORASP1,CFDP1,LINC01023,CLUAP1
8688,ZNF696,MARCH9,KIAA1191,LLGL1,RERE,RP11-539L10.2,MRVI1,IARS
8689,TMEM260,TNFAIP8L1,TARS2,PPP4C,TACO1,FUT8,SESN2,RNF14
8690,TAPT1,XPOT,BRMS1L,C16orf95,CUL4A,CAHM,ARRDC5,THEMIS
8691,ZNF629,GPATCH2,RP11-290F20.3,HERC2,ZBTB22,B4GALT5,SWT1,WDR82
8692,RP11-89K10.1,PAPSS1,ASB13,RP11-20B24.5,ADC,PIGK,PHTF2,PDS5B
8693,DPCD,TMEM192,TMEM70,GAS2L1,LINC00852,SLC9A3R2,C6orf25,PAF1
8694,PLS3,EGLN3,ZNF189,RAPGEF2,HIST1H4J,DNAJC9,RP11-244H3.4,CASP5
8695,SERPINE2,PRR4,PIP4K2A,RP11-178L8.7,SLC12A9,RUNX2,MCPH1,TRAPPC13
8696,CTBP1-AS2,ZFP30,AGER,IL15,ARHGEF37,HIC1,NRF1,SLC35C1
8697,ITPRIPL1,TBCEL,WDR76,RP11-271K21.11,LILRA6,ZBTB18,PPME1,GIMAP8
8698,AGTRAP,BEST4,SESN3,GPSM2,RP11-345J4.5,AC093642.3,ZNF264,VHL
8699,CTC-338M12.4,ATP6V1H,IL1R2,CHML,MRPL46,DMXL2,PPP1R17,NPHP3
8700,RP4-561L24.3,AC002310.12,SUMO1,RP1-315G1.3,MPV17L2,COPZ2,ZNF485,RP11-110G21.1
8701,SCD,KIR3DL2,ERLEC1,SPATA24,ACACB,COPS7A,CXorf24,FAM160A2
8702,AC006129.4,MOV10L1,C9orf156,ZNF217,STAC3,LINC00211,PUSL1,TSPAN4
8703,CASC3,PRR3,TSPAN18,ERCC2,NADK2,CTC-444N24.6,KIAA1147,SRSF10-1
8704,CMKLR1,HLX,IPMK,TPM2,SCN1B,NREP,ZNF518B,FAM122B
8705,AC006369.2,AC009065.1,SNAPC4,ZNF83,NBPF1,LUCAT1,USP37,GCSAM
8706,SCCPDH,IFT57,ZNRF2,ATP10A,DKK3,TOR1A,APITD1,MMAB
8707,CECR1,CCDC96,AGTPBP1,RP11-190C22.8,NOP14-AS1,C6orf47,GNL3,ERCC5
8708,DNASE1L1,MIR181A1HG,LHFP,EPHX3,C10orf91,CHEK2,HUS1B,TNPO1
8709,CD300C,SLC25A14,ZNF879,SMIM10,GADD45G,CRY1,FSD1,JOSD1
8710,SNAPC4,GOLGA8B,FAM21C,CARNS1,ZNF232,FAM115A,C16orf58,SERPINF1
8711,AC010761.8,FRS2,GPATCH4,STAG3,KCTD21,FCRL6,RANGAP1,ZNF212
8712,ANAPC15,ZFYVE21,MON1A,SLC27A5,MPND,POLR3K,EDA,KCNN4
8713,ASCC1,C14orf28,NR1D2,AC023590.1,CPAMD8,CYSLTR1,LOXL3,IL18RAP
8714,PHLDB1,KIAA0040,C2CD2,GTDC1,BRD1,FXYD2,C19orf47,TMEM62
8715,PKD2,IL6,NEK11,CAMK2G,DNMT1,NOL3,TTC13,DYRK2
8716,GPATCH8,AL928768.3,FAM168A,MRPL30,GRAMD3,LPCAT2,GID4,COQ6
8717,CLEC4C,CNOT1,RP3-475N16.1,DNAJA4,RP11-89K11.1,GTF2IRD2B,ZNF317,GCLC
8718,PICALM,RP11-6J24.6,ZBTB39,NCR1,ZBTB11-AS1,UBAP2,FBXO30,MIEF1
8719,GXYLT1,TEPP,ACER3,ERI1,XYLT1,GPD2,UBXN7-AS1,ZNF561
8720,LANCL2,FAM69A,SMARCAD1,CCDC101,ZNF483,AC016831.7,SMIM1,CD19
8721,SYCE3,PRDX3,SBK1,ATAD3A,RP11-647K16.1,TKTL1,RP11-872J21.3,ULK2
8722,PAWR,DDX20,ZSCAN30,ZMYM6,AC011558.5,NR1D2,OGFOD3,FOSL2
8723,LOXL1,AC092580.4,C10orf88,TRAF6,BLM,RP11-211G3.2,ANGEL2,PRICKLE4
8724,GSTM3,TRIM32,SDS,BRD8,PID1,ASMTL,RPP21,PPIL3
8725,TCEANC,SLC10A7,BMS1,GMPR,CHST10,HOMEZ,ZZZ3,VPS53
8726,GLIPR1,FCF1,USP45,SCLY,ADCY9,LPCAT4,CDCA8,XKR8
8727,HELLS,CTC-523E23.11,CENPN,EFCAB7,SENP2,RP11-53I6.3,TLR1,TMEM79
8728,ZNF133,CLCC1,PSMB6,NCSTN,BRCA2,ZNF526,ZNF337-AS1,KIAA0196
8729,CC2D1B,PPM1J,VWDE,PPIL3,GPR35,BTBD11,RP11-219B17.1,TCTN3
8730,KLC1,KIAA0430,GTF2H1,RP11-532F6.3,C4orf46,RP6-91H8.3,HDAC8,RCC2
8731,PPP2R5D,ATAD3B,RP11-400F19.6,IFNL1,MID2,RAB5B,ZNF350,IWS1
8732,RP11-73O6.3,C11orf68,IMPA2,ZNF248,WBP5,CXorf38,DFFB,GABPB2
8733,RHOB,AC005944.2,DNAJC24,SEMA4C,FANK1,ZNF180,PI16,ENTPD6
8734,RERE,MTMR9,LINC00920,MTFMT,PAXBP1,CNNM2,AP000350.4,ZKSCAN8
8735,TMOD2,SLC31A2,H1FX-AS1,EXOSC7,RAPGEF1,TAOK1,BTD,PXMP4
8736,RBM15,BCL9,FAM73A,MTFR1L,AC079807.2,C20orf24,NUF2,SEC24C
8737,SLC19A1,FAM129A,DHCR24,AC002310.12,IFNGR2,PSKH1,ASPM,KIAA0247
8738,COBLL1,RP11-452C13.1,METTL2B,SOCS6,AAMDC,RLF,LYSMD3,PPP1R15B
8739,MPZL3,KAT2A,CDS2,IP6K1,MYD88,ZNF101,ZNF841,AC016629.8
8740,DAB2,RP11-11N7.4,AC074183.4,MAPK11,LRRC56,ZRANB2,TTBK2,APBA2
8741,PDGFD,ACRC,ME3,TWSG1,FAM111B,SOCS1,NOP14,BCKDHA
8742,MSMO1,NBPF10,DUS4L,TRIM68,BRCA1,SETD7,RPH3AL,FRY-AS1
8743,CEP78,TIPARP-AS1,BBS7,MAN1A2,AC073115.7,ZNF605,RP11-1008C21.1,PWWP2A
8744,UBE2E2,REXO2,AP006621.5,NUDT13,GTF2A1,TRIB3,AP3S2,ZNF567
8745,SS18L1,ITLN1,RFPL2,ZNF559,UTP11L,NIPSNAP1,CTDSP1,GALNT2
8746,CCR5,RP11-758P17.3,C15orf61,RAB31,RP11-350N15.5,RAB30-AS1,ZNF582-AS1,NIPSNAP1
8747,AHCYL1,CTC-444N24.11,LRIG1,H6PD,PORCN,PHACTR2,OSGEPL1-AS1,CCR1
8748,ZNF284,CBR4,TNRC18,ELOVL1,DCTPP1,POMC,BAHD1,ATXN7
8749,WFIKKN1,CTD-2619J13.14,PFKFB4,CTD-2555C10.3,PDE4D,RP11-473M20.7,KCTD13,RABEP2
8750,AXIN1,ETV5,GRWD1,LMTK2,PUS7,PLCB3,ZSCAN29,CAMK2D
8751,CLEC2D,FAM198B,CDK20,CAB39L,NEK11,MED23,ZRANB1,ARID2
8752,ARAP3,ZNF234,AC040977.1,RP11-252A24.3,THNSL1,C20orf96,GIPR,PFKM
8753,MTERF,CAPN15,RAB11FIP2,CRAMP1L,NCAPD2,FAM96B,TMEM186,CHMP4A
8754,AL590452.1,ZFP69B,PHPT1,C19orf68,FAM212A,FAM209A,XXcos-LUCA11.4,SLC12A4
8755,CTC-425F1.4,LZTS2,RP11-378J18.3,KRT86,AIP,CTA-211A9.5,GZF1,LLGL1
8756,SLC35A5,C11orf49,C3orf33,LACTB,IQCB1,ARFGEF2,CENPA,BBIP1
8757,LIPA,CTTN,AVPI1,HIST1H4A,HES4,MED13L,PHLDA3,MYBL1
8758,SERPINB1,CNOT6,SLC25A10-1,RLN2,FAM199X,RPAP1,WDR73,ING1
8759,AP001189.4,PWP1,KIAA0586,CLEC4C,OTUD3,DALRD3,SPHK1,MRPL35
8760,EVA1B,SYNJ1,TRNT1,IL1RAP,LINC00880,ABHD17A,PLK1,CAMKMT
8761,FOXN2,ZW10,IL4I1,RP11-553L6.2,ATP6V0C,ORC2,CDCA7,SNRNP48
8762,FRMPD3,CTB-32O4.2,CENPW,AP001058.3,ZNF541,TRIB2,HOMER3,ANKRD32
8763,ZNF777,ATP9A,RP11-135A24.4,RP11-566E18.3,ASGR1,AC092580.4,PHRF1,VAMP4
8764,TSC22D1,SLC25A19,PPP1R3D,RP11-466F5.8,OGFOD1,PIP5K1A,KLHL9,ARRDC4
8765,RP4-816N1.6,ERP27,PRKCI,CELF2-AS1,HNRNPU-AS1,CTB-43P18.1,NIPAL2,TOPORS
8766,FAM32A,YPEL1,CEP72,CCDC136,VPS18,BCL9L,RP11-486G15.2,PSEN2
8767,LAIR2,CHKB,SASS6,RP11-78O7.2,VEGFA,DPH2,HBP1,USP8
8768,MED30,SLC35F5,RENBP,PCNXL3,SMURF1,CREB5,TMC4,DAK
8769,AL928742.12,OBSCN,ZNF468,PARPBP,SREBF1,LSG1,TGIF2,CAB39
8770,GBGT1,PFKFB2,GGT7,SAMD10,EPHA1-AS1,SUCO,FASTKD3,LTBP3
8771,PLCB2,NUPL1,RNF103,GTF2H4,RP11-452L6.5,DDX47,ZFP62,CBX7
8772,PCDH9,XXbac-BPG181B23.7,EFTUD1,RTTN,SENP3,SLC30A6,SSPN,TM9SF4
8773,ANGPT2,KIAA0947,OTUD4,RCE1,RBBP5,NCDN,TBC1D19,CYB561D1
8774,CTD-2256P15.2,KIAA0020,MPZL3,SVOPL,SEPT8,ABCE1,KIF2C,COLGALT1
8775,STXBP1,FAM175A,CTD-2270L9.4,METRNL,TCFL5,MEST,DPH2,FBXO22
8776,NCOA6,CKS2,KDM8,OPRL1,TUBB4A,HEATR1,OSBPL11,ZNF398
8777,TEN1,ANKRD46,C22orf15,ZNF223-1,TMEM206,DUSP10,RP11-5C23.1,IVNS1ABP
8778,ITFG3,NIPA1,MYBBP1A,C9orf91,AC040977.1,YEATS4,SRRD,NFX1
8779,EP300,DTX3,LINC00937,SCAP,RP11-474G23.2,HP1BP3,BOD1L1,ZNF493
8780,DLEU1,BCL2L15,TNFSF4,CYB5D1,UBE2D4,TIMD4,CENPE,ZNF281
8781,KISS1R,RP13-317D12.3,SLC37A1,FMNL2,LTK,RP6-109B7.3,CCDC77,NACA2
8782,GNPTAB,NUDT16L1,ZNF691,RAB11FIP2,WFIKKN1,RDH5,TTYH3,GLMN
8783,RP11-70P17.1,PAPD7,SARM1,TRAF3IP2-AS1,MECR,TFCP2,PHGDH,C8orf33
8784,TBC1D22A,APLF,SEC24B,CASD1,CCDC137,ZFP14,MAPKAPK3,DPYD
8785,LONRF1,C19orf54,AKT1,ATP7A,SLC25A13,TTF1,ADSSL1,PRKCQ
8786,ABHD6,NT5DC2,SH3BP5-AS1,PIK3C2A,IFT140,TIGD7,SDSL,CHKB-AS1
8787,IL13RA1,TTC9,DUSP7,LACE1,IRF4,LMAN1,MCFD2,CEP63
8788,LMOD3,STOML1,ZFP90,AKAP5,ZNF670,CRADD,CERS6,ACTN4
8789,AC002117.1,TMEM262,F5,RP11-792A8.4,RP11-95D17.1,DIDO1,VMAC,TSC2
8790,PIK3CB,PACRGL,FLJ00104,TAF13,AC009404.2,SCAI,MARCH3,CDKN2C
8791,GPR174,DCAKD,MTERFD1,NDC1,COA7,C9orf114,ZNF34,GZF1
8792,GDAP2,IMPAD1,NUP205,SMG6,HSD11B1L,RP5-914P20.5,REEP6,TBC1D19
8793,GDPD1,ZNF689,ZNF432,C10orf11,AC008964.1,YY1,ANKRD22,SIDT2
8794,MERTK,PRSS23,BTRC,SDF2,IST1,BTK,CIITA,CDCA7L
8795,NDUFA8,RP1-313I6.12,GLTSCR1,PSMD10,SUV39H2,DUSP14,CBFB,GMFB
8796,ADH5,KAT6B,RP11-87C12.2,MYBBP1A,MARCO,KLHL20,GPR89A,GOLPH3L
8797,SGCB,GFM2,TNFRSF10B,ENGASE,CDK14,SPAG16,ZNF85,DLST
8798,ANGEL1,ABHD17B,HIST1H2AM,SCRN3,CAB39,RP5-892K4.1,RNF146,ZNF384
8799,RP11-61J19.4,ERV3-1,RP11-1000B6.3,PCBP4,CBWD5,HBA1,MCCC1,RP5-1125A11.1
8800,AC073115.7,ELOVL3,C10orf35,NEURL1,RP11-538P18.2,RP11-325F22.2,SPOCD1,USP42
8801,CIITA,SOAT1,ITPKC,SPIRE2,FRY-AS1,RP5-1103G7.4,TBC1D10B,ZNF480
8802,ACVR2B,RP11-458D21.6,PTDSS2,TIMM8B,PDE2A,DPY19L1,SPN,TAF6
8803,LINC00909,NBEAL2,XRCC4,PICK1,PTPRK,P2RY2,CTC-534A2.2,PAPSS2
8804,MSH5,EME2,GBGT1,ING2,MARS,STK35,POLR3D,SYCE1
8805,PIK3R2,PET112,TBC1D10B,RGL1,SYNE3,C3orf17,SPRYD7,PARN
8806,DVL1,RP11-114O18.1,ROBO3,RP5-887A10.1,FOXD2,GALNT10,HDAC6,TAF1A
8807,DDX58,AC132872.2,TNFRSF14,KCTD9,TTLL5,CTBP1-AS2,DCAF4,PGM2
8808,TUBB1,ZBTB22,GS1-124K5.3,ARHGEF4,RP11-498C9.3,RTEL1-TNFRSF6B,RPGRIP1L,B3GNT8
8809,PDE7A,LTN1,SLC14A2,KCTD21-AS1,HAS3,ZNF510,RLN1,POFUT1
8810,RP11-160O5.1,CRYZL1,RP11-156E8.1,SUFU,C19orf73,RIF1,TPRA1,ZNF195
8811,EVC,CASP9,IKBKAP,SYCP2,N4BP1,GINS2,POLD3,CLEC10A
8812,PDE4A,CATSPER2,RP11-11N9.4,GAK,TARBP2,AC015987.2,SCMH1,PDDC1
8813,NICN1,ZNF599,RP11-383J24.6,PRMT6,CDA,UQCR11-1,CNTLN,MXD1
8814,LGR6,HDDC3,TAL1,NKD1,SH3BP5L,FCGR2B,INTS3,KLHL7
8815,NEFH,HIST1H2AE,LEKR1,C5orf51,CR2,ZNF219,RP11-849F2.8,PHF12
8816,SLC2A13,DCTN5,PBLD,ZNF135,MED18,LDLRAP1,BCORL1,INTS1
8817,RP11-22N19.2,BSCL2,SRFBP1,SP1,ADPRH,CAMKK2,CD99L2,NCDN
8818,PPP1R13B,FXR2,DNAJC18,KRT1,CTD-3088G3.8,MRPS23,APOO,GPR114
8819,ANKRD34B,MAPK6,RNF20,CAND2,CROCC,ZNF669,UBE3A,OSBPL5
8820,TMEM19,INO80B,PLA2G7,FLVCR1,VPRBP,APBA2,ADAM17,CNOT3
8821,CALHM2,ADAMTS10,SLC35G2,CTA-292E10.6,ADM,SLC25A51,EXTL3,KPTN
8822,IL21R,STAM,PEX11A,GINS2,ZNF718,ZBTB25,PTCD2,GANC
8823,PP13439,GMPPA,MROH6,TSPAN33,IPMK,MORC2,ASB7,SPIN1
8824,NDOR1,B3GNT8,THAP3,AAMP,ABCC4,TMEM176A,DHRS4,RP13-188A5.1
8825,KCNJ14,MINOS1,METTL15,KMT2B,CTC-378H22.2,HOMER2,XPOT,ZNF740
8826,TRIM52,CRTAM,GUF1,SNX16,NEK6,TTLL5,SERPINI1,TRMT61A
8827,EXTL2,FAM86C1,CCDC134,AC021860.1,CCDC85C,ST3GAL5,RTCA,ZDHHC17
8828,RP11-996F15.2,MFSD2A,RP4-594I10.3,FBRSL1,BICD1,HTATIP2,TSPAN2,PIGL
8829,DHRS4,RP11-803B1.8,HCFC1-AS1,TOP2B,OSBP,AP003774.6,RP11-334C17.5,EXT2
8830,PRC1,RP11-407N17.5,APBB3,ITGB3BP,ADHFE1,FAF2,ESAM,CHST15
8831,MTMR11,SEZ6L,CHN2,GRAMD1B,ANK3,WDR3,SMPDL3A,PEX5
8832,C12orf66,TBC1D10A,DRAM1,MRGBP,MMP25,LIPT2,JARID2,FAM104B
8833,ZNF829,DOCK11,STK35,NDUFS1,FAM47E-STBD1-1,MAP4K1,TPX2,RP9
8834,FAM19A1,ELF1,SCARA5,ACO1,SLC2A1-AS1,PTCD3,ZNF107,FIBCD1
8835,OXT,TARDBP,S100Z,C6orf229,NFIA,PYROXD1,C7orf31,BOLA1
8836,RAB27B,GEMIN2,SSH1,FAHD2A,NAV1,AC007879.7,B3GNT8,THAP2
8837,PREPL,NKAPL,SAP130,CAMTA2,S100Z,MINOS1,FMR1,GPR107
8838,RABL3,FNIP2,AC007228.9,MPI,SLC35E2,CD163,FKBP1C,CIDEB
8839,KIF2C,SCD,TTC27,ZMAT4,CEP135,HMBS,HAAO,NFYB
8840,AUTS2,ZNF140,UBP1,TMEM254-AS1,RP11-433J8.1,DCAF12,MUT,AIM2
8841,TCOF1,GMPPB,DOCK5,UBE2E3,FTCDNL1,XXbac-BPG252P9.9,CHEK1,PPP6R3
8842,CROCC,ENTPD7,KIAA1147,VPS36,SCYL3,CCDC141,TIPARP-AS1,HPS3
8843,PPP1R17,MLC1,GOLGA8A,C2orf42,RP11-218M22.1,ANKLE1,HPDL,STK11
8844,LILRA4,RP11-452L6.1,KIF13B,CEACAM1,RP11-307C12.13,DPP4,EZH1,FLCN
8845,MDGA1,KANSL1,NEURL1,ANP32E,SNX29P2,LDHD,MRPL35,ANAPC10
8846,MRPL39,TTC22,RP11-522I20.3,KCNE1L,MAGOH,SH2B1,MEI1,LINC00176
8847,RFPL1S,UNK,HSPA6,KIAA0391-1,MRPS26,SEC24B,HSBP1,BTAF1
8848,PLOD3,RIMKLB,DLGAP3,MPND,AFAP1L2,TIPIN,ADAMTS6,ZDHHC18
8849,RP11-701P16.5,SIDT1,GPR162,ZKSCAN4,OOEP,SLC33A1,TRMT1,RET
8850,PDZD7,CTC-459F4.3,RP11-79P5.9,FAM53A,HOOK1,RP11-326F20.5,ANKRD46,ST3GAL2
8851,MMP23B,PKN3,RPH3A,TP73-AS1,TP73-AS1,GLB1L,ZNF813,ACAP3
8852,AEBP2,GPR133,NEFH,CREB1,SAP30,TMEM38B,RP11-47L3.1,KIAA1430
8853,CYP27A1,ZNF582-AS1,GPR137B,CCR4,ADAM10,UHMK1,RP11-849H4.2,CPNE3
8854,E2F3,SKIV2L2,ZNF710,CYP4F35P,DIP2C,CTD-2007H13.3,LRRC8A,SGSM2
8855,GPATCH2L,RP11-181C3.1,NAT14,PKP4,SFMBT2,MCM6,SLC38A11,RAB35
8856,NEO1,CUEDC1,TBC1D9B,TM9SF1,AHCTF1,PIK3CB,FBXO4,RBM47
8857,PEX5,HSPA1A,RLIM,NBR1,NLRP3,BCKDHB,KIF23,FTCDNL1
8858,RP11-545I5.3,OSBPL10,HFE,ITK,DMWD,GTSF1,HLA-G,CLP1
8859,RNF219,FBXW2,STT3A,SPNS1,PCDH9,CTD-2341M24.1,SLC4A10,COG1
8860,PCAT1,LRRC48,FSTL3,UHRF2,ERMAP,ZDHHC14,TMEM127,LMAN2L
8861,WDR75,ITGB3,NUDT7,MLTK,ZNF418,FAS,ACY3,LINC00426
8862,HIST1H2AG,PMS2,RASGRF2,NEU1,ADORA2A,TMEM204,GBGT1,FBXO4
8863,C12orf60,COG1,CD99L2,CCSAP,PPP1R9B,CMTR1,MTFR1,RP11-143J12.2
8864,GP9,PARD6A,C19orf83,IQCE,MGST1,SMIM12,RP11-44N11.2,KHNYN
8865,NDST1,SLC12A9,LENG9,TMEM39A,PRTFDC1,ABCB10,ZSCAN5A,YIPF1
8866,NEU3,MCAT,TOPBP1,SLC7A6,RP5-1115A15.1,TMEM69,NFATC2,EHMT1
8867,ANKMY2,TRABD2A,NAT10,NOL6,RBM47,NAA16,SOCS5,RP11-290D2.6
8868,RNLS,TUBA8,HSPA14,RNF216,IFT88,FLVCR1-AS1,CD226,ZDHHC2
8869,RILPL1,DUSP16,DCTD,NR4A2,KCNQ1,VPS8,CENPU,MCPH1
8870,CMTM5,TLR6,CNST,DFNB31,AC129492.6,KDM1B,CLCN5,LEO1
8871,SLC31A1,CARM1,CTA-292E10.6,OSBPL1A,DSTN,ANKMY2,RAB40B,GFM1
8872,TRIM60,SLC23A2,RP11-152N13.5,RP11-589P10.5,CEP128,UQCR10,USPL1,APBB3
8873,FAM149B1,RP11-160O5.1,ADHFE1,ZNF766,C22orf29,TAF1B,RP11-343N15.5,C11orf74
8874,C17orf100,NUDT8,NIT1,MIER3,C5AR2,CCAR2,KBTBD3,STAU2
8875,OSCAR,TTPAL,GMEB2,CCR9,ABCC5,RP11-37B2.1,ZSWIM3,DCAF10
8876,ERBB2,AC097500.2,MYSM1,RP4-789D17.5,NCBP1,CWC25,NCAPH,NME6
8877,BFSP1,DBNDD1,AIDA,LMF1,NENF,ZNF287,JMJD8,SPHK2
8878,CD200,CCL3L3,ATP10A,RP11-350N15.5,UNC119B,LNP1,CCDC136,DMXL1
8879,ACOT9,KIF21A,REPS1,SACS,LINC01024,COG8,CR1,UBE2Z
8880,UCP3,KIF20B,TAB3,LILRA3,RP11-110G21.1,PDE4D,SEC22A,PROSER1
8881,GSTCD,FOXP4,HDAC4,SECTM1,HSPA1L,KDM5D,CENPC,CCDC88A
8882,ADAT1,NDNL2,CCDC138,PTAFR,NEURL1,CCDC121,CDC45,SURF6
8883,FGF9,CTD-2215E18.1,SLC25A16,SNX24,SMPDL3A,RNASE4,CDC25A,IFFO1
8884,AC026471.6,RP11-532F6.3,ENGASE,ZNF684,YAE1D1,ZBTB7B,FKBPL,L3MBTL2
8885,ZNF703,NLN,RP11-452L6.1,RP11-146F11.1,LILRB3,NOP2,TRMT5,FOXN2
8886,TIGD7,AC012358.8,RP5-1085F17.3,HIST1H3A,AVIL,WIPF2,ZFAND4,ATAD5
8887,MTA1,CCNJ,CCDC120,FMO5,DPYSL2,SERPINH1,ZNF677,TNFSF14
8888,TIGD2,ADORA2A-AS1,TOLLIP,GEMIN5,GCSH,CDKL5,RP11-22P6.3,MTRF1L
8889,C10orf111,SSH3,NDFIP2,NME8,ZP3,GBP3,SLC25A15,BMS1
8890,GSPT1,ZNF778,NSMF,TNIK,LINC00422,CBY1,ZNF740,RFX5
8891,SLAMF8,B9D1,OSBPL5,TTL,RP11-467D6.1,GABBR1,CENPQ,FAM69A
8892,IRAK2,AXIN1,SLC9A6,KIAA0247,STOML1,KIAA0947,MDFIC,PPIL2
8893,USPL1,RP4-610C12.3,NT5C3B,EIF2D,PDS5B,EBI3,ROPN1L,MAPK6
8894,ZNF100,SP2,FXYD1,SIDT2,NET1,MTOR,TCEB3,ELP4
8895,GPR133,ZKSCAN5,UTP11L,SH2B1,SFT2D3,RP11-434H6.6,AURKA,MTMR3
8896,ZFP3,KIF5C,PTPN12,NOG,SEMA4B,COL9A2,PBK,PLD2
8897,BRSK1,INCENP,PSRC1,GAL3ST4,AGO1,SMYD2,SUCLA2,WDR43
8898,C3orf52,RNF31,STX2,DYRK2,BAHD1,NSUN2,CCDC127,PHYH
8899,GPR65,LCN2,KLHL7,PLD6,SORD,ACAP3,AC093818.1,NUP98
8900,CXCL9,DCK,SLFN12,IFT74,MBNL2,KIAA1328,ZMAT5,KIAA1715
8901,NOL9,TTN-AS1,MOV10,LILRB4,CENPO,SERPINF1,CLCC1,PRR14
8902,LSM11,MIER3,GSDMD,TGFBR3,ZNF512,HMGN5,ZC3H12D,FGFR1OP
8903,ZNF852,LRRC8A,MTM1,RP5-1091N2.9,LY6G5C,ACAD8,PSKH1,RUNX3
8904,MYL6B,MYOM2,EIF2AK4,FAM199X,CYP2U1,SLC39A11,C4orf3,MAP7D3
8905,FANCA,GP5,PPP4R2,CPSF1,KIF11,TBC1D13,COPS2,NEK7
8906,PRTFDC1,CXorf23,EPDR1,TMEM168,ZBTB3,TIAM2,TFEC,ATG9A
8907,TIMM44,RP11-4F5.2,CCDC115,PNPLA7,DHX57,ARL11,RP11-229P13.20,C12orf23
8908,SRP14-AS1,FRAT2,MS4A4A,RB1,KIF16B,TADA2B,SLC17A5,SCRN1
8909,RP11-181C3.1,C1orf233,GLO1,LANCL1,PCYOX1,SPIN2B,URB1,TTC32
8910,ANKS6,ZNF555,ANKRD55,LINC00920,WDR92,UBIAD1,RP11-285F7.2,ADM
8911,CHMP4B,LANCL1,GYS1,SEMA4B,AP003774.6,SLC17A5,GLT1D1,MAPK3
8912,TLR3,PHF13,ARFRP1,UBA7,ATXN7L2,HMGB3,ASNS,CLCC1
8913,PPP1R32,QPRT,L3MBTL1,KMO,HGD,VAPB,ARL15,EGLN1
8914,SDSL,OTOA,ZNF70,CCDC183,BAK1,ZNF516,ZNF528,ZMYND8
8915,CATSPER2,SGMS2,FAM19A2,MRPS24,CDH23,NCK2,KIAA0513,CLCN7
8916,MCM2,PLIN5,GLRX2,CDC37L1,COX19,SMG1,WBSCR27,MRAS
8917,RP1-241P17.4,TTTY14,GSE1,BLVRB,RP11-1100L3.8,BRICD5,MSH5,AKAP7
8918,TAF8,TFDP2,ATG5,DLGAP3,TFR2,DAAM1,RP11-63P12.6,LILRA4
8919,THNSL1,AKIRIN1,C16orf70,TSGA10,GRWD1,TMEM206,HSPA14,ALKBH4
8920,NAA25,PPARGC1B,TRIM68,KLHL17,TRIM23,TOMM70A,CREB3L4,HERC6
8921,HAAO,WASL,MARS2,CLOCK,FAM53A,AVPI1,ST20,FAM175A
8922,AARS2,B3GAT3,SLC25A33,AZIN1,RAB11FIP2,SP4,C19orf55,METRNL
8923,AEBP1,GS1-393G12.14,SPATA5L1,RP5-1115A15.1,ITFG3,METTL15,TAF13,PTER
8924,FAM13A-AS1,RP11-977G19.11,MORN3,TMEM256-PLSCR3,SMKR1,SIGLEC7,FHL1,GNL1
8925,SMG6,RP11-793H13.3,PVRIG,GEMIN2,RP11-104N10.1,ISYNA1,ARID1B,SFR1
8926,MAP10,CHM,MECP2,STX3,KIAA1919,KIF13B,NCALD,HIPK1
8927,C16orf98,IARS2,ITGAX,RP11-434C1.1,FRMPD3,TAOK2,CTA-445C9.15,GLYR1
8928,ZC3HC1,HSPA1B,CAMKMT,LRRC59,AC004893.11,HGF,SLC35E2B,GRAP
8929,EMC1,ZNF260,VAMP4,TBXA2R,AGMAT,TTC21A,SMG6,IFIT5
8930,ADCY3,SPSB1,TGDS,EIF4ENIF1,AL627309.1,ZDHHC8,TDRKH,CREBL2
8931,MINOS1-NBL1,TMEM222,MAFB,SF3B14,TMEM237,TNFRSF4,ZNF559,IRS2
8932,DNAAF1,C1orf198,ADIPOR2,PARP4,ATRIP,ZBTB2,MDC1,KDM1B
8933,MDH2,CRY2,PCNXL3,RPRD1B,GATA2,RP11-143J12.2,AP4S1,SRF
8934,RANBP9,TTC33,CRIP3,MTAP,LILRA2,RP11-488C13.5,HSD17B7,PLEKHA2
8935,ERC1,NFATC1,ZNF444,MS4A6A,ELOVL4,STARD3,MAP10,ABHD5
8936,RP11-505K9.1,BCORL1,TRPM4,ZNF30,NLK,GMCL1,WTAP,DDX28
8937,NBPF15,USP46,JAKMIP1,RP11-315I20.1,PCAT1,RRN3,AMDHD1,SOCS1
8938,CXorf56,RNF146,RSAD1,SLC35E2,PLCL1,CHI3L2,CEP55,P2RX4
8939,SLC7A6,STX16,MYH3,MKNK2,NAA16,TEX30,SGOL1,CC2D1A
8940,TMEM52,C5orf51,NDE1,FAM153A,SPATA6,AZI2,COQ10B,ACSF2
8941,RNF13,BBS2,ZDHHC2,ATP1B1,SCLY,DYNC2LI1,RWDD2A,GLI4
8942,RP4-536B24.3,RP11-286E11.1,PTGIR,NARFL,MBD2,FAM114A1,MED17,SPAG9
8943,CPNE5,TP53I13,ZHX2,RBM28,MLYCD,TP53I3,L2HGDH,PCSK1N
8944,CIC,SLC25A16,HPSE,MDM1,DNHD1,SPAG5,SLC24A1,ARID3A
8945,PIF1,KIAA1958,MEG3,PPP1R3F,PPP4R1L,C16orf54,RP11-544A12.8,PIK3R5
8946,AC078883.3,ARRDC3,TMEM65,RGAG4,RP11-383C5.4,IDH3B,ALDH5A1,FBXL16
8947,FAHD2A,FOCAD,UBAC1,GP9,CRYZ,FOXO1,LEPREL4,IL1RAP
8948,LGALS3BP,UEVLD,SYCE1L,SIK1,SPRY1,ING5,TMEM237,SRRD
8949,ACVR1B,ZBTB16,SLC26A2,SMYD5,RP11-112J3.16,TUBE1,GPSM2,KLHDC4
8950,SMNDC1,POLI,PTPLA,RP5-1065J22.8,TOMM70A,C1orf159,FAM89B,MBTPS1
8951,ALOX12,ADAL,CRELD1,DOCK11,ZHX2,CYFIP1,CKAP2L,TMEM206
8952,KLHL26,CTC-338M12.5,DUSP4,DPYSL2,SNAPC2,C22orf46,SPRTN,TREM1
8953,COL6A2,MAPRE3,RAB34,PIBF1,SRRD,TMEM191C,ZC2HC1A,LYRM9
8954,PSPN,RNF20,DDX11-AS1,ZNF790,DNAJB12,BCKDK,HBA1,NCOA7
8955,KLF10,FBXW11,FCGR1B,CTD-2162K18.4,NAPEPLD,AMDHD1,MYOF,CAPNS1
8956,FAM131A,SEC23IP,BCL9L,FCRL2,NBL1,MON1B,GCNT1,CES2
8957,POLH,AC009961.3,AP5B1,ANKRD46,MTHFD1L,CTA-445C9.15,SERTAD1,SLC39A11
8958,SART3,XCL1,XRN1,GBAS,PSRC1,FGFRL1,PRC1,DPP8
8959,SNX22,GAL3ST4,MGA,TRMT5,SLC9A9,UBP1,CTD-3138B18.5,GART
8960,TM9SF4,THAP3,STAT1,FAM160B1,PODN,LDLR,TTC22,PRR7
8961,RP11-728F11.4,C19orf52,P4HTM,FAM212A,TMEM25,PDCL,CNNM3,CRTC2
8962,RP11-393I2.4,WDR65,STK33,POGK,FASN,TIPARP-AS1,PRR5L,KIAA1429
8963,G2E3,HSPBAP1,OAZ3,AUH,CTDSPL,CCP110,ATF2,KIAA0226
8964,PCGF3,ZNF18,PCSK5,HYPK,RP11-327P2.5,C5orf28,ASB6,TUG1
8965,TYW5,FAXDC2,DKFZP761J1410,ZNF300,RAB6B,HTRA2,LRR1,DYRK4
8966,WDR34,ITGAV,NSMCE2,ANKRD18A,NDUFB9,USP25,PAG1,INTS8
8967,PPT2,SLC25A42,AHSA1,IKZF3,AC062029.1,FOXRED1,PRKCH,CREBRF
8968,SLC1A7,ZNF2,NCAPH2,RNF40,AGO2,C1orf228,ATP10A,STRN4
8969,RFX5,ZNF598,ZNF516,SIRPG,CPEB2,CDK14,SMG9,ZMPSTE24
8970,TRMT10B,ZDHHC17,KCNC3,MS4A7,PVALB,FKBP2,ZNF35,UBE2M
8971,KIF13A,POLR1C,C1QTNF4,AVL9,RP11-37B2.1,WDFY3,RP11-70C1.1,ATG4D
8972,ZNF2,ITSN1,KIR2DL3,ORAI1,NUP35,CUL7,GSDMB,PKN2
8973,CTC-428H11.2,SRC,TBC1D22B,IL21R,CR1,OCIAD2,PNPLA8,PUM1
8974,KIAA1324L,XRCC3,SPRYD3,HPS4,AC115618.1,PUM1,RGS16,ATAT1
8975,BYSL,CENPN,RAB35,KLF5,RP11-573D15.9,SCAF8,KISS1R,TMEM129
8976,CHPF,ECE2,FGFR1OP,DNAH6,TLR4,WASH4P,RP11-455F5.5,IL23A
8977,FBXO6,CASC4,UTS2,PDIA5,ZC3H10,LRBA,RP11-162G10.5,FMN1
8978,C1orf198,CTB-58E17.1,DNAJC7,CDHR3,TNNI2,PPA2,KIAA1109,RAD51C
8979,RP11-849F2.7,RASD1,C1orf35,SOS2,BRWD3,MCM9,ENO2,AP3M2
8980,PPRC1,NAPG,CDR2,IRF2,KDM5D,ATAD2B,IQGAP2,ZBTB24
8981,REEP6,MINOS1-NBL1,C5orf24,GPCPD1,ZNF528,DNAJC13,GOSR1,COG2
8982,C9orf72,CEP250,HOXB-AS1,ZNF473,THAP5,RMND1,RCOR1,ADSSL1
8983,TBXA2R,ALDOC,RP11-527L4.5,CXCR1,UPK3A,CTDNEP1,KCNC4,MAP1LC3A
8984,AHDC1,LSM11,DPH6,LCAT,BSPRY,XCL1,CENPK,CHPF2
8985,PLD4,MED26,AC002467.7,C16orf87,FBXO34,HFE,DONSON,FRAT1
8986,ACTR6,CDK20,AC004540.4,LAIR2,UBE2T,UBTF,RP11-553L6.5,HYPK
8987,NDUFS6,RP11-930P14.2,MAN1C1,SETD6,BAG3,VTA1,GBA,AKAP8L
8988,UBAC1,ZNF644,SEC22A,ZNF654,ZBTB41,ST3GAL3,BAD,KLHDC10
8989,CAPN10-AS1,HS3ST1,RWDD4,ZNF569,ZNF440,STK36,ZCCHC8,GPA33
8990,CCDC121,UBA6,CCT7,USPL1,RP11-708J19.1,ZNF699,SLC9B1,NF1
8991,DNAJC14,RP4-647C14.3,DNAJA4,UMPS,ZNF749,LAMP1,CASK,TMEM251
8992,VPS9D1,CDK9,UTP23,PRPF18,UGT2B17,TIMM21,PTBP3,CCNT1
8993,LDOC1L,C4orf36,NEK3,ST8SIA4,TAF5,GGH,C22orf39,TMEM161B
8994,ZFPM1,DDX31,MBTD1,CHRNA1,RP4-575N6.4,GCNT2,TOP2A,ACAD9
8995,ZRSR2,PHF2,KHSRP,C5orf24,LENG8,ANKH,CLSPN,TAOK1
8996,SDR42E2,PPP4R1L,C2orf40,G2E3,ACER3,FAM3D,RP11-166P13.3,EIF2S3
8997,SLC15A2,RNF26,ZNF558,STS,PGLYRP2,VARS2,CDK3,SSBP3
8998,ACPP,PPP2R3B,TNFRSF9,SERPINF1,KIAA0391-1,ITPK1,PDXDC1,FHL3
8999,UBR5,ZNF684,PLTP,AC093673.5,LRRC58,CPEB3,CTD-2369P2.2,ATXN1L
9000,ZNF282,AGK,RP5-821D11.7,IRAK1BP1,MIIP,COA4,IFT140,AP5B1
9001,TEF,SMARCAD1,CNTLN,FBXL14,UTP14C,FAIM,RAPGEF6,DNAJC10
9002,VPS26A,TLR7,TRAFD1,RP5-882C2.2,ZDHHC16,ST7,MFAP1,BTN2A2
9003,GBP5,POLR2E,ARAP2,USP36,COX11,FOLR2,NBPF1,C12orf79
9004,CEP76,CEACAM1,FBXO8,PTPLA,RP11-22N19.2,NEK7,SIGLEC5,BANP
9005,PPM1J,C8orf82,PHF19,MIR155HG,PEX3,C14orf64,STX2,SCAMP4
9006,ITPR2,TMEM185B,C11orf74,FAM134B,RP11-102N12.3,RIOK2,PTK7,RIOK1
9007,ADRBK2,RP11-1008C21.1,SREK1,CTD-2537I9.12,P2RX7,C1orf54,YEATS2,NSG1
9008,RP11-307C12.12,CTC-301O7.4,SERPINB8,ARAP1,CHRNA1,AKR1C3,LINC01136,PTCD3
9009,COL4A3BP,NPIPB5,RP11-44N11.2,FBXL18,TCTN2,RP11-863P13.2,TNFSF14,CLN5
9010,CENPM,TBX19,EXOC2,RP11-359B12.2,STAM,ALDH1A1,RP1-29C18.10,RP11-22N19.2
9011,POM121,PRICKLE4,C19orf59,CD320,SLC9A6,OBFC1,GFM2,IRF2BPL
9012,RP11-274B21.10,CCDC90B,DLG4,DYNLL2,ZNF322,EVI5,PHF7,TIMP2
9013,ZFAND6,AK5,TCEAL1,SMG8,ABAT,TNFAIP8L1,TTTY15,THOC1
9014,TOM1L2,FAM109A,TMEM176A,RP11-527L4.5,HLA-DOA,APBB1,EXOC3,VPS39
9015,DAG1,ITFG1,CWF19L1,PELI3,ZNF627,TMEM55A,AKR1E2,CCDC137
9016,ZNF780A,ZDHHC20,FZD1,MKL1,LARS2,ARAP2,SENP1,WIPF1
9017,RWDD3,BBS9,GPR146,TNFRSF9,AP003068.23,RP11-421L21.3,FAM199X,ATP11B
9018,TGFBR1,ZNF217,C11orf30,TPST1,FOXO4,SIGLEC12,C20orf112,PRKAR2A
9019,PNPLA8,MARCH3,ARF5,DHTKD1,ZDHHC2,KANSL1-AS1,CLEC16A,MUM1
9020,GGA3,DLC1,PLBD2,SNCA,RP11-611L7.1,PEBP4,PSMD3,SAP130
9021,ZNRD1-AS1,NACC1,CPNE2,PIGN,AC009133.12,AQR,CDIPT,DDX39B
9022,CAMTA2,SORT1,BBS1,SLC35A3,NT5E,CCNH,TRIM3,ZSCAN16
9023,NPIPA1,RP11-79P5.9,CTD-2302E22.4,TAF5,PPP1R16A,DGKD,TMEM67,SLC7A6OS
9024,SLC12A2,ABCA5,SP1,AC159540.1,WDR62,TOB1,BCAT1,NBN
9025,SMOX,OMG,ALKBH6,C16orf72,TNFRSF13B,CELF2,CSNK1G3,KCTD5
9026,ENOSF1,RP11-291B21.2,CPEB2,SESN3,ZNF587,ZNF7,MAP4K5,TNRC6C
9027,RREB1,RP5-886K2.3,KIAA1958,C9orf37,TNIP3,RUFY3,NDUFAF5,PRR3
9028,SLC45A1,WDR33,SGTB,KANSL3,RP5-887A10.1,SAC3D1,CCDC97,ZNF548
9029,TIMP2,CD320,PHF23,C12orf10,IRGQ,CHMP5,LPAR2,ZNF770
9030,SEPT5,DNAJC24,DSTYK,VPS37C,ZNF800,RP3-402G11.25,LINC00694,WDR83
9031,METTL6,ATP8A1,GFOD2,LINC00211,AC104820.2,RNF20,CEP76,NCOA2
9032,RP11-141B14.1,ZNF473,RP11-214O1.3,PPP1R13L,WDR24,ACTR3B,RHOBTB2,TLR2
9033,ZFAT,ZC3H18,TMEM234,TMEM79,INF2,EMC3,CEP78,SERTAD2
9034,FANCG,TNNC2,INTU,CEP97,MTF2,ATP6V0A2,ATXN3,ZHX1
9035,ZNF525,CSPP1,ARHGAP22,CAPN1,YTHDC1,VCPKMT,RBBP5,KRI1
9036,ZNF343,FAM73A,TMEM53,TIMELESS,C11orf24,ATG16L1,MIS12,C21orf2
9037,MMP9,NUP107,PIGS,RAD54L2,HMGA1P4,TRPM7,CTC-273B12.10,ADAM17
9038,HIPK1,ZC3H4,ANKRD42,HEATR1,RP11-22P6.2,STK17B,TM7SF2,IER3
9039,USP11,SLC35A1,C11orf84,DPY19L2,C1orf85,CPNE5,NUDCD1,BASP1
9040,SYNJ2BP,RP11-367G6.3,PEX1,HOMEZ,LINC00987,COCH,DVL1,RMND5B
9041,TJAP1,CALM2,DBP,PARP6,TMEM191C,ACSM3,UBE3D,AGO3
9042,AGAP1,AAK1,RHOB,FLVCR2,CSNK2A3,FGFR1,CCDC149,SYVN1
9043,CNFN,FAM229B,ACAD8,RILP,PDLIM5,PDE6D,WDFY3,THG1L
9044,NEK6,S1PR5,MEIS1,RHBDD3,ZNF764,PERP,NBAS,TP53
9045,VNN2,NEIL2,AC008964.1,MBOAT1,C7orf13,WDR36,C16orf62,HERC2
9046,TTC4,TMTC4,BNIP1,DCUN1D2,HIST1H4K,GLUL,C2orf81,RP11-664D1.1
9047,NUDT5,AXL,TRAF3IP2-AS1,RPS6KL1,ZNF485,PJA1,TLK2,TNK2
9048,PDP1,CD8A,SLC9A3R1,NEXN,ZGLP1,LTBP4,AC021188.4,MSMO1
9049,KIAA0513,MSC,FUT11,SLC35A5,ESPN,GBE1,PDZK1IP1,ECHDC2
9050,ZBTB20-AS1,CTC-338M12.4,RIN1,GAB3,CA11,LETMD1,C15orf61,CTC-524C5.2
9051,IKZF5,SH3BP5,IRF2BPL,FBXL4,RRP9,TRAT1,RNF139-AS1,CD2AP
9052,UBE2J2,NAPA-AS1,ZNF678,TARBP2,ZNF470,CES4A,CLMN,PACS2
9053,WBP5,RPPH1,RP11-350N15.5,RPS6KA3,IKZF1,ARID1B,CDC20,DUSP28
9054,RP11-227D13.4,ZUFSP,RCN1,RP11-134P9.3,CHSY1,SIRPG,TRIM23,TMEM44-AS1
9055,ACN9,IBTK,RP11-354P11.3,KIAA1109,FLNB,C1orf53,LINC00886,SGPL1
9056,ZNF583,LRRIQ3,FAM104A,AHCYL2,TGFB1I1,WDR44,ZMIZ2,ZBTB16
9057,ZNF212,INSIG1,DHX40,LAPTM4B,SMAD7,IPO9-AS1,CR2,SGSM3
9058,MAP1LC3B,RP11-525A16.4,COG6,TGIF1,AC009133.14,YTHDF2,NCAPD2,ATP6V0A1
9059,NUAK1,EXOSC10,ZNF443,ASB13,TFDP1,AGO4,RP11-85A1.3,FTSJ3
9060,RP13-753N3.1,PUS10,PIGM,C14orf132,RP11-1070N10.3,RRP15,PIGL,SGTA
9061,STYXL1,GATA2,RP11-457M11.5,UNKL,CCDC71L,CRBN,DENND5B,RAB11FIP2
9062,PRRC2B,C8orf76,N4BP2,BMP2K,FLJ00104,DGCR8,GPR75-ASB3,SKIV2L2
9063,RP11-279F6.3,LYSMD3,DGCR6,FAM101B,ATE1,DTNB,SOCS2,C3orf14
9064,UAP1L1,TBXA2R,C2CD4D,IPPK,AC074289.1,SH3RF1,B3GNTL1,TRAF4
9065,TOR1AIP2,TNFRSF4,CRTC2,POLR1C,FH,CPEB4,SPATA33,MFN2
9066,GTF3C6,RP11-849H4.2,CEP250,PRUNE,CTNNAL1,INO80D,CSE1L,ZNF467
9067,FAM159A,TRDMT1,SLC27A4,TRIM52,HRH2,ATAD2,SLC39A11,RP11-262H14.3
9068,DHCR24,PTCD1,MYO5C,TRMT10A,SIDT2,SLC25A45,DCTN4,OGDH
9069,TMCO3,PPP2R2D,AC012360.4,NCOA7,INPPL1,FAM8A1,CD274,MKLN1
9070,WBP4,ZBTB5,GFI1,LRRC42,FANCG,KIAA0355,SLC4A2,FUT7
9071,RRM2,ZNF281,SYNE1,FSCN3,AC015987.2,RP11-422P24.11,PIGN,GPATCH4
9072,RP11-705O1.8,RP4-728D4.2,ZNF627,PAIP2B,POMT2,MYNN,ZNF75A,SGSH
9073,C1QTNF6,ZNF613,CXorf65,ZNF345,SBNO2,PLEKHA1,FXYD2,IRF5
9074,EZH2,MCTP1,PCMT1,VPS25,NPIPB3,MTMR2,RP11-258F1.1,NDEL1
9075,TTYH3,KIDINS220,FBXL16,IPO8,FAF2,EYA3,LNX2,KLHDC2
9076,MFSD7,CTD-2086O20.3,RP11-804H8.6,IL7,POC1A,RP11-126K1.6,TMEM184B,ATP11A
9077,TBC1D8,CAPN3,MRPL35,IL1RN,PCED1A,ATP11C,RP11-539L10.2,ADAM15
9078,TARS2,LPAR6,DST,RNASEH1-AS1,PPIF,CD52,HMGB3,FUCA1
9079,ZMAT4,GTF2H3,POP1,CCDC86,WNT7A,EPB41L2,ORC3,UVRAG
9080,SNX11,ZBTB14,PELI3,DOCK5,RHOBTB1,RP11-356N1.2,PISD,USP19
9081,KTN1,FAM73B,PTPN23,NR3C2,RHPN1,USP18,FBXO18,C1orf21
9082,ZNF782,TNFRSF13B,TMEM86B,RP11-156E8.1,ATP13A4,PDHB,RBBP4,ANKZF1
9083,RP4-798A10.4,PYROXD1,METTL2A,ZDHHC4,AC025171.1,GLTSCR1L,SMIM13,KIAA2026
9084,AP000254.8,NUFIP1,DHRS13,NFKBIB,SNX16,PPP1R14A,RP11-178G16.4,AGGF1
9085,ZXDB,IL10,QDPR,GRK5,PBX1,ARL8A,USP18,UBE2Q1
9086,UTP14C,C17orf72,MAN2A2,C17orf67,EDC4,AACS,IPP,RP11-589C21.6
9087,GK5,TTC7A,SLC25A46,TMEM25,ZNF525,ZGLP1,FSD1L,IQGAP2
9088,NCAPG2,UNC119B,TUSC1,C1orf216,SRXN1,C15orf40,METRNL,POLK
9089,ZFHX3,SLC19A1,GYLTL1B,OAS2,ENOSF1,RP11-752G15.6,RP11-372K14.2,TRAF1
9090,ENC1,RP11-342K6.1,PRDM4,ZMYND10,RETN,RMI1,ETAA1,CXorf24
9091,SIAH1,SAMSN1,SCRIB,ZFP62,IGF2BP3,RBM34,C6orf136,FBXL12
9092,ST8SIA4,GCLM,MTHFD1L,RAB3IP,FBXO25,TNNC2,PUS10,SENP7
9093,CCDC3,AFAP1L2,HIST2H2AC,PNPLA8,RAB13,ALYREF,CTA-250D10.23,ETAA1
9094,NAP1L5,TIMM50,SHQ1,CDH23,NEFH,TUBG1,PLA2G6,SKA2
9095,HMCES,EPHX3,PDCD4-AS1,RP11-110I1.13,JADE1,BEX4,TNPO1,FUT11
9096,ELK4,RP11-761I4.3,ACOT4,RNPS1,PCNXL3,MORN3,PPP1R15B,C12orf43
9097,TCF25,PRMT3,FAM221A,MESDC1,ASAP2,RP11-339B21.11,ZNF254,RABL2B
9098,ACSL4,CCDC14,NDUFB3,SLC14A2,DDX26B,SMPDL3A,ARID3B,BCDIN3D
9099,RP11-872J21.3,FAN1,SCAF8,PRKAR1A,C17orf67,SQLE,TMEM185B,DENND4B
9100,PIGS,RP11-282O18.3,GPR126,SPINT1,PPP1R26,ZCWPW1,LINC00672,CCDC130
9101,FAM212A,CATSPERG,RP11-138I1.4,KIF5C,DHX34,BFAR,TMEM201,USO1
9102,DNAJB4,SLC22A18,POLR3C,LCN8,MINA,SLC16A7,AP1AR,GTF2E1
9103,SLC30A6,KIAA1919,RAB39B,PTBP2,NDUFAF5,MEF2BNB,YPEL5,LYSMD3
9104,ATXN7L3,COG7,PNPLA4,FEM1C,BEND2,KCTD5,BMP2K,CCDC159
9105,SLC26A11,TNRC18,PXMP4,HMGN3-AS1,BCAT2,ECI1,DNAJC13,TRIM27
9106,SLC39A8,HIVEP2,DYRK1A,AP4B1-AS1,NIPA1,C5orf22,NUDT15,TRIM33
9107,ITGA3,PGM3,C16orf72,THOP1,ELL2,RNF11,NHSL2,PRR5L
9108,NLRP2,PAPSS2,SRRM2,APPL2,DGCR6L,PHC1,BIN2,HDAC2
9109,EEF2K,APPBP2,AP4S1,RP11-6J24.6,DRAM1,UVSSA,APLF,C11orf24
9110,HGS,NDN,ZNF274,KIF9,SLC25A25,KLRB1,P2RY11,IFT27
9111,PARP15,RLTPR,IL10RB-AS1,MCOLN3,STAT2,ERCC5,RNF8,STYX
9112,QRSL1,LRTOMT,TRIP6,DSTYK,NDRG2,CTD-2562J15.6,ZFYVE20,LPCAT2
9113,TMEM191C,FAM13B,FOCAD,NEK1,XXbac-BPGBPG55C20.2,WDPCP,TADA2B,ZNF460
9114,SETDB2,ACSS1,HOMEZ,MLC1,EGLN3,C9orf91,CTD-2037K23.2,HYLS1
9115,RP3-380B8.4,C8orf33,CFH,RP11-16E12.1,PGGT1B,PTCHD3P1,WBSCR16,LTA
9116,NCR1,BEND2,TMEM121,ABHD4,ZNF217,UBR7,RAB2B,RP11-802E16.3
9117,RAD51AP1,CTD-2085J24.4,CMTR2,ZNF781,KCMF1,RP11-52J3.3,RP4-647C14.3,PCM1
9118,C6orf229,GNAZ,CDK13,KLHL20,FAM98B,MARCH8,HCFC1,RP11-108M9.4
9119,C5orf56,KLRB1,AACS,BFSP1,CTD-2341M24.1,ABRACL,CASP3,ASH1L
9120,KLHL2,ZNF23,PHF10,P2RX1,RP11-479G22.8,RRP7A,HMGA1,KIAA0319L
9121,HCCS,ZNF749,BAALC,TRIP6,GRB10,DOPEY1,SLC25A16,C4orf32
9122,ZC3H18,VCL,FAR2,MRI1,RP11-517I3.1,FPR2,PDXK,MTA1
9123,UBXN10,DGKQ,LINC00847,RP11-517P14.2,WDR46,TXK,SENP5,SIPA1L1
9124,C1orf123,ENTPD4,PTPN7,HCG14,GFM2,ST3GAL4,PTPRK,MCRS1
9125,YWHAE,ANO9,BROX,GCA,FUT10,SIRPD,PRPF39,TRIM25
9126,TTC8,WIZ,RHBDD3,ZMYM4,NAA60-1,ANKRD17,PLEKHA1,GAS7
9127,CPT2,NBPF9,SATB1,LRFN1,KLF16,AC022182.1,RWDD3,AASDHPPT
9128,SGCE,TFE3,ZNF823,RP11-712B9.2,PLA2G4C,DPP9,ATRIP,BLOC1S5
9129,ZNF226,MCCC1,CSNK2A1,ABCC1,ICOSLG,RRNAD1,MCTP1,C9orf69
9130,HIATL1,CRAT,RHOBTB1,PIK3C3,EXOSC2,LINC01137,NOL8,RPS27L
9131,BEST1,CENPO,TDP2,PSENEN,MMS22L,UTP14A,HIP1R,EVI5
9132,STARD4,RP11-351I24.1,POLD3,RP11-390E23.6,PCBP1-AS1,AMBRA1,STPG1,ELMO2
9133,RP11-463J10.3,RNF111,MARC1,ZNF510,WBP4,GNA12,B3GALT4,HERC4
9134,ZNF337,NCAPH2,LDOC1L,CTB-113I20.2,ZNF821,ZNF544,CHKB-AS1,DCUN1D1
9135,ANKRD40,MAN2A2,SH2B3,C12orf23,TTYH2,MAMDC4,ZFP69,FAM98C
9136,ADORA2A,GXYLT1,SLC43A1,C3orf14,ZNF778,TRAF1,C15orf41,PPP3CB
9137,H6PD,RP11-514O12.4,ETV5,PIAS3,CLIP2,PDCD11,CTD-2192J16.22,CCDC97
9138,RABGAP1,USP9Y,PLB1,ZNF717,CAV1,LINC00482,RP11-87C12.2,ZNF264
9139,SOWAHD,LRIF1,RP11-466F5.8,PRPF4,LIPE-AS1,SEC11C,TTC33,HEG1
9140,TRIM26,WFIKKN1,CDC123,DCP1B,RYR1,CDK9,ZNF195,NTHL1
9141,SERPINF1,PI4K2A,DLST,OGFRL1,BCL7A,ZNF212,CCDC7,ATMIN
9142,CARD9,PMEPA1,THAP6,SLC16A5,PAQR8,TNS3,BTAF1,SEC22C
9143,C4orf36,DUSP5,COA6,TNFRSF10A,FCRL2,ZNF629,GSTA4,SPATA2L
9144,MTRF1L,hsa-mir-8072,MYO1C,SRSF1,SBF2-AS1,BCL7B,METTL25,MTIF2
9145,NSDHL,UNC50,FFAR2,C12orf4,TRIAP1,ABCB7,KB-1507C5.2,MST4
9146,RPP14,DDHD2,LRRC40,SLC43A2,MRM1,PUS7,HDHD1,TET2
9147,CLEC12A,FBXO32,CNNM3,TATDN1,CASP6,NAA50,FAM229A,TRIM52
9148,GNB1L,RP11-140K17.3,FAM72A,DRAM1,FAXDC2,BHLHE40-AS1,POC1A,RNF40
9149,PDCD6IP,BCL7A,SNX30,GALNS,DLEU2L,CSNK1E,SSH3,DHX8
9150,ZNF559,C3orf33,MEX3B,TAPT1,HTT,SNX4,CRISPLD2,R3HDM2
9151,C1QA,NCOA6,ACY1,EPS8,RP11-425D10.10,FAM214B,LRP2BP,SUMF1
9152,PLEK2,LRSAM1,TMEM220,AD000090.2,EYA3,SLC7A6,TOLLIP-AS1,TP53TG1
9153,PPM1L,RP11-70C1.1,C10orf105,CD14,PRR14L,RP11-819C21.1,CARKD,HNRNPUL2
9154,CTB-133G6.2,NKIRAS1,PDP1,ACOX1,CAPS2,C3orf38,RP11-301O19.1,MSL1
9155,ARL16,SIRT6,SSB,SERPINH1,GSTM1,PARP12,MYO1B,SEMA4A
9156,ZNF326,TANK,GEM,TMEM60,TBC1D8,AP4S1,SLC25A42,ZNF335
9157,ZNF740,ORC5,SLC9B1,RNF214,INPP5A,TEX2,BBS4,SRD5A1
9158,PFDN4,TSNARE1,KDM2A,TMEM97,HPSE,PDZK1IP1,VDAC3,ZNF586
9159,TRIOBP,BTK,TMEM116,DMXL1,TBCE,HIRIP3,SUPV3L1,SNORD3B-1
9160,KBTBD2,TNK2,FRY-AS1,TRIM23,BAIAP2,PRSS23,BRMS1,HSPBAP1
9161,C16orf91,SHROOM1,HOMER2,RP11-433J8.1,CEP68,PSMA4,SGPL1,RPS6KA2
9162,KLHL18,FAM189B,LINC00528,CXCR5,SGSM3,SKIV2L2,DCP1B,DPF2
9163,ZNF250,USP40,PRKRIP1,NFRKB,BDNF-AS,CTD-3214H19.4,NMRAL1,RPS6KC1
9164,RP11-50E11.3,GS1-124K5.11,SENP7,RP11-693J15.5,RLF,RP11-544A12.4,STAG1,S100Z
9165,RP3-400N23.6,SMIM5,FAM214B,RP11-15A1.7,MEST,STK3,MPHOSPH9,UQCC1
9166,TMEM161B,KLHL9,BEX1,SNX12,RP11-78O7.2,P4HA1,NFS1,PDCD4-AS1
9167,YPEL4,ZBTB21,RP13-270P17.3,CXCL16,AL928742.12,PIGQ,RP11-299J3.8,GATAD2A
9168,SLC26A6,DNAJB1,TNFAIP2,NIF3L1,MEN1,CD300LB,BEX5,KIAA0355
9169,SNAI3-AS1,PLD2,TTC16,FBXO11,CTB-152G17.6,TULP4,ARHGEF37,TMEM199
9170,CYP3A5,INTS12,SMPD4,ZNF668,HIST1H2AM,MT-ND3,ITPRIPL1,UBR3
9171,PEX3,CHI3L2,SMG5,ROM1,CPA5,RBM4,ADCY7,ALG2
9172,RP11-36B15.1,RABGAP1L,TMEM199,MON1A,GNAQ,CD160,SNAP47,RP2
9173,TRAF7,CTA-384D8.35,RAP2A,BACH1,RTN4IP1,NNT-AS1,LRRC59,EFCAB4B
9174,SYNRG,ZGLP1,NOG,VGLL4,LAMP5,KCNQ5,PPIL3,IL1RN
9175,RP11-16E12.2,RP11-582J16.5,MT-ATP8,SYCE1,KTI12,SAMD1,HMGA1P4,TXLNG
9176,FBXW4,FBXL16,CTD-2054N24.2,GPATCH3,RPAP1,TTC28,MTHFD1L,SMG7
9177,DNAJC13,PIKFYVE,VTI1A,ANKLE2,IPO4,FLVCR1,AC074289.1,C17orf85
9178,RP11-367J11.3,SSPN,IGFBP7,CORO2A,RP11-159D12.2,GALNT1,FAM177B,INPP1
9179,MDP1,CDC27,PAXBP1-AS1,HDAC4,SMC5,RP11-1149M10.2,SLC39A6,MON1B
9180,RP11-379H18.1,CRIP3,SYT11,ZFYVE21,MED14-AS1,SLC39A6,AP1B1,CASP10
9181,NAP1L6,HSD17B8,HIVEP2,NRIP1,RLN2,THAP8,TMPO-AS1,ABHD17B
9182,MED24,MKS1,PROSER1,DGCR6,MOB3B,TMEM161B-AS1,CTD-2267D19.2,CNOT11
9183,PELI2,RAB11FIP3,ATG9A,AC018816.3,AMFR,POLG,ZNF354A,R3HDM1
9184,AHI1,MAP1LC3B2,EPHA1-AS1,IRGQ,SCRN3,PDK2,NKRF,FOXJ3
9185,ZNF440,FH,TCF20,RP5-1050D4.3,HIST1H2BC,RNF111,ZMYND19,C1QC
9186,POLR1B,VENTX,BUD13,TTC22,AP001372.2,PCNT,C19orf60,SUPT3H
9187,MSC,HCG18,EIF4ENIF1,WRAP73,ZNF264,AC005523.2,TOX,ZBTB43
9188,QPCT,TSR3,RSG1,TMIGD2,SH2B2,NFYC-AS1,EPHB6,FARS2
9189,LANCL1,HDAC8,FAM171A1,FAM206A,KIDINS220,SLC35D2,SEC24C,EIF2D
9190,D2HGDH,KBTBD2,APOL6,WDR89,SLC35F6,VCPIP1,VPS11,ICAM4
9191,UBE3D,HMGN3,HIC1,SPEF2,DDX41,SRSF10,RP1-197B17.3,DTX2
9192,SLC35G2,C9orf72,CPNE7,EID2,ROM1,AFF1,RP5-886K2.3,DUSP12
9193,ZNF787,PASK,CKB,RFX2,PLEKHO2,ST7L,DGKE,CRIP2
9194,GNG5P2,ZSCAN12,LTC4S,ASPHD2,ERMP1,SOS1,TTC21B,LANCL1
9195,HK3,RP11-505K9.1,FAHD2A,RAB3D,EXOC8,TTI2,NT5C3B,NFAM1
9196,EIF5AL1,RP11-1079K10.4,PPM1N,RP11-713M15.2,BFSP2,VPS35,GPR132,C14orf64
9197,KBTBD7,CKAP2,PTRH2,GNPDA2,SLC12A7,MAN2B1,LINC00938,PRKCA
9198,GNAQ,PSMD10,PAXBP1,ZNF526,CCNA2,ZNF778,HK2,RNF19B
9199,VPS54,TMCC2,STX17,LRRC29,FAM212B,TSSC1,PYCRL,SPEN
9200,GPRC5C,CPD,EXOSC5,GTF2A2,RP11-140K17.3,LINC00861,PLEKHG3,TMEM218
9201,CPNE3,SAP30L,SDR42E2,TAF15,RP1-20N2.6,DR1,CENPP,GLS
9202,EI24,THBS3,HELLS,GTF3C2,TUBGCP5,BBIP1,RP11-111M22.2,TRERF1
9203,IRF3,SLC35E2B,MSRB3,CHAMP1,FAM219B,RPP14,DAAM1,FDX1L
9204,CENPO,LINC01137,REEP3,AC093609.1,ZBTB49,PTTG1IP,LIN54,IMPA2
9205,ARG2,SYNGAP1,RAB8A,ICOSLG,WDR59,MED26,UNC119B,PLCD1
9206,ZBTB37,CRELD1,ANKHD1,TLN1,LILRA1,FBXO32,INADL,RGL2
9207,SELK,BTBD1,EVI5L,LDLR,MLTK,CTD-2031P19.3,MICU3,ANKFY1
9208,ATAD2B,LASP1,LLGL2,GABBR1,H3F3C,COMMD1,F8,ZNF430
9209,NIPAL2,OXLD1,HERC5,TXNDC11,PLXNA1,HMG20A,SLC25A24,SMARCD3
9210,GPR155,KLRF1,MAN2C1,TOPBP1,SCAF8,NEMF,NOD1,FARSA
9211,POFUT2,AC005306.3,XPO4,MIER1,ATP6V0A1,SLC20A2,SNRPD3,USP25
9212,CDCA8,DAB2,CLCN1,DUSP11,TULP3,MARCH6,NAPB,RP13-1032I1.7
9213,CTC-428G20.6,LONRF1,FAM189B,ANKRD13C,SPATA5L1,SCRN1,ZNF140,DEDD
9214,RP11-383H13.1,APEX2,ZNF251,DXO,LONRF1,NUP205,CERS5,ULK3
9215,CAMK1,IFFO2,UCHL5,ARHGEF40,SMOX,C2orf74,TLDC1,VPS13A
9216,FOXRED1,ORC4,TMEM127,KLHL21,DPY19L4,CCDC125,POU5F2,RASSF4
9217,FEZ1,SETD8,MARVELD1,ZNF571,RALGPS2,LEMD3,MPP6,RP11-138A9.1
9218,FGD2,MRPL42,BLZF1,ZNF467,PRR11,SCAF11,CDCA7L,ORC5
9219,CYP2U1,HYLS1,MTERFD3,PLAGL2,USP30-AS1,SPG11,RP11-658F2.8,NPL
9220,CASC5,PDK4,KANSL3,SEL1L3,ZMYM3,TRPS1,AC115618.1,ZNF830
9221,GGPS1,BTBD11,RP11-692D12.1,CCDC77,SLC25A28,FXYD7,CTC-378H22.2,USF1
9222,HBEGF,RP11-750H9.5,ZC3H12D,SNX13,RP11-511I2.2,KIF5C,CDKL1,KPNA1
9223,PGPEP1,ZSWIM3,RP11-799D4.4,RDH5,RP3-455J7.4,PTGDS,HSF2,BET1L
9224,C12orf49,RP11-319G6.1,C19orf82,RNF111,ULK1,ZNF260,WDR27,LRRC8C
9225,HNRNPH3,SIK1,CBX5,ST7L,HNRNPAB,CTC-507E2.1,CHST11,EED
9226,ACSS2,MARCH6,SUPT6H,GIMAP8,SCAMP3,DIRC2,ATP10D,MTHFR
9227,PIGC,TBL3,PECR,SYNGAP1,ZNF564,RASGRP1,PERP,FANCA
9228,MED12,TMEM186,ZNF44,RAB13,SMIM1,NR1H3,NIF3L1,THAP6
9229,MMS19,RP13-516M14.4,CES1,GDAP1,PAICS,SUPT16H,AMN,ING5
9230,GPR132,RP11-17M16.1,KIAA1467,STAG2,RNASEH1-AS1,GTDC1,ZNF81,CNPY2
9231,FTSJ1,APOLD1,SLC35G1,WRN,PAGE5,PPTC7,NUSAP1,MLST8
9232,CCDC12,ACTL10,RP3-467N11.1,TMEM229B,ZCWPW1,VEZT,BTBD2,PDLIM5
9233,ESYT2,RP11-58E21.3,KIAA1598,DENND6B,C1QB,ACIN1,SNRK,PINX1
9234,GCC1,KIF9,HES1,ZNF12,FBXO41,CREBBP,C5orf55,PCF11
9235,PIGG,TMPRSS11E,C1orf159,TADA2B,SLC30A6,SLC25A44,ECHDC3,PRMT7
9236,RETN,C1orf216,STRIP1,RP11-643M14.1,PTPRN2,ATPIF1,GOT1,RNF111
9237,SLC22A17,LSR,AKTIP,CLN6,RSPH3,CHUK,FAM86A,ZCCHC8
9238,HPDL,ZNF789,LINC00426,NEIL1,SYNJ2,RP11-245J9.4,ZNF664,HDAC7
9239,NR2C1,RP11-446N19.1,KIF3C,INPP5F,ZNF839,THADA,NME6,RABEPK
9240,GEMIN6,FCRL6,GATAD2A,ALKBH8,BTLA,ZNF652,PLCE1,CEP68
9241,ZNF814,CDK18,USP3,ZNF614,RP11-563N4.1,SMARCAL1,GSTM1,AC074289.1
9242,RABL6,MANBAL,ARID3A,LRRC7,RASL11A,PIP5K1B,RABGAP1,RPS6KA4
9243,THUMPD2,LYSMD4,EZH1,ERI2,GNAO1,FMR1,PPP1R16A,PRRC2B
9244,RASSF2,CSRP2,HEMK1,YPEL2,LIMS2,PXMP2,TOP3B,SUPT16H
9245,ALG8,C5orf66,SNTB2,DSN1,ZNF41,SNTB1,RP11-134P9.3,ARPP19
9246,TBC1D10B,RP4-758J18.2,HES4,ASPH,CEP63,KDM3A,P4HA1,YLPM1
9247,CLN6,RP11-36B15.1,NT5M,FAM201A,EIF4ENIF1,SH2D2A,RP11-143J12.2,SLC6A6
9248,EREG,UBE4B,HYAL3,POU2F2,ZNF624,RNF2,ING5,DRG2
9249,PAPL,ADO,ZNF780A,CPOX,TFIP11,OSBPL1A,KIAA0368,DNAJC3
9250,TBC1D13,SLC25A10-1,TFEB,SH3GLB2,CHD7,PNPO,ZNF43,MXD4
9251,MTMR8,EED,OLA1,NRGN,CFL2,TIMMDC1,PXN-AS1,KCNQ1
9252,HIST2H2BE,CLK2,KIAA1324,FUT4,SARDH,BDH2,SOS1,BUD13
9253,DKFZP779L1853,PCYOX1,ZSCAN29,SRFBP1,KLF7,C16orf58,MYBL2,CASP7
9254,CALD1,CEP95,RAD54L2,UGGT1,TTLL1,PASK,ATRN,SLC35F6
9255,VILL,WDR3,POC5,HIF1AN,APEX1,HSBP1L1,BLOC1S5,NISCH
9256,ZBTB39,SDCBP2,MEST,CSF1,INO80B,PPM1A,SAP30L,TTLL3
9257,PMM2,IFT46,C1QB,RP1-28O10.1,SCAI,PDRG1,CBWD2,RP13-977J11.2
9258,DMXL1,SLC25A12,GCH1,RNF31,C7orf25,PPP2CB,KLHL12,FADS2
9259,WAC,LOXL1-AS1,HLX,OGDH,CEACAM3,RAPH1,CTD-2162K18.5,AC011899.9
9260,RHBDD3,SMARCC2,SH2D3C,LINC00174,TK2,MCM3AP,RBAK,SNAPC3
9261,ZWINT,ORAI1,GSKIP,C16orf62,SIAH1,ZMAT1,NUDT11,WASF2
9262,OGFRL1,UQCR10,CCNJ,LTC4S,WDHD1,UCK2,HIST1H4E,SLFN11
9263,ZNF445,TGFBRAP1,COMMD2,TK2,HDX,OTUB1,RFNG,PDK3
9264,GLT1D1,ANKRD49,ZNF799,NAB2,POLE,GZF1,VEGFB,HEBP2
9265,PRDX6,PDE8B,MYO6,TTC21A,AC137932.6,ZNF273,PAX5,BTLA
9266,PPARGC1B,DST,AP001058.3,DNAJC8,SPAST,ATG14,GPR126,LPIN2
9267,RP11-404F10.2,SPRYD7,UBTD2,SGOL2,SETD9,RN7SL1,C1QTNF4,HEXDC
9268,AACS,ATP6V0C,KIAA0513,SGCB,ATP7A,RFT1,CTD-2054N24.2,C2
9269,NSMAF,CTBP1-AS2,DYNLT1,SMAD4,CCNB1IP1,MSANTD3,IARS2,ZFAND4
9270,PTCRA,MUS81,SIRPA,SETDB2,C8orf44,PABPC3,SRF,MNAT1
9271,ABI1,SIAH1,RAPGEF6,MGST2,SGCE,HERPUD1,COASY,CIZ1
9272,GNB1,CMTR1,TP53I3,RP5-886K2.3,SNRNP27,C2orf47,C9orf40,MAML2
9273,CHD2,RP11-66N24.3,LRRC28,FAM86A,BACE2,MTRR,USP6NL,CDK19
9274,OSER1,PBX4,MYH9,FAM120AOS,SPEN,SLC27A5,MANEA-AS1,HOMEZ
9275,TRAPPC10,PDZK1IP1,GMNN,DUSP4,SEMA4A,ATF5,SLC29A2,TMEM134
9276,SNX25,MRPL53,GPR150,ADAM22,LSG1,GTPBP4,CHCHD6,MFSD12
9277,PAPOLG,RP11-867G23.4,MAP2K5,FAM24B,SLC25A36,HIST1H2BK,VSIG10L,BLNK
9278,BTBD6,PRRT3,ASGR2,ST8SIA1,FCGR1A,AC005944.2,GOLGA8A,C4orf27
9279,LYSMD3,LPCAT4,NACC2,TMEM30B,RP11-318E3.9,C11orf54,DROSHA,SPATA13
9280,WWP1,GPR56,UBE3B,RP11-314N13.3,ERGIC1,BET1L,RP11-265N6.1,ARMCX3
9281,ZNF564,INTS3,SETD9,SEC11C,PIGX,SNX15,PTAFR,QKI
9282,CUZD1,SASS6,COMMD8,HERC3,SLC31A2,TCEAL3,MFNG,FAM3C
9283,MDN1,NAT14,SDCBP2-AS1,MAP7D3,WDPCP,MYO5A,SFT2D3,PSMD5
9284,NUMB,PATL2,LINC00341,GPHN,LONP1,ZC3H12D,ZNF708,DTX3L
9285,ZNF444,NAPB,CCDC61,GEMIN6,RPEL1,CPSF7,CTD-2186M15.3,NINJ2
9286,IRS1,SMAD7,SEC24C,NDUFA13,DESI2,KPTN,PGPEP1,TMEM170A
9287,ZNF367,PPP2R1B,SSX2IP,LINC01024,CTC-459F4.3,DTX2,RBM19,GID4
9288,RP11-403A21.1,CEP44,ARHGEF7,ABRACL,NDUFS7,VPS4A,SYNC,POLDIP3
9289,RP9,TMEM38B,APPBP2,RP11-617D20.1,LATS1,MRPL12,DOLPP1,DDX47
9290,ICAM1,HMGCS1,GOLGB1,ZNF611,SLC25A42,EPHA1,DKFZP434E1119,SNX1
9291,PRKAR2A-AS1,BCL2L1,FGD4,PAM16,LINC01119,RRP1,DCAKD,RANBP2
9292,CHKB-AS1,KCTD2,THOP1,TEC,TMEM135,PRKAR1B,THAP9,SNRPN
9293,MGAT4B,PSMG1,KLHL3,DHX32,ANKFY1,FCGRT,PRUNE,GMCL1
9294,PDE6G,RP11-879F14.2,RP11-468E2.5,C19orf54,UBXN7-AS1,STAM,TCTN1,HENMT1
9295,PKM,COX5A,DECR2,KB-431C1.4,DET1,HEMK1,SLC25A51,HLTF
9296,LGALS9B,CD72,ZMPSTE24,PTGDR2,PLXNC1,MNAT1,C12orf29,NLRP3
9297,TPX2,MYO1E,FAM188A,ALDH1B1,FNIP1,ARFGAP1,PIBF1,PARP8
9298,ZER1,HDX,AMT,DNTTIP1,ZBTB20-AS1,DGAT1,GOLGA7,IL21R
9299,PKN1,EDARADD,ABCB1,RNF144B,CLEC10A,UBL7,ZYG11B,EHMT2
9300,RPAP3,NELFA,GPR68,N4BP2L2,STARD5,PHAX,AGPAT4,PHC1
9301,KIF19,TLE1,TBCE,TMEM121,TMEM39B,RPL26L1,NUDT6,KLHL36
9302,CYP20A1,KDSR,RP4-728D4.2,DOCK9-AS2,NBPF9,POLL,R3HCC1L,CCNT2
9303,NMUR1,SLC12A2,PORCN,ATG14,OSBPL7,BPTF,THEM6,NLE1
9304,KIDINS220,SYCE1,FMR1,TVP23B,AP1S3,C20orf194,VWA9,CHD4
9305,IDNK,EXTL2,PIP4K2B,MAD2L1BP,RBAK-RBAKDN,ZNF768,LGALS8,EXOG
9306,RP11-284N8.3,RP13-753N3.1,ADAM17,ARL10,LINC00877,ZNF33B,SCYL2,TNFSF12
9307,PTPRK,ZCCHC17,PPIP5K2,CTC-228N24.3,LMNB2,ZCCHC17,WDR75,CXorf56
9308,KLHL8,RP11-85A1.3,PLXND1,ETF1,POLR2A,RP11-506M13.3,SETBP1,MFSD11
9309,ANO6,PER2,ZNF777,PAF1,COQ6,FAF1,RP11-222K16.2,KLHL24
9310,ITGA10,ACYP1,C16orf58,PLA2G4C,ZNF726,NIPAL2,MRE11A,RNMTL1
9311,HMBS,AC006129.4,RP11-109G23.3,TMEM161B-AS1,EML2,EGR1,TARS2,KCNMB1
9312,C17orf75,CTD-2017D11.1,RP11-544A12.4,HLA-DQA2,USP35,ACTL6A,PABPC1L,TRIM44
9313,RPAIN,RP11-385D13.3,RPF2,SLC39A4,ZNF451,ZNF197,TRAM2,CUL4A
9314,ZNF404,BTBD7,AK9,TCEB3,RP11-427H3.3,SEC24C,TRIQK,SPATA5L1
9315,SLC25A14,ST7,RP11-448A19.1,RXRB,PIAS3,FAM103A1,FAM63A,STK32C
9316,ENHO,CD28,CTD-2555O16.4,EXOSC5,CEP120,SUFU,ZNF792,TAZ
9317,ANK1,PEX1,HYAL2,C2CD3,KCTD12,ALG11,AGAP2,WBP1L
9318,MIR4519,PTPRN2,CPNE1,PLD4,SLAMF8,EPM2AIP1,C8orf31,METTL3
9319,ANKRD35,MRPL43,SERPINE2,METTL22,PTPLB,SART3,SLC25A26,SBF2
9320,B3GAT3,ZDHHC21,EFNB1,NUDT11,HPCAL4,PINLYP,RBM45,COPS7A
9321,TXNDC5,RP3-510H16.3,TMED7,NUP62CL,HSPA1B,CRYZL1,LDB1,SCRN2
9322,PFKM,SPCS3,RP11-290D2.6,RP11-85A1.3,UPRT,RP11-178C3.2,FBLN7,CTD-3138B18.5
9323,C19orf68,RP11-379F4.9,IL12RB2,RAB7L1,ZMYND19,MPND,ZZEF1,EMC2
9324,DHX32,L1TD1,CUL2,CTSK,CHN1,RP11-443B7.1,RP11-457M11.5,SMS
9325,ZNF33B,CSNK2A1,GIGYF2,SPRYD4,E2F5,SNRPN,LHPP,KIAA0907
9326,SLC33A1,TCF4,CD93,ARSD,MFSD12,LSM14A,RP11-164H13.1,RP4-728D4.2
9327,TAF15,C11orf24,MORC2-AS1,PITPNA,L3MBTL1,RFX1,RP11-680G24.5,LEMD2
9328,HSF2BP,CDK17,SIRT7,YES1,IZUMO4,ITFG3,PACS2,ANGEL2
9329,ACTR1A,PNMA5,RP11-119D9.1,MAPK7,CTD-2256P15.4,GCLC,MEIS1,VWA8
9330,PVRL1,LDLRAD3,FAM193B,GPX3,SDCBP2-AS1,NR1D1,ARRDC3,GSTA4
9331,CEP250,OSBP,KIF9,EXOC5,MRPS24,LINC01094,SEC31B,MAST3
9332,LYL1,TBCK,ACP6,ZNF823,KDM3B,KPNA5,GOLPH3L,NUP43
9333,GGACT,SLC2A4RG,PTBP1,PVRL2,AC145212.1,RNASE1,SLC37A3,SIDT1-AS1
9334,KIFC3,CTD-3074O7.5,RBM47,ZDHHC16,ZNF200,RANGAP1,ERCC3,RP11-326I11.3
9335,AP2A2,RP11-538P18.2,RP11-841O20.2,AC097500.2,AP4S1,DAZAP1,RP11-111M22.3,SLC35B4
9336,NDUFAF6,FMN1,ADCK4,EXOC6B,NECAB3,DHFRL1,UBE2W,ZMYM2
9337,SLC39A9,GP1BA,AGAP3,RP11-164H13.1,DENND4A,YARS,PPP2R5B,SLC12A7
9338,PLSCR1,PAXIP1-AS2,IPPK,MRRF,MSL3,C14orf93,TRERF1,ZNF775
9339,LAGE3,EXD3,RNF25,C11orf63,AHSA1,ZMYND11,TNNI2,HLA-DOB
9340,DUS4L,CAMKMT,MOK,NUDT12,PCP2,PLEKHG3,FCAR,LAMTOR5
9341,C1orf35,TLR8,DYNC2LI1,LRRCC1,RP11-44N11.2,FARS2,PECR,DDX60
9342,AC009501.4,ZNRF2,ZNF25,SLC35E2B,KANK3,TUBB2A,RP11-773D16.1,CTBP2
9343,MCM8,TSPYL5,PTGS1,CETN3,WNT11,RP11-214N9.1,SDCCAG3,SLC39A7
9344,RP11-111A22.1,CENPE,LRRN3,MTERFD1,PGM2L1,LINC01136,XXbac-BPGBPG55C20.2,PCCA
9345,COCH,RP11-817O13.8,MXI1,HLA-DQB1,VEZT,CEBPA,SPTLC1,PIGV
9346,AL139099.1,WDR43,NMNAT1,CES1,FOXP3,AGBL2,DPY19L3,IKBIP
9347,SCT,PELP1,FAM3B,ATP8B2,RP11-295P9.3,TSPAN13,RAB11B,TOP2B
9348,KLHL22,OTUD6B,A2M-AS1,RNFT2,FAM122B,ZNF205,FLYWCH1,IKBKB
9349,CCNI2,GSN,REST,CUTA,FUS,RP11-649E7.5,ZNF273,MRPL38
9350,RP11-588G21.2,RNPEP,PSMD2,TMEM38B,MYO15B,MORF4L2-AS1,SIDT2,FCHO1
9351,TRPS1,HTR3A,PPFIA1,VAMP1,AC093388.3,PHLPP2,XRCC4,STK40
9352,MARCKS,PHIP,MAGEH1,MCF2L,SH3BP5,REPS2,HYLS1,UBXN2A
9353,COPS7B,RP11-660L16.2,SLC38A10,LINC00115,GYS1,TFPT,VWDE,PPP2R5D
9354,LILRB4,SENP3,FAAH2,TKTL1,PBLD,VPS45,SLC48A1,RBMXL1
9355,CD8B,DDX59,SMAD5,MARCH3,ABTB1,DECR2,TUSC1,RAB20
9356,ZNF385A,RP11-1407O15.2,MED27,SMNDC1,ASAH2,FSD1,ZBTB43,ZBTB22
9357,ARIH2,SLC4A7,ZNF621,TRIM66,PDE8A,SERPINB8,ZBTB32,ZNF224
9358,ARL5B-AS1,NOM1,ENTPD6,AC005082.12,FNIP2,FAM188A,KBTBD11,TRIM56
9359,FCGR1A,AC025335.1,LAMP3,SSTR3,SGMS1,RP11-538P18.2,TSC1,RB1CC1
9360,CYTH3,PRKRIR,COL6A2,SLC39A1,IMPDH1,NDUFA12,PARP2,NOTCH1
9361,ABCF3,SRSF10-1,FAM174A,RP11-293M10.5,GFI1B,TRAPPC11,ZNF134,REEP3
9362,CCZ1B,UTF1,PVR,PLEKHG5,PRKRIR,SLC25A26,DHRS11,C18orf21
9363,SHPK-1,FAM206A,AP5M1,ACPL2,NAIF1,RP4-673M15.1,C11orf84,GRWD1
9364,CTD-2023M8.1,HGD,FBLN2,MFSD4,CNNM3,RP3-399L15.3,POGLUT1,SLC36A4
9365,DIP2B,RP11-513I15.6,SEZ6L,MEF2BNB,ATP2A2,KCNC3,ADCK5,GPR82
9366,CHN2,XPO4,TMEM88,OTUD4,NR3C2,C10orf91,KLHL2,CTC-523E23.11
9367,GNGT2,SPATA5L1,FBLN7,MAP1LC3A,COL9A2,AXIN1,POLL,CMTM8
9368,NHLRC1,ZNF773,FASTKD1,STK35,HIST1H2AH,SLC5A6,C10orf88,BCL6
9369,NARFL,HDHD2,RASGRP4,C2orf68,ZKSCAN8,KLC2,RNF103,INPP4B
9370,LINC00299,DDB1,POGLUT1,CERS2,THAP2,PPP2R2A,TBCEL,PIK3C3
9371,VBP1,LRRC34,GCDH,HERC4,RP11-468E2.5,SECISBP2L,FMN1,RAB11FIP4
9372,SLC25A39,ERBB2,UBFD1,CLPB,ASAH2B,IFT27,AC012360.4,RAB30-AS1
9373,PLCXD1,C9orf85,TBC1D1,RP11-496I9.1,SLC25A14,CAMKK1,LDOC1L,PCYT2
9374,CAPN8,HRSP12,MYO9B,SLC48A1,ZNF592,DHX33,ZFP36L1,YARS2
9375,ERMAP,FPGT,HIATL2,CCZ1B,MTM1,KIAA1429,RGS2,PPAN
9376,MON1B,VPS33B,KIAA1109,ZNF837,C12orf60,VAV3,ALKBH6,MSL2
9377,KCNH8,LACE1,SLC4A10,TET2,FAM201A,ESRRA,CNR2,RP11-18H21.1
9378,SNX29P2,PRIMPOL,PIP4K2C,ZSCAN16-AS1,TPPP3,PAPD4,SLC2A13,NUPL2
9379,AMN,RP11-46D6.1,RP11-108M9.6,DAB2,GP6,DPYD,BTBD11,DICER1
9380,ZDHHC9,ZNF837,DTD2,ZNF106,EHD3,HTT,PRPF19,SNORD3B-2
9381,P2RY14,DTNA,YTHDF1,TUBB1,U2AF1L4,KIAA0226,CORO2A,SNX22
9382,FAM214B,DOLPP1,RP11-1070N10.3,NKIRAS2,SNURF,SFMBT1,RAB3A,AIM1
9383,TNFRSF11A,PALB2,IPO8,RBBP5,RAPGEFL1,QSOX1,GTPBP8,KIAA0141
9384,RP5-1074L1.4,C9orf41,USP25,RBM26-AS1,ILF3-AS1,AP5Z1,FAIM,S1PR1
9385,ABCB1,DLG5,CTD-2260A17.2,LINC00309,ZBTB43,HMGCR,SLC15A4,CLEC12A
9386,MED23,C16orf98,CSNK1E,HHLA3,DUSP18,RP11-361D15.2,CCL3L3,RP11-81H14.2
9387,KPNA4,HEXDC,SLC9A7,ETV5,MS4A4A,CAPS2,SCFD1,LTB4R
9388,SEPSECS,RAD51B,ZNF700,MMP9,HAUS4,MAP3K2,CTA-384D8.34,CYFIP1
9389,PDHX,FAM208B,SYCE1,STK38L,RBBP9,SNX18,DIEXF,MAP4K4
9390,DENND6A,ZCCHC6,NR1H3,DNASE1L1,TRIQK,RP11-166B2.8,UCK1,KATNA1
9391,RP11-104L21.3,CNOT3,MTUS1,FAM109B,CCNB1,CHCHD7,BRD1,FYTTD1
9392,B3GNT8,SLC39A13,MKKS,KRTCAP3,GS1-124K5.11,ZNF383,PBX4,KDM1A
9393,PWAR6,KIAA0825,RNF123,MYH11,KIAA0513,SUSD3,PHF6,RTN4
9394,BTRC,FBXL3,LTBP3,ACRBP,PUS1,GPATCH11,SCN1B,RCE1
9395,FAM122C,RAVER2,NUDT15,KDM4A,CHN2,MAGED1,RP11-485G4.2,DNAAF2
9396,USP46-AS1,ACAP3,NCALD,ARHGAP11A,DHCR24,PDPR,RP11-706O15.1,PPOX
9397,SLC4A2,MIAT,AGO4,RP11-430B1.2,PPIL2,RP11-589P10.5,RP13-977J11.2,SIGLEC7
9398,ELP5,HIST1H1E,SRF,KIAA1324,TRAPPC12,NFXL1,ZNF776,ZNF37A
9399,ANKRD32,ARGLU1,CHCHD4,EGFL7,RP11-15H20.7,BRWD3,POLR3A,DIDO1
9400,HADH,DOCK3,RP11-70P17.1,EFTUD1,RP5-1024G6.7,PTPN23,PLEKHG5,AP1S1
9401,ZNF184,PIK3R2,CUL7,TBC1D10C,HNMT,HCG11,HYPK,YKT6
9402,UCK2,ZFPM1,MAP1LC3A,PRR3,NCF4,RP5-943J3.2,KLRF1,TSPAN31
9403,SCOC,GIT2,PGRMC1,RNF138,RP11-442H21.2,CTD-2547L16.1,PCNXL3,USP32
9404,DOT1L,RP11-169D4.2,VPS18,RILPL1,SLC25A23,RP11-1151B14.4,RP11-640M9.1,RASGRP4
9405,CNNM2,DMWD,MED30,AHNAK,ZNF397,MCC,PHLDB3,XXbac-B135H6.15
9406,CCDC117,CEBPA,MRPS22,SLC12A2,BMS1,PQLC1,LIPE,REV3L
9407,C17orf58,PLEKHF1,PTPN11,IGF2R,IQCG,TMSB15B,SFXN2,PWWP2B
9408,FLCN,CDCA5,ZBTB45,TOP1MT,CYP3A5,CDC14A,AC006369.2,FEZ2
9409,ZSCAN30,TMEM182,WASL,MUTYH,ZNF708,FUNDC1,AP3M2,TMCO3
9410,ECE2,PLEKHB1,MLST8,CNFN,KIF1C,ZNRF2,RP1-187B23.1,MRPL42
9411,LUZP1,PAQR4,PPAN,HOOK3,ZNF683,CPEB2,RP11-158M2.3,CLIP1
9412,FUT7,WDR5,GADD45G,GTPBP8,IPCEF1,RACGAP1,CRTC2,CTNNA1
9413,FAM109A,RP11-452F19.3,KATNB1,RALB,MARK4,SIPA1L1,AIMP1,NUMA1
9414,ENKD1,CNOT10,FAM120C,ZNF700,LILRA5,THEMIS,AC009065.1,KIDINS220
9415,USP47,RP11-54O7.17,URGCP,RP11-258F1.1,FBXL16,MLST8,MNT,DCAF5
9416,INO80D,MSANTD3,PGAP1,BRD1,ANKRD9,IMPACT,LETM1,PLAA
9417,HID1,GPAA1,DIEXF,RP11-420G6.4,ACO1,CLEC4E,TPST1,AC092580.4
9418,HOOK2,RP11-455F5.5,C16orf45,ZNF880,STX1A,CYB5R2,TACO1,PIGG
9419,TRIM44,ADRBK2,LIN9,CRTC1,TOPORS-AS1,DHX40,C7orf43,DGCR14
9420,C4orf47,ALS2,ZEB2-AS1,KIAA0430,PAPOLG,SDS,EED,AGA
9421,PRDM4,SNX21,BAG3,NPC1,ADAP2,SPG20,AC002117.1,DDX10
9422,TSPAN15,ANAPC7,RAP2B,APIP,ABCC3,SERGEF,CAMTA2,RP11-1399P15.1
9423,WWC2,CTA-250D10.23,MMP25,ZDHHC2,TMEM68,ZNF677,RFX2,STXBP3
9424,MDM4,PAN2,CCDC96,NT5C3B,RDH10,HCFC2,AC011899.9,CYP20A1
9425,RP11-166P13.4,FASTKD2,TRIM5,BAG4,GPA33,LARP1B,SPATA13,AP5M1
9426,FHOD1,ATF2,SARS2,AP1G1,FUT8,CGRRF1,CCDC151,ARHGAP24
9427,LST1,H1FX,GPN1,CA6,PHACTR4,RMDN2,C11orf68,ZBTB2
9428,WDFY2,TPT1-AS1,TRIM47,ZNF43,TRAPPC11,VPS13D,RP11-110A12.2,C2orf76
9429,TET1,KANSL2,LPCAT2,PTGR2,MSH6,FBXL19,SART3,USP11
9430,ZKSCAN2,FAM43A,VPS39,CD84,TEF,CPQ,WDR26,TMIGD2
9431,MNDA,PSMD5,GPATCH3,ZNF776,CNOT10,SNRK,HRASLS2,C9orf41
9432,RARA,TXLNG,DHRS9,LRRN3,SLFN11,XCL2,TMEM115,ERGIC2
9433,FBXO46,RABGAP1,ZNF726,PPCDC,GCNT2,JADE1,ZNF202,CANX
9434,CPSF3,CTD-2537I9.12,PET112,SH3YL1,RP11-342K6.1,ZBTB7A,TMEM229B,ZNF672
9435,RPS17,GOLGA2,FBXL6,MIEF2,MVB12B,POM121C,MICU1,C14orf159
9436,TTC30A,AATK,HNRNPA1L2,TLR10,SULT1A3,C14orf28,NDUFC1,GPALPP1
9437,NAPSA,LIMK1,PDS5B,YPEL1,RP11-362F19.1,RP1-197B17.3,PSME4,RP11-277L2.3
9438,RP11-47A8.5,NVL,CTD-2186M15.3,VEGFB,FAM131A,KIAA0907,FAM227B,SPIB
9439,PFKFB4,ULK4,MGST1,SLC38A5,CEBPZ,POP4,NAPA-AS1,ELF4
9440,RP5-1021I20.1,AHCY,B3GNT8,NHEJ1,PTRH2,FMNL3,MROH1,THAP1
9441,ARRDC5,RP13-1032I1.7,PPARD,FPR1,RP4-561L24.3,GCNT1,TNRC6A,NSDHL
9442,CTC-209H22.3,RP11-265N6.1,AC009005.2,ZNF267,USP3-AS1,URB2,PAM16,RPS17L
9443,C8orf37,NFRKB,FAF1,CRELD1,ZBTB14,SPTY2D1,RP11-295G20.2,SRCAP
9444,CASK,MATR3,TIAM2,LENG8-AS1,RSAD1,TK2,RP11-390P2.4,RIN1
9445,TMCO4,ORC6,RNFT1,DVL3,CTD-2006K23.1,ELK4,ZNF184,FKBP4
9446,CEP85L,DTX1,PSMC1,ZNF621,RP11-861A13.4,CCDC134,UBIAD1,PITPNA
9447,CCL20,RAF1,KLHL9,SGTB,HIST1H3A,CEP76,MBD5,R3HCC1
9448,APOL1,ZFP62,RIC8B,NAA38,TADA2A,MARC1,TROVE2,PHTF1
9449,ZNF582,BCL7C,ZNF445,MED13L,PANX1,TIGD6,UBE2C,POLRMT
9450,PGM1,LGALSL,MEFV,AFG3L2,CTC-534A2.2,LSR,ZNF45,LTN1
9451,TATDN3,GMEB1,DIAPH2,TPPP3,RP11-588G21.2,DTWD1,MAPK8,STAT6
9452,CSF3R,CAPN10-AS1,NDEL1,TEX10,WDR89,DTHD1,TMEM71,RARA
9453,RP11-110G21.1,TRIM68,CLUAP1,MYH3,RP11-326C3.15,SLC8B1,SNW1,EXOSC2
9454,TRIM47,CCDC174,SLC2A9,ATN1,CBWD3,USP45,AC120194.1,PDK2
9455,NEK4,RP11-126K1.2,RP11-285F7.2,EXOSC2,ZSCAN22,ZNF737,RP11-291B21.2,FES
9456,RPH3AL,C4orf29,ATAD3A,POU5F2,LRRC8C,AP000769.7,RP11-809N8.4,SH3TC1
9457,RBM10,SIRT4,MED18,RP11-755B10.4,CCR6,TMEM65,GPR180,ARIH2OS
9458,KLF16,ALKBH1,ZBTB17,TMEM161A,ING4,DIS3L2,KIAA1279,CDK5
9459,BRMS1,RP11-309G3.3,NCAPD3,ZNF124,SMARCA5-AS1,ARL5B-AS1,PARP3,FOXO3
9460,TMCC3,ZNF780B,IGF2BP2,RP11-996F15.2,IL11RA,RP11-117D22.2,FAM117A,MAGOHB
9461,ZNF773,PPP1R14A,PIBF1,SIRT3,ITGA6,IRF2BPL,SUV39H1,LARP4B
9462,RP3-477O4.16,FBLN2,EXT2,HIST1H1E,PTCD2,RP13-1032I1.7,MYO7B,PISD
9463,TMEM176B,RP11-416N2.4,ARHGAP26,PLXDC2,FAM188A,SESN2,C2orf74,STAU1
9464,APTX,AIF1,RHNO1,XPR1,NKRF,RAI1,ZNF837,RNF25
9465,FAM229B,TBC1D19,FAM109B,CLECL1,SPESP1,EFTUD2,PLD6,PAFAH1B2
9466,ALG1,RAB27B,WNT7A,NCEH1,CRKL,NNT,TMOD2,ASB1
9467,POP1,LCNL1,ZNF765,DDI2,KIF23,KIAA0247,INPP5D,SERGEF
9468,CTB-43P18.1,ZDHHC4,ALDH3B1,POGZ,UBAP2L,FBXL18,MAP2K7,HEMK1
9469,TMPRSS11E,LCAT,C6orf25,REL,ZNF837,RABL3,ZNF526,VPS8
9470,LEPREL4,SCARB1,SKI,C21orf58,LINC00265,AC015922.6,HERC6,NXT2
9471,LEKR1,ZSCAN32,ZFAND4,DDRGK1,ARPC5,ASB16-AS1,GOLGA5,AP5Z1
9472,RP11-553L6.5,ZDHHC9,CNOT6,PIP4K2C,LYRM7,NCLN,ENDOD1,PIK3R1
9473,RP11-108M9.6,RP11-262H14.4,TRAF2,MRPS34,LL22NC03-2H8.5,LOH12CR2,CMC4,RASA2
9474,C15orf61,ADRM1,CDC23,AKAP11,TPT1-AS1,SERAC1,CRY2,C11orf1
9475,RRP36,MAGEF1,CNOT7,EFHC2,RP11-290D2.6,GXYLT1,CDHR3,MTAP
9476,HDAC10,ANAPC4,TMEM229B,GPR65,SH3BP5-AS1,ZNF142,ACVR2A,ITFG2
9477,LMBR1L,SUV420H2,RP11-467D6.1,SOWAHD,MARK3,BBS7,CEP95,DMXL2
9478,SOX13,RP11-69E11.4,AC023490.1,RP11-57H14.2,TAPT1-AS1,TCEANC,ANKRD11,DXO
9479,RNF169,ENTHD2,CDK19,SREBF1,RRP12,CLUAP1,ZDHHC18,AC013264.2
9480,GNE,AP5M1,BRD8,ITPKC,FAM89A,CHAF1B,TBC1D25,RPA3-AS1
9481,SCRN3,CTD-3131K8.2,HAUS7,PINK1-AS,RP11-890B15.3,SLC36A4,TPT1-AS1,GSS
9482,OTUD1,METTL12,HCFC1,PTBP3,ADAM28,LENG9,BPNT1,YARS
9483,C8orf33,SETBP1,PTTG1IP,GORAB,PLBD2,STARD8,RP11-290D2.6,FAM71D
9484,NRG2,KRR1,SLAMF6,FAM21C,FOXJ2,CDK5RAP2,TIMM8A,MIS12
9485,SLC39A7,NUDT18,MAPRE2,HEATR5A,HCG11,TIMP2,CEACAM21,CREG1
9486,DUSP3,ZMYND10,GOLPH3L,MRPL2,TWF1,CTSK,DVL2,VTI1A
9487,PDCD2L,MAML1,CCDC102A,CA2,NOP2,TBC1D19,ZNF589,CALU
9488,KLK1,CSNK1G3,CEP85L,CLASP1,NEK4,MYBBP1A,TMEM68,CD160
9489,MED27,STS,CARNS1,RP11-325F22.2,TAB1,FBXO22,TECPR2,USP24
9490,FOLR3,ZNF623,GGA3,KIF11,R3HDM1,KLHDC8B,DUSP4,KANSL2
9491,RP11-483I13.5,TAF2,HNRNPH3,CENPC,IPO13,UHRF1BP1,CTC-250I14.6,MTFP1
9492,RPP40,KIAA0195,KIR3DL2,ARHGEF39,TBXA2R,KIAA1524,FTO,SKIL
9493,MAFB,MCTP2,ZNF420,SURF1,NBPF3,MSRB2,RAD18,RYBP
9494,SEPHS1,SLC24A1,MLF2,EPHA1-AS1,NEXN,AIG1,UBTD2,C16orf74
9495,COMMD2,RP11-446E9.2,AXL,AC109333.10,UBA6,CCDC7,PXMP4,ZNF263
9496,PLEKHM2,RHEBL1,GCSH,KNSTRN,TNFAIP2,CYBRD1,SPATA2,NAGPA
9497,SCAMP3,UBE4A,D2HGDH,PLXNA1,ZNF681,CHRNE,ADCY4,ELP3
9498,SCAMP4,SMN2,PPM1F,CYP27A1,CTCF,CAPN10,SNHG9,FAM210B
9499,RIPK1,TMEM159,MOB2,HABP4,SYTL2,ASPH,STX8,ZNF451
9500,C5orf34,AGFG2,RP11-455F5.5,RP11-1017G21.5,DDX51,MTX1,APOL6,GOSR1
9501,SLC7A7,RP11-138I1.4,IRAK1BP1,CENPT,DPH2,UBAP1L,LTN1,RP11-468E2.4
9502,XRN1,METTL2A,TAB1,PCBD2,ETAA1,CCDC26,FAM84B,REV1
9503,FBXO34,CAPS,WDR20,CTNNBL1,ZNF682,RP11-708J19.1,RECK,CHP1
9504,PRKCZ,RALGPS2,TMEM62,NAA30,DNAJB5,FAM20B,ARHGAP26,ITPKB
9505,NANP,CENPK,ARHGAP10,KIAA1429,USP53,ZNF213,PFKM,TOR1AIP2
9506,LINC01119,CNP,LRRC29,C19orf83,CDC14B,TNPO2,TAF1B,TGIF1
9507,GLA,ZNF408,PHB2,WDTC1,RFPL2,EIF1B,PRR3,TMEM216
9508,TMEM173,NEO1,RP11-159D12.5,TVP23C,DAK,NUDT11,C21orf33,B3GALT4
9509,VCAN,KAZALD1,CLN8,GMPPA,CARHSP1,HARS2,TBC1D8,EIF3I
9510,CKAP2,PHGDH,GPD1L,ANKRD37,RP11-600F24.7,RP11-46C24.7,NAA30,SLC15A3
9511,AFF4,AC104532.4,ZFYVE26,ANKRD36,HIST1H3D,CHKB,NFU1,MNT
9512,RP11-215P8.3,METTL25,KCTD13,STMN1,XRCC3,AC093627.10,IFNLR1,CD46
9513,AREG,RP11-629O1.2,MAN1B1,DHX37,CTD-2035E11.5,YARS2,TRAM1,TMEM185A
9514,AHCY,SIRPG,IAH1,FRY-AS1,TMEM229B,CD1A,CDK11B,USP36
9515,RP11-536C5.7,SGCB,MGAT5,RP5-894A10.2,TAOK1,TMEM62,NPEPL1,RECK
9516,ZNFX1,CD22,METTL25,MIIP,MANEA-AS1,CD72,SENP2,SRFBP1
9517,FEM1A,FANCE,SNRNP27,PDLIM1,THOP1,XRCC5,ZBTB11-AS1,ERO1LB
9518,FGD4,LSM14A,HIST1H4A,MORF4L2-AS1,ZNF174,SLC16A6,OSBPL10,DYNC1I2
9519,TIPARP-AS1,CYB5R3,SLC11A2,SCYL3,UBE2J2,PRKD3,RBM28,SLC7A6
9520,C10orf2,MTERFD3,RP11-446E9.2,PRKCQ,RBM43,RP5-935K16.1,RP11-661A12.7,GBP3
9521,CDK2AP1,C18orf8,C2CD2L,MAST2,CEP350,PCMTD1,FAM71D,SRSF1
9522,TMEM187,UTP11L,GIPC1,AP001258.4,PSMD1,KRBOX4,KLHL3,PRSS23
9523,JMJD7-PLA2G4B,RP11-401F2.3,MCEE,CTSB,SUMF2,RASGRP3,ARHGAP11A,SBNO1
9524,TGIF2,OXCT1,SSFA2,PPP1R15A,SLC23A2,STRN3,FMO4,C12orf5
9525,SAMD9L,MRPL49,NAGLU,LILRA5,SPHK1,SNX30,LYPD3,ZNF131
9526,NFAM1,ATG9B,RXRB,RP11-63P12.6,AGPAT9,RP11-635N19.1,VARS2,ZDHHC1
9527,BAALC,SPEN,IL21R,BOLA1,SLC25A29,ZNF782,WBP5,TDRD3
9528,CNTNAP2,NPDC1,ZNF264,SYP,INTS5,RP11-395A13.2,ATP6V1E2,VPS16
9529,LMBR1,CDKN1A,KIAA1009,HHEX,NCR3,RP11-13P5.1,LINC00662,EML2
9530,CYB5RL,RP3-462E2.5,WDR27,DNAJB12,BLOC1S3,GALNT7,ABHD5,TMED1
9531,STK39,RP11-640M9.1,ZFY,RP11-635N19.1,ADPRM,CHAC2,RAE1,MCFD2
9532,INTS9,MIER2,BUB3,HAUS3,AKAP1,ANKRD40,SLC36A4,HGS
9533,SMAD5,THOP1,HSD17B8,SESTD1,SLC43A1,ERN1,LINC01135,PATL2
9534,RP11-102N12.3,GMDS-AS1,DOCK9,LAYN,NPPA-AS1,KIAA1211L,DHTKD1,CD40
9535,FBXL16,RABGGTA,VPS37A,HEBP1,RP11-326C3.12,ABTB2,TBXA2R,GNG7
9536,LATS1,ERMARD,CEBPZ-AS1,LILRB3,BASP1,TREX1,GNAQ,FCRLA
9537,TNIP3,SFXN2,GALNT3,UBN2,HIST1H2BK,STIP1,KCMF1,CDC42EP3
9538,PARD6A,C3orf62,PAPSS2,MUS81,HEXIM2,SGSM3,C2orf49,ANKLE2
9539,LINC00847,MRPL35,SPTSSB,TMEM254,RAB38,RFC3,ATP11A,DIAPH2
9540,ZNF443,RP11-996F15.2,XXYLT1,ZNF562,TPTEP1,NBPF1,TRMT2B,CBX1
9541,PUS7,PMPCA,C22orf34,RP11-355B11.2,CKAP4,C5orf55,UBA6-AS1,COPS7B
9542,SLC35E4,RP11-101E13.5,TMX3,SEPN1,PICALM,RP13-638C3.4,ZNF324,WDR53
9543,SLC26A2,KCNQ1,OSGEPL1,ECD,ZNF431,DNHD1,TMCC1-AS1,PARP4
9544,FAM161B,ACSF2,RBM34,RP3-395M20.9,IQSEC1,ZNF776,DUS2,C7orf50
9545,C9orf40,CCNE1,UBQLN1,ABCD1,RTKN2,MSTO1,ZNF691,ADPRM
9546,COPG1,DGUOK,CHTOP,ZNF682,HOMER1,HAUS8,ALDH1A1,POC1B
9547,SLC5A2,CEP68,ANGEL1,RALBP1,RAPGEF2,FAM76B,C11orf80,ZBTB7B
9548,CCDC130,POLDIP2,PDHX,ANAPC2,FAM221A,P2RY12,RP11-862L9.3,SAMD9
9549,TAF11,PTGDR,ZNF180,DPAGT1,PRRT3,C2CD2,RP11-427H3.3,GLT8D1
9550,AGTPBP1,BICD2,ZNF503,HIPK2,CDC14A,TRAPPC10,NARFL,DPH7
9551,DMAP1,ZNF485,B3GNTL1,GPD2,DDX31,CTD-2192J16.22,FUT8,LOH12CR1
9552,TOR1B,FAM160B2,EPB41L3,RP11-582J16.4,TOR4A,ZNF200,TRIM34,COMTD1
9553,ZNF674,C7orf13,DDX23,GSTM2,NDUFB2-AS1,DARS2,BRAP,TMEM80
9554,ADPGK,KIAA1731,CERS6,ACP6,MRPS23,RAB10,ACADSB,E2F1
9555,FBXO41,VWA8,DCAF7,RECQL5,TOR1B,SLAMF6,CLASP1,PNPLA8
9556,GTF3C3,NDRG3,ANAPC13,C20orf201,RP11-805J14.5,SEL1L,GFPT1,PTGDS
9557,THAP7-AS1,PCDH9,LRRC14,GRPEL1,GPSM2,ERCC4,PRR14L,CERS5
9558,WNT11,RP11-119B16.2,C20orf96,PDK3,SLC24A1,KTI12,TNF,SIGMAR1
9559,GAN,YWHAG,MAPK8,ACSF2,PIGK,MAFF,FA2H,LRRC47
9560,MLC1,AP4M1,RP11-141B14.1,MAFB,PUSL1,PRKCQ-AS1,LINC01013,RHBDD2
9561,CDK2AP2,AASDHPPT,RP11-545I5.3,BTBD10,ADCK5,CARD6,PPM1D,RCHY1
9562,PAPD4,ACP2,ACTL6A,PPM1F,KLHL5,PDGFC,TTC9C,SCML4
9563,METRNL,OSBPL7,GTPBP4,DICER1-AS1,CENPBD1,SLCO4C1,ZNF280D,ZCCHC11
9564,ZFPL1,MRVI1-AS1,MTR,ADAM17,RAB3A,RP11-575L7.8,TTPAL,RARS2
9565,PHF20L1,SLC25A15,GAPVD1,APOA1BP,FAM103A1,GPR18,STK24,RNMT
9566,TMEM184C,CTAGE9,SLC25A22,COG7,DFFB,NEK1,MDS2,ITFG1
9567,RP11-486G15.2,GAMT,LINC00662,SCLT1,PHF13,FKBP9,CCDC153,PHC3
9568,TAOK1,PPM1A,PLEKHA2,HMG20A,ADAM15,ASB9,ARHGAP18,SLC9B2
9569,COG6,TDRKH,TXNDC11,HOXB-AS1,ZC2HC1A,ATP8B1,TM9SF3,ETNK1
9570,IKZF2,RP11-499P20.2,AHCTF1,RP11-10L12.4,ASPSCR1,C2orf62,GEMIN4,LMBR1L
9571,C18orf25,MSL1,SLC37A4,RCBTB1,EMR2,ZNF48,NBPF20,WBP4
9572,AAR2,TECPR2,KLHL20,TESPA1,IMMP2L,KLRD1,TTLL1,FHIT
9573,DOK2,MAGT1,NMNAT3,PSMC3IP,EZH2,ZNRD1,HRSP12,PIGU
9574,FAM65C,PER3,CCDC64,WNT10A,SWSAP1,ENO1-AS1,C9orf156,DUS2
9575,RP11-261C10.3,TRIM16L,MTX3,C19orf35,ATRN,SESN1,RP11-589C21.6,RPRD2
9576,RP11-112J3.16,SLC43A3,GTPBP10,AP4M1,TMEM256-PLSCR3,MED12,POLE2,PPIF
9577,ZNF354B,OSER1-AS1,SMURF2,PLCB3,ARL11,COL18A1,C12orf66,NUP93
9578,AKAP1,NCKIPSD,AGBL3,MID2,TCTN3,TFAM,MAP3K13,TATDN3
9579,SRD5A1,SPAG9,PET117,REXO1,OSCAR,POC1A,FAM120B,RPS6KB1
9580,CHAF1A,TMCO6,TMEM192,RP11-634H22.1,TUFT1,CKAP5,AHCTF1,MLKL
9581,DERL3,PCED1B,ARHGAP21,CLK2,TERF2,RP11-342M1.3,BAALC,HLA-DQA2
9582,ARSB,CLIC2,IDE,FAM46A,IL7,RP11-72M17.1,PRRT3,HRAS
9583,RP11-488C13.5,CDKL3,FEM1A,SCO1,HRASLS2,GALT,ACP2,SNX29P2
9584,CDK6,HERC5,PLXDC2,CD300LF,MOAP1,HS2ST1,NF2,HAUS3
9585,CFP,FADS2,MRPL13,TLR5,ATAD3A,LZTR1,ALKBH4,EIF1AD
9586,DAPP1,RP11-89K11.1,RAVER1,METTL2A,PRDM15,BTD,CHST15,C7orf55
9587,MRPL38,ALMS1,MUM1,RPS17L,MYO18A,ZNF395,FDX1,ENDOV
9588,ZNF880,AC074289.1,PDGFC,SERPINB8,TRIM47,LRIF1,SLC25A28,PHF21A
9589,FAM8A1,LINC00665,RAB3D,COL6A2,GORAB,RBMS2,YME1L1,PER1
9590,CXorf38,SLC14A1,GFER,GNA15,STRBP,POLM,SRBD1,TRNT1
9591,ACP2,RP11-78A19.3,ZFHX3,ANKS1B,TTLL11,MSH2,PAX8,CDK8
9592,PTPRE,RP1-159A19.4,RRAS,PDE6G,TAF5L,SIPA1,LIN9,ZNF92
9593,PTRH2,LMBRD2,ZNF430,RABL5,RP11-879F14.2,P2RY6,CEACAM1,DGCR6
9594,LIMK2,RHBDD1,FAM160B2,PKIA,ATF5,EIF4E,SDF2,TSPAN3
9595,PDE2A,IKZF4,C3AR1,RP11-421L21.3,CLEC12A,ACTL10,MAP4K4,ING4
9596,GAB2,SECISBP2,LEPREL4,FCRL1,SLC22A17,AL139099.1,S1PR3,IFI27
9597,MIR940,SCML4,GHDC,NAP1L5,KATNAL1,NDUFAF4,RAMP1,SIGLEC5
9598,DYNLT3,C8orf58,CARD9,RP5-1112D6.4,PNPO,ATP9B,CDK17,FCRL6
9599,INTS2,METTL18,XXcos-LUCA11.4,METTL6,C19orf82,LINC00115,ENTPD6,GAA
9600,ARHGAP22,ZNF785,GSTM4,AL592284.1,STRN3,HESX1,ZNF281,MEF2A
9601,RP11-661A12.14,MUM1,MAFF,PRDX4,MIOS,CLN5,RP11-890B15.3,FCRL1
9602,UQCRH,ARIH2OS,IRAK3,ROGDI,NFYB,TPRG1,SPOP,HRH2
9603,TNNI2,FBXO34,ZBTB18,RP11-332H14.2,DLG3,ARHGEF37,MFGE8,DCAF11
9604,PTCH2,CEP70,DCAF6,GK,SEC24D,ACAD11,NCOA5,SDAD1
9605,RHBDF2,TSPAN13,PICK1,PTCRA,STAT5A,PRKCI,PSMG3-AS1,CYB561
9606,UGGT1,MAP1A,TUT1,ZNF551,LINC00526,MMP11,RALGPS1,C12orf4
9607,RNF219-AS1,B3GNTL1,KIAA0825,NRF1,CTC1,ZFP64,DNAJC14,CEBPZ
9608,RP11-56G10.2,SLC2A9,ANKRD11,FAM84B,ZNF691,CEMP1,TIMM23,TM9SF3
9609,RP11-4F5.2,CORO7,RP11-611L7.1,FCF1,SNX9,PRMT7,KCNE1,ACSS1
9610,C9orf24,CRTC3,HHLA3,TMCO6,SLC25A38,MPP5,RP11-154H23.3,AAGAB
9611,MPEG1,DLEU7,MEMO1,PUSL1,BST1,MYO10,ST7,OGG1
9612,POLR2M,C16orf54,PPP2R2B,CTD-2336O2.1,RBM4B,SPAG4,ZNF468,HMGCL
9613,RP11-103G8.2,MPC2,FXYD6,SLCO4C1,CPNE7,MTA1,REC8,CHST7
9614,ASF1B,CACNA2D2,THAP11,GOLGA2,NSA2,SNX29P2,ABCC1,GOLGA4
9615,ZBED4,CTD-2341M24.1,MAFK,TUBGCP4,ZNF57,NAT6,MAP1LC3A,ZBTB20
9616,GTF2I,FLYWCH1,LDOC1,STXBP4,SCGB1C1,ZNF583,WRNIP1,TEX264
9617,CNR2,SNCA,GMDS-AS1,NELFCD,DOCK7,NIN,AP2A2,DDX41
9618,CTB-133G6.1,KCTD11,TM2D3,RFC3,SLC26A11,CTD-2020K17.1,ACTR3B,SNHG12
9619,RP11-554J4.1,CEP85,AC004951.6,TREX1,RPUSD2,BAP1,IL15RA,KLF12
9620,NUDT8,ASGR2,ATP13A3,SETD1B,AKT1,AEN,CDKN2AIP,CHD6
9621,ASUN,ACP6,CTD-2020K17.1,SREBF2,CLSTN1,STAM2,RCAN1,TCEA2
9622,DOPEY2,PUS3,MUC12,RP11-52J3.3,GPR180,NDUFB3,BTRC,SUGP1
9623,AEN,GZMH,HSPA1B,CCND3,HNRNPL,LMO7,ADCK3,TMEM192
9624,ZNF527,ANKRD36,DDX26B,ALG3,C19orf33,LINC00954,EVI5,EXOSC5
9625,GRAMD4,RP11-362F19.1,NFU1,CD302,HUS1,FUZ,ACTN1,TMEM69
9626,ZNF324,TBC1D8,NNT,AC009065.1,CLPX,BLOC1S5,KPNB1,NSUN2
9627,SPAG1,RPL39L,SEC31B,TOLLIP,ABCA3,TNS1,FAM104A,RRNAD1
9628,NEDD4L,RP11-285F7.2,PLEKHG2,MAGEE1,BRAT1,RAD50,IPO8,SLC25A40
9629,CLEC1B,ERI1,AC025171.1,NOL9,PRCC,CCHCR1,RFPL2,SPRTN
9630,SRPK1,AIFM3,ELK1,NUP133,MRPL14,ZNF865,TBPL1,SIGLEC9
9631,GUCA1B,BCS1L,PSMA6,RPAP1,SLC2A13,SLC38A6,DDX47,SNX27
9632,HIST1H2AM,ZBTB33,KDM1B,AC011747.4,DCAKD,NPC1,C12orf49,COIL
9633,MYO1B,RP5-1028K7.2,TTC39B,ATP6V0A2,NSMF,FMO5,MTHFS,TMEM64
9634,GATM,KLRD1,VSTM1,CNNM3,SS18L1,CDH26,ARHGAP10,INO80C
9635,SH2B3,SENP1,TOB2,SEC23B,RP11-672L10.6,PARVB,GAMT,ZNF292
9636,SGSM3,USP12,HBA1,ZNF446,MRPS5,TMEM51,PIGV,LZIC
9637,DEK,ECHS1,TRIM38,CD180,KLRC4,HPS6,DENND4C,KRR1
9638,LCOR,VPS25,ENG,CIC,LDLR,LINC01011,PIEZO1,DNAJA3
9639,KTI12,PSME4,MRAS,FITM2,BTBD2,RPS4Y1,FZR1,TCF4
9640,SLC2A8,CXCL3,AC093673.5,SNIP1,GCNT1,CTB-133G6.2,CDK5RAP2,DDX18
9641,FCRL5,PRR14L,TFB1M,PCK2,ARHGAP24,STARD4,SLU7,ZNF101
9642,DNAJC16,TMEM41B,RP5-882C2.2,MSANTD2,COPRS,C21orf49,RSBN1L-AS1,OSTM1
9643,RP11-108P20.1,UBE2H,ABHD2,FRY,LINC00894,TNFRSF10D,COMMD9,ZNF721
9644,GID4,EFCAB14,SLC25A38,KIAA1468,OGFOD3,CNST,SPHK2,GPR56
9645,RP11-87C12.2,HAVCR2,SLC25A35,RP11-452F19.3,MRPL1,C10orf54,IGHMBP2,TMEM138
9646,MAPK7,LY6G6F,PNMA5,ZNF18,RPS6KB1,TNFRSF12A,STAT1,ARNTL
9647,ZBED6,ARHGAP19,RPS6KC1,TAF1A,GSTT1,C11orf49,CLIP1,CKAP2
9648,HERC3,MED15,PRMT3,UTP3,LYSMD3,AL441883.1,ZNF493,SEPT11
9649,TIGD3,LAIR2,RP11-192H23.4,BCO2,ZNF609,MAU2,NSMCE4A,ASPSCR1
9650,SOX7,SAMHD1,ZNF787,RP11-343N15.5,RP13-188A5.1,TIAL1,ZNF836,UBE2D4
9651,PIK3R3,ANAPC10,CAHM,SH3BP5L,VPS11,FAM131A,FAM115A,CAMK2G
9652,APOBEC3H,ANKRD9,HK1,VPS72,FAM228B,ACAA2,PSMC4,LINC00847
9653,FCHO1,KAT2B,C1orf85,PDCD7,PTDSS1,ZNF236,SLC25A43,LRRC41
9654,RP11-104N10.1,HDAC5,ZNF384,MAP3K5,CSNK1G2,B3GALT4,CLCF1,CA5B
9655,KLF8,FAM76A,RNASE2,IFT122,CCDC141,FAXDC2,ST8SIA4,XCL1
9656,CDS2,FHL1,PBX4,ERMN,SLC25A37,SKIL,KIF1B,EFCAB2
9657,FER,TTN,RP11-244H3.4,PLOD3,CENPM,NETO2,FAM50B,NAA15
9658,FAM73B,CHPF2,TMEM184B,NT5M,MARS2,SHPRH,FAAH,LYSMD2
9659,NUP35,TMEM62,SLC22A4,SNORD3B-2,RPP25,NAA60-1,CLEC4E,SMEK1
9660,SLC25A23,RAD1,NKD1,CAAP1,SMEK1,PHRF1,ANKS3,TIPRL
9661,KIF21A,PTPN1,FTO,EVA1C,IDH1,NSMAF,FAM185A,EMR1
9662,CDCA5,PPP1R37,TRIOBP,TRMT44,AP4E1,RAB33A,HADHB,RBM15B
9663,MAGI3,SCAMP3,DUSP28,DNMBP,TBX19,POLG2,NIPA1,RPL38
9664,CTA-445C9.15,LCN8,XAB2,ZNF644,SLC25A19,VSIG4,EPHA1-AS1,TBX21
9665,ACADVL,PAQR8,SIGLEC1,AHI1,ZFAND1,PRDX3,BBS1,GGA3
9666,EIF2B4,RP11-354P11.3,AMZ2,ERO1L,HIVEP2,TBC1D9,GNPTAB,SP3
9667,SLC35B2,HLA-DQB2,ZNF141,DDX28,FGGY,WEE1,AC017002.1,HAPLN3
9668,HPS3,ITGA5,PTAFR,NME6,ATP10A,ZNF91,GLCCI1,PCMTD2
9669,VAC14,AP003733.1,SOS1,C7orf26,RP11-572O17.1,BBX,PRPF4B,PNOC
9670,KIAA0825,EZH1,ALG10,UBXN2B,AC024592.12,CALCOCO1,PFKFB3,TXNRD2
9671,IFT43,ZSCAN16,TTC26,GTF3C5,C1orf159,HARS,MIS18A,CDV3
9672,DAPK3,RABEP1,SRP14-AS1,RP11-425I13.3,ANO6,MOB3B,C20orf201,BAZ2B
9673,RP4-758J18.2,C15orf41,USE1,CDK12,ZNF189,LTBP3,NOP2,ZBTB40
9674,SLC43A1,TNFAIP1,PIK3CB,NDRG2,DNAJC17,NCKIPSD,SGOL2,NPDC1
9675,DTNB,UGCG,ACVR1,SKIL,ZNF213,PPP1R14B,PTK2,FCGR1A
9676,RP11-1143G9.4,CNN2,SLC35A3,AC015987.2,TAF7,PNO1,C14orf119,NDE1
9677,BCDIN3D,ZNF738,PAM,CROCCP2,NPM2,GIGYF1,AVL9,ANKRD17
9678,FOXK1,GOLGA1,GMEB1,C7orf43,NETO2,UBAP1,TXNRD1,TRAPPC2P1
9679,RP1-102H19.8,MED22,CLEC12A,PTS,PTP4A3,GRAMD1B,TLN1,MS4A14
9680,TEP1,THAP11,HMGCS1,USP3,TMEM176A,UBR1,PIGP,REL
9681,FUT10,UBE3D,B4GALT6,APOOL,CCDC57,RP11-1398P2.1,RP11-395A13.2,TCOF1
9682,NHLRC4,ZNF346,SLC24A4,POFUT1,SLX4,ZNF548,CYTL1,KIAA0040
9683,SEMA4B,PRUNE,TKTL1,PHLPP2,PLD6,MRVI1,UBE2N,ZNF90
9684,CARKD,RP11-661A12.7,R3HDM4,RP1-313I6.12,TSPAN7,HSDL1,ARL5B,ZFPL1
9685,CCP110,UCKL1,CRYM,PDCD2L,ZNF518B,UBOX5,MBNL3,TMEM42
9686,NUFIP1,RTN4IP1,RP11-252A24.7,PLEKHA8,ARHGEF11,HAAO,CD93,COPS2
9687,KIAA1432,SMC6,PI16,RNF114,CCR1,PITPNM2,RGMB,RHBDF2
9688,ZNF585A,DDX11,PM20D2,MED7,KIAA1407,VPS13C,ATAD5,TSSC1
9689,ERGIC1,WWP1,ARHGAP33,AC109826.1,TMEM176B,CCNYL1,FAM149B1,GGA2
9690,RHOU,ANKS1A,RP1-43E13.2,CTU2,LMTK2,MESDC2,LIPT2,SNAP47
9691,DPM3,USP21,RP11-402D21.2,RRM1,TNFRSF10A,CRIP2,SPAG9,HMBOX1
9692,LIMK1,GPR20,KCTD10,ENG,B3GAT2,TRAF3IP2-AS1,ATP5L2,FAM73A
9693,ARHGEF2,WDR89,ARSG,VEZT,BARD1,MB21D1,CEACAM3,MESDC1
9694,TEX30,POMGNT2,ZNF552,CES4A,TBC1D10B,DNAJC25,ST6GALNAC6,SRBD1
9695,COMMD5,C2orf69,C17orf85,TMEM91,DOT1L,CROCC,CTC-428G20.6,PLEKHA3
9696,FPGT,METTL4,LINC00623,PHIP,RP6-99M1.2,ZNF584,CCDC14,STX18
9697,SPATA2,PEX5,ZFP57,GDE1,PFDN4,CDKN2B,GPR42,SLC2A4RG
9698,ZNF429,FCGR3B,ARL3,LXN,RECQL5,FPGS,SAMD1,RBM27
9699,ZNF836,ADSSL1,SIGLEC5,NUTF2,JDP2,WBP1L,RNF212,P2RY10
9700,NAMPT,NPC1,PLEKHO2,RP11-545I5.3,HOMER2,AIFM1,FHL3,STK25
9701,PLXDC1,GALT,ISYNA1,DUSP22,AC074183.4,KPNA6,TXNL4B,ARSA
9702,STAP1,ZFYVE26,HARBI1,ARHGAP24,CRIPAK,NAF1,DDX60,RP11-752G15.6
9703,GCC2,YIPF2,RMI1,PSMD2,CCNE2,TMEM116,COX18,NTPCR
9704,DDX20,CLIP4,WDR59,KLF12,MEF2BNB-MEF2B,CLSTN3,ZNF136,OPN3
9705,CSGALNACT1,PYROXD2,DENND6A,MTHFSD,TTYH3,URGCP,ABCC10,ME2
9706,LARS2,USP39,SRC,TTC21B,CCDC176,AC147651.4,EFR3A,PGP
9707,NAT6,RP11-755B10.4,AC027307.3,ORAI2,FLI1,ITGA5,CEP89,EIF4E2
9708,GRASP,EIF1B,SNX1,MYL9,HMGB3,IARS,ACOT4,RSAD1
9709,AP003419.16,BPTF,TMEM129,TOX2,VPS13A-AS1,MKL1,SGTA,COPB1
9710,RP13-977J11.2,AKAP1,ZNF48,RP11-161M6.3,DNAH1,FNIP1,USP40,ATF6
9711,NR1D2,KIAA0753,MICU2,RP11-334C17.5,AAED1,TCEA2,IL7,FIG4
9712,CCL3L3,P4HTM,SLC31A1,N4BP2,CCNY,ZNF784,C2CD5,MPI
9713,FAM219B,BIRC3,RNF24,CCDC180,BECN1,PCNXL2,FBXL20,IQSEC1
9714,NDST2,RP11-672L10.6,PLCXD1,TCEANC2,TRIB1,RCOR1,JPX,S1PR5
9715,NOP14-AS1,CDAN1,ALG6,ZNF789,ZDHHC1,INPP5A,APEH,AGPAT6
9716,MICU1,MAK16,TEX264,C10orf128,NUP85,PNPT1,FAM210A,HIBCH
9717,HIST1H2BG,POLE3,LYRM9,EFHC1,ICA1L,CDC16,KIAA0232,SLC35B3
9718,ACRBP,PRDM2,GNA13,HNRNPF,ATP8B1,PTDSS2,MUL1,RRBP1
9719,KLHL17,CSRNP2,BEX5,CCDC104,ST3GAL3,ADAT3,UQCRB,DHX9
9720,XPO6,FOXO4,CTSK,DHODH,RBM12B,TMEM131,FBXL8,ADAM10
9721,PIK3R1,GPX7,NCKAP5L,PAPD4,GMFB,CAMLG,CTB-61M7.2,MYL5
9722,RP4-575N6.4,PHAX,ACOX1,KLF3,PRKCDBP,VPS53,ORC5,IVD
9723,KIAA0930,LEMD3,ZNF562,PHLPP1,ARID1B,SPOPL,PSMG2,CD22
9724,DPAGT1,PIGB,VSIG1,MEN1,KAT2A,APEH,SIK2,DCAF15
9725,ZBTB45,KRT18,MAP3K5,MKRN2,HMGN4,RP11-317J10.2,MEG3,RNF168
9726,ADSSL1,XKR8,PIAS2,TRAF7,FOXP4,CSF2RA,SPAG16,TRIM39
9727,ZNF785,ZNF426,NDC1,MFGE8,ACSM3,H2AFY2,PDRG1,BAZ1B
9728,RP11-326C3.2,VILL,ALDH1A1,C11orf68,TAF12,CD83,VPS33A,TARBP1
9729,MSH2,SPATA6,DEPTOR,KIF22,RNLS,ZBTB11,FAM19A2,JPX
9730,RP11-452L6.5,AKT3,ZNF287,MRPL45,LIN54,SCAF1,BRAF,TOMM5
9731,DMTN,C1RL-AS1,PCM1,AC009299.3,RP11-385F5.5,NEU3,ITPRIPL2,GPR132
9732,TMEM214,PKD1,PZP,HERC6,RBP7,CC2D1A,SNAP23,CCDC88B
9733,TRMT1,LSM5,DDX20,LINC00886,LRRC7,ATL1,FAM105B,NFAT5
9734,SEPW1,TBC1D14,VCAN,ABHD13,HLA-DOB,HNRNPH1,HEATR5A,MPP7
9735,RP11-319G6.1,TRABD,ZNF200,ZNF365,B3GALT4,PCNXL4,SPINK2,TMX4
9736,RP11-343N15.5,PTGIR,UTP14A,ZNF419,ANKAR,BRAT1,KIAA2018,LRRC40
9737,TREX1,BBS12,PIF1,GPR55,METTL1,KBTBD4,MPV17,CHD3
9738,SSR2,LRCH1,PTPLB,RP11-973H7.1,HIST2H2BE,VKORC1L1,ZNF318,CDC25A
9739,QSOX2,INTS7,VPS37B,NAPB,MEF2BNB,ZNF561,RP11-16E12.2,SNAPC2
9740,SNTB1,CD226,MKL2,DIAPH2,RIMS3,SNN,HIST1H1D,TPRKB
9741,NOS3,WDR24,MTL5,RP11-1060J15.4,NSUN4,DIP2B,AP001258.4,KCNC4
9742,COL19A1,RPAP2,WDR41,SSH1,APOL1,CD96,SLFN13,C1orf228
9743,KCTD21,MPND,STX5,ZC3H10,C19orf55,RP11-559M23.1,SIGMAR1,LINC00662
9744,NEK11,ITPR3,MACROD1,ENOX2,TNFAIP1,ZNF131,NEK8,MRPL50
9745,PPIL2,AC104809.3,GTF3C1,LINC01003,USP3,DENND2C,FAM134C,RETN
9746,OSER1-AS1,GFRA2,TSSC1,PCSK4,TMEM234,BTN3A2,LRCH3,EIF2A
9747,MGME1,RNASE1,SLC25A36,C21orf49,ZNF689,PEF1,MGST3,PGRMC2
9748,MAP3K7,LEPR,GDPD5,AC025171.1,DENR,CAMKMT,TSPAN5,TRIQK
9749,THOC1,VAMP1,ARIH2OS,GRIK4,CCDC41,LAT2,YPEL1,ZNF259
9750,RP1-223E5.4,C16orf72,NIFK,RP11-119B16.2,MATN1-AS1,ZNF367,SLC50A1,SLC35A3
9751,TTN-AS1,TSN,TYW1,FYCO1,ZDHHC17,S100P,TIAM2,RNASEH1
9752,MPG,ATL2,SLC16A1,ATP10D,WDR77,RP11-96K19.5,PARP16,GNGT2
9753,RAB3GAP2,MAGIX,AIFM2,TMEM106A,RETSAT,WNT10A,ZC3H4,HAT1
9754,RCC1,MICALL1,WBP5,RP11-327P2.5,ZNF507,PPRC1,MICAL3,ALDH3A2
9755,USP31,ST3GAL2,ZKSCAN8,RINT1,COG7,IGF1R,SCML1,EPHX2
9756,KIAA0754,PELI3,FBXL8,NSMCE2,MARCH3,ARHGAP32,ZNF510,DESI1
9757,TSGA10,SPOCD1,NOP56,MORC2,GIN1,HCFC1-AS1,ZNF142,RP11-22P6.3
9758,CCDC127,CFDP1,SCAMP3,COL4A3BP,LHPP,DHRS7B,STAB1,MRPS16
9759,AC062017.1,PSEN1,MXD4,TSSC4,CDK5,TRIP10,KCNMA1,DONSON
9760,RP11-66N24.3,USP31,WSB2,RP3-395M20.12,EREG,DNM3,ACSL1,PBK
9761,FKBP9,IL6ST,RP11-849H4.2,SLC7A7,FCHO1,SRP68,CHUK,MAP10
9762,KDM4C,IL23R,ABHD14A,MDH1,RP11-258F1.1,CDC45,ZNF703,IFT140
9763,GAB3,GNPDA2,ERGIC3,RP11-66N11.8,TXNDC16,RP11-215G15.5,RLN2,ZNF35
9764,RP11-539L10.2,AMIGO2,CANX,REEP6,GNG10,SMARCD2,BDH2,MFAP1
9765,PYGM,NPHP4,PCYT1A,LMAN2L,APEH,GPR55,C17orf58,RP3-477O4.14
9766,PSKH1,ZNF678,XXbac-B135H6.18,NMUR1,SYNJ1,DCLRE1A,C1orf122,SAYSD1
9767,CREBZF,CDC26,RP11-463J10.3,RBAK-RBAKDN,KIF21A,FGD4,VMO1,ZMYND19
9768,RP11-504P24.6,FAF2,TSPAN7,KDM1B,PKIG,DAPK2,MCOLN2,SMN1
9769,BRD7,TAB1,AP2B1,VMO1,THAP7-AS1,OTUD7B,PEMT,DHRS1
9770,TTLL1,BPGM,PVRL2,ACY3,RGS16,HEATR6,NAA60-1,CCDC93
9771,ASB6,DHRS13,TRAF3IP1,ZSWIM6,MRRF,RP11-589C21.5,ZNFX1,RPUSD2
9772,NTMT1,COG2,HESX1,JAK2,COL18A1,RP11-734K2.4,ACOT9,RP11-1348G14.5
9773,VPS18,CFL2,HARS2,CTD-2231E14.8,DAGLB,CLEC4C,RNF170,RQCD1
9774,AC195454.1,KIAA0319L,FAM195B,DOCK3,H1F0,LINC00852,COQ10A,CKAP2L
9775,FBXO28,SQLE,RP11-617D20.1,SMEK1,DPP3,PRR3,BRWD3,MGMT
9776,PHF21A,PPP6R2,JAK2,GFOD1,FAM117B,STON2,TRNT1,AKR1E2
9777,YWHAB,CLN6,ASUN,ABCG1,PLAA,ZNF300,CYB5D2,CEP55
9778,FBXO45,CD1E,VMO1,POMC,ZNF185,CSGALNACT1,SP1,CLSPN
9779,CEP57,MAVS,GNL2,ALYREF,SUDS3,FANCI,DGCR8,SUV420H1
9780,ADCK5,ZNF655,TAF1,RP11-644F5.11,C19orf47,NADSYN1,ZNF234,MPC1
9781,GTF2IRD1,LRRK1,LTBR,SLC35G1,DCLRE1A,EP300,EXOC2,ABCD3
9782,SPG7,ZNF75A,RASGEF1A,INSIG1,LZTR1,CCNJL,EDC3,RCBTB2
9783,PAQR3,HP1BP3,ATMIN,PDSS2,PROCR,TMEM163,UFSP2,ATP2B4
9784,ALDH18A1,CLIC3,FBXO41,MBP,ZNF74,RCN3,HEXIM2,MTX2
9785,GOLGA8B,SPATS2L,ASAH1,SEH1L,TBC1D23,USP42,KRT1,NABP1
9786,C2CD5,TBC1D7,DAB2,PPP2CB,KIAA0101,BCCIP,PWP2,HDAC3
9787,SGK223,FASTKD1,GTF2H3,RP11-309G3.3,SCFD2,PDIA4,ZBTB16,DENND5A
9788,INSL3,BCL2A1,NKIRAS2,PARP3,AURKC,EXD2,NCLN,CDC37L1
9789,PPP3CB,TUBGCP6,CEP85,ANKRD34A,ATXN1,AFAP1,ADCY9,CEP350
9790,FARSB,XXcos-LUCA11.4,MAD2L1,ZNF3,TRIM62,RP11-876N24.4,CKMT2-AS1,RP5-827C21.4
9791,LINC00938,RP11-154J22.1,CDPF1,H1F0,TRIOBP,CHPF2,RNF19B,TYK2
9792,TRIM16L,PHTF2,TPMT,TMEM64,ALKBH2,POPDC2,SMIM8,CBX8
9793,KLRC4,ZAP70,QKI,TREML2,ZNF197,FXYD1,TRIM47,MAML1
9794,HIVEP2,MFAP3,FEM1B,ATP11C,MMRN1,NAIP,RP5-1136G13.2,DHRS7B
9795,SRRD,CTD-2521M24.9,HOXA9,RABEPK,AVEN,CBX1,ZSCAN16-AS1,SMARCC1
9796,CROT,RP11-146F11.1,APOBEC3A,PGPEP1,AFF3,CINP,EXOG,TXK
9797,ARHGAP26,ATXN7L3,RP11-468E2.4,TANGO6,PLEKHB1,PI4KA,MFSD9,OSBPL7
9798,GIGYF1,DUSP10,TMEM143,APTX,MAN2A2,UBA7,PDPK1,C9orf40
9799,TOR2A,TMEM55A,KIF21A,PPM1B,PRMT3,UHRF1BP1L,PHC1,USP34
9800,LPP-AS2,TRRAP,GSK3B,TMIE,EFEMP2,LUC7L,NOC3L,UPK3A
9801,FAM21B,BROX,MIEN1,PRKAG2,CTC-366B18.2,MDC1,SPIN2B,AK2
9802,TCIRG1,ALPK1,KCTD17,APOM,RP11-154J22.1,KIAA1598,ALKBH1,CCDC66
9803,SUV39H2,RBM15,LYPLAL1,BAG1,CTC-523E23.11,AC113189.5,PRCD,GLTP
9804,AC115618.1,KBTBD11,ZNF605,GLE1,RP11-23P13.7,PCYT2,BCAP31,MARCO
9805,SYT17,MTPAP,ZZEF1,B3GALNT2,FAR1,DISC1,PNRC2-1,MORC3
9806,VIPR1,NGDN,PTCHD3P1,ZBTB10,KCNK12,C22orf39,NR1H3,SENP1
9807,ASXL2,ENKUR,SMN2,GMPS,ZNF382,RP11-98D18.9,SLC25A12,FAM102A
9808,EIF5A,ZNF638,ETV3,PDE4A,ALCAM,CRYM,CREB3L2,MGME1
9809,ELMO3,LXN,PRRC2A,TOP3A,ZNF615,SEC63,MRPL4,ZNF75A
9810,ENAH,ERAL1,SIGLEC14,AC010226.4,TENM1,CENPJ,CAMKMT,LINC00341
9811,TPBG,CLCN7,EXOSC6,LATS2,VWA8,AP003068.23,XPNPEP3,ARHGEF18
9812,ZBTB21,SNF8,CYBRD1,GDPD5,NME7,TIFA,CCDC130,MED19
9813,PZP,KDM5C,PLEKHF1,NSMCE4A,PINX1,SPICE1,OSTM1,POC1A
9814,RP11-349A22.5,NCAPD3,NSUN7,ZNF141,RALGPS1,ZC2HC1A,CEP104,PIGW
9815,MB21D2,UBE2V2,RP11-412D9.4,USP47,KDM2B,TACO1,LIPT1,ATAD1
9816,SOCS5,PRKD2,AGTRAP,RP11-266J6.2,ILKAP,TTC1,KAT7,POMGNT1
9817,ELP3,FGGY,PROC,TRIM44,SLC35D2,STMN1,KHNYN,UTY
9818,PLBD2,M6PR,RP11-297N6.4,ARFGEF2,PTCHD3P1,SLC4A1AP,CDKAL1,SH2D1B
9819,CTD-2270L9.4,LEMD2,GAS2L1,TOM1,C20orf194,SP2,IL18RAP,PCGF1
9820,IMMP2L,PAIP2B,C2orf49,ACAP3,SGK1,SLC39A14,GTSE1,GALNT11
9821,NOTCH1,HIPK2,COPS4,PID1,LTBR,RP11-1055B8.7,RP11-403I13.8,RP11-1008C21.1
9822,CELF1,CCR5,ERAL1,RP11-755F10.1,C12orf49,RP11-773D16.1,SERPINE2,TUBGCP2
9823,DMD,DMTN,GTPBP8,RHOBTB3,TMEM9B-AS1,CSNK1G2,PAXIP1-AS2,MTHFD1L
9824,ZSCAN16-AS1,MMP17,GUCY1B3,EXOSC4,VIL1,RP11-195F19.5,RBM26-AS1,RIOK2
9825,PTK2,RER1,ZNF268,POLG2,TSSC1,FAM167A,HLCS,NEFH
9826,VAPB,AASDH,FNDC3B,MKNK1,AMPD2,MACROD1,RAD51B,CLPX
9827,MSH6,RAB39B,NELFCD,FANCD2,MAN2B1,HADHB,LINC00426,FPR2
9828,MFSD2B,RP11-403A21.2,EXOSC2,ANGPTL6,MYLK,BCL2,UBR1,ZBTB25
9829,DCTN6,EXT2,PPP1CA,DAB1,ECI1,LRIG2,LINC00877,COQ4
9830,DDOST,PHLDA1,HCFC2,SRP14-AS1,MGAT5,RP11-290F20.3,HKR1,TMED7
9831,FAM13B,PTPRJ,TMEM180,FUBP3,ZNF551,PCYOX1L,RBM43,LIN54
9832,ATXN3,APPL2,OAF,RP11-522I20.3,MDS2,MGAT4A,RP11-473I1.5,SDE2
9833,GNB4,INTS6,POLR1C,MAPK9,UBE2K,PPP1R13B,DERA,PYROXD1
9834,ZFP1,MIEF1,ULK2,EXOSC6,ANKRD34A,ICMT,RP11-169K16.9,RP11-428J1.5
9835,RBAK,DHX38,CTPS2,ZDHHC20,HIST1H1D,HIST1H4E,FAHD2B,NUCKS1
9836,ATG7,AMBRA1,ST3GAL2,MRPL43,RP11-378A13.2,PPP1R12B,HIST1H1E,OAS2
9837,F2R,GATA3,RP11-427H3.3,RHOD,CEP192,MRPS18B,PLCXD1,KAT5
9838,GRK4,REEP3,GNAQ,ARF4,TEN1,PIP5K1C,NNT,ISOC1
9839,SPI1,TJAP1,ARL1,WWC3,TRIM68,ARMC5,THADA,BCAT1
9840,AP3M1,ATIC,MLH3,SNAPC2,CDCA7,CXCR6,SC5D,MUL1
9841,RAMP1,ZDHHC2,SLC35F5,B3GAT1,PPP1R17,AKAP8,PLAGL2,ZNF346
9842,C14orf28,RBM33,PHYH,MYO16,CCDC88A,DDX26B,RP11-428J1.5,GAK
9843,APOLD1,HK2,DNAJB14,VIT,DIDO1,SNX25,SLC38A1,XPO1
9844,GTPBP4,ECE1,CIC,CHFR,SH2D3A,ZNF696,RP3-467N11.1,TRAM2
9845,HS1BP3,FBXO3,C1QA,KPTN,RP11-712B9.2,PLEKHA2,CCR10,ETF1
9846,KCNQ1,VAV2,PDCD11,ACVR1,ARMCX5,AC092295.7,SOCS4,CTNND1
9847,RPA4,RP11-18H21.1,NDUFAF5,TSPAN4,PTCH1,RPS6KA2,PDE3B,CD180
9848,SETDB1,DCLRE1C,KSR1,MAFF,WBSCR27,FAM173B,RP11-589P10.5,CBR1
9849,AURKAIP1,CD200R1,ST14,CFH,NUP54,EOGT,MTR,NAAA
9850,SCIMP,PRICKLE3,PRKCZ,MEF2C,TUG1,ACPP,FAM114A2,FBXL3
9851,SIRT2,RBBP6,SLC7A5,LMNB2,CLCN6,KIAA0125,AACS,DFFA
9852,OSBPL10,CYHR1,TMEM57,LCLAT1,AP3M2,TANGO6,LEMD3,OAT
9853,TRPM7,PTRH2,LAS1L,UBE4A,RSRC1,SDCBP2-AS1,RP11-473M20.7,HGSNAT
9854,USP32,C6orf203,LMAN2,ZNF7,PPIP5K2,FSD1L,TNKS,CASC3
9855,ZNF566,STAMBPL1,YPEL2,ENPP4,KLHDC1,C16orf93,FOXK1,CDCA5
9856,PIP5K1A,AIM1,POLR2D,PSTPIP2,CLUH,KRIT1,GGACT,LYRM7
9857,C11orf24,RP11-215P8.3,KTI12,HIST1H2BJ,JAK3,VPS9D1,PUM2,BCL2
9858,DIRC2,SMARCA2,BRAP,TRIO,TIMP2,FAM168B,AASDHPPT,MTMR11
9859,EMC2,FCRLA,ZNF383,CHORDC1,BTAF1,RRM1,FBLN5,FMO5
9860,NDUFB1,LRRC47,BTN3A3,PARP9,DAPK3,RBM22,MEF2BNB-MEF2B,JADE1
9861,IST1,PTPRO,NCLN,NBPF14,PON2,AC078883.3,NASP,VKORC1L1
9862,PRPF40B,ARL5B,RP11-1191J2.5,PSMG1,TUBA8,KLF3,ZMYND11,RLN2
9863,HERC2,PGAM5,FGFR1,DEPDC5,TRAK2,AGPAT5,SLTM,IFI44L
9864,RP11-115C21.2,RP11-134P9.3,FAM111A,FOXP3,ZCCHC3,EFCAB11,PRICKLE4,IGSF8
9865,NAT1,WRN,ZFR,KIAA1586,HCFC2,RHOBTB1,AC013264.2,PXN-AS1
9866,ELOVL6,ZNF195,IGSF8,NAGLU,ZCCHC2,FAAH2,FAM21C,POLA2
9867,RAB4B,LILRB4,SIK2,TCEA3,PUM2,SARDH,MTFP1,BZW2
9868,EBNA1BP2,BTLA,RFX3,DECR2,DARS,WNT11,CNTRL,CMSS1
9869,C6orf226,ETS2,OSBP,ATP1A3,CD1D,RNF5,VPS16,ATG13
9870,ZNF395,RBM42,ERAP1,CTSL,SUMF1,RP11-815J21.2,KLHDC7B,SCYL1
9871,FBXW7,LUC7L,ENTPD5,KLHDC7B,RFC4,ARHGEF9,PIGO,CSTF2T
9872,ARMC7,WDR11,MATR3,ZNF595,NPM1,IMMP2L,GGA3,AC027763.2
9873,SUPT5H,NHEJ1,MVB12B,EIF5A,ARHGAP11B,POLR3F,COG8,STX17
9874,ARID3B,DUS1L,DCUN1D1,IDUA,USP49,STAP1,PCYT2,EMD
9875,RAB40B,HIST1H2AG,DPY19L4,PRICKLE4,UNKL,RAB35,ULK3,CDK5RAP1
9876,UCK1,AC007246.3,BOD1L1,AGMAT,ZBTB33,PBX1,SREBF1,SHQ1
9877,DACT1,RP11-296O14.3,JMY,STK33,KLHL6,DCTN4,MTRR,KLHL5
9878,POMGNT1,COPB2,FTCDNL1,TSPAN18,PQLC1,CLPB,CASP7,MAP3K1
9879,FCRL2,ITPRIPL2,CXCR6,C7orf55-LUC7L2,SH3TC1,EPHA1-AS1,IQCB1,APOBEC3D
9880,IFT52,ZNF414,STAC3,CLUH,CCR5,MOB1B,RP11-66N24.4,PWP1
9881,CCDC159,POLL,EBLN2,SLC10A7,BCR,USPL1,EML2,KIAA1279
9882,CLOCK,ACLY,ATP1B1,SPDYA,CTD-3185P2.1,ZNF182,KBTBD8,LRPPRC
9883,PTGS1,MXD1,PPIL2,POLG,SLC35A4,TRNP1,HINFP,RP11-403I13.4
9884,LINC00264,TTC27,LL22NC03-2H8.5,RAB33B,CKB,IPO4,RP11-936I5.1,ZNF184
9885,DPY19L3,RP11-1070N10.3,KCTD15,SLC9A3R2,MCRS1,RHOF,INO80D,ATAD3B
9886,CCR2,C12orf23,TMEM176B,C11orf54,GSE1,APOBR,RP11-313P13.5,SPTAN1
9887,RP11-85F14.5,HERC2,RAD51C,UBE2E2,TRIM24,NFYA,ANK3,TES
9888,PCBP1-AS1,FRMD3,FAM8A1,C1orf35,ARIH1,ZNF354A,PIGG,CSTA
9889,RHOQ,B4GALT1,NAB2,ARMC2,CCL3L3,MCU,MAF,YBEY
9890,ZNF106,UBXN2B,HSF4,H2AFJ,TMEM260,SLC22A15,EHMT2,C6orf47
9891,C10orf76,TMEM5,CNPY4,SLC29A2,DAG1,CRLF3,THOP1,RP5-1148A21.3
9892,PDE12,VRK1,TLR3,ABHD11,SLC1A5,AC062017.1,MTPAP,ZFC3H1
9893,ZNF292,RET,TP53INP1,AMY2B,PAQR4,SLC25A25,DDX1,ADCY7
9894,LARP1B,CRCP,ADCK1,PFAS,POFUT1,CMAS,FAAH2,TMEM106B
9895,DHRS7B,TYW5,SEC23IP,ALDH6A1,YTHDF3,RP11-522I20.3,BEX1,GEMIN4
9896,CDIP1,RAD21,UBE2E1,NF2,CMTM8,RNF185,APBB1,CTC-378H22.1
9897,LEMD2,HLTF,C2orf47,FASLG,GPR137,PDE1B,LSR,TIMMDC1
9898,ASGR1,CNST,ZC3H6,TMEM256,WIPF1,AFG3L2,EHMT1,KCTD12
9899,ANKAR,BLNK,PRKAR1B,JAKMIP2,SMARCA5,TAB3,GRASP,SIRPB1
9900,RP11-493L12.4,UTY,EPOR,ADAM19,VPS54,DNAL4,FBXL4,MC1R
9901,RHPN1,MORN2,CHUK,PCBP3,BOLA3,RP5-940J5.9,AC016831.7,PRR4
9902,ARHGEF9,COG5,C2orf76,YIF1A,RP11-498P14.5,MCTP2,DDX49,ADAM8
9903,FAM173B,NSDHL,RNF111,CDADC1,RFTN1,RP11-85F14.5,RAB14,HERC1
9904,SLC43A3,ADPRM,LINC00987,MAPK8,TJP3,AC120194.1,GALNT6,PSMB4
9905,ZBTB44,AC144652.1,TECPR1,BCL9L,TRPS1,ZNF148,SAAL1,PHACTR2
9906,EMILIN2,CAD,ALG3,LAMTOR1,FAM21C,USP6NL,CHSY1,CHST11
9907,PPIF,WDR34,CCDC88B,PLXND1,PHF2,ZNF169,MAVS,UPF3B
9908,RP11-242D8.1,CCDC88A,GMCL1,SMIM20,STX18-AS1,MYO1C,UBBP4,EPHB2
9909,RNF41,ATF7,FNDC3A,CAMSAP1,CTTN,CCL2,MTMR10,QRSL1
9910,MSRB1,RFWD3,KLRF1,CLTC,ZNF3,SGCA,RP11-73E17.2,PTMS
9911,CUL9,BAG3,RP11-553L6.5,RP11-452L6.1,STPG1,ANKAR,COIL,NUDT8
9912,C11orf35,ZMYND8,U2AF2,TNF,SPAG9,ZNHIT2,RP11-611L7.1,TTC37
9913,RCAN1,BAG6,RP11-218M22.1,USP5,MRPL32,TEFM,TBC1D4,CCDC50
9914,MACROD2,KIAA2013,RP11-103G8.2,C1orf159,PHACTR1,MPHOSPH6,COG1,DEXI
9915,TMEM62,RBM47,ELF4,RDH11,COA4,QSER1,FAM160B2,GAN
9916,AKT1,PTS,NPIPB5,RP11-401F2.3,MICB,TMEM260,ARL11,SETDB2
9917,RASGEF1A,CDK5RAP2,ATP6AP1L,RP3-508I15.19,C19orf54,ZC3H14,FANCL,IKZF1
9918,RP11-343H5.6,ZCCHC3,TUBGCP6,NCDN,AMBRA1,CTC-246B18.10,SPATA2L,NGLY1
9919,BAD,CD160,MARS,PLXNB2,MCMBP,OPA3,INTS7,ASF1B
9920,FKBP4,RUNDC1,RYR1,PRKAB2,SLC10A7,NOP14-AS1,KCTD11,PPP2R5E
9921,EPRS,KBTBD8,MARCKS,OXNAD1,LYRM5,ARL17B,PTPRN2,TRIM47
9922,RASSF4,ZNF836,CCP110,RAB14,ZNF585A,ITGB1BP1,FAM103A1,TRNAU1AP
9923,ADD3,CLP1,FAM134C,TRIM35,AC022498.1,CTB-55O6.12,GNG3,DDX58
9924,CPSF1,C10orf128,NACA2,C17orf80,RP11-973H7.4,TSPAN18,PPP1R7,C15orf40
9925,TCF19,TTC32,TSPAN5,CDC123,NAB1,UMPS,NT5E,CLPTM1
9926,ZNF232,ADAP1,SLC35A1,TMEM8A,DECR2,SMIM10,CAMKK2,RAB21
9927,UFM1,EPG5,MBTPS1,TRAF3IP1,WDFY1,EHMT2,SMIM4,MTPAP
9928,MMS22L,CEP120,ZEB1,RSBN1L,ARSG,ORC1,NUDT12,OASL
9929,FAM222B,SP3,F11R,SWT1,SUSD4,SS18,REXO2,SLC4A8
9930,RBP7,STOM,CD226,BTBD11,MLST8,TSEN2,SLC16A7,MEI1
9931,ZFP91,SLC25A17,APPL2,TRIM46,RANBP2,PPP6C,GLTSCR1L,PRKAB2
9932,RYBP,MEF2A,ICA1L,OSBPL5,ZNF362,TTC8,LCORL,CBFB
9933,SSBP1,CHAC2,TASP1,CLIP4,FOLR3,RPP25,DHX34,PPP2R2A
9934,CLINT1,ACTR1A,PSAT1,TMEM262,TSHZ2,DUS3L,CYB5A,CEP44
9935,CLPTM1L,DNM1L,NRF1,B4GALT5,PRKAR2B,HLA-DOB,ZNF175,ORAI2
9936,RP5-887A10.1,ITM2A,RP11-138A9.2,ATXN2,PTPRO,GOLPH3L,CCDC66,ATP1A3
9937,IRAK1BP1,CEP41,FOXO1,KIAA0226,DTX2,MYLPF,ZNF592,CTLA4
9938,DIP2A,SHISA4,SYTL2,KDELC1,VPS13B,LTN1,IFT74,HMOX1
9939,CCDC51,ACBD4,NFE2L1,GALNT1,FBXL20,MGA,ZBTB2,ICK
9940,TP53I11,AHCYL1,PDCD5,GKAP1,GAN,STAU2,L3HYPDH,ZNF860
9941,IFIT2,PNPLA4,ITGA1,CAPS,HN1,SAE1,HIRIP3,FKRP
9942,MFAP3,SKI,PDCD2,PDHX,LIMA1,TTLL3,BDP1,CTD-2020K17.4
9943,ABCA1,RP11-589C21.6,DCBLD1,ZNF175,DHX16,SURF2,BAIAP2,EDARADD
9944,RASA1,NF2,DNAJB12,ZC3H18,ZDHHC3,TXNDC17,DRAM1,CD1D
9945,PIGB,PTPRC,POLB,AP1B1,TSC2,NBPF14,NPHP3,FAM131A
9946,RORC,ACSF3,KMT2B,RP4-800J21.3,RP11-279F6.3,VOPP1,CRADD,FAM213B
9947,BLM,ID3,NRG1,SMC5,CCL20,AC091729.9,OPRL1,C19orf47
9948,ATP9B,SEC24A,TM7SF2,QSER1,C16orf54,MOCS3,SSSCA1-AS1,ABCD4
9949,ATP8A1,REV3L,GNGT2,ETAA1,CD33,RP11-390E23.6,PRIM2,MEFV
9950,PRRG2,C22orf46,ARHGAP35,HIPK3,XRCC4,UBA6,CCDC102A,ACAT2
9951,NBPF1,MYD88,C6orf136,C1orf50,EHMT1,MAP3K7,KIAA1841,NSUN5
9952,CACNA2D4,RP11-221J22.2,SAMD8,INVS,SMC1A,GTPBP8,ANKRD27,CWC27
9953,ARL17A,FOXN3,ZNF671,KIR3DL2,C9orf41,KIF13A,MED27,CTD-2369P2.2
9954,LRSAM1,TRAK2,PRR14L,RP11-732M18.3,ADAMTS6,KIAA1279,CYB561,CLEC11A
9955,RP11-804H8.6,ZNF630,SWI5,RP11-65I12.1,KCNG1,C9orf41,GNPDA2,SATB1
9956,HIATL2,ZBTB17,TM9SF4,FADS1,SLC37A3,DENND5A,VCPKMT,SNX16
9957,XXYLT1,ASCC1,DHCR7,PRKAB1,NCOA5,RP11-327P2.5,RAD51,KIAA1033
9958,CEPT1,CEP192,RPIA,RP11-106M3.3,RP5-821D11.7,DOCK5,PABPC3,HIRIP3
9959,TMEM63B,TERF2,LOXL1-AS1,RNF149,FMN1,DDX39B,C12orf44,HIST1H4I
9960,SH3D21,C20orf196,E2F3,CENPQ,CRCP,CLUH,ZNF821,MED17
9961,EXOC1,MRFAP1L1,PFDN4,RP11-467D6.1,MTRR,SH3GLB2,EOMES,MBTD1
9962,HARBI1,GSTM1,CHD2,HIST1H4K,KIAA0141,ANKRD6,SAC3D1,RP11-362F19.1
9963,TBC1D12,TPRN,FOXK1,PHLDA2,SLC51A,TMEM44-AS1,TLR10,KCNK12
9964,TREM1,TGFBR2,EFCAB2,RUSC1,STK19,HLA-DQB2,APOBEC3D,HAUS6
9965,EML5,ZNF487,ASCC2,TRIM32,EML3,KIAA1432,CASP2,SNX20
9966,UMPS,RNF24,NAPG,PIGA,CHAMP1,CACTIN,TXK,PLCB2
9967,NSUN6,PREPL,PHACTR2,CTD-2020K17.1,EDARADD,SEC14L5,ARHGEF18,RHOBTB2
9968,HEATR2,ALKBH8,PCYT2,TNFSF8,TRMT10B,LACC1,GYLTL1B,FAM120B
9969,TBC1D32,PPP6R3,MDS2,ELL2,MAP3K12,RP11-872J21.3,FAM109B,DYNLT3
9970,AC022498.1,MTFP1,MPST,FSD1L,RASGRP4,MRRF,TMEM156,FUOM
9971,AGFG2,MTHFR,EFR3A,SLC35D1,FAM63A,NDUFAF7,TRAF3,RDH14
9972,RP11-693J15.5,HIST1H2BJ,ABT1,HSPBP1,RNF24,SOCS6,TNIP2,CD79B
9973,GADD45G,AKR1C3,CD101,ZNF808,PAK4,RP11-572O17.1,FBXO44,SLC25A22
9974,BCKDHB,SH3BP2,TMEM185A,SECISBP2L,TCAIM,FANCD2,RP11-326I11.3,FOXK1
9975,SLC25A15,PCGF5,LRR1,XPA,ATP6AP1L,AHSA1,TRIP6,ERI1
9976,KIAA1211L,ZBED5,DDX3Y,PKN1,RHOBTB2,EXOC5,RNPC3,ZCCHC10
9977,RELL2,HAUS8,C4orf29,ADRBK1,IKZF3,MZF1,TSC2,SLC35A1
9978,STAT6,LINC00938,PYGL,PGBD2,TBC1D15,HIPK2,PREP,ZNF326
9979,CAPZA2,KIF23,SLC30A9,CDON,CRYM,GS1-393G12.13,ZFP90,ZNF512
9980,SMARCA5-AS1,AC002467.7,SMARCC2,RNASEL,KLHL21,MBD4,OLFM1,KCNQ1OT1
9981,NDUFS1,ZNF672,ASNSD1,CTC1,CIB2,GMFB,FAM160A2,BANK1
9982,PTCH1,NUMA1,TP53BP1,CHCHD1,NUP133,WDR35,RP11-138A9.1,ZNF14
9983,PSMG4,RABL2A,DUSP3,TAF9,SPATA5,AMER1,LINC00657,VPS51
9984,RP1-92O14.3,ADPGK-AS1,ZCCHC2,NOTCH1,CDK2AP2,EPHB3,GTF3C2,KLHL2
9985,BCL3,KDM4C,PYGO2,CSTF2,TBCEL,TLR10,GGT1,WDR75
9986,C12orf43,ARRDC1,KATNA1,PLCXD1,MLLT6,ESYT2,ETFDH,RSBN1L-AS1
9987,ABCG2,JDP2,SORBS3,CTC-301O7.4,TMEM43,RP11-803D5.4,C11orf82,MAGED1
9988,ELMOD2,FRYL,ZFYVE28,INPP1,AC011893.3,GHDC,ZNF143,TIMM22
9989,DNAJB11,HS1BP3,RP1-244F24.1,FKBP14,ELOVL6,GNB4,ITGA6,PIGP
9990,KSR1,PPP1R17,RP11-820I16.4,TOMM40L,USP30,C20orf112,SIRPG,SCCPDH
9991,KCTD10,NPLOC4,DGAT1,N6AMT1,PRKCZ,ELP2,HNRNPLL,PSMD3
9992,MPP6,FAM193B,ZGLP1,NVL,SRR,RPF1,RP11-73O6.3,KIF21A
9993,ALDH7A1,C11orf74,NHSL2,VWA8,TNFRSF8,NSUN4,CASP5,KLRB1
9994,HSD11B1,C19orf12,PGBD4,RASSF6,NMB,CC2D1B,LGALS12,XXbac-BPG252P9.9
9995,MBD2,FBXO31,PGAP3,SLC11A1,TMEM53,CTD-3093M3.1,NT5M,MTM1
9996,BAP1,ATP2C1,YRDC,ATRN,GS1-251I9.4,RP11-195F19.9,KCNE1L,GTF2F2
9997,HTRA2,TCEA2,ATG4B,KCTD12,KCNE3,NUSAP1,AC084018.1,SP140L
9998,SLC35B1,C1orf112,ELAVL1,MOSPD2,BRF1,GSTM3,WDR11,INPP4A
9999,ZNF639,RP11-634H22.1,TTLL3,BLNK,EHD4,ABCG2,KIFAP3,TMEM97
10000,VPS8,C2CD2L,RP11-345P4.9,CAMK1,HESX1,JMJD4,TRIP13,ECD
10001,CCDC18,CHD7,SEC23A,DSEL,AC003075.4,CTD-2231E14.8,EDARADD,AKAP1
10002,BCL7A,TOR1AIP2,RP3-402G11.25,TMEM214,FUZ,ZNF195,PPP2R2D,MCMBP
10003,PIGO,IRAK4,GATC,BRPF1,MDC1,SSH1,MED24,RANBP10
10004,DCUN1D4,ZFYVE27,CASZ1,FABP5,UNC93B1,CDKN2C,PTGES2,MIR181A1HG
10005,AC062029.1,MRPL50,RP11-598F7.3,KIF13B,POLR2L,JMJD6,NOL11,TMA7
10006,RP11-262H14.3,MRPS24,FAM32A,MAU2,MAML1,SLU7,FLT3LG,FAM115C
10007,ZNF48,ANKRD12,PPP1R37,TRMT2A,RP11-343N15.5,TCF4,FOXJ3,LYRM2
10008,WDR19,FADD,BOLA1,LINC00969,KCTD5,CTSO,EXOSC6,NPRL2
10009,IGFBP4,PPP1R3E,SCO2,CDK9,FBXL17,EHD3,NIPSNAP1,SLC25A33
10010,CRELD2,TMEM68,MTIF3,ZC3H12D,SGSH,DNAH6,SLC2A4RG,ALYREF
10011,ATP6V0A1,GPALPP1,SLMAP,ARRB1,GCAT,SCOC,ENHO,GMIP
10012,ACAD9,SLC38A7,ARMC5,ENO3,ENKUR,CDYL2,PHLDA1,TM7SF3
10013,BCS1L,PHF12,MDK,ZDHHC13,WDR3,RABL5,ZNF784,BIK
10014,IL18RAP,PNN,ANK1,ZNF41,NPEPL1,PDDC1,KIAA1683,MLLT11
10015,ARHGEF19,LPP-AS2,CIB2,PPP2R5D,CYHR1,RGAG4,KIF20B,ENDOG
10016,TNFRSF13B,VPS11,WDR26,ARL5A,FAM160A2,KIFC3,CEP44,CWF19L2
10017,ACLY,AP001372.2,PYCR2,VAV3,RBM6,FBXL6,CENPF,UNKL
10018,DCAF5,NFIX,SMKR1,RP11-294J22.6,ZEB2-AS1,TRPM4,DMTN,ANKRD54
10019,FHL3,NRP2,ALDH6A1,CHST7,RP11-798M19.6,ACYP2,YWHAG,GDAP1
10020,IPP,SPECC1,CDC42EP4,PHF2,ICK,ABL1,IK,NOA1
10021,CIR1,ADPRH,DPY19L1,LINC00672,DDI2,HES1,HIRA,METTL22
10022,SRR,ACTB,FBXW2,RP11-97C16.1,MTFMT,CCDC127,TMEM64,RASSF7
10023,HIST1H4C,DPH1,CAMSAP1,LGALS9C,CTD-2547L24.4,HUWE1,ZNF675,ANKRD46
10024,DAP,PTTG1,POGK,AP5B1,SLC16A13,BTAF1,RP11-25K19.1,TMEM39A
10025,CCDC41,NADK2,PPIL4,CAMKMT,C1orf63,KCTD1,CLDND1,MTR
10026,MFSD1,DUSP2,RBKS,EME2,TNFSF4,CSNK2A1,CXCR5,SMARCC2
10027,ADNP2,CCDC109B,ZMYM4,SOX4,POGZ,SMNDC1,KRT7,ZNF76
10028,ZDHHC21,EIF3G,TCEAL3,CHD2,APOO,CRISPLD2,UTP23,WIPF2
10029,CUL7,MFSD7,GLIPR2,CTB-31O20.2,TNFSF10,MXI1,MANEA,CBX6
10030,SDAD1,RNASE3,RICTOR,LIG3,GOLGA2,PLA2G4C,CCDC65,SEC23IP
10031,FSTL1,TRMT2B,SUPT5H,PADI4,ARAP1,WDR46,PARP6,TESPA1
10032,DDX49,KIAA1841,DIRC2,CTD-2287O16.5,RP11-1000B6.3,NAB2,CCR7,CCZ1B
10033,UNC119,VPRBP,GRPEL2,CALU,TM9SF1,PHOSPHO2,OSER1-AS1,C5orf22
10034,UBTD1,SP4,VPS33B,ZNF260,SLC25A44,DDX39A,C2,RBL1
10035,ATMIN,TMEM71,SCYL3,DOPEY2,SLC7A1,IFNG,PRKAG2,DNAJC11
10036,CATSPERG,ABCB8,AFF1,FAM47E,FAM109A,TAF1A,EI24,HIST1H1D
10037,FAM214A,RP11-1017G21.5,ITGAM,CCR1,RBMXL1,HNRNPA1L2,PYGO2,SDHAF1
10038,MTM1,S100A5,SREBF1,POLI,PPP1R3D,TSR3,CD163,CRTC3
10039,NUDT21,RP11-326I11.3,ING1,KCTD17,CXCR5,ZNF319,MGRN1,TM9SF1
10040,ZNF865,ANKRD39,TIMM44,BRMS1L,RASA2,C7orf55,FFAR2,COX15
10041,ZC3H8,NMRAL1,C5orf56,RRM2B,GARS,AL591479.1,PAIP2B,RP11-395A13.2
10042,ZNF24,CRLF3,PDS5A,CD27-AS1,METTL3,LRRFIP1,NAT10,ZCCHC7
10043,SMIM4,NIPAL3,TMEM69,DOPEY1,RP11-661A12.7,TMSB4Y,CCDC141,BCKDK
10044,TBC1D7,SERPINF1,SNX18,ZNF431,ZNF10,MRS2,PUS1,ZHX2
10045,ZNF354C,LBX2-AS1,CD200R1,GPA33,ATP6V0A2,RP11-169K16.9,EXOSC9,KRT18
10046,ARNT,MSL3,ACVR2B,PANX1,DNAJC10,NT5M,CD96,HIAT1
10047,ZNF425,POFUT1,KIF21B,POR,CTB-133G6.1,BCL6,RAB5A,PFKFB4
10048,C20orf24,RPP40,HEG1,ZNF335,KCTD20,NMNAT3,ARV1,CISH
10049,RP11-428G5.5,THAP6,CXorf23,KIFAP3,TIFAB,SLC27A1,TCP11L2,NDC80
10050,CD244,DTD2,PSMD10,UGCG,NME6,KIF3C,TMEM168,SOD1
10051,PDCD5,MED19,WDR3,RANBP10,SYNC,LIN7C,RCN1,SGK1
10052,RP5-1136G13.2,FIZ1,IDUA,PAGE5,HTR3A,ATP8B4,RP11-568N6.1,C3orf58
10053,STX18-AS1,LINC00662,PCED1B,DDX11-AS1,RP11-544A12.8,PDPK1,ACBD3,OSGIN2
10054,RP11-658F2.8,ZNF354A,ST7L,RNPEP,CNTRL,PCP2,ECD,C12orf44
10055,IPO4,LRBA,UXS1,PAFAH1B2,SPIRE1,SPTBN1,PRSS23,AUTS2
10056,ZNF493,POC5,RARG,MDC1,RPL19,ZAP70,FARSA,PHGDH
10057,RP11-304L19.5,B3GALT4,CNOT10,AC040977.1,SLC41A1,MTMR6,FAM134B,PRKRIP1
10058,PLAA,PBX3,ZNF638,NUDT9,SEPT5,PSTK,SENP7,RP11-169K16.9
10059,SYNGR1,SMEK1,TMUB1,LYN,KRT1,L2HGDH,XXbac-BPG252P9.9,AP003733.1
10060,TMEM9B,TRIM26,BCR,ZNF561,COMMD9,RAB21,CHD1L,SIRPG
10061,GUCY1B3,MED29,CA2,KHNYN,ZFYVE19,EBLN2,LRRC45,PIGM
10062,AP006621.5,C12orf65,FHL3,RNF165,ERI1,TOP2A,SYPL1,ANKMY2
10063,MOCS3,PPME1,BCL11B,AKAP8L,MEFV,CBFA2T3,BBS9,PEX13
10064,OXCT1,PDK1,EMC4,STXBP5,FBLN5,ZNF606,NXT2,VRK2
10065,S100B,KIF3B,ATXN7L1,PDE9A,RP3-402G11.26,NFU1,FBXW2,FMR1
10066,PHLDB3,CD3EAP,PHLDB3,MACROD1,REST,ACN9,CTC-459F4.3,PHKB
10067,CDR2,EIF1AX,FKTN,RP3-402G11.26,LRRC40,MIS18BP1,ADARB1,LRIG2
10068,C11orf84,CHTOP,TBC1D19,TMEM117,RP9,FTSJ2,ZNF638,RASSF2
10069,CES2,ZHX1,GATA2,TMEM184B,RP13-516M14.4,RP11-138A9.1,ZNF786,ZNF583
10070,LRRC34,PLEKHM2,NFXL1,RP3-475N16.1,ATP6AP1,NR4A3,AURKB,TMEM164
10071,MEI1,COQ5,NUP133,IMPDH1,CXorf23,VPS26A,ARHGAP6,PIM3
10072,TTC13,GTF3C1,GAB2,MANEA,HIST1H4I,C2orf68,TAPBP,BLM
10073,SLC30A4,RBAK-RBAKDN,AL592284.1,SCGB1B2P,RP5-1148A21.3,NLK,UCHL5,IL15RA
10074,RPL34-AS1,ZNF496,MILR1,POLD1,NUP107,SLC30A5,RBM14,ZMAT5
10075,ZNF318,KIFAP3,SCAI,TAF1B,TSFM,RP11-398C13.6,SLC35B3,LAMTOR3
10076,GET4,TACO1,SMIM13,ARHGEF9,ANKIB1,ZNF322,C9orf47,NXF1
10077,FAM208B,PARP16,C11orf1,RPL36A,MEGF6,ZNF81,TKTL1,LETM1
10078,AMT,FECH,FAM153B,NIT1,SPERT,RP11-480D4.6,CCDC61,RP1-40E16.12
10079,DNASE1,LTC4S,SETX,F5,STX6,CHD8,CNST,SCAF1
10080,NME2,ATP5SL,CD300LB,TRAPPC10,RAB30-AS1,SMC2,MUTYH,OSBPL3
10081,C9orf64,LIX1L,TMEM140,PRKAR1B,RP11-463J10.3,AC011899.9,RP11-439L18.2,UBA3
10082,GCAT,LANCL2,EEFSEC,CDIPT,EPHB2,SLC38A7,RP11-83A24.2,EIF2B3
10083,SNRPD3,U2AF1L4,CDK8,TNPO2,ASRGL1,IL17RC,KIF21A,RBM14
10084,KIAA0232,PRPF8,CDKN1A,SLC25A40,RP11-403I13.4,ARID4A,TNRC6C,COG8
10085,CYB5R1,ZNF770,ZNF250,TBL1X,CUEDC1,CAMSAP1,DBF4,SPAG7
10086,FBLIM1,DIP2A,SLC27A3,FAM149B1,RECK,HSD17B12,AGBL5,MRPL49
10087,TMEM44-AS1,FAM220A,TIA1,RP11-544A12.8,PURB,ADHFE1,IMPAD1,CARD9
10088,KDM5B,STRIP1,IKZF5,AFMID,FAM84B,POLH,ZNF17,GEMIN6
10089,DIS3L2,OTUD4,ZNF426,FAM220A,FN3K,PPAN,LRRC23,CXXC1
10090,CCL4L1,MED13L,C3orf38,FADS3,SUSD3,ZNF585A,TNFRSF10A,CCNB1IP1
10091,DCLRE1B,ACBD6,HDAC8,ZCCHC14,MIER1,RP11-473I1.5,FKRP,HMGCS1
10092,VSIG1,SPTSSA,MTAP,ZNF613,ZNF487,USP28,SSH1,SPTLC1
10093,RP11-182L21.6,FKRP,NADK2,TMF1,MAFG,STIM2,DHX37,WDR73
10094,SLC39A6,ABHD1,EFCAB4B,PTPRO,ATP11C,HELB,TSEN34,CYSTM1
10095,AMN1,EPT1,SMG1,NCR3LG1,SLC4A8,MBNL3,AL928742.12,NDRG1
10096,CTB-118N6.3,UBE2K,PRMT6,NPTXR,SRGAP3,MRPL13,FANCI,LINC00969
10097,MRPL52,ZNF266,CNOT2,NAPEPLD,SPPL3,SEPHS2,C4orf32,ELP5
10098,ASMTL-AS1,RASA2,C9orf64,SLC25A28,KCTD9,ADCK5,PHACTR4,PPME1
10099,CLDN5,TRERF1,SAV1,COMMD5,CTD-2033A16.3,IKZF1,UBXN2B,ZNF677
10100,OIP5,REPS1,TGFBR3,RP11-127B20.3,TCEB2,IKBKAP,PCSK6,SLC29A1
10101,AP4M1,GK5,ILF2,ADAM28,EGFL7,BATF2,ZNF790,SDCCAG8
10102,POPDC2,FBXL12,ZNF839,MYO15B,ZNF467,NOL10,CIRH1A,PLXNC1
10103,MAP2K3,WDR59,ZMYM5,DUSP5,ZNF649,AC007036.6,RP11-418J17.1,FCER1A
10104,FAM50B,POR,AP1M1,JOSD2,TSPAN33,GIT1,RP11-474G23.3,ACOT7
10105,BPNT1,XRCC5,LRRC8B,KIF27,HELB,MSH6,SLC46A1,PARP2
10106,MIR22HG,PROCR,KLHL28,C1orf122,RIN2,ZC3H7B,NPEPPS,ERN1
10107,ATAD3C,OXA1L,FARSB,UVSSA,RRP8,GTPBP6,ARMC1,RHOT1
10108,CXorf21,COPS4,AC005076.5,DYNC1LI2,AC137932.1,PPT1,CFL2,CHD1
10109,C8orf82,PRPF3,EXOC8,MASTL,FBXO28,ZFYVE28,GFOD2,IFNAR1
10110,STK16,ZNF189,POLL,MIR181A2HG,RPA2,ABCF3,SH2D2A,TNFRSF25
10111,CCDC93,DEGS1,MSH3,FGFR1,MACROD1,TNFSF14,CCDC34,CHUK
10112,ZHX3,L3MBTL3,ADAL,CSF3R,AC104532.4,HBS1L,ANAPC2,S100B
10113,CAMK1D,GPR84,ASB2,CCT6B,KIAA0947,CLIC3,RP1-100J12.1,ZNF256
10114,NEK8,MZB1,CLK2,NUP155,EXOSC5,ATG5,POLD1,TMEM203
10115,KRR1,PGAP3,CIZ1,MTX3,ZNF80,UBE3C,CEP70,PAFAH1B3
10116,CYFIP2,AMFR,PRPF4,ZCCHC17,ANKRD46,IGJ,TM9SF4,C1orf54
10117,SCYL2,CTB-55O6.12,HYI,NHP2L1,ABCF3,FANK1,EAF1,GNB1L
10118,BLOC1S3,NSUN7,PSMD1,SEPT6,RP11-730K11.1,CMKLR1,VPS13A,SASS6
10119,TBC1D19,HES6,NINJ2,CDA,TTC9C,RP3-325F22.5,RP11-362F19.1,LMNB2
10120,SLC37A1,DENND1B,CXCL2,TBCK,P2RX1,C9orf37,XYLT1,ATXN2L
10121,RP11-473M20.9,COQ3,DHX35,TRAPPC13,SQLE,KLHL18,DGCR14,APPL1
10122,HRASLS2,OGT,SCYL2,AGGF1,RP3-402G11.25,CNPY4,PCDH9,RAD50
10123,RP13-580F15.2,DDX1,LYSMD3,C11orf30,GABBR1,RP4-728D4.2,RPP25,UBAP2
10124,TYMS,PIGH,RTN1,HIVEP3,TSEN2,NPHP1,RBM48,SREK1IP1
10125,EPC1,XCL2,LINC00863,SPATA5,ZNF512B,ICOSLG,METTL22,ARSD
10126,AGAP4,RP11-473M20.9,RFC5,MARK2,ATP6V1E2,ERO1L,HMMR,ZSCAN16-AS1
10127,ZNF763,NDC1,AP1B1,WAC,ITGB3BP,SP1,DEPDC1B,NOC3L
10128,KBTBD8,HPS1,EXOSC7,THRA,SLC26A2,ZNF282,AC069363.1,EDEM2
10129,PACS1,ZMYM4,SERPING1,URB1,MCOLN3,RCN2,NRL,SCLT1
10130,TNFSF14,SRPRB,VPS26A,TMEM57,CIDEB,NKD1,NAGPA,PHF23
10131,SPAG8,DPM3,KIF16B,FAM120C,ZNF256,CTNNAL1,SH3TC1,ZNF683
10132,RP11-73E17.2,C19orf55,CCDC106,NSUN3,SEPN1,LSM2,YPEL3,RP11-489E7.4
10133,TXNL4B,ZNF74,EDRF1,CADM1,DDOST,RP11-428J1.5,SCO1,NMT1
10134,WDFY1,RPL7L1,ZNF740,PSMA4,GAPVD1,PRKCSH,BRCA1,PIH1D1
10135,ZCCHC8,SLC33A1,ZYX,MSANTD3,ANKRD23,KIAA1430,SLC44A1,MLTK
10136,PSENEN,SLA2,GATAD1,HLA-DQB2,MANBAL,FAM104B,TANGO6,OCEL1
10137,GNL2,CYP2S1,PERP,ZHX1,ZNF230,ZBTB16,FOXK2,DUS3L
10138,FANCF,ZNF83,TBX21,ARRDC4,NBPF14,POLDIP3,KIAA0247,ATXN3
10139,SBK1,MED27,SNAI3,RDH13,FAM63B,FKBP15,TAMM41,HRSP12
10140,OGFOD3,RSBN1L-AS1,MAP4K2,ADAT2,GPATCH11,GAB1,RUNX1,RP11-104L21.3
10141,BDH2,BBX,ZNF460,DYNC2H1,RP1-244F24.1,CPOX,GCHFR,PNP
10142,ELP6,MYO19,PIEZO1,POLR1B,CBX6,KLF5,JARID2-AS1,TARS
10143,FGFBP3,AIDA,PPP1R12C,KPNA4,HN1L,SCIMP,DHX16,ZDHHC4
10144,IWS1,GLA,YWHAG,NDST1,HIPK3,ACTR6,ING2,PEX1
10145,KANSL1,WDR35,C1orf216,PWP2,GOLPH3L,GK,TBC1D15,TTC13
10146,ASXL1,VPREB3,FAH,BIN3,CD300E,ZNF717,FBXO28,CCDC25
10147,NOL10,KCTD6,MTA3,DIP2A,NUAK2,CSPP1,RP11-267N12.3,HMGN5
10148,PACSIN1,BLZF1,VASH1,SORBS1,COX10,TOR4A,ZNF681,ZAP70
10149,PCED1A,PEX26,FASN,CTC-524C5.2,RP11-488C13.5,RP11-305L7.7,ZDHHC1,ERCC4
10150,RPTOR,RP11-206L10.9,SAR1B,TTLL3,NDRG3,AGTPBP1,KCTD9,AC104532.4
10151,MPP7,FASN,RAD51B,UBE2Q2,INSIG1,RNF139-AS1,TMEM191C,C2orf43
10152,CAPZA1,FAM195B,LINC01137,RNF135,RP11-135A24.4,RP11-490O6.2,MLLT11,MLYCD
10153,CDKN3,MTFMT,C12orf4,STAP1,C22orf34,RP11-102N12.3,SLC12A9,ARHGEF3
10154,PRMT5,NCOA5,YY1,AKAP7,RNPS1,RP11-309M23.1,AC006129.2,FOXRED1
10155,RP11-544A12.4,THG1L,C4orf46,C9orf41,CSF1R,HRASLS,ENTPD1,XRRA1
10156,ZNF180,GLTPD1,MMAA,IL23A,KLHL2,PIGC,SGSM3,RBM34
10157,GSDMB,DCAF5,MMD,CDIP1,RP11-819C21.1,CLPTM1L,DPM2,SMU1
10158,HLTF,NAP1L5,SIK1,PET112,RP11-383J24.6,MED4,BBS2,ASCC1
10159,FAM49B,WDR75,PARP4,RPS10P7,TMPO-AS1,FBXW4,MRM1,ZNF254
10160,PLEKHA5,ANKLE2,SFXN3,ANKH,YPEL2,WDR62,SFMBT1,ENTPD1
10161,UBASH3A,METTL17,SIT1,C16orf86,MAP3K4,AK2,SLC35A4,ZNF611
10162,TMEM87A,GLB1,DPYD,C11orf21,RNF219,THUMPD3,MAN2A2,TEX30
10163,AC008964.1,TAP1,ALKBH4,GCNT2,RLTPR,ALS2CL,PRIMPOL,POR
10164,ZBTB48,GLUL,ZBTB40,ACP2,CDKL1,MATR3,XPO4,SMC3
10165,LMBRD2,SIKE1,EREG,NOMO1,CTD-2020K17.4,SELM,RNF19A,PPT1
10166,RP11-305L7.1,SPA17,PAFAH1B2,GDI1,SLC39A1,SCYL3,MAP2K5,PSMG4
10167,ZDHHC13,ARHGEF6,TFDP1,MYEF2,RP4-647C14.3,C16orf86,HSD11B1L,LTV1
10168,PABPC1,CAMSAP1,CLUH,YTHDF1,TMEM161B-AS1,BTBD1,SLC25A32,ST6GAL1
10169,RNASE6,ZSCAN30,TYK2,ACCS,NFXL1,BRD3,POMT1,CDH23
10170,FBXO21,DDX10,B3GNT2,PYGB,GPR107,FBXO6,ESRRA,NAA16
10171,DKK3,ELAC1,GLTP,DNM3,MARCH1,FAM102B,NOTCH1,ZNF791
10172,CDA,PLA2G15,OGFRL1,MPV17L2,F8A1,IFI27L1,TRAPPC12,COQ5
10173,MCCC2,PPIP5K2,NOP10,CD82,FAM13B,DNAJB4,KLHDC2,PHRF1
10174,ATAD2,TMTC1,HMGA1P4,TUBGCP6,NPL,PGAM1,UBE2G2,MTMR1
10175,ZNF821,MAP7D3,ZNF563,SIPA1L1,PFKFB4,DENND6A,SUSD3,MAT2A
10176,HSPBP1,GMNN,RP11-706O15.1,RAB3A,NUDT1,LATS2,PCBD2,EFNA4
10177,ZNF227,DAAM1,G6PC3,CD40,SCT,PATZ1,ZC3H18,ZNF385A
10178,RNF185,ZNFX1,KAT2A,CYSLTR1,MAP4,C9orf38,NUCB1,PHAX
10179,PXN-AS1,BRAP,PDIA4,EIF3J-AS1,DDX23,HDHD3,C9orf91,SUN2
10180,FAM73A,MAD2L1BP,MCU,RGMB,GSR,SEP15,EXT1,CTA-217C2.1
10181,SSX2IP,IGJ,ZMAT5,RAPGEF1,MCM4,SYPL1,SLC4A1AP,SEC24A
10182,SNX19,CEP97,PCTP,USP9Y,RP11-867G23.8,MYO9B,TRMT12,SMIM11
10183,ZKSCAN3,BCAS4,RAB20,SPINK2,JMY,DPP8,ENGASE,DMTF1
10184,VAT1,NPIPB11,NDUFA3,HDHD3,CXCL16,DHX34,RNF216,PTAR1
10185,PCYT1A,TM7SF3,PPARGC1B,TMEM128,MAFB,SOX4,IL21R,SETD7
10186,NAIF1,GAB2,PACSIN1,ARHGAP5-AS1,KBTBD8,TARS2,CLDN15,CXCR6
10187,SLC12A5,SMC3,PIGN,LENG1,EIF2B2,RGP1,SORT1,NUP54
10188,LINC00092,ADD3,SLC35A2,DZANK1,QTRTD1,KHDC1,HIST1H2BJ,DDB1
10189,SARS2,LPGAT1,SOCS2,APOL6,ME2,TRAPPC9,SPAG5,MRPL46
10190,YEATS2,ZNF581,MTFP1,HIP1,FBXL4,HDGFRP3,HEMK1,NXPE3
10191,CREB1,RP11-381K20.2,RAB1A,RP11-326K13.4,WDR75,WDR5B,MAP3K1,FAHD1
10192,HEXIM1,EXOSC5,PTPN9,KRT18,UBC,ZNF720,RP11-664D1.1,DLEU1
10193,TMC4,NR2F6,HPCAL4,ZNF254,SPOCD1,LUZP1,RP11-452F19.3,REEP4
10194,AKT3,HAGHL,RFNG,TNFRSF17,KYNU,AP1S3,PDE8A,TBL2
10195,USP34,ZBTB41,FAM84B,CDS2,SGSM2,SCAMP1,RHOQ,PLEKHO2
10196,LRRC59,LRRC69,PLD3,AIG1,SLC37A4,CIAPIN1,TMCO4,PRR12
10197,GPAA1,TTC24,ADCY7,RNF141,ARNT,ANKIB1,BTBD7,SERPINI1
10198,YPEL1,PLEKHA1,TSPAN15,NAP1L2,PTEN,TUBGCP3,CIAO1,MAP3K3
10199,MADD,GLCCI1,CCT6A,TTPAL,LRRC23,PTPLAD1,HSPBP1,RANBP6
10200,CUL4A,UTP15,TVP23B,KIAA1683,ZNF860,ZNF337,TFB1M,CCDC61
10201,RP11-58E21.3,AARSD1,PACS2,KANSL2,PEF1,BAG6,MTRF1,SMUG1
10202,MAP4,LRRC59,GPR107,PIGC,RCC2,MAGIX,GABPB1,GTF3C5
10203,C9orf66,PELI2,UCK2,ELP2,RP11-305L7.1,BRAF,PCED1A,C16orf54
10204,NOP9,LEF1,RP1-39G22.7,DTD2,RYBP,BAHD1,CEP68,LY9
10205,TNK1,NAGA,PPP4R1,SFXN5,FASTKD5,MPHOSPH9,WDR12,HP1BP3
10206,C7orf73,IDE,NRAS,GPR183,PCNT,AGBL5,ZMIZ1,TBC1D2B
10207,CDT1,IVNS1ABP,CALU,AC010642.1,NUDT3,ZNF681,TMEM104,LPXN
10208,NFRKB,KLF16,RABGAP1L,ALG13,SULT1A1,RP11-345P4.9,TSFM,PITPNA-AS1
10209,SIGLEC7,FTCDNL1,SLC39A1,RCN3,POLB,NUDT14,C1orf123,RAD17
10210,PGRMC2,TMEM57,ABCD4,LRRC56,TMX1,LRRC29,ZNF407,SECTM1
10211,FAM50A,CDK5RAP1,SCML1,ST3GAL5,PDE3B,USP9X,KCTD20,SIRT5
10212,ADCK1,PGRMC1,GPR35,POLR3E,WDR36,FNTB,ZNF512,EHD4
10213,C11orf54,ZNF747,TMCO3,ZMIZ2,DHX15,AAK1,CHST13,MSH3
10214,C3orf33,SNRK,THRA,FBXL5,PIAS4,SPATA20,PPIL2,CCDC101
10215,SCAF4,GPSM2,SMARCD3,DVL2,CBFA2T3,SGOL2,BNIP3,TBXAS1
10216,HUS1,DTWD2,PLAGL2,ZNF592,FAM134B,HDAC2,C14orf142,ATP6V0A2
10217,OVCH1-AS1,DEDD2,CAST,PNPLA2,TRIM3,SLC16A1,MXI1,DTWD1
10218,CTRL,PRKX,USP20,USP18,RIN1,ZFAND1,CDCA5,INO80E
10219,TMEM237,FAM72A,SPATA13,HSD17B4,RBM48,RP11-334C17.5,SEMA4D,CNTRL
10220,CASP2,DMD,DENND1A,RAB18,NUP50,ZHX2,RRN3,NUDT2
10221,RNF114,AATF,FAM111B,TRIM65,COPB1,TFEC,PHF5A,LINC00665
10222,LZTS1,AC003075.4,MXD1,MFSD5,ZNF181,MAP1LC3B2,C16orf95,PLRG1
10223,RP3-467N11.1,PRIM2,RNF185,RP11-326C3.11,FLAD1,GPX3,DTX3L,FBXO44
10224,IPO13,METTL8,SFXN4,USP3-AS1,DUSP4,ZNF37A,NFAT5,WDR60
10225,FEN1,ALG6,IP6K2,GRAMD3,FAM120A,GPR107,RP11-349A22.5,RAE1
10226,RP11-35G9.3,UPF1,PHLDA1,OAT,GM2A,DCAF16,NUAK2,RNF146
10227,RP11-212P7.2,CCDC65,SNORD3B-2,TTC9C,VMAC,TBC1D31,AQP10,SLC37A1
10228,CTC-241F20.3,NPHP3,NSL1,SCAMP1,GALM,BRD9,POLRMT,NUS1
10229,NFX1,DHX8,TBL1X,TSPAN31,TCTA,HEMGN,GDE1,KLRD1
10230,CBL,GOLGA5,EIF1AD,DMAP1,MTHFD2,RP1-313I6.12,MEF2A,PHKA2
10231,SYNE3,CISH,PHF1,L3MBTL3,CSF3R,NBPF20,PLEKHB1,IL2RB
10232,ZNF563,MYPOP,AC023590.1,SLC35B4,WDR53,AP006621.5,APOL1,FAM50B
10233,PHYH,IFI6,RABEP1,ETV3,AC006129.1,ABCC10,ANKRD54,DDX50
10234,RP11-973H7.4,KLF8,SAMM50,KLHDC10,RP11-455F5.5,CTD-3184A7.4,C16orf70,MAP2K4
10235,GANC,RP5-1125A11.1,RP5-940J5.9,AP000769.7,GAS2L1,MCM7,MMADHC,CTDNEP1
10236,DNAJC15,SCGB3A2,MTF2,RP11-126K1.6,AP001055.6,VAC14,KCNK12,DOK3
10237,CTC-228N24.3,ARMC8,MSTO1,SCD5,RAB31,FNDC3B,RING1,FRAT2
10238,PLEKHG2,POLD4,VPS36,CDC14A,RP11-11N9.4,SLFN5,DNAJC11,BPGM
10239,ZNHIT6,AL133245.2,RP11-620J15.3,RABL2A,BIRC3,SIKE1,RP11-727F15.12,SUPV3L1
10240,TSHZ2,NOL11,AKAP8L,HRH2,VTI1A,MCM4,SNRNP48,JMJD4
10241,UBE2H,ADPRHL2,NAT6,FAM115C,PRKD3,ATP6AP1,TEX30,EBPL
10242,TMEM40,GANAB,CRIP2,IL17RA,FADS3,FASTKD5,MED4-AS1,TJAP1
10243,CLK1,NID1,PPP1R21,DPM3,MC1R,PFKP,KIAA1009,B3GAT3
10244,ALG1L,NDUFB4,ANK3,RP11-119F19.2,TAF6L,LINC00526,DUSP11,GABARAP
10245,SRPR,SDHD,CEP135,IFFO2,FSTL1,ETAA1,BCL2L1,PHF1
10246,MORC2-AS1,HDAC2,ELP5,CTSO,ATPIF1,C6orf120,TBC1D2,TP53INP2
10247,RTN4R,CEP57L1,RP11-539L10.2,EMC2,CTC-338M12.4,TXNDC15,MCAT,CLIP4
10248,PAXIP1,TMEM97,C11orf49,CPEB4,MSL2,TBCCD1,SRP54,SUPT5H
10249,SLC31A2,TMC4,HIST1H1B,C11orf80,C6orf120,TBC1D10B,ABHD17B,NDUFAF2
10250,RP11-265P11.2,KHNYN,GPBAR1,GMEB1,UTP23,NUBPL,DCAF16,PACS1
10251,PHLDB2,RCBTB1,C12orf43,MRPS18A,PQLC3,FAH,OXNAD1,LYST
10252,LPIN1,KLF10,ST3GAL6,RP11-372K14.2,MBOAT1,PCSK6,CD58,ZNF780A
10253,PYGB,OSBPL5,GTF2I,ZNF451,RAB32,TBC1D2,ORC2,TIMM50
10254,AC022400.2,AD000090.2,EML2,PDZD4,TOP3B,MGEA5,PSMD11,FASTKD1
10255,UBL7-AS1,TBX21,RP11-345J4.5,USP44,MIEF1,STX16,DCP1A,TMEM245
10256,DESI2,C1GALT1C1,METTL17,SYCE1L,HERC5,PSRC1,CEP164,NME7
10257,MCPH1,ING2,KIF2A,RAP1A,GIT2,DVL3,GPRIN3,DCAKD
10258,FBXL6,ZNF701,TJP2,SH3D19,RAB2B,LSM14B,GIGYF1,ZBTB14
10259,CFL2,TBC1D20,ZNF133,TMEM65,RP11-192H23.6,ZNF611,PIGA,PIK3CD
10260,SAV1,UBE2M,SERINC5,SESN1,NAP1L6,COPG2,CAAP1,RSRC1
10261,SLC7A1,PANK4,TET2,PPP1R9B,TBC1D9B,SLC8A1,NME7,PXN
10262,COQ3,MTM1,RP11-85F14.5,MIR4458HG,RCBTB2,HECTD4,TVP23C,HPS4
10263,ZNF747,MAP2K2,CSGALNACT1,RP4-758J18.2,GSTM3,RPAP2,IPO5,MAP2K7
10264,RP5-1125A11.1,ZNF710,RMND5B,ZFAND6,GNL3L,KLHL22,C11orf30,CD244
10265,AC091729.9,ITGB1BP1,GABPB2,ITM2C,RPS17,TSR2,PUS3,CDC73
10266,SUSD1,TARBP2,RP11-395A13.2,POLM,LZTS2,ETV3,SREK1,REC8
10267,DDX60L,CLCN5,DDX60L,MTR,NGFRAP1,FAM3A,PTS,SBDS
10268,SAP30L,SPRED1,CEP78,WDR18,ARHGAP18,ASCC1,C6orf203,RNF38
10269,RPP21,ENDOV,KIAA1429,CACUL1,TM9SF3,FAM122A,CTC-523E23.11,POGK
10270,NCOA5,NPRL3,CR2,GPR146,CARKD,ZNF775,P4HTM,ALAD
10271,RNF24,SSR1,RP11-173M1.8,ZSCAN22,POC5,MCTS1,MFSD5,RPS17
10272,LRRC61,RP11-425D10.10,SEC16A,LDOC1,PPP3CB,ZSCAN18,GGPS1,FAM168B
10273,TNFRSF17,RP3-475N16.1,NEK9,ZCCHC10,BTBD9,SMARCA4,TATDN1,PDIA4
10274,C1orf52,PLAGL1,IL1RN,ACADS,FAM24B,NR2C2,C3orf14,MPV17
10275,ZNF672,RC3H2,FAM104B,CRBN,IGSF6,MAPRE1,ITFG3,TGFBR3
10276,NNT,SNAPC2,APAF1,TUBB6,ZNF410,JAK1,WDR89,RNF219
10277,RP11-473M20.7,RP11-261C10.3,PRDM15,SLC2A1-AS1,PHKA2,AGO3,IL2RA,NAPA-AS1
10278,NNT-AS1,DFFA,GALNT10,PTPN23,ISYNA1,ANKS3,TLE3,HAVCR2
10279,PRKRIR,ZCCHC10,TRMU,ZHX2,RP13-270P17.3,CACYBP,RP3-329E20.2,CEP95
10280,MMP17,DEF8,HNRNPL,RP11-802E16.3,TPK1,ACSS2,SNX11,BEX2
10281,SPATA41,DOPEY2,MRPL4,TIPIN,POC1B,PPME1,ZNF138,SNRPF
10282,CRAT,STAG3,RAB33B,TTN-AS1,PIK3CG,CTB-133G6.1,LINC00998,GPS1
10283,GOLGA4,YIPF1,DPF2,TRPT1,RP13-977J11.2,CHD2,CBR4,SLC35E1
10284,CLCF1,KIAA0125,TOX4,MFSD10,TIFA,PITRM1,FCRL3,NADK
10285,EMG1,RMDN3,COMMD10,RP11-464F9.20,AC023590.1,CREG1,SSNA1,PABPN1
10286,TTLL4,ARHGAP21,ACOT13,MCCC1,FBXL8,UFSP2,LILRA5,CUL9
10287,C14orf93,CTC1,AC079922.3,KIAA0355,RABGEF1,ZNF567,DNAJC25,CHAF1A
10288,ATF3,ANKRD18A,SLC39A3,TRABD,ANAPC13,TSNAX,ZNF266,FAM35A
10289,PKNOX1,AP4E1,ZADH2,CWC25,MAPK14,MARCH1,TK2,TAMM41
10290,YWHAG,MMP24-AS1,SLC33A1,PTPN12,RNF41,RNF10,GON4L,SMG1
10291,RP11-154J22.1,ZNF283,TRIM26,C9orf156,UCP3,DESI2,UBR5,PBRM1
10292,MAN2A1,VPS41,MED14,TIA1,TTLL4,ACBD4,FARP2,CLK3
10293,ACTA2,MT1F,UBR1,SUMF2,OSBPL9,RNF24,C4orf33,ZC3H18
10294,IFT27,FAM129C,IL18BP,U2AF1L4,RPP40,ZNF44,PGRMC1,PIGH
10295,ALG12,ANKRD26,CDC73,COPS5,TAF2,TSPAN2,ICOSLG,ENTHD2
10296,ATG4B,NUP188,ZNF217,EPN1,MSRB2,GORAB,RP3-475N16.1,PXMP2
10297,ALAD,NOTCH2NL,TC2N,RNF13,ZBTB44,SLC18B1,AMPD3,CBR4
10298,ALDOC,SNAP23,TRAF1,BICD1,H2AFY2,INO80,ERLEC1,TNFRSF8
10299,UBOX5,EIF4ENIF1,EMR2,C10orf118,EDC3,ZNF721,TELO2,MIB2
10300,HADHB,ACAD10,RP11-81H14.2,P2RY12,TMCC2,S100A13,MARS2,BRD9
10301,TIMM17B,HEATR3,SIGLEC7,KLHL28,RANBP10,TRAPPC8,RELL2,DPH5
10302,TP53,BRD2,AP1G1,MED1,ARVCF,NXPE3,ATP11B,AHR
10303,KCTD2,GPN1,RPP30,DDX60,PDE6D,PEAK1,AHSA2,BST1
10304,RDH14,DDX28,ADAM15,BARD1,ZHX1,RBM26-AS1,ANKRD49,PTGES2
10305,TLDC1,FBXO18,SLC7A6,IPO5,CSNK2A2,CSE1L,C9orf114,AP000783.1
10306,ZNF540,MTHFD2L,PRR14,PARP14,CTNNBL1,NPRL2,ADHFE1,LPAR6
10307,AC023490.1,CDR2,BCAP29,ADCK2,MCCC2,WDR81,EMR1,BRI3BP
10308,CASZ1,REPS2,RP11-169D4.2,TOX,ACTR3B,IQSEC2,GDAP1,DESI2
10309,GOSR2,BET1L,TTLL5,FAM89A,BACH1,NDUFA9,BCL3,NELFE
10310,TRIM28,DBF4B,SLC39A7,SYNJ1,MTMR1,EHBP1L1,EPHX2,KEAP1
10311,RP11-661A12.7,NARG2,TOX,NDUFA3,WWP1,SLC25A5,RNF169,HAUS1
10312,CHD7,BZW1,NSG1,PGAM5,MAEA,RBM42,PSTK,FAM49A
10313,DHDDS,RRM1,ARNTL,MANBAL,CC2D1B,ACAP1,PRADC1,C21orf59
10314,ST6GALNAC2,NQO1,RP11-262H14.4,PTCD1,GIT1,CREBRF,C14orf93,GATAD2B
10315,FURIN,ORC3,HEBP2,FAR1,PIGM,MROH1,CTD-2228K2.5,NOTCH2
10316,MARCH1,FAM179B,ANKRD27,DDX55,EPHB6,MMS19,FBXO11,MPV17L2
10317,FARS2,USP1,XPR1,MPP1,ENTPD3-AS1,ATXN7L1,SHFM1,RAD51
10318,MLXIP,PLTP,CLIP4,NOC3L,GID4,SP100,NEK7,C14orf142
10319,RP11-468E2.5,POT1,NIPBL,AGPAT5,TMEM184C,CAMK2D,FNDC3B,CBL
10320,XPNPEP3,RPS17,TNFRSF18,ABLIM1,IL15RA,NOC3L,EP400,ZBTB38
10321,PALB2,FANCG,CAMK2N1,BPHL,LCLAT1,KIF1C,YTHDC2,CXorf40A
10322,RBM19,MPC1,NOP2,PRELID2,PHRF1,DYRK1B,PAWR,RBMS1
10323,C15orf39,ZNF24,SIGLEC9,HIGD1A,CACTIN,SULT1A3,PPP2R1B,FGD2
10324,CDKN2A,RP5-821D11.7,MT1E,MFSD3,LINC00324,RNF144A,PDAP1,QPCT
10325,SPRY1,FAM3C,RP11-197P3.4,SSB,MFSD9,PAFAH1B3,MBP,WDR37
10326,AGPAT4,COA4,PGRMC2,ZNF235,RBM19,SLCO3A1,RP11-325F22.2,SRRT
10327,EDRF1,C1RL,TRIB2,RAP2B,ATP13A3,FPGT,CTD-2302E22.4,LIN52
10328,MLST8,CERK,LILRA1,MAP3K3,GTPBP2,THAP5,ACOT8,FBXO41
10329,TTI1,TFAP4,CRAT,RASGRP4,CEP85,NUFIP2,RNF207,RNU12
10330,LEO1,PDK3,NCOA3,CTD-2210P24.4,CD226,RP11-127B20.3,POLE,CSF2RA
10331,FAM179A,PPP6C,TIMM50,GPBAR1,TTC13,GDPD3,TDRD7,BATF
10332,C1orf145,RP13-582O9.7,HNRNPF,KIF1B,ATP5S,CLASP1,TRAPPC9,CD300C
10333,SENP2,TDRD7,TMEM44-AS1,FZD3,TCF12,PAICS,SLC2A3,ABHD12
10334,ZC3H11A,CCDC30,ABHD15,DUSP10,RICTOR,RP13-977J11.2,CREBRF,ZFP90
10335,LRRC57,REEP4,KIDINS220,RP1-29C18.10,HMGN5,FAM13B,HIBCH,ERCC3
10336,RAB7L1,MRTO4,ASMTL,TRIM26,SPINT2,SPTLC1,HHLA3,DGKA
10337,TSHZ1,SDR42E2,UBN1,PDE6D,RP11-74E22.3,HNRNPA0,LANCL1,TPMT
10338,PTTG1IP,EXOSC1,ITPK1,HECTD3,SH2B3,CAMTA2,METTL15,NAT9
10339,RPS6KA1,TOMM20,EDEM1,ZNF426,USP20,MBD6,IQCG,PGAP2
10340,KIAA0753,TMEM70,C19orf77,CYTH4,TARBP1,TGFB3,FAM78A,FARSB
10341,IFNG,EXO5,ERLIN2,TPD52L2,CSF2RB,TNRC6A,PHYH,RDX
10342,FAM177B,TMEM86A,NAB1,PPP6R1,TAF1A,EFNA4,NEFH,SCOC
10343,GPR124,IFITM3,SETDB1,SMPD3,TSPAN15,AK3,GRAP,NUSAP1
10344,AMMECR1L,RP11-728F11.4,SEC61A1,LBH,CCDC22,CDC42SE2,APOA1BP,YPEL2
10345,KCNQ1OT1,CSTF3,GPATCH11,ZNF799,GSK3A,RNF8,C5orf28,DSCR3
10346,KRBA2,PDE2A,TFIP11,USP30,GTF2E1,ZNF800,BCL2L11,ERCC6
10347,SLC9A7,METTL16,GTF2IRD2,ELAC1,IL6R,NXT1,STYXL1,RPL39L
10348,BLNK,C19orf48,ZNF398,TYK2,CSNK1D,ZNF580,GPATCH2L,C1orf35
10349,IMMP1L,F13A1,WIPF2,LIN54,C9orf89,PANX1,NR2C2,RAB3D
10350,ZNF646,TRAF2,IL18RAP,PHACTR2,RP11-849H4.2,FHL1,TRIB3,MRRF
10351,CCDC28B,AK3,C5orf30,ISOC1,CD300LF,SEC23A,TRIP4,C15orf57
10352,PRKAG2-AS1,P2RX5,CGGBP1,NDFIP2,RAB3GAP1,POC1B,HN1L,LRP1
10353,DDX10,DUS2,RECQL5,RP11-229P13.20,HEATR3,CBX4,F2R,HTATSF1
10354,CHD9,DOT1L,PIGP,UPF1,AC120194.1,ARFGAP2,TMX1,EFR3A
10355,HERC4,HEXA,RUVBL2,ZNF438,SPTSSA,RP11-349A22.5,LONP1,CTSO
10356,LZTR1,CCR2,PAFAH1B3,HOXB4,RPE,ICAM1,TCTA,BCL9L
10357,XXbac-B135H6.15,NAGS,ARSK,ATP6V0B,WDFY2,FHL3,RNF40,UCKL1
10358,ARMC1,TSSK6,RALGDS,HIST1H4C,WNT10A,C1orf86,RPA3-AS1,RP11-427H3.3
10359,TESC,GALNS,ELK3,MIPEP,NDUFV3,AGPS,RPS6KA5,DRG1
10360,MAP3K12,SLC38A5,ORC2,OSGEP,INTS2,NBEAL1,HELZ,TYW5
10361,GPBP1L1,CA5B,ATP5J2,DENND4B,GLTP,LY9,DDHD2,KIN
10362,RP11-326C3.12,PPM1D,KHK,HOXB2,HM13,KDM2B,NOA1,ZC3H14
10363,RP11-686O6.2,C15orf38,KCNE3,ATAD3C,CDCA4,PTRH1,LARP4,PTOV1
10364,FCF1,BST2,ALCAM,ERCC5,VMO1,ANTXR2,CAMK1D,STARD3
10365,FBXW9,ZBTB45,OCEL1,MRPL39,TRIP12,PPP4C,C17orf103,SLC30A9
10366,PLEKHA2,MKLN1,AP003774.6,BDH2,STRN4,RP1-111C20.4,RNASEH1,NARG2
10367,BCORL1,PNOC,PAQR8,LIM2,KLC4,ACTA2,ZNF680,ARHGAP27
10368,LEPRE1,LINC00106,MRPS23,HADH,TMEM33,FRYL,AGTPBP1,EEF1E1
10369,APOBEC3B,UBE2D4,ADCK3,FAM118B,CCND2,AFTPH,FAM126A,CSTF3
10370,FRG1B,AC084018.1,RP11-890B15.3,C19orf73,MICU3,CHMP7,RPAP2,POLD2
10371,NRROS,BTN3A2,TPST2,PNMA1,KRT18,KLRC1,SLC43A1,MRPL19
10372,PARP14,CRLS1,C9orf69,PBLD,RP5-864K19.4,MIOS,BACH1,C16orf80
10373,RAP2C,SUV39H1,OSBPL2,BTAF1,LINC00954,FAM35A,MIR4458HG,LIX1L
10374,MT1E,ATMIN,HN1L,RMND5B,CDIPT,BCL11B,CDK7,C3orf17
10375,UBE2W,AC010883.5,GHRL,ZNF148,CA5B,IRAK1,FAM195B,CTNNB1
10376,KLHL14,POU2AF1,PCNT,PPP1R14A,AUTS2,R3HDM2,THOC2,SUN1
10377,PJA1,HDHD1,IRAK4,TTC31,SIDT1-AS1,RC3H1,TAF8,RCL1
10378,NOM1,DAG1,PPFIBP2,LINC00852,ZNF639,CD1C,EIF2S1,XPNPEP3
10379,FIZ1,TOPBP1,PNRC2,CHI3L2,DGKH,POLR3D,TMCC3,NLRC5
10380,RP11-290D2.6,TMEM183A,ASL,RNF157,TJP2,APLP2,SASS6,ATP6V1E1
10381,MIB1,C11orf95,MTMR1,LINC00843,SOS1,CLPX,CKB,YTHDF1
10382,TCF12,LINC00339,AARSD1,SMAP2,HRSP12,RIT1,CCDC92,RSBN1
10383,HEATR6,CMTM5,SLFN12L,KLHL3,CDK11B,FIGNL1,TYW1,FOLR3
10384,NAGPA,FUCA1,RP11-473M20.9,TBX21,TXNL1,NSG1,SPICE1,COPB2
10385,ZNF582-AS1,MED8,MTF1,AC009120.10,ATAD1,TBCE,REEP4,SHOC2
10386,KXD1,TRMT5,DPEP2,PSMD5,SLC16A3,GPN2,PLA2G12A,SMAP1
10387,IDS,TES,RP11-76E17.3,TPCN1,FAM19A1,MGAT4B,C2CD4D,HMGN4
10388,ZBTB25,GGACT,B3GNT1,ABHD6,MYBL2,DNAJB12,COG4,RFC4
10389,KDM2B,RP5-899E9.1,ASXL2,C20orf196,ALOX12,RP11-326K13.4,SSBP2,GGPS1
10390,KIAA1841,RNASEL,PCBD1,AFAP1L2,PQLC2,DDX49,NXT1,OCRL
10391,PSTPIP2,CGRRF1,GTF3A,FAM102B,CPOX,HIST2H2AC,NVL,MRPL4
10392,RP11-533E19.7,SLC35A5,AHCYL1,EIF4G2,PPP1R14A,RP11-15A1.3,ZNF181,SF3A2
10393,ZNF25,SUMF2,ATP6V0A1,ZNF22,MMAB,OTUD4,EEPD1,TBCD
10394,RNF113A,MFHAS1,HDDC2,RARS2,RP11-127B20.3,PAFAH2,TFE3,ZBTB10
10395,ZNF286A,OCRL,NABP1,MFSD6,CKS2,RHBDD3,KIAA1328,RRP1
10396,NAPG,MYLPF,CNOT6L,TOLLIP-AS1,DGKQ,NDRG2,DZIP3,OSGEPL1
10397,C16orf52,RORA,TP53I13,PNOC,HOOK3,GEMIN8,VPS9D1,USP4
10398,ARHGAP10,SLC9A1,KLF9,RP11-1094M14.11,BPNT1,ZNF589,THEMIS,UTP6
10399,RP11-589C21.6,RAPGEF6,GALK1,GALE,DDT,ZC3H3,BARD1,NAA35
10400,RP11-798G7.6,MAN2C1,RP3-395M20.12,ZNF862,GTF2IRD2,TIPARP,PJA1,SNX29
10401,TMEM129,FAH,C15orf48,USP39,SLC7A7,TADA3,TMEM177,KIAA0930
10402,SSSCA1,CXXC5,BIN3,ERF,RBM15B,ZNF808,SNRNP35,ATP11C
10403,RP1-111C20.4,CENPQ,OLFM2,KIFC2,ZNF780A,VDR,KIAA1524,DHX29
10404,DAPK1,CEP135,DCP1A,PPP3CB,NIN,ARHGAP6,OPA3,CD83
10405,LPXN,HK3,ATP5L2,SLC23A2,RP11-686O6.2,CD81,SGSM2,IDH3A
10406,GIMAP6,ASPHD2,UCK1,G3BP1,SLC25A1,ZDHHC24,ZNF91,RP5-886K2.3
10407,CCDC88C,ITGA6,IL18R1,HN1L,RABL2B,PGD,MMS19,AP2B1
10408,GCN1L1,POM121,RP11-802E16.3,ZNF211,STAT5B,TRIO,DENND3,CTD-2035E11.3
10409,KLF13,POLDIP3,NPHP3,TIMM23,YPEL3,HEG1,TMEM87A,SRP72
10410,ATE1,ARL6,SLC1A5,CRKL,FUCA2,TBPL1,CKLF,ATP6V1C1
10411,TTC19,PRSS53,FMNL3,EIF2AK4,TTC7A,AP1S1,GEMIN2,USP9X
10412,RP11-166O4.6,VPS4A,CHMP1B,PEA15,PEA15,ARHGAP19,EIF2B2,HSF1
10413,MYSM1,SRPR,C20orf194,PEX19,ANKEF1,RP11-727F15.9,CBWD1,NAMPT
10414,NEIL1,CD7,MIER2,IRF9,GNB2,RGS12,UBE4B,SLC35C2
10415,SYPL1,IER5,NBPF9,MRPL46,PWP2,RNF125,HOMER1,EXOSC6
10416,C19orf40,SLC9A8,CDK11A,SYNJ2BP,hsa-mir-8072,CCR1,TARBP2,KYNU
10417,NUMA1,UBXN7,PSMC2,NAA16,SMARCC1,SNRPA1,C12orf79,PGAM5
10418,KANSL1L,RCOR3,EIF3J-AS1,ST20,RP5-882C2.2,GPKOW,PKN2,PTPRN2
10419,WNK1,CENPV,SCML4,HSPA14,MORN2,NOC2L,CAPRIN2,DDIT4
10420,ZNF436,ROBO3,SOGA1,ALG11,KB-1208A12.3,MAF,RP11-15A1.3,LLGL2
10421,AC142528.1,COX15,CAPN15,PRRC2A,SYNE1,OGFOD1,TMEM222,KRCC1
10422,SWSAP1,QTRTD1,SURF4,ZBTB11-AS1,POLR3E,NAGA,PRPS1,SLC25A14
10423,AQP10,RAE1,GTF2E2,ZCWPW1,CTD-2369P2.2,MMADHC,ZC3HC1,NFIX
10424,NUTM2A-AS1,CXCR5,CDH1,CTBP2,RP1-102H19.8,AQP9,FLVCR1-AS1,PDRG1
10425,ANKZF1,FZD1,WBP4,FIBP,C6orf25,LTB4R,EMC2,C2orf42
10426,CBY1,SPIDR,BAZ1B,INTS8,RAB39B,GNPTAB,RABL5,D2HGDH
10427,LIPE-AS1,PAFAH1B3,MIB2,CCDC22,VIPR2,GGT1,EIF4E3,SMIM4
10428,PRKAR1A,ZC3H7A,MANBA,FAM219A,RP5-943J3.2,EMC2,SNTB2,PRNP
10429,MAP9,BRI3BP,CDKN2AIP,TMEM175,TRAPPC8,CTC-479C5.12,PCP2,CWC22
10430,RP11-385D13.3,XXbac-BPG181M17.6,ARMCX5,BBIP1,NOL8,KIAA1109,EZH2,HAGHL
10431,ACTR8,ACVR1,NTPCR,FNBP4,SPTLC2,HMGN4,SPATA5L1,ESYT2
10432,PAX5,MBD1,TCTA,ASNA1,C19orf24,MPP7,TMEM87B,NDUFA7-1
10433,PNRC2,COPS7B,TBCK,RAB6A,SDAD1,RAD9A,FAM46C,SRPRB
10434,QTRT1,MBNL2,LHFPL2,WDR27,TPP1,PDE4A,SKA2,RP11-809O17.1
10435,IFIH1,MED14,ARHGAP11B,TBC1D17,CTC-241F20.3,XRN1,RP11-284N8.3,CD40LG
10436,DCAF8,KXD1,IPP,KMT2C,MTIF2,PIAS2,MEMO1,EID3
10437,ADCY7,TMEM102,IFT52,LEPRE1,WDR26,PRMT5,FN3K,PDCD2L
10438,FGFR1OP2,GTF3C2,VIM-AS1,NFS1,EAF1,AP001053.11,ZNF746,FEM1B
10439,SEC14L1,JMJD8,S100PBP,RNASEH2B,RP11-344P13.6,NGRN,ANKAR,SIRT2
10440,ZNF3,SLC35G1,METTL23,FBXW5,TIMELESS,PEX2,ISOC1,SPATS2L
10441,CDCA7L,SPSB2,MGLL,TCF4,FAM134A,LPIN1,SLC35D2,SMAD3
10442,LYPD3,ARL6IP1,ASPHD2,CNOT6,ASNS,ELMSAN1,HIST2H2AC,MBD1
10443,RAB4A,AC069363.1,FAM175A,SRBD1,RP13-580F15.2,NECAP1,CHST2,TPK1
10444,TRAK2,GALNT11,TRAPPC2,TRAPPC12-AS1,NKAP,MFSD3,ERMAP,RP11-158M2.3
10445,HECTD4,RCSD1,SLCO3A1,DKC1,LCN2,CCDC69,SNX14,RRN3
10446,TWF1,IFRD2,SPRYD7,MTA2,ACADVL,PAPD5,SLC39A1,PCNX
10447,MAP2K6,SFI1,NARS,KB-1208A12.3,GABPB1,ADAM9,CRYZL1,KBTBD8
10448,GATC,UBL5,FAR1,STAC3,LARP1,MARCH2,HACE1,EXOC2
10449,KIAA2018,GAS6,RFX5,ADNP,INTS4,KLHDC4,AEN,NFKBIL1
10450,RP11-318E3.9,EIF2B5,CTB-113I20.2,MAP3K4,F13A1,OXSM,CEP350,PAIP1
10451,AC005253.2,ZNF714,ETV7,RP11-861A13.4,SIGMAR1,ZNF134,WDR24,FEM1A
10452,FOSL2,TRAPPC4,RPS6KB1,PCCA,CORO1C,DAPK1,ATAD3B,MUS81
10453,CEP89,GNAQ,NOP14-AS1,RP13-188A5.1,ZFAND5,TRAPPC4,CRTC3,TMEM18
10454,PAFAH2,CD5,INADL,AKTIP,ARHGAP6,RP11-343N15.5,FLII,PPM1F
10455,MECP2,NAP1L4,C1orf50,SLC25A14,SETD5,C15orf48,NOM1,MYL6B
10456,PCF11,FCHSD1,MAF,NPAT,AC009403.2,CDHR3,PPAT,SLC4A1AP
10457,TGOLN2,DNTTIP1,APBB1,RFX1,MYBBP1A,RCBTB2,RC3H1,MICAL1
10458,RP11-339B21.11,KIAA2018,CDC42SE1,RAB11B-AS1,ZNF100,ZNF133,AKT1,TRMT5
10459,CDK20,TMEM261,FAM117B,GALNT3,OR2A1-AS1,EXOSC10,PTGER2,EMC9
10460,AC097713.4,HENMT1,C6orf48,RARS,CTD-2035E11.4,MFSD11,TGFBR2,UNC13D
10461,MRE11A,C15orf39,FAM122B,USF1,CETN3,DYNLRB1,LINC00176,PRPSAP2
10462,SLC44A2,STMN3,ZNF395,ZNF181,SERPINB8,RP11-1191J2.5,MORC3,GAR1
10463,USP36,SF3B4,WHSC1,GPALPP1,YWHAH,DYNC1I2,ZNF684,ZRSR2
10464,ARHGEF11,DENND5B,ZBED5,GNPNAT1,FHL1,MED22,PKD1,DDX56
10465,PPOX,BNIP1,ICAM1,ZFX,LRR1,NFKB2,SNAPC1,LMO4
10466,ERLIN2,C6orf25,DOK1,RBM27,NUDCD1,SLAMF1,ZNF487,POGZ
10467,CAND1,MTMR10,MIR4519,LAP3,ARIH2,GIMAP8,PNPT1,EZH2
10468,MRPL43,SOCS2,CREG1,AGO3,ALKBH1,DGKG,JMJD1C,LRRC58
10469,TLK2,IGHMBP2,TDP1,MKKS,ZNF611,TYK2,PSRC1,UPF2
10470,KCNG1,SUMF1,TNNC2,AC005944.2,RP11-629O1.2,AP1G1,ACSF3,LYRM5
10471,CNRIP1,TMEM181,C11orf48,CWF19L1,AC027763.2,PVALB,PPIL1,SF3B3
10472,HTATSF1,ST6GALNAC4,EIF2S2,ARF3,HEMGN,TIGD5,ZNF516,DYNC1LI2
10473,L3MBTL2,AKAP17A,NFE2,SLC39A3,GRSF1,SPON2,SNRPN,HSD17B8
10474,MKLN1,ATP1A1,STAMBP,CHD9,SNX25,SRFBP1,ADPRHL2,MDFIC
10475,VPS11,IL15RA,SMIM19,RP1-39G22.7,ESAM,SCML1,TUBA8,RP11-849H4.2
10476,PROK2,CNEP1R1,TBC1D23,PDGFD,HAUS5,KCNK6,SERINC5,CCDC59
10477,ZNF141,RP5-1043L13.1,PTAR1,EMR2,KCTD13,TMEM43,CAV1,APEH
10478,GLI4,RP11-936I5.1,SH3BP2,PDSS1,SSX2IP,EXOC2,PCCB,DOLPP1
10479,GAS7,FEN1,C10orf118,NRG1,MAP4K1,PPP1R15B,FAM8A1,CCDC43
10480,RHEBL1,UTP6,NAPEPLD,VKORC1L1,C7orf55-LUC7L2,TSFM,ZNF506,DKC1
10481,IL23R,SIRT3,NARF,SPTSSB,ENTPD4,RP11-500C11.3,RABEP2,UNC50
10482,ZNF107,RIT1,IL17RA,H2AFY2,IP6K1,RAP1GDS1,OGFOD1,COPS3
10483,CEP290,FBXL6,KAT2B,MAP4K5,RP11-160O5.1,TRMT2A,RAI1,EIF2B4
10484,BBS9,PDE3B,SBDS,GNGT2,PRKX,PTPLB,MPV17L2,GRIPAP1
10485,MRM1,MRPS28,TRIM32,DNASE2,STARD10,DCP1B,TP53TG1,SCFD1
10486,FANCM,MSI2,FBP1,ITPK1,TRAF1,SAMD4B,PTPN9,CPQ
10487,PRPF39,PGS1,ILVBL,TOR4A,RP4-612B15.3,SARNP,ASGR1,OGFOD3
10488,ABCD2,ARG2,CDKN2C,RP11-977G19.11,CIPC,PAIP2B,GPATCH3,ERO1L
10489,CSTF3,TGDS,RBX1,ABHD5,MBD6,PIP4K2B,MPRIP,ZNF580
10490,INPP5E,TTBK2,C8orf76,RP11-298J20.3,PPP1R3B,TBL3,HIST2H2BE,TCERG1
10491,GPM6B,DHRS9,UBAP2,MRPL37,HPCAL1,ZNF618,SRCAP,RITA1
10492,ZNF764,ST3GAL6,DXO,RANBP1,CRY2,ME2,CPPED1,FBXL17
10493,SYS1,PLVAP,FBXW9,ZFP69,DYNC1I2,SMC6,TJAP1,POLE3
10494,CHD4,SPATA5,AC016586.1,GNA12,C18orf21,SLC2A8,DNMT3A,PPP1R8
10495,ZNF256,NEIL1,VAMP7,ZNF384,MAN1A1,GCN1L1,COG2,FRMD8
10496,CCDC82,COL19A1,DYRK2,GALNT6,UBA7,RASSF3,MCCC2,AC002467.7
10497,DBT,DHODH,SLC2A4RG,LOH12CR2,SECTM1,CISD2,FRA10AC1,LATS1
10498,FOXN3,MEI1,RAMP1,RP11-535A5.1,ATAD3B,CTD-2302E22.4,RCE1,ACIN1
10499,GBAS,ZC3H7B,HK3,CACNA1I,NUDT16L1,NBPF12,FUCA1,TCTEX1D2
10500,TMEM209,SLC25A45,PTRH1,C17orf103,C7orf49,SARS2,SFXN1,CNOT8
10501,ZNF710,SMAGP,ABL2,STAM2,PSMD3,NUDT18,MKI67,HES6
10502,C2orf88,TRMT10A,EIF2D,C10orf88,ARPP19,TTL,NSUN5,SNAPC5
10503,KDM3A,DPAGT1,H2AFY2,COQ5,IRS1,EPB41L3,RP11-752G15.6,ARAP2
10504,TPGS2,DBN1,PJA1,IDH2,CARD11,NUDT15,CCL4,SLC2A8
10505,RP11-81H14.2,GIN1,DSN1,METTL25,TMEM164,UGCG,USP8,DNAJC1
10506,ZNF44,AKR1B1,TSEN34,SPERT,SMARCC2,RP11-69E11.4,RP1-3J17.3,C12orf57
10507,ZNF718,DDX39A,BBIP1,LYPD2,MED30,ANG,THOC1,PFDN6
10508,BEND5,FASTK,ZC3H3,TNFAIP1,NACA2,HIVEP3,TESC,TSSC4
10509,DHX33,ELK1,ZNF394,CAMK2N1,CCPG1,XIAP,GNL3L,KIAA0922
10510,TCHP,RP11-611L7.1,KLF12,SNRPB,CLINT1,THAP2,BFAR,IPO5
10511,CA11,NDUFAF2,PDK2,MBTPS2,KIAA0226L,IFT74,RTFDC1,RFC2
10512,RP11-140K17.3,EPB41L4A-AS1,TRAPPC11,AURKC,RAB4B,ZFAND3,CTA-211A9.5,RP11-544A12.8
10513,TMEM8B,KIAA1191,C6orf211,ZNF606,CTD-2288F12.1,TNFRSF18,CD300LF,AKR1C3
10514,ZNF483,LINC-PINT,RSAD2,RP11-1114A5.4,ARSK,LRCH1,RAP2C,SLC27A5
10515,PRKD3,MCCC2,CDC5L,LGALS9B,GDI1,GPN1,MUS81,BDP1
10516,TULP3,IBA57,DRG1,AC079922.3,USP11,BMF,AP3B1,VPREB3
10517,MAP3K10,MINPP1,ACADS,RC3H1,FOXK2,RP11-356I2.4,NME1,ZZZ3
10518,NELFA,CEBPZ-AS1,RGS3,GPATCH8,USO1,CDK5RAP1,ULK1,GPATCH2L
10519,RNASEH2A,ZNF419,MED15,STIM1,AQR,PARP11,UIMC1,ATG10
10520,AC104532.4,ABHD17A,TSR1,PDCD11,CHAF1A,GZMM,FTX,HDHD2
10521,LRRC45,SUZ12,HSPE1,RBM43,SURF6,GNG7,API5,GLT1D1
10522,ACIN1,FANCF,PEX11B,CYTL1,HIBADH,SLC44A1,STX6,BCL2A1
10523,NAT10,LINC00861,CYB561,CDK19,KIAA2018,ARHGAP26,PDK1,CCP110
10524,TLCD1,CCDC104,SEPSECS,METTL15,POP1,ST14,SIKE1,BEST1
10525,PDZD8,ZNF484,ABCF3,ACTR2,UBASH3A,CWF19L1,ZSCAN18,DDA1
10526,PPAPDC2,SUOX,RP11-1399P15.1,ZNF780B,NFYC-AS1,ANKRD28,MRPS12,ALG3
10527,BTK,PMS1,ITGB3BP,DHX34,ZNF785,NFATC3,GPI,TICAM1
10528,APOBEC3F,RP1-90J20.12,ANO9,RP11-474G23.2,TRAPPC9,CDK7,CD38,UBAP2L
10529,RP11-218M22.1,TPP2,EXOC6,TM6SF1,THOC5,HAUS7,UBE2E3,RANBP3
10530,MAMDC4,MIR22HG,GABARAPL1,RGL2,MSRA,LINC00657,APBB3,MARCH7
10531,TOM1,CSNK2A2,MAN1A1,MMS19,ERCC6,MLLT3,VGLL4,MPHOSPH6
10532,FN3KRP,MICB,NAIP,PSD,INTS3,BUD13,CCR6,FPGS
10533,FCHSD2,CTTNBP2NL,IMPA1,LINC01136,EHBP1L1,H2AFX,KPTN,LRWD1
10534,LRRK2,RNF217,LINC00339,MTRR,PARG,ZMYND19,TSEN15,RAD9A
10535,ABCB10,FUBP3,TSPAN2,RP11-611E13.2,RELL2,ZNF207,GABPA,XPOT
10536,ANKRD37,AP1AR,TPGS2,PANK3,TBC1D13,PLA2G16,SEPN1,HM13
10537,BBS7,BEND5,PARVG,SLC12A7,MRI1,RP11-448A19.1,SNAPC5,COL4A3BP
10538,ZBTB20,UQCRC2,DNAJB11,MSRA,FZR1,HYAL3,ZMYM4,LYPLA2
10539,CA13,POLR1E,RAB37,C14orf1,PSMD10,GGCX,CLN5,EML4
10540,DCAF13,PEX6,TEX261,GPRIN3,MLF2,DDI2,ELF2,RIPK1
10541,CTA-384D8.34,RETSAT,PIGT,EML3,RP11-386G11.10,CDCA5,VRK2,OLIG1
10542,SPCS3,FAM211A,ENTHD2,RP9,MYO5A,MPI,GLT8D1,RBP7
10543,MED25,CCL4L2,GAA,C16orf91,PDLIM7,C2CD3,THAP1,GSTZ1
10544,ZNF516,UBE2V1,INPP4B,METTL10,RSL24D1,UBE2H,G2E3,POLR2B
10545,DHRS1,SLC9A9,CTAGE5,SLC9A9,RPTOR,LYNX1,PPP1R13L,TRAT1
10546,EBLN2,SRGAP1,PDSS1,MTHFD2L,ANO9,LCMT2,ATHL1,C12orf45
10547,KCNA3,NECAB3,SYTL3,XXbac-BPG252P9.9,ERCC4,SCYL2,CCDC125,TRABD2A
10548,ARHGAP1,MECP2,LARS,ZNF37A,KCTD18,POGZ,BCDIN3D,METTL25
10549,SLC25A26,RP11-428G5.5,IL27RA,TNIP1,PEX1,TTLL12,UTP3,ZNF846
10550,KDM1A,GRHPR,FTSJ1,AC074138.3,FAM210A,PTPRC,MED18,INTS3
10551,MED20,ELL2,PRPF18,ACAD10,FXYD2,GRWD1,HRAS,CNIH4
10552,MRPS18A,OCIAD2,MEAF6,C7orf31,STK11IP,ZFAND2A,PDE6B,S100A12
10553,CYB5D2,TFB2M,ACTA2,TTLL4,ZNF571,C12orf43,RMDN1,METTL14
10554,DENND4C,ELMO2,FOLR3,GLIPR2,PDP1,RNASEH1-AS1,SH3YL1,BIN3
10555,MARCH2,EIF2B2,LINC00877,ACBD4,LILRA3,RNF44,WDR62,PRMT5
10556,BBS4,PPP1R11,ARMCX3,TAF9B,C5AR1,RNF14,SECISBP2L,USP1
10557,LRRC37B,INPP5D,NPLOC4,ARFGEF1,RUFY1,DAPK3,C3AR1,C2orf49
10558,UBA6,MRPL2,CCDC14,FAM178B,STX2,ST6GAL1,PLEKHA2,RMDN3
10559,HAT1,STMN1,ADAP1,SLC35A1,ANKS3,CENPE,TOP3A,CXorf38
10560,ACVR1C,TLR1,UTP6,NOLC1,COQ4,INSIG2,TAF2,XCL2
10561,TIA1,KCNMB1,GIMAP8,BUD13,SYNRG,ALKBH8,ANO6,CDK10
10562,ANKRD17,FEM1B,DUSP5,GM2A,SLA2,IVD,H1F0,RPRD1A
10563,C19orf38,NUP153,S100A12,PHKB,ZSCAN29,APP,RP11-1391J7.1,LRMP
10564,SPOP,SENP5,TPRG1L,PPP1R11,TCEAL3,ZNF518B,ZNF319,MTRR
10565,SARNP,NAB1,LARP1,RNF44,DHX9,C5orf45,SRD5A3,HEBP1
10566,LPHN1,TRMT13,PIGO,LAMTOR5,PRPF3,PCBP1-AS1,AGK,NBEAL2
10567,RLIM,FAM134B,DLAT,WDR11,PDHA1,PRPF4,BNIP1,TBC1D1
10568,LCORL,SH2D1B,TM9SF3,C1QC,AC093818.1,LZIC,SNX16,RUNX1
10569,PORCN,CYB5A,TOB1,CTC-378H22.1,MAPK3,TMEM141,EPS15L1,ITM2C
10570,LRRIQ3,TTC9C,ZDHHC6,SLC25A35,HSF2,GPAA1,ZNF626,OXLD1
10571,SPATA5,TCIRG1,APLP2,F2R,USP10,RALGAPA2,XXbac-B135H6.15,MBOAT7
10572,RP11-542M13.3,SNRPA,E4F1,CCDC146,AP003733.1,CUEDC2,TMEM245,CTSS
10573,ZNF558,CCDC84,ZNF28,PAXIP1-AS1,SIRT6,ZNF585B,ITPK1,BATF3
10574,C6orf211,NSL1,IPCEF1,HAPLN3,TBCK,NACA2,DLEU1,METTL1
10575,NPLOC4,THOC5,ALKBH5,MAP1LC3B,NUCKS1,AC116366.6,SF3B3,JMY
10576,CRYL1,CCDC152,USP42,HAUS2,VPS39,ZNF628,SAR1B,EIF1AY
10577,TMEM63A,TRAT1,EPN1,SLC7A1,ZNF672,SNORD3B-1,PRPF4,TNFRSF4
10578,SHC1,KCNN4,R3HCC1L,ERP27,TM2D2,C6orf62,RRAGB,BCL7C
10579,LYRM7,MARCH8,PDZK1IP1,SLC9B1,METTL5,NSMCE4A,PCNX,CHRNB1
10580,AGO1,RNF34,DHODH,SLAIN2,AIFM2,LRRC14,MBOAT1,ACSM3
10581,PSPC1,YPEL2,TOR1B,YTHDF2,TDG,CCDC84,PGAP2,ARHGAP10
10582,MCUR1,RIC3,DENND1B,TIMM50,ABCF1,ZNF230,MPPE1,RNASEH2A
10583,NSUN2,ALG2,EHD3,VPS13D,RP11-407N17.5,AC093495.4,FAM127B,PNO1
10584,MCC,ACSL1,ANKRD36,PCNXL2,LSM12,GARS,RAB3D,THUMPD3
10585,ATG4A,GPR171,ERAP2,TGS1,CCBL1,ITGB3,PDCD10,MALSU1
10586,MRPS12,TYW3,ABCC10,DUS2,XPR1,ATP6V0C,RP11-163N6.2,PHKG2
10587,TLR10,PDCD4-AS1,RP6-91H8.3,MFSD12,RP11-390E23.6,MBOAT7,RP11-102N12.3,QSOX1
10588,GPATCH1,FOXRED1,PEMT,OGFOD3,ENO2,RP11-817O13.8,PLCL2,TFEB
10589,ZNF511,ZNF880,DTWD1,LIPA,RP11-134G8.7,ATG2A,FBXO33,MATK
10590,UAP1,APLP2,SPARC,KLHL15,NUP205,FLT3LG,KIAA1191,SCAPER
10591,LSM6,PNPLA2,PKIB,UXT,LRBA,FTSJ1,METTL17,WRAP73
10592,OSGEP,COMMD2,RP11-475O6.1,CCDC137,TADA2B,CFH,FAM210B,MTMR6
10593,NUTF2,STRBP,LRP1,ETFA,KRT73,CHST11,SHOC2,NSMAF
10594,P2RY11,ARL4C,BBS2,ARL4D,ARHGAP12,FAM127A,CXorf56,FKBP15
10595,NDUFB6,AHCYL2,UFSP2,PKIG,RNF130,GCC2,CD3EAP,CDKN2AIP
10596,APOO,FAM46A,CARKD,CALM1,RFK,DPM1,CCL28,ILVBL
10597,CSNK1G3,MSANTD4,SNORD3D,NFXL1,DDX21,RP11-1017G21.5,KCTD3,CCDC104
10598,AC069363.1,SKP2,BCL2L13,ENPP5,DNAJC11,SLC39A4,R3HDM1,ZNF91
10599,POLR3B,SEC31A,UVSSA,GATSL3,LA16c-358B7.3,PVRL1,DDX58,ANTXR2
10600,GCLM,TM2D3,NLK,SNORA76,ZNF569,AGO1,TRIM11,OGT
10601,GRB2,TMEM218,PDK1,MED14-AS1,IFT74,CTA-384D8.35,FKBP4,METTL12
10602,EXOSC7,EIF4EBP2,STX10,DCAF4,TLE2,C2CD5,FAM178A,UHMK1
10603,AP000692.10,UTP23,BRD4,SFXN4,ZMYND11,RP13-753N3.1,ABHD2,RAB34
10604,PTPLB,TMEM150A,XRCC1,NSRP1,SLC39A7,PPP2R5A,PLEKHO1,YEATS4
10605,MMGT1,TOB1,ACO2,RP6-206I17.1,ARHGAP21,RP11-385D13.3,STX17,DUSP5
10606,FADD,ZNF575,RP11-403A21.2,C19orf55,F8,TBC1D15,TGFBR3,FAM134B
10607,TBRG4,AMT,NR1D1,RBM4B,THUMPD2,GNPDA2,BUD13,PRDX4
10608,RHBDD1,HVCN1,TMEM206,AC116366.6,CCL28,TRIM52-AS1,CYB5RL,RBPJ
10609,ZCCHC9,CXCR3,FAM101B,NCAPD3,ATG4C,SYVN1,RP11-119B16.2,SUCLG1
10610,PPIL4,NOP16,BIRC6,CDKN1C,POLE4,CDADC1,KPNA5,USP39
10611,C9orf85,SESTD1,MICA,EXO5,SLC35A3,GUCD1,SLC6A12,PARP6
10612,ZHX1-C8ORF76,C21orf91,SCAMP1,LINC00861,HAUS8,RABGEF1,SPIDR,ARFIP1
10613,SEH1L,ODF2,TSPAN4,SLC25A46,RCCD1,C11orf82,SFXN4,UTP3
10614,SLC17A5,ESYT1,TRMT2A,APC,C14orf64,FH,MTMR2,CAMK1D
10615,C1orf122,NOTCH4,RRP9,IGFBP6,ZNF14,SLC35E4,LSM2,MGEA5
10616,FAM129C,ZBTB38,CXorf40A,TXNL1,DCAF12,EXTL2,ZNHIT6,GTPBP10
10617,B3GNTL1,SGMS1,COL18A1,AIDA,PLEKHA3,CHRNB1,ENTPD3-AS1,MIAT
10618,ZNF641,BLK,TRIM4,TUBG1,HMG20A,IL10,ATXN7L3B,SUGP2
10619,ALDH5A1,WDR19,TNK2,INPP4A,NUDT14,LRRC28,FSTL3,TNRC6B
10620,GSK3A,PPP1R32,IPO9,DDTL,RP11-51J9.5,IL2RB,ZMPSTE24,MTERFD1
10621,SEPT2,AC079305.10,SECISBP2L,SAP30,LYPLA2,TSPYL4,NTMT1,MKL1
10622,KCNE3,POLR2B,CPSF7,IMPA2,GANAB,LINC00426,CDK8,CSAD
10623,CCDC152,CTD-3154N5.1,BAK1,FANK1,IKZF5,KIAA0753,CBL,DDX54
10624,C12orf23,RPA1,GBP4,CLTA,NFE2,BCL2L1,BIRC2,PDE7A
10625,C16orf46,DNAJA2,ARID1B,HBQ1,SKP2,RP11-158I9.5,KLRC1,NME2
10626,ATR,UBQLN1,ANKH,BTD,PGM2,DTD1,NCAPH2,RPAP2
10627,RSRC1,C17orf85,DUSP10,PRAM1,PAN2,RALY,PSMD5,STX8
10628,FASLG,STAT5B,CSTF1,ITGAX,C5orf28,TAF6,NMT2,HAUS2
10629,KIAA1731,KLHL18,TRUB2,RP11-46H11.3,RP11-403A21.2,TXNRD1,ZCCHC17,NAALADL1
10630,CLIC4,TATDN1,RPPH1,SGK3,TMEM201,MTMR14,ICOS,EOMES
10631,COX7A2L,RECK,GNL1,CMC4,NUCB2,RAB11FIP3,THUMPD1,PPM1G
10632,ZCCHC18,ANKRD52,BCAT2,FUT11,ZNF747,AC006129.4,DTWD1,UBASH3A
10633,STK25,SNAPC4,EVA1B,PRPSAP1,ZFP82,DTX1,C19orf77,PITPNM1
10634,ANKRD9,MICAL3,ICOS,C4orf47,RGL2,TAF12,GPR65,ABHD13
10635,PUM1,GOT1,GTF3C4,ARMCX4,ZMYM1,RNF123,NFYC,KTI12
10636,METAP1D,SLC35E1,TLE3,RP11-473M20.14,TRMT11,EPS15,INTS5,PPP4R2
10637,GTF2H3,SLC46A3,FURIN,AARS,ETS2,CD2AP,HS1BP3,URI1
10638,RAB12,RP11-467D6.1,OGFOD3,ZDHHC17,MUT,CLK4,MED13,RP11-196G18.24
10639,EXOC5,SMARCD2,POLR1A,AOAH,PEBP4,PARK7,CPNE2,PUS1
10640,ATG16L1,RIPK3,ARRDC1,COMMD8,LIPT2,HTR3A,C5orf63,AIFM1
10641,MAPKAP1,RAB33A,USP19,RAB2B,XYLB,INTS6-AS1,RPTOR,THADA
10642,C1orf54,PNPT1,ICA1,USP38,AC093495.4,DNAJC10,FURIN,PAN3
10643,SPPL3,INTS10,IER3,DNM2,MAK16,MIB1,PQLC1,BMPR2
10644,PIP5K1C,LOH12CR2,CEBPA,PLA2G1B,RP11-85F14.5,FOXJ3,ZNF683,LDB1
10645,PSMD9,YBEY,RAD50,ZNF268,MAPK8,PCDH9,TBX21,RBM18
10646,PGAP1,TSEN54,SVOPL,AMFR,GORASP2,GLT8D1,FXYD7,EXOSC3
10647,NGLY1,TMEM39B,ACTN4,PPP3CA,APOBEC3B,CASP8,PRKAB1,MUTYH
10648,GTPBP2,PSMB7,ZMYM3,TBC1D22B,WEE1,TULP3,GALNT2,DYNC1H1
10649,CTA-250D10.23,SSFA2,RNF19B,INTS6-AS1,BCL9,GABPB1,RNF213,AGPS
10650,SMC6,CTD-2256P15.4,OGFR,IFIT2,POM121,LGMN,SKIV2L2,CBLL1
10651,LY6G5C,GNMT,DDB2,HCG27,BIK,C18orf25,ACSM3,PGM1
10652,CRY1,STX17,TTC22,USP48,B4GALT5,CPT1B,MOV10,E4F1
10653,MAP4K4,PRRG2,TMEM39B,INO80B,RNF125,NEK8,HERC1,RSAD2
10654,DHRS4L2,FKBPL,BRAT1,PER3,FADD,MON1A,CD244,CYP2R1
10655,ZNF684,SLC26A6,SRP19,MAN2C1,TMEM91,CPSF3L,ADTRP,CTCF
10656,FBP1,C6orf47,IMPDH2,ZBTB20,TONSL,HIVEP1,MDK,FLOT2
10657,YY2,TMED10,TNFSF8,TPP1,DPYD,IL7R,FNIP2,ZC3HAV1
10658,DBF4,MECR,USP37,KBTBD2,ZKSCAN3,WHAMM,BPGM,ETS1
10659,CYB5R3,SOCS4,SCLY,LRRC48,KIAA0825,E2F3,CNNM2,AP003774.1
10660,FAM43A,RABL2B,POLG2,UBASH3B,PKD1,RNF13,CDK5RAP3,UBQLN2
10661,APEH,TRIM25,GART,KIAA1143,UPF1,CTA-250D10.23,YIPF6,ARL3
10662,RP3-467K16.4,CDC23,MTRR,ATG4C,PSMA3,RFWD2,NIPAL3,IDNK
10663,PRPF4B,SYT17,NUP50,B3GNT1,NARG2,FAM126A,CIPC,RAP1A
10664,CDKN1A,SLC39A9,AC078883.3,VTA1,EP400NL,FAM179B,HDGFRP2,ANXA6
10665,GTPBP3,MED4-AS1,AC004854.4,MARCH6,PRICKLE3,KLK1,FBXO32,SERINC5
10666,DTHD1,CNOT8,ATG16L2,COMMD9,PNPT1,HIATL1,MIAT,VNN2
10667,FAM129A,GATSL3,MDP1,ATP6V1G1,GIGYF1,HADH,PLEKHO2,RAF1
10668,TRNT1,AGAP6,MTFR1L,FRAT2,PHKB,ZNF682,INO80C,UBA5
10669,BTBD8,TRIM21,DDOST,SEC14L1,AP001189.4,RP11-44N11.2,RP11-74E22.3,FPR1
10670,TRDMT1,ZNF264,VAMP3,DDX26B,WDR91,ZDHHC3,ZNF439,PARP11
10671,UTP15,HMGXB3,TNF,FTSJ2,SNHG9,CASP3,SLC4A7,NFKB1
10672,RP11-175O19.4,MFSD5,LACTB,FICD,ZNF506,KIAA0586,PARP15,INO80
10673,TK1,KCNN1,MAGEF1,CEBPG,GDI2,TIMM8B,PALLD,SFXN4
10674,C2CD2L,TRNAU1AP,PAK2,AP5S1,CMTM2,NCR3,SHPRH,TCHP
10675,CNNM3,ARHGAP29,PDE6D,GCLC,GSTA4,LIMD2,NCOA1,FAS
10676,FOXD2-AS1,MRPS27,GMPR,DLG1,CIRH1A,VRK2,ARAP3,HUWE1
10677,BCL6,ITPRIP,SLAMF1,PRKACA,MED21,ELF2,TIFA,ACTR6
10678,PLEKHO2,GDAP1,NREP,ZNF296,PCGF3,ANO10,AGAP6,SEPHS1
10679,ELK3,CCDC107,AATK,KB-1507C5.2,TOE1,C17orf72,AC004951.6,HSPH1
10680,STMN1,SMPD4,SIRT5,CHRAC1,CRTC1,ZER1,PLXNC1,FAM162A
10681,ABHD8,DHX35,SEC14L5,ZMYND8,RP11-308N19.1,IL1RAP,MTMR6,LILRA2
10682,SLC44A1,RSPRY1,MED17,NAA40,ATP9B,SUPT7L,CAMK2D,GNPDA2
10683,CPPED1,COMMD10,FAM91A1,PIAS4,ZNF792,MCAT,MTERFD1,POLR2D
10684,OAZ1,SENP7,RP11-383C5.4,SMCHD1,RP11-325F22.2,CES2,KPNA4,TAP2-1
10685,ATP6AP1,YOD1,AC003075.4,CTD-2015H6.3,POMK,NAA20,SLC2A1,EIF4EBP2
10686,GYLTL1B,DGKE,IKBIP,CCRL2,GPHN,AMDHD2,UBAP2L,CPSF1
10687,ZNF275,BIN1,ICMT,C6orf203,TBC1D2B,HIST1H2BD,SUN1,MRPS18A
10688,MROH1,SIPA1L1,ARFGAP3,RP11-489E7.4,ARHGEF40,HSPH1,ZCCHC4,ELAC1
10689,CACTIN,CDC73,MAST4,SLC39A14,RP11-1399P15.1,CCSER2,ZSCAN16,HCFC2
10690,ZSCAN32,MED7,UNK,BAIAP3,CHCHD4,RARG,RP11-464F9.20,NEDD1
10691,PDIK1L,ZNF333,APPL1,CDC14B,BCL2L11,RP11-488L18.10,PPM1B,SORBS3
10692,AKR1C3,ARMCX4,HSPA1A,B9D2,SPTLC1,CYP27A1,TTC38,CCDC65
10693,RNF125,RP11-304L19.5,PTPLAD2,TRAPPC5,BCAS3,FAM134A,C2orf42,RELA
10694,RP11-244H3.4,BZRAP1-AS1,SMAP1,FNDC3B,SORBS3,LTV1,ATXN7L3,UNC119B
10695,BLOC1S2,IPO9,SEMA4A,RHOB,RRP1,VPS41,LAPTM4B,SLC52A2
10696,PPP4C,CHST7,PDE4A,POMGNT2,TRIM58,AGPAT6,TOR1AIP2,BTBD1
10697,STAT2,SRPK1,CYFIP2,SNX8,SUPT3H,SECISBP2,NMNAT3,KLC1
10698,ZNF45,RP11-318A15.2,MRP63,ZNF707,ANKMY2,SLC35F6,HGF,ACSL3
10699,KAZALD1,TMEM120B,FAM219B,ANO9,LTN1,SEPT11,FCRL2,ARHGEF2
10700,PTMS,PHC2,N4BP3,TBPL1,ZNF561,UXS1,RRM1,TRAF3
10701,DCLRE1C,RP11-500C11.3,IL18,UFL1,COQ10B,TAF9,MLLT3,ZNF550
10702,NOB1,LSM7,NARG2,ZMYM3,DCP1B,DNAJC17,AP5M1,HELQ
10703,DHX36,SWSAP1,PITPNM2,SOS1,SIN3B,KCNMA1,TERF2IP,MARCH1
10704,ISOC2,LY96,TRIM52-AS1,DHPS,ENDOD1,ZBTB44,DNAJC5,SNRNP27
10705,LRCH1,TRIAP1,CDC42,MED15,OLFM2,FASTKD2,KLHDC1,PTRH2
10706,SARM1,PIGF,CTD-2006K23.1,MSRB2,TPCN2,SPATS2L,FAM126B,BFAR
10707,MRPL45,CD96,JAK3,RBM5,FAH,FANCF,LEPRE1,LMAN1
10708,RFFL,SLC5A10,C16orf62,NSUN2,C1orf52,ITPR3,CHCHD4,NME4
10709,TBC1D24,C12orf45,FYTTD1,BRI3BP,PSKH1,USP30,CBLL1,NQO1
10710,ZNF674-AS1,XRCC6BP1,SAE1,PLK4,CASC4,NUP37,TRIT1,TARDBP
10711,CCDC53,ITK,CSF1R,GSTM4,SELT,SMC1A,NDC80,PSMC6
10712,IBTK,ZMYM3,RAB38,SLC25A37,TIGD2,UBLCP1,HTATSF1,RINL
10713,REPS1,MAN2A1,MDM1,GLCCI1,MFF,FKBP11,ZFX,MECR
10714,C16orf45,HAUS1,FLYWCH2,PIH1D1,MED16,CUL2,CDK19,NINJ1
10715,HNRNPLL,CUL3,HELZ2,DCAF7,ERCC2,MSN,HMBS,MRPL13
10716,COQ2,PPP1R13L,HAUS2,SCRN2,C2orf68,DROSHA,SARS2,TENM1
10717,LRRC14,TRMT44,RP11-254F7.2,HIP1R,NUGGC,HIST1H4C,TOPORS,TMEM9
10718,MINPP1,SYNGR2,MFGE8,RCOR1,FBXW2,DDAH2,KIAA0430,DIABLO
10719,ASB1,CTD-2319I12.2,GANAB,ENDOV,ALG8,ZRSR2,RFC3,REXO2
10720,ZNF354A,TIAM1,DCTN1,PPP2R3C,PJA1,IER5,USO1,RP11-792A8.4
10721,TMEM104,AAED1,LILRB3,PPP1CA,NR2C1,CAAP1,ENG,TERF2
10722,ZNF793,FANCB,IDI1,RP11-798M19.6,RXRA,GEMIN7,STAU2,HERPUD2
10723,CLEC2B,B4GALNT3,LACE1,TFE3,FOXO3,CRIPAK,SMN1,PPA2
10724,CD1C,AC009506.1,SNX19,FOXO1,TNFRSF1B,GAK,OPA1,TCEAL8
10725,N4BP1,NEK9,SH3RF1,ZNF638,CLDND2,HEXIM1,SFR1,ELAVL1
10726,MSL1,BCL10,SCGB1C1,SDR42E1,GLA,REL,SYNJ2,RRAS2
10727,PLK2,UBALD1,MYBL2,DNPEP,CD79B,FAM3C,DNAH6,C8orf82
10728,POLA2,GPKOW,KLF7,GNAL,WDR18,BRD2,EMP1,MLLT6
10729,L3MBTL4,TMEM237,PNRC2-1,WBP1,SAR1B,FAM91A1,NEIL2,EP400
10730,PFN2,KLHL22,GOSR1,PIKFYVE,BCL3,RBFA,DOPEY1,ODF2L
10731,AK1,STIM1,CD164,BTG2,HPS6,PCNX,C11orf57,UFSP2
10732,FLJ20306,ICK,SLC40A1,CD2BP2,LMAN1,LILRB3,TMEM11,ZNF22
10733,IPO11,PRDM10,CHRNB1,TMEM86B,KCNK6,CLASP2,LTA,LETMD1
10734,ASCL2,SEH1L,PRPF38A,CDKAL1,TCAP,NFATC1,MON1B,FAM104A
10735,IFNG-AS1,PPP1R12C,RP11-879F14.2,MICB,ZNF492,HAUS3,CRKL,ALOX5
10736,FANCL,LYPLAL1,ERI3,GLYR1,GOLGA5,NDEL1,MRI1,ZNF593
10737,RP11-713P17.3,SLC25A24,ATP2A2,DDA1,FCGR2A,GLRX2,PET117,RCAN3
10738,CBX3,SEPT1,LY6G6F,FAAH2,SOBP,SCLT1,USP15,CETN2
10739,GAA,ATF7IP,C14orf159,ALDH2,PDZD11,RICTOR,TNFSF12,SACM1L
10740,LYN,ANAPC13,BTBD2,SLC18B1,C9orf3,PIAS3,STRN,MVB12A
10741,AP1S3,NME6,AC016831.7,WWP2,FAM177A1,SBF1,ACBD6,GIMAP6
10742,QTRTD1,CD1C,GPATCH2L,SULT1A1,AC004854.4,ATXN2L,CES1,LGALS3BP
10743,NINJ1,DIS3L2,GALNS,RRP7A,YME1L1,SLC35E2B,LILRA6,PARP10
10744,MCF2L-AS1,TSR2,IRF8,HMGN5,KPNA6,C19orf59,KLHL28,RP11-353N4.4
10745,NCOA7,PELO,QARS,VPS39,TMEM81,ZNF493,MLH1,CHORDC1
10746,NT5C,ZNF580,RBCK1,C17orf59,RBM28,F11R,ALKBH3,PDCD1
10747,RPL28,ATAD5,TMEM97,ENTPD5,DUSP6,NUDT9,ZNF770,CDCA8
10748,NUCKS1,RNF2,GRK6,NR2F6,IL3RA,CTB-31O20.2,SLC9B2,SIGLEC1
10749,HIF1AN,AC062029.1,IPO5,HSCB,EHMT2,GOLGB1,MOCS2,TBRG4
10750,SLC39A11,RAB11B-AS1,SPRYD4,TBKBP1,TNFSF14,CNPPD1,RAB30-AS1,C8orf58
10751,PRPF3,EOMES,STAMBPL1,FAM227B,CENPB,HOXB2,NAA50,GOSR2
10752,PEAK1,CH25H,FAM213B,ING4,CCDC59,APOBEC3F,ESCO1,OSGEPL1-AS1
10753,UNG,PDE8A,RP11-192H23.6,HELB,ZNF23,IL18,C12orf23,BRIX1
10754,RPGR,XYLT1,OPA1,MAPK8IP3,RAD23A,PFKFB4,PCCA,NUF2
10755,CD70,AGO2,NARFL,LINC00426,CATSPERG,CCDC66,ISCA1,GIPR
10756,CAMKK2,CD69,CSRP2BP,PDDC1,GCFC2,PRPF19,GNL1,MED6
10757,BZRAP1,STX10,NECAP2,CUL4B,SIKE1,TMEM223,PTRH1,KIF2C
10758,DNAAF2,TMIGD2,ABCC3,RNF187,FCER2,HNRNPH3,ZFYVE16,ASPM
10759,PHF7,SNIP1,OGFOD1,EIF2AK3,CDK12,SPSB1,MAU2,CCDC136
10760,SYTL1,PAGR1,AP3S1,EXOG,TREML1,ZNF274,GUCY1B3,MAL
10761,ADAM28,RP11-37B2.1,TRMT13,MTHFD1,TUT1,CPNE8,MFSD7,TPX2
10762,SLC7A5,FNDC3A,RP5-1073O3.7,RP11-169K16.9,LRRC14,ALOX12,RAB9A,GTPBP8
10763,HBA1,SLC4A10,NUTM2A-AS1,FAM213A,TRPC4AP,TMEM127,MAP3K7CL,RPGRIP1L
10764,JOSD2,PORCN,LCLAT1,CD1C,MGLL,SPIB,SFSWAP,PARP14
10765,ZNF76,G6PC3,ZMYND8,PIK3R5,APBB3,DNAJC14,SCAF4,RLN1
10766,USP19,USP11,TLE4,PLA2G15,FBXO48,BMPR2,NCOA3,CDC20
10767,SP2,POLE,ADPGK-AS1,LINC00910,KIAA0430,SSBP1,ZNF148,CENPA
10768,YBX3,TLK1,MRPL37,CCDC6,PCNXL2,CHMP1A,ELP4,PLK1
10769,PRKCH,CCDC34,ACSL1,ATP6V1H,RP3-322G13.5,EGLN1,RNF214,SGOL1
10770,FASTKD2,KIAA1468,ZNF124,COL18A1,RP11-656D10.3,RP11-542M13.3,LRP1,GTSE1
10771,SF3B4,UBALD2,SLC27A1,FNIP2,NDC80,GATC,CRTC1,AURKA
10772,TOLLIP,RP11-128M1.1,UBA6,TMEM219,PET117,INTS6,SORD,PHLDA3
10773,PCGF6,CEP89,ZSWIM8,VCPIP1,TRIP4,NOLC1,RFC4,PDIA3
10774,RP11-500C11.3,FOXP1,DDX52,H2AFX,GMPPB,MAN2C1,FDXR,ARID5B
10775,GNAO1,RIC8A,MAPKAPK3,ZFP90,C17orf75,ADCK1,EGLN1,CENPE
10776,CTNNAL1,SLC37A4,RUNX3,IFIT5,CD84,FADS3,VPS37A,MLEC
10777,GS1-251I9.4,SAC3D1,GSS,HNRNPL,PANK4,SAP130,SH2D3C,MT-CYB
10778,TOP1MT,PIM2,PCNP,RAB32,TATDN3,NCOA3,FDPS,FCGR2A
10779,TRIM56,PPP1R10,LSG1,DCAF10,OTUB1,C16orf52,AP000783.1,CDC26
10780,SENP5,B4GALT7,CPEB4,CDAN1,CAPN7,CNOT10,TOM1,MSH5
10781,TCF4,CCDC9,C2CD3,CYP4V2,ICA1,FAM178A,GNS,ALG9
10782,DCBLD1,DMTF1,GDI1,AATF,TNFAIP8L2,COX11,SF3B2,CRNKL1
10783,ABHD17B,MEGF9,FAM195A,ZMYM5,RELT,LINC00909,UBXN7,PRPS2
10784,DNAJB6,TAF1A,CPED1,KIR3DL1,FRYL,RP11-8L8.2,RPS6KB2,ZNF439
10785,SRCAP,MED6,SLC8B1,GBP2,STARD3NL,KXD1,RP11-1100L3.8,SLC16A13
10786,EXOSC8,ADRBK1,TRMT11,EXOSC1,COQ2,TMED1,THAP4,HNMT
10787,AC016586.1,ZSCAN9,GSTZ1,BST1,TMEM110,ZCCHC7,WBP2,PAICS
10788,ZNF576,PIBF1,LEPRE1,ZDHHC18,MTO1,KCTD21,PMAIP1,ZSWIM3
10789,CENPV,TUFM,SLC16A7,SNORD3B-1,ADCK4,FZR1,RP11-108M9.4,PRPF4B
10790,ST7,C22orf29,AP001189.4,C6orf57,NAP1L3,DGCR2,MCEE,MYCBP2
10791,SEC22A,NR1H2,UBE2D4,AGPAT6,LCOR,PTGIR,MAN2A1,NFU1
10792,TOPORS-AS1,ECHDC3,RMND1,FUNDC1,TFEC,HMOX1,KDM7A,PPM1B
10793,AC104820.2,ABI2,ZBTB21,ZBTB6,PIGF,CD6,HNRNPD,MTX1
10794,SYT5,PRNP,SLC12A7,WDR70,ZSWIM6,SERPINB9,ZBTB1,TOP2A
10795,SUSD4,TSR1,EXTL3,CERS4,RP11-291B21.2,RP11-533E19.7,MADD,MYH10
10796,SLC2A6,DNM2,HOXB4,APOBR,TBL3,ZNF512,RP13-1032I1.7,TMEM237
10797,HDAC8,RNF207,FAAH,DLST,HS3ST3B1,GBP1,HSD17B12,GLB1
10798,RELT,PVRL2,VPS11,DDX5,LYPD2,SLC23A2,TRIM8,CCDC141
10799,TUBB2A,FN3K,MT-CO3,TMEM186,SLC4A2,FAM89B,TC2N,GPSM2
10800,ZNF622,TRMT1,SCRN2,KDM4B,RPP38,EFHC2,IRF2BPL,KIF11
10801,NRDE2,DUS3L,CTDP1,OSGIN2,IFI27,LIG1,TBC1D20,ADAMTS10
10802,INSIG2,RCN1,GTF2A1,RAD51D,RP11-430B1.2,TSC22D2,JADE1,STK38
10803,SH3BGRL2,FAM160B1,COX20,RP11-427H3.3,ZFP37,ALG14,ZNF500,CDKL1
10804,MED10,LETM2,SF3B4,RIC8B,TRIM27,RUVBL2,NR3C1,RBM26
10805,ADAL,MLXIP,PDCD1,SNURF,AHCYL1,RP11-372K14.2,SNX29,FKBP1C
10806,VPS41,DIABLO,EPS15L1,PTPRN2,NT5C3B,TLR5,RRAS2,ROPN1L
10807,OAS3,KMT2A,GIMAP6,AMPD3,OMA1,NDUFA3,ARAP2,KDM2B
10808,MRPS15,LGALS8-AS1,NOA1,SPIDR,PAFAH1B3,PPID,DLGAP1-AS1,ALDH3B1
10809,ZBTB43,MRPL14,HEBP1,DOK3,NUBP1,ANAPC2,ZDHHC21,PLCE1
10810,AL645728.1,ERLEC1,USP14,EMC10,MKNK1,STIM1,MRPL52,ACAP2
10811,HIST1H4H,EEF1E1,TAF5L,HIST1H1B,LRP1,C18orf21,C12orf10,CCDC47
10812,GOLGA7B,LAS1L,CALCOCO1,SNX22,C9orf91,PNN,SERGEF,LINC00861
10813,FAM217B,BTN2A2,TNS3,CHEK1,HNRNPUL1,DHX57,ATF7IP,STAT2
10814,GSTT1,AQP10,CTDSPL2,PREB,HYPK,ARID4B,TMEM41B,RP11-265N6.1
10815,ADARB1,ACD,RPUSD1,EEA1,APPL1,TIGIT,NUDCD2,LAS1L
10816,DEF6,STAC3,NBPF12,CCDC71,SLC35E2B,TRAF3,BPHL,TLDC1
10817,CENPK,ANGEL2,TBC1D2,RASD1,CEP57L1,ZNF124,CD70,C16orf95
10818,ENY2,DOCK8,RHEB,NDUFB2,RUNX1,FLJ27365,MFSD6,FAM118A
10819,PHF12,C1GALT1,LAPTM4B,MNDA,RAB10,LINC00528,DHRSX,PLCL2
10820,SLC25A20,TMEM9,TMEM187,TCIRG1,SLC27A5,CUL1,TROAP,HSH2D
10821,RGS14,MEX3C,PID1,TMEM251,EXT2,ASF1A,SNX8,NUP153
10822,HHEX,TMEM189,KRI1,RP11-296O14.3,TOP1,COX18,ZSWIM8,ZNF776
10823,YAE1D1,CNRIP1,TUBA1C,PPAN,PRMT5,TNIK,MFSD10,NSMCE4A
10824,GBA2,FCHSD2,CLEC1B,SEC61G,GLYCTK,EVA1B,MTL5,C10orf118
10825,LAMTOR1,ROMO1,TRAF6,CD86,TTC39B,HOXB4,CDK5,HOXB2
10826,CD14,RP11-349A22.5,ALG8,CTD-2576D5.4,GNG2,GID8,CCDC90B,GLRX2
10827,AGPAT6,EID2,C10orf11,RP11-138A9.2,RBBP7,PLXNA1,PEX3,RP11-474G23.3
10828,U73166.2,TIMELESS,KCNQ1,AC022498.1,PEX2,TMUB1,SOD2,NCKAP1L
10829,GALNS,CACUL1,TMEM191C,FBXW4,P2RY14,LCN8,CTD-2020K17.1,NSMF
10830,UHRF1BP1L,ESAM,MDM2,PHTF2,TUBE1,KIAA0232,DSC2,UBASH3B
10831,RP11-708J19.1,RP5-940J5.9,KIAA0196,SNX29,ALAD,GON4L,RPL39L,PEA15
10832,HSPBAP1,MARS2,PGS1,SLC9A8,SETD7,POLDIP2,FAM98A,AKR7A2
10833,SS18,RP3-329E20.2,COX11,RUNX1,SAC3D1,MAGEF1,SUPT7L,C1orf131
10834,ITGB1BP1,ADCK3,THEMIS2,ADD3,C1orf86,SGSH,C1RL,API5
10835,MAPKAPK2,MBLAC2,PIGX,DDX42,ZNRF1,KIAA1467,S100B,FGGY
10836,HIST1H1D,AIG1,DYNC1I2,ITFG1,MBD4,P2RX5-TAX1BP3,PATL2,SLC43A1
10837,BDH1,SAAL1,SQRDL,MRPL35,TPM2,RANBP10,SBF1,FAM149B1
10838,SNRK,POU2F1,DDX28,C1RL-AS1,FPR1,SH3GL1,NEK1,FUNDC1
10839,PRKAG1,RP11-420G6.4,RIOK3,SF3B2,STK10,LAMTOR2,SLC16A13,EFCAB11
10840,IRF5,PHF23,ZNF786,NABP1,PSMC2,MSH3,GEMIN8,SNRPA
10841,TMBIM1,UQCR11-1,FAHD1,SCCPDH,ZRANB1,ZNF653,SKIV2L,GANAB
10842,BTBD1,CDYL,CCDC62,SLC12A6,FLCN,ILKAP,EPC2,NUP88
10843,TRMT61A,IRF2BP1,RBM15,NAGPA,TTC37,ADIPOR2,PTAR1,C19orf53
10844,DCBLD2,GDAP2,FNIP2,CENPP,KLHL8,CHURC1,NPL,MEGF9
10845,COQ6,PRKCB,KLRC1,ZBTB41,TMEM182,RFC5,CCP110,CCDC7
10846,RRAS,ERN1,GAB3,PSMD5-AS1,KLHL7,FAM104A,ATXN1L,NOD1
10847,DBN1,ENO2,GTSF1,CLEC11A,TTTY15,ALG2,GMCL1,POLR3D
10848,CCDC15,ATP5L2,DNMT3A,SPRTN,JMJD6,ABAT,CRYZ,C21orf33
10849,RP11-1407O15.2,FAM199X,NOTCH4,NHLRC2,EIF3J-AS1,CTD-2162K18.5,NUB1,AKT2
10850,TMEM205,RNF8,C2orf88,SMIM1,FAM214A,TCEANC2,LDLR,POLR2J3
10851,FKBP8,SUPT3H,SREK1IP1,ITGB2-AS1,AP3M1,THAP11,ARHGAP1,NOC2L
10852,RNF212,PCCB,RIF1,SLC40A1,EXOC1,PPP3R1,ENY2,STRN3
10853,KIAA0368,IDH3B,STX3,SSFA2,SLC39A14,ASXL2,NUFIP1,BRD1
10854,EIF3M,RP11-5C23.1,IL6ST,SYTL2,CTAGE5,KIAA0226L,RAB6A,SLC25A1
10855,SHKBP1,BIRC2,AP1S1,AC093642.3,AGL,TMEM164,RP11-179B2.2,SUV39H1
10856,USP21,TAF1,C10orf76,STRA13,ZNF680,MARS,RP11-81H14.2,APLF
10857,RASSF1,TASP1,ZCCHC3,DTX2,MPRIP,MDM4,C19orf52,UBE2N
10858,ZNF675,DSE,IFNAR1,CCDC7,DCUN1D1,HSD11B1L,TUBE1,FNDC3A
10859,NUS1,ST8SIA4,C10orf32,SMPD1,RFX1,NR2C1,KIAA0556,FAM53C
10860,DHX15,TMEM259,AIP,CAPZA2,ZNF90,GPN3,RNF219,RPN1
10861,TMED1,RP11-799D4.4,TFDP2,LRRC25,SCAMP4,BICD2,ARPP19,WAC-AS1
10862,RAB39B,KLHDC10,ECHDC2,HTT,VPS13A,ZNF468,MSRA,SEPSECS
10863,HBS1L,SON,CACNA2D4,CASP2,XPO7,BST1,KLHDC4,SRPR
10864,SCRN1,FXR1,MCM9,CCDC58,H2AFV,SEC22A,HLA-DOB,AP5S1
10865,MGAT5,PRRC2B,NME6,FMN1,RUFY3,ZSWIM6,RAB33B,SPN
10866,PDE6B,NLRX1,TRIM3,FEZ2,LINC00116,SLC4A7,SMARCC2,C11orf80
10867,SGTA,G2E3,DHRS7B,THG1L,A2M-AS1,RP5-1068E13.7,EXTL2,ZBED4
10868,TTC9,CCDC24,C1orf54,FCER2,DBR1,CCDC126,DPM3,CDKN3
10869,ZNF410,MEMO1,MYB,RAB5C,GNA15,PRKCQ,COG3,CIPC
10870,CD55,RP11-802E16.3,IDNK,ATP6V0D1,HNRNPA1L2,KIAA1551,ARHGEF2,LDOC1L
10871,MTRF1,MAGEH1,GP1BA,CCDC43,TAX1BP3,SNX1,CCNL2,GGACT
10872,EIF4E,P2RX7,UBALD1,USP53,RPUSD4,CNOT11,TRMT6,CTA-211A9.5
10873,NOA1,ATF4,CCDC71L,RP11-78A19.3,ZNF780B,SLC24A4,WDR33,RP11-403I13.8
10874,PHKG2,PFAS,SMAD3,ACOT4,POLR3H,ATP5G1,ZNF816,MBNL3
10875,SCAP,CIC,LCMT1,SKI,ZNFX1,PTPN12,CHST7,RNF6
10876,PEX1,EFTUD1,MCM2,TMEM140,LINC01136,SAMD8,DENND2D,VPS13B
10877,ALG6,GPA33,FAM175B,TNRC6A,COPS2,GTF2H2C,RMDN2,MANEA
10878,ARFGAP1,C3orf58,AIFM1,DERL3,NRL,TOR2A,GSK3A,RP11-87C12.2
10879,DAXX,METTL3,PCED1A,IKBKAP,ADAL,ODF2L,AVPI1,C5orf55
10880,JPX,DENND6B,PIAS3,RP11-799D4.4,MFN2,C17orf70,PSEN2,PEX2
10881,LINC01135,PYHIN1,RP11-367G6.3,STARD3,TREM1,ZNF529,RNGTT,MTL5
10882,MKS1,MKRN1,MRPS17-1,ABL1,MZT2B,C1orf52,ERAP1,UBIAD1
10883,ACADSB,SOX4,TREML1,UBL4A,CUL9,DEGS1,KAT6B,INTS12
10884,TAF6L,WDR83,CERS2,BCKDHB,RP11-485G4.2,NAA30,PPFIA1,FCHSD2
10885,TUBGCP5,MPHOSPH10,TMEM104,EIF5AL1,NOC3L,ABCA7,CREBZF,TMEM11
10886,E2F6,CCDC117,CD160,GNL3L,CEP72,HGSNAT,UPRT,FBXO6
10887,C12orf44,TARSL2,TMEM205,EPC2,SERPINE2,PCMT1,PITPNC1,PBX2
10888,PPP1R15B,PDXK,PURB,ANKRD52,SLC7A6OS,PEPD,METTL13,MAGT1
10889,FRMD4B,CARD11,ELP3,RP11-445H22.3,CD302,LMAN2L,MED31,C2CD2L
10890,NUDT4,MRAS,CATSPER1,B9D1,POP4,GAS2L1,SNX10,DDX1
10891,C9orf69,C6orf106,ZNF593,FADS2,PARP12,TDP2,CCDC126,STAG2
10892,ZCCHC6,CETP,ACOT8,RWDD2B,ZNF141,ZNF599,MAP1S,TFAM
10893,TEX261,RAB5B,METTL1,POLR2A,UHRF2,CHAMP1,ZNF101,RETSAT
10894,LL21NC02-1C16.2,ZMAT1,SLC29A2,SBNO2,TTPAL,ATP5S,SRPK1,TSPAN32
10895,FAM174A,RNF220,MFSD10,SIRPB2,FCRL5,ZNF384,AP006621.5,VSTM1
10896,PELI1,HCCS,FXYD2,BTG3,GGA1,TOE1,ZNF682,EBAG9
10897,NCBP2-AS2,TARBP1,C2orf68,TMPO,ZNF136,CLPP,FBXO21,NTMT1
10898,PILRA,UFD1L,CLASP2,MYO9B,BCL9L,AAMDC,ADAM15,ELK1
10899,S100A12,ADORA2A,BAD,ZMIZ1,FAM211A,SC5D,KANSL1-AS1,POLR1E
10900,C2orf74,ITPKB,RPAIN,HGSNAT,HDAC2,PARN,COPS7B,UBA6
10901,RAD18,FAM118A,MCTS1,CACNA1C-AS2,BCKDHA,MAP3K5,GFOD1,CCPG1
10902,TBC1D20,SIK3,FAM20C,LDLRAD4,HSBP1,MROH6,CENPO,POLD1
10903,DNAJB9,SKIV2L,CES4A,GPR82,C2orf69,ARRDC4,NMI,DROSHA
10904,ZNF287,C6orf62,CTA-217C2.1,PDS5A,IFNGR1,ARSG,DCTN5,ALKBH1
10905,ZNF783,CEP78,ZBTB16,FSTL1,RNF25,OCIAD1,RFWD3,TAF1C
10906,AP003733.1,CAMK2G,S1PR1,STK32C,MAP7D1,C12orf4,VPS13B,KAT8
10907,FAM127B,ARAP3,C19orf53,MAPK1,ARL6IP4,MTMR4,ARFIP2,STK39
10908,NBN,TSC2,COPS7A,ZFAND1,HKR1,DRG2,ITGA3,DBR1
10909,SMYD4,CREBBP,MCM4,KMT2D,ING1,SPATA2,HEATR1,ZC3H4
10910,CCDC142,ACOX2,PIK3C2B,FBXW11,NFKBID,GOT2,ZCCHC6,AC005076.5
10911,HIC1,DYNLL2,RP11-295P9.3,SPATA5L1,ARID3A,PTGDR,RERE,TGS1
10912,ARRB2,CHKA,STT3B,MDS2,SNX15,SPOP,SKI,FAM78A
10913,PPP1CB,ACACA,GCLC,SPECC1,NHEJ1,ETF1,ADNP,CSF2RB
10914,TLR2,PLEKHG2,KIAA1430,ZNF692,TXNDC11,TMEM184B,NEURL1,CHEK1
10915,MT-ND4L,TAZ,RP11-532F6.3,CD244,PGBD4,PRR7,CUL5,LRRC14
10916,SETD1A,CLDN5,HSD17B4,NISCH,RP11-1191J2.5,LGALS12,TFCP2,MRPL53
10917,CCNL2,SACS,TTC5,TUBGCP2,XPO6,NLRC5,SUPT6H,TBC1D4
10918,NR2C2AP,TP53BP2,ATP2C1,RUFY3,TRAFD1,MAP2K5,ZNF37A,MYNN
10919,HINT3,AP000769.1,CRTAM,PARP1,PAK2,SH2D1B,GMFB,ECE1
10920,AC005076.5,CCDC6,ABHD17B,BLZF1,SMYD3,TPRG1L,RPUSD2,THOC5
10921,SLC35B3,PDHX,TXN2,SH3GL1,AFG3L2,CRYL1,DDX50,ZNF684
10922,NDUFAF2,PDS5A,SLC45A3,RAD1,LGMN,IL11RA,GCDH,KB-1208A12.3
10923,PVRIG,FAM86A,ZNF680,RNF115,TAF9B,CAB39,VAPB,CCDC86
10924,ZMAT1,ZNF280D,MARCO,SPICE1,NHLRC2,SLC2A11,ZNF687,MBD2
10925,FOXO4,HAGH,SIGMAR1,IARS2,ETF1,TRIP12,MSL1,NAGA
10926,CANT1,PPP1R35,TMEM150A,SPATC1L,PYGO2,CCDC137,C2orf69,TFIP11
10927,ABCA5,KLF9,BAIAP2,DCAF12,CPT1A,DNMT1,WWOX,ECSIT
10928,CLTC,SLC30A7,KBTBD7,RP1-102H19.8,NPTN,HPCAL4,PCED1B,ERI3
10929,HMGXB3,NT5DC1,LIAS,ZNF770,USP12,RPA1,KHSRP,ZNF331
10930,PAIP1,RBBP7,KEAP1,TMEM116,PTCD3,SDCBP,TMF1,RP3-329E20.2
10931,GRK6,CYP2R1,MPP7,USF2,CTPS1,EXOC4,TSPAN31,PHF20
10932,FCRLA,BCL7B,UBASH3A,ZZEF1,VTA1,ACADM,RMDN3,YIPF6
10933,hsa-mir-8072,SMIM11,RORA,TEX30,CTD-2562J15.6,YLPM1,USP12,ZNF296
10934,TRIB3,GYS1,ATG2A,CCDC97,ITGB3,CCNF,RNF121,RNASE6
10935,ELAC2,LRRC7,PELO,TMCC1,FABP5,TMEM245,MAK16,PDS5A
10936,ALG13,ZFYVE1,ATF5,SRSF10-1,RCSD1,UBFD1,ZBTB25,PLEKHG5
10937,SH2B2,FUCA2,ZNF404,ZFYVE20,BRD7,DCTD,FAM213B,GCFC2
10938,AC016683.5,DCUN1D4,ADCK2,PITPNB,PIF1,ANKRD9,HAUS6,CDC27
10939,GSK3B,PSD4,AURKAIP1,IL6R,MIR181A1HG,MT1E,ADAT1,C11orf68
10940,PYCR2,C9orf66,SNORD3B-1,TSPYL1,METTL13,AHSA2,RASA3,C12orf65
10941,ENO2,GIMAP1,FARSA,FXYD2,C2orf88,CUL4B,CTC-524C5.2,WDR45
10942,EVI2A,TRUB1,KAT6A,ADAP1,DDX52,CDIPT,CROCC,TKTL1
10943,ZNF71,PXN-AS1,MLTK,EDEM2,FAF1,REXO2,CCDC91,TNFAIP2
10944,LACTB,CROCCP2,OGT,LYPLAL1,C9orf116,MRPL14,NRM,ZMYND11
10945,CHEK2,APOM,AGPAT9,GNG2,GNA13,CCDC82,SNX15,RRM1
10946,SSBP2,RNF11,YY1AP1,TBCCD1,NADSYN1,MAML2,TPMT,PSEN1
10947,ZC3H7B,YY1,RP11-222K16.2,HNRNPAB,NOM1,DOCK10,MBTPS1,ACSL1
10948,TCEB1,BRD8,APIP,SUCO,FOXK1,PPIL4,CSNK1G2,NEDD9
10949,TPM4,TPTEP1,PCBP2,SLC9B2,PIGB,MAP3K13,RP11-468E2.4,ITGA6
10950,ETV6,BAZ1B,SNX9,DBNL,MRPL9,FAM120C,HEATR3,ACSL6
10951,NCAPH,SLC2A11,CD36,ANKRD13D,DBF4,TTYH2,C2orf43,ZNF786
10952,RP11-362F19.1,CHMP5,RALBP1,RP11-147L13.2,NCSTN,RAB3A,KIAA1407,SUPT20H
10953,SNAPC3,ANXA7,NPC1,UBE2G2,PDZK1IP1,TMEM80,MRPL19,MAP4
10954,SURF6,TGS1,XPO1,LINC01011,WDR13,HIBADH,RREB1,NRDE2
10955,EARS2,SIGLEC1,ALG2,TGFBI,KIAA1841,C12orf76,HIBADH,TMEM63A
10956,GLT8D1,RTP4,GSTM3,EOGT,RARG,PHB,C22orf46,SMIM8
10957,UTRN,PAQR3,THUMPD3,ARRDC2,TBC1D20,LINC00998,REV1,TRIAP1
10958,THOC5,TOM1L2,DACT1,RBMX2,MTHFD1,TXNDC11,ZCCHC9,TRMT2B
10959,INO80,MTA2,BRIX1,CCDC30,SOCS5,MYL5,MIB1,LARP1
10960,MYL5,RP11-820I16.4,RP11-499P20.2,RXRA,SNX29,SMG6,DDX52,RAB22A
10961,PHAX,RAB11FIP2,HSD17B12,FES,ERLEC1,DNMBP,NICN1,DPM2
10962,KLF11,JAK2,CSTA,CTD-2267D19.2,KIAA0040,IFIT2,NSG1,RP11-796E2.4
10963,CYBB,CCNT1,PAXIP1-AS1,EED,IKZF4,POLR2F,SRSF6,DFNB31
10964,RP4-673M15.1,CMTM2,UBE2D2,PYCRL,RBM12,TIGD1,RP11-727F15.9,RAB5C
10965,LAIR1,SLC9A6,STX16,SLC35F5,SAMD4A,USP10,RP11-620J15.3,C6orf1
10966,GEMIN4,ZNF146,SIL1,ATL2,BBIP1,PTPRN2,RTF1,DHX34
10967,PHF10,NRDE2,C5AR1,AP000350.4,DUSP22,IMMP1L,LIPE-AS1,EIF5A
10968,ZNF721,MDM1,CNOT8,CEP44,ZNF75A,FAM168A,IMPACT,KIF20B
10969,ANKRD44,ANKRD36C,C17orf62,TMEM161B,MYL9,STX6,RSAD1,REPIN1
10970,ACTR3B,NUDT7,CPSF6,CLCN7,ITGAV,SLC12A6,NABP2,SRD5A3
10971,TAF9,CTDP1,IDH3A,RAB5B,TEX10,PLXNB2,LRWD1,ARFIP2
10972,FAM65A,IFIH1,TERF2IP,XRCC4,COX18,MAP2K7,NEXN,EXOC4
10973,C17orf70,INPPL1,CYFIP1,FLCN,PSME4,REXO1,ZNF701,BOD1
10974,SPOCK2,MAPK8IP3,GNPTG,WDR33,PEX6,FBRSL1,ATP6V0E2,FRYL
10975,FAM53B,ARHGEF12,EOMES,UBA6-AS1,CTD-3064H18.1,ZDHHC18,TMEM106C,LONP2
10976,HMGN4,TMEM106B,PRKRIR,EXOSC10,TTN-AS1,BAG4,EIF2B4,PDE6D
10977,CRADD,HINT3,ADPRHL2,MTMR4,TPRA1,AGA,ZDHHC14,GARS
10978,DNAJC27-AS1,IL3RA,LINC00324,LRRC47,CASC7,ZNF280C,IL2RB,CCDC34
10979,CTD-3138B18.5,SCN1B,CCBL1,AKNA,CYB5RL,KIAA0196,CDK16,ACBD6
10980,TCF20,ZC3HC1,ARL8A,COX7A2L,EIF4G3,KANSL3,LCMT1,ASTE1
10981,FIBP,PPP2R4,ING2,COG6,RP11-90P5.2,FAM46A,RARG,RP11-620J15.3
10982,NKRF,KLHL7,AC147651.3,DNAH1,PNPLA6,EIF2D,BIK,SUDS3
10983,PBDC1,TMOD3,RP11-319G6.1,VIPAS39,ZNF292,NDC80,TMEM209,FAM8A1
10984,CALCOCO1,OSTM1,PRMT10,NCLN,RASD1,TAF4,PAICS,HES1
10985,PTDSS2,AKTIP,TXNDC9,KLHL9,FUK,ANKRD37,EHBP1,KCTD9
10986,ATXN7,PRKCSH,GNB5,CASP9,SWI5,LRRC8B,LLPH,SLC27A3
10987,MBLAC1,SNX11,TSC1,DNAJC4,BID,CTNS,UBR2,ZNF701
10988,MON2,FAM103A1,GPR56,YBEY,RP6-109B7.3,PPCS,AC079767.4,SLC50A1
10989,GINM1,KIAA1429,CCDC12,AGFG1,NINJ1,UBTD1,CDC73,C5orf45
10990,GIT1,RP11-254F7.2,CARD8,C19orf43,AP000692.10,RP5-1136G13.2,FCGR1B,TTC14
10991,HDAC9,MGAT5,YWHAQ,IGHMBP2,RNPC3,MFN1,ULK2,WDR34
10992,RP1-313I6.12,RP11-53I6.3,TMEM55B,KLRF1,FAM73A,PCF11,DPY19L4,ILF3
10993,NCKAP5L,MARCH1,FBRS,HOOK2,MEF2C,GPR141,TRAF5,PPAPDC1B
10994,IGFBP7,ZNF614,SRGAP3,MCM7,ABR,MYO9A,CPOX,CENPN
10995,FAM178A,APOL6,ARHGEF12,TMEM39B,PIGP,ANKDD1A,LACE1,TMEM126A
10996,THEM6,MBNL1-AS1,CDK18,TEN1,LY6G6F,FBXO4,ROMO1,GSR
10997,CD180,CTD-2267D19.2,TMEM189,PITRM1,MYO1C,EIF4G1,LIG1,MLF2
10998,PGS1,SURF6,ARVCF,VMP1,C16orf74,KATNBL1,LAG3,MRPS28
10999,METRN,NDUFAF5,FDXACB1,ACADM,PI4KB,TXNDC9,DYM,HDAC8
11000,EFR3A,RP11-849F2.7,RUSC1,KIN,ORC3,LINC01135,KCTD6,MAMDC4
11001,MRPL49,KLHL8,MDN1,SIGMAR1,RNF26,CD40LG,KATNBL1,ATXN7L3B
11002,ASAH2B,DAP,SFPQ,TAF3,ATF7,RP11-1299A16.3,WDR34,ANKRD37
11003,GGA2,FAM133B,RP11-14N7.2,ZNF398,LINC00528,AC074138.3,TMEM185A,LIPT1
11004,FAM71D,CALML4,SLC16A3,ACSL6,MT-ND6,LRCH4,MYL5,APMAP
11005,COX6B1,SF3A1,CAMK2D,FAM98B,PDIK1L,CTD-3088G3.8,RAPGEF1,RFC3
11006,TRAF4,ZFP69,KLHL42,GABPA,TBK1,CSTA,AP3D1,UHRF1BP1L
11007,RNF144A,SYNCRIP,HIVEP3,CYBB,DUSP11,BOLA1,CEP290,RABGGTB
11008,LRBA,UQCC1,MICU1,TOMM70A,GSAP,PNRC2,BLM,ZBTB11
11009,SFI1,TATDN2,ACSL6,FAF2,ZNF460,NLRP12,LMBRD1,CFP
11010,MICU3,EPB41L3,ZSCAN32,MYOM2,GSKIP,EDEM1,PRSS57,MDS2
11011,GIPC1,CTDSP2,PGPEP1,SOCS2,JKAMP,SATB1,COQ6,ESD
11012,RFX7,ACOT13,MCM6,PIGP,WDR34,AC131097.3,SULT1A3,COPS8
11013,LINC00925,AGPAT4,TBC1D7,ZNF142,SIRPB1,FBF1,MED11,NXT1
11014,CPEB3,SH2D1A,RP11-936I5.1,MLH3,LDLRAD4,COLGALT1,BTBD9,ATP2C1
11015,ME1,CD36,CCND2,TLK1,PPIL4,FBXW8,CLK3,C9orf156
11016,PRPS1,TCAIM,COX10,DDT,ZNF441,MRPL49,GALK2,HIGD1A
11017,SH2D1B,UNC93B1,DEK,ZNF81,TAF8,SYMPK,S1PR5,LINC00926
11018,PPP1R14A,KB-1507C5.4,TOX2,CCDC112,PELI3,CCDC88A,MINK1,RP11-727F15.12
11019,MAPRE3,MKRN2,ZBP1,CD164,GNB5,ARHGAP1,ISCA2,TTC3
11020,GPCPD1,ANAPC1,TRIM13,NDUFAB1,MKL1,CCDC90B,PDHB,GBA2
11021,FAM102A,RP11-403I13.8,SLC25A4,PBX2,NUFIP1,C17orf80,VPS28,SPOP
11022,TBC1D9B,CHIC1,TRPM2,COG2,B3GNT1,GLYCTK,AP4M1,EMR2
11023,ZP3,SLC1A4,COX19,AHSA2,SHQ1,ANKHD1,SLC10A3,AEN
11024,HDLBP,TCEA3,CHPF2,SAR1A,TRIM16,PDE7A,TMEM63A,ZNF266
11025,YTHDF3-AS1,EDC3,ZC3H14,ZC3H7A,ZNF605,RFESD,ZNF83,SLC5A6
11026,EXOG,HSPE1,PRKACA,HINFP,SESN2,RBM7,GPR56,DMAP1
11027,SWAP70,MFSD2B,ANAPC15,MYO1G,SLC35B1,CDC42EP3,DHDDS,ARHGAP5
11028,HDDC2,TNFSF13,IFNAR2,FBXO48,FAM49A,FAM219A,ZNF302,PAK2
11029,NADK,CHN1,BNIP3,BAZ2A,ARL8B,PPP1R3F,COBLL1,DUSP11
11030,SLAMF7,ASF1A,FAM129A,MBD3,TUBB2A,RP11-463J10.3,NELFB,PDXDC1
11031,TMEM185B,SLC10A3,PHLDA2,RP11-254F7.2,C11orf57,TNFSF4,JADE2,EZH1
11032,GPR114,ABI1,IMPDH1,LONP1,TM9SF2,ADAMTSL4,FAM212A,BRF2
11033,FAM120B,TRAP1,SLC38A1,XRCC1,MCOLN2,NCBP1,MEF2BNB,TMEM99
11034,METTL16,DENND2D,PRMT5,SLC44A2,PLSCR1,XKR6,TRANK1,GNS
11035,TOMM5,HRAS,EIF2A,RIPK3,SPTBN1,RPRD1A,APBA2,FAM174A
11036,COX19,NSUN3,ABCA2,PPM1D,BOLA2B,CYB5R3,MMAB,IRAK4
11037,LIPT1,SNRPB2,RP11-73K9.2,COG4,SLC41A3,MAP2K3,INTS4,KMT2C
11038,ZNF197,C12orf79,DTNBP1,CEP95,STIM2,OPTN,KCNG1,GEMIN2
11039,ZXDC,SIPA1L3,FAF2,SPPL2A,E2F3,GSKIP,LPIN2,KIAA0947
11040,MAP2K5,FIBCD1,STAT5A,KAT6B,CD160,PHLDA2,ALG6,MAPKAPK5
11041,SUPV3L1,TCHP,ACOT9,CENPL,ATP1A1,BTF3L4,MBD1,NAT10
11042,EXT2,GDPD5,ATP6V1A,RBFA,SNX6,CA13,MPP7,PDE4B
11043,C10orf35,ALG13,ZNRF1,ACLY,TGFBR3,TMEM41A,ADAP1,CD96
11044,AFTPH,GNGT2,CLECL1,TIAM2,ZNF623,GUF1,TASP1,ADO
11045,FCGR2B,TAF1B,FCHO1,DYRK1A,NEK1,CHD4,C21orf91,FAM207A
11046,SMARCA5,CDC123,NEDD9,SPIB,ATPAF2,DLD,NUDT2,LZTS2
11047,BRAF,RNF25,TMEM203,TPM3,PSMG3,USP38,COQ9,GSK3B
11048,RP11-110A12.2,RXRB,CYTL1,MYO5A,PGS1,POLE3,SNORA76,NUFIP1
11049,WDR81,AKAP10,ZNF669,AC020571.3,PI16,CBWD6,PEX26,TM2D1
11050,DNAL4,RPS6KA3,ZNF586,SCFD2,TCTN1,TXNRD2,PCMTD2,MMGT1
11051,KIAA0226L,PIGV,ACIN1,SETD2,PRKAG2-AS1,FAM159A,C22orf29,ARL11
11052,TBC1D14,TRIP11,EIF4E2,SP3,ITCH,MIR24-2,IMP4,FLOT1
11053,MED31,SOWAHD,KMO,CENPH,ZNF831,CIZ1,L3MBTL3,B3GNTL1
11054,TTN,NOL9,NR2C2AP,FAM193A,FRAT1,MRPL16,ASXL2,RAB5B
11055,HSPA6,PLCD1,SH2D2A,OSBPL7,ORAOV1,PPIE,PCIF1,HMGA1
11056,NDUFAF5,EIF4G3,HEATR2,LRRC27,STAU1,COPS3,NRG1,DHRSX
11057,IPCEF1,NELFCD,TRAPPC2L,VPS33B,EEF1E1,CREBZF,POMGNT1,AFF4
11058,C4orf32,NEK4,ATF7,SLC16A7,NDUFA12,ZC3H7A,SDE2,HSPA14
11059,SIAH2,METTL7A,AC006369.2,RPP30,ACP5,WHSC1,UHRF2,TMEM30A
11060,NDUFAF4,ZNF12,GP9,CHPT1,METTL25,MZB1,ASF1B,SF3B2
11061,DDX43,ACAT2,CXorf21,CTAGE5,AC022182.3,APIP,SSBP4,MRPL28
11062,RICTOR,MAD1L1,ISOC1,CACYBP,GFM1,UBE2V2,ADSS,CNOT6L
11063,ANXA2,DCAF7,RQCD1,RRP12,PDCL3,CTPS1,UBQLN1,ABLIM1
11064,ITPRIP,ZNRD1,NME8,SMC2,SLC16A1,SERPINI1,ZNF90,EIF2AK2
11065,MAPRE1,GORASP2,SEPT11,AC093627.10,C9orf64,UTP18,TTF1,ZNF468
11066,MOSPD3,SEL1L,DET1,MAPKBP1,NAMPT,ANKRD42,IVNS1ABP,PPM1K
11067,RBM18,WDR25,CLSTN1,AC005523.2,NELFA,C7orf60,CCDC51,LRRC8A
11068,PIFO,CMAS,CDC14A,TELO2,RP11-66N24.3,RP3-395M20.12,P2RY10,LIN7C
11069,SPAST,CTDSPL,THUMPD2,TNFRSF14,PCYOX1L,UAP1L1,MUM1,SGOL2
11070,CIAO1,FAM114A2,CBLB,MECR,WHSC1,HPSE,TRMT10B,PSTK
11071,MPV17,POLD3,PGM2,ZBTB7A,NCOA6,SACM1L,KLRD1,MGA
11072,MFSD11,RUNX3,ZFAT,IFI30,EPOR,UBXN2A,TCTEX1D2,ADAP1
11073,CATSPER1,PDGFD,CCR5,ATP13A1,OSGEPL1,UBB,RP11-792A8.4,YIPF4
11074,SMIM20,RAD50,KCMF1,SYMPK,NUAK1,DCUN1D5,ZNF668,TMEM14A
11075,RGS3,FUT4,HIGD1A,MIER2,FAM73B,ZNF431,TSNAX,HEATR5B
11076,AGPAT3,ZNF420,CANT1,FAM122B,GOLGA8B,SERPINE1,CD6,UBE2H
11077,TPCN2,ZCCHC8,FANCG,CCDC122,MSRB1,RDX,GPBAR1,TUBGCP6
11078,SFMBT1,PRKACA,SYNCRIP,LIN7B,NDUFA6,PTK2,GTF3A,ACBD3
11079,RP11-152N13.5,FLNB,GOLT1B,ZNF737,DMXL2,WDR20,ALDH3B1,XRCC6BP1
11080,LARP4B,PIN1,SNRPG,DNAJC15,SCAF11,RRAS2,AP5S1,MAK16
11081,TRAPPC2,RP11-85F14.5,C21orf59,OSER1-AS1,RP11-796G6.2,DHX36,FAM172A,MRPL15
11082,SNAI3,MZF1,MRPL34,MT1F,ANKRD26,FBXL20,NLRC5,SMARCAL1
11083,RPF1,GIMAP6,IFI27L1,WDR5B,TPRG1L,VIL1,TNIK,INTS5
11084,LCN8,GRK5,DPM3,LEO1,LOH12CR2,SFT2D3,NADK,WWOX
11085,NPL,TTC16,QSOX1,CLINT1,MNAT1,PHF10,NR1D1,MRPS30
11086,CIPC,RNF38,CLU,RP11-820I16.4,TTI2,LRRN3,GPR137B,TRIM21
11087,ZKSCAN5,HMGN3-AS1,EMC9,KIAA1328,SSSCA1,TCTA,THAP7-AS1,PML
11088,RP4-612B15.3,CHRAC1,CXCR5,IFT80,KCNN4,AC073283.7,COPS4,NRROS
11089,PSMC1,SMCHD1,SPECC1,NIPAL3,CCR2,ZFR,PHF14,SCPEP1
11090,N6AMT2,BATF3,HNRNPLL,ANKRD11,PROK2,AC025171.1,CDKN2D,FAM159A
11091,SLC35F2,WDR37,FEZ2,FGL2,FAM98A,DBP,COPS3,ANXA11
11092,SLC37A3,WDFY1,SCAMP4,ACSS1,ZNF846,RP11-386I14.4,NR1D2,CROCCP2
11093,UBQLN1,TM9SF1,RIPK2,FAM111A,CUX1,PXN,FKBP2,CCDC84
11094,FMO4,HN1,EIF3B,TRIM4,LEPROTL1,NIF3L1,NT5DC1,SCO1
11095,LTB,SGPL1,STK11IP,KLF13,TANGO2,FAAH,CCDC84,DNMT1
11096,NUFIP2,UBR2,LSM14A,GBP4,C11orf30,DNAH1,RABIF,MED25
11097,RPRD1A,ZNF792,SLBP,SCYL1,ADO,USP24,LRRC58,FAM122A
11098,CCDC94,ZZZ3,PITPNM1,ZNF317,CDADC1,ETFDH,DDX28,UBR1
11099,KLHL28,PSMD6,ABR,FLVCR1-AS1,PRR12,ADRM1,RCL1,MED30
11100,RP11-611L7.1,ADRB2,ECI2,TSR2,IFFO1,CABLES2,GTPBP1,UQCRFS1
11101,CIZ1,SCOC,FHL1,C14orf182,TMEM154,TMEM256-PLSCR3,KIF2A,CLIC3
11102,BLMH,NFE2,OSTF1,SLC8B1,TMEM159,HIC2,UBE2S,FAM126A
11103,ZNF786,SNAPC3,MOCS2,CYFIP1,EBF1,CXorf56,SLC35B2,MIOS
11104,NRL,COX17,ZNF791,RBM26,RASSF7,ANKRD54,CIZ1,PPP1R10
11105,PMS1,ASB6,LMBR1L,PGLS,ABL2,ALDH6A1,CDC27,GABPA
11106,TGFBRAP1,ARSA,SCIMP,ADPGK,PGP,NCF4,ANKH,VWA9
11107,HSF2,C10orf76,SUSD1,ARFRP1,AHR,ABCC3,NUP85,AAMDC
11108,CHGB,FBXO28,MPI,F12,ZMYM4,NDOR1,XIAP,SNX13
11109,SLC12A9,MIDN,CCDC104,PCNXL4,TDRD7,ZBTB20,UBE2H,PTPRE
11110,RNF187,CRTC1,PRKAG2,GSPT2,SMC6,NFIL3,GPN1,UBXN2B
11111,ENTPD6,CD9,AP3M2,CMSS1,CD36,VSTM1,PRNP,NEIL2
11112,TMEM140,PEBP1,NAPSA,ADIPOR2,MED26,SSX2IP,AP003733.1,PRIM1
11113,ZSCAN18,LMF2,AHR,ATF6,RP11-138A9.2,NUDT21,RAB33A,SPIDR
11114,TOB2,MITF,KCTD20,ABCD3,HSD17B12,ATHL1,PIK3CG,BCAT2
11115,CEP152,PRPF4B,FAM208A,NUP160,SYMPK,DRG1,CRNKL1,MARK2
11116,PET117,STAT3,C14orf80,LCNL1,IL17RA,PLOD3,HSD17B8,SIN3A
11117,TMEM5,MFSD8,HIBADH,CAMK2D,LARP1B,IDNK,INPPL1,PIGA
11118,MMP24-AS1,BAK1,FAM204A,ANKHD1-EIF4EBP3,RP5-1068E13.7,MATK,RP11-78O7.2,CHMP2B
11119,ENTPD4,CCDC41,NEMF,CD300E,PIK3CD,SRF,C12orf76,AARSD1
11120,AC084018.1,ZNF846,ALG14,SMG9,FANCI,PNP,MEPCE,HIF1AN
11121,AC131056.3,SPNS3,OBFC1,ADHFE1,TMA16,MPV17,TTLL12,DNAJC7
11122,SFR1,CTU1,DNAAF2,POLRMT,MICU2,H6PD,AP003774.1,HPSE
11123,MTIF2,ATG16L2,DERA,MBD1,TMEM219,GLMN,STRN4,RBM39
11124,AKAP17A,NTPCR,ZFC3H1,DPH1,RNASE6,SMARCA5,UCP3,MRPS23
11125,DYNC2LI1,CCHCR1,GATA3,ZMAT2,CTD-3184A7.4,WDR11,RHOT1,IRF4
11126,LDB1,ZNF576,TARDBP,ZNF319,ADAR,PLEKHA8,ZNF414,FBXO25
11127,IGFBP3,ITCH,DNAL4,MPDU1,NAPA-AS1,CPM,PARP9,SAE1
11128,SIRT5,BOD1L1,LINC00526,ZNF507,FAM129C,PTPN1,TLR4,PIAS3
11129,RANGAP1,ATXN3,REEP5,SLC2A4RG,METTL9,TMEM64,OLIG1,SUPT7L
11130,EDC4,HIST1H2BC,CCDC112,RARG,RLIM,RPAIN,NAA20,UFC1
11131,UGDH,SDHAF1,LIN37,SGPP1,EFHC1,C11orf71,MARCH7,WDR62
11132,COG5,BFAR,HIRIP3,CDK5,NCK2,NAE1,SIL1,CCDC51
11133,COPRS,PRKCA,TARS,ZNF259,SUPT5H,VASH1,TRMT61B,ZSCAN18
11134,MAN1A1,UCK2,RNASEK,AC083843.2,MS4A6A,TAMM41,TFDP1,ABCC5
11135,SGSM2,TP53INP2,GPR155,ITGA6,SENP7,TBC1D17,C19orf48,ABCB7
11136,AP000442.1,CEP104,JAGN1,SLFN12L,DHDDS,TCP11L2,CCDC71L,GTF2E2
11137,RDH11,TSPAN14,PAG1,MAN2A2,TRIM5,ARHGAP9,RPS17,LPIN1
11138,ARHGEF6,CASP10,ALG1,PRIM2,CREBBP,ZNF446,C16orf74,NFRKB
11139,DOK1,RP11-277B15.3,TPM4,TFAM,XPO1,CEP164,EIF5,ZNF544
11140,MROH6,RPF1,TUBGCP3,HMGN2,TMEM40,C6orf211,MAPK3,ZNF142
11141,CLCN6,STEAP3,GCC1,PTGS1,PLEKHO1,FAM73B,DPP8,APOO
11142,CTD-2260A17.2,ATP13A1,TBXAS1,IMPACT,RP11-169K16.9,ELL,APH1B,B4GALT7
11143,AGPAT9,CD33,SLC46A3,NEDD8,GPD1L,ZNF777,RP11-1399P15.1,JADE2
11144,ACSL1,HSPA9,ATP2B4,TIMM10B,TTF2,TRA2B,ERCC4,PLOD3
11145,DTWD1,XPO7,PRPSAP2,PPME1,SPIN1,RP11-410L14.2,SEC24A,APPBP2
11146,WDR92,EXOSC9,THEMIS,TRMT11,C5orf22,HEXIM2,TARDBP,RPP21
11147,SCAMP2,OSBPL2,RAB27A,HELQ,TRAK1,JADE2,TEX264,ZDHHC3
11148,LAX1,PRKCE,CTC-479C5.12,FAM200A,CCDC104,TMEM50B,TTI2,RBM4
11149,KIAA1407,ZNF783,TUBA8,ZNF264,VAMP5,ADCY4,WARS2,OSER1
11150,CHCHD6,PKIG,LMNB1,TBC1D25,RNF145,ADAT2,CHAC2,CUL4B
11151,PEX7,PES1,FCRL6,HMOX1,KRCC1,TMEM222,UBA6,C9orf64
11152,MBP,ZNF839,PFKFB3,FAM188A,PYGL,XPO7,CSGALNACT1,GAMT
11153,FAH,RAMP1,SLC35C2,ZBTB4,ZNF385A,MRPL43,TMPRSS11E,ID1
11154,MT-ND5,TMEM204,MAML3,PPP1R16A,REV1,A1BG-AS1,QKI,ARL6IP6
11155,ZNF337-AS1,NDST2,P2RY6,CD36,C19orf38,TSPAN5,PIAS3,KPNA3
11156,PIK3CD,MGLL,LPIN2,TTC27,MANEA,BLK,CTB-133G6.1,BCAP29
11157,DBNL,ACAT1,MTMR11,B3GALTL,GLOD4,CGGBP1,BCL7C,CDK11A
11158,STAU2,CHN2,PPP1CC,DDX54,AIG1,NMB,PRKAB2,SNX15
11159,TLE1,CASP3,YIPF1,MAGT1,L3MBTL3,CELF1,MYCBP2,MAFG
11160,NBEAL2,MFAP1,RP11-589P10.5,RPS29,SOX13,RP11-142C4.6,TARS,AP3B1
11161,RHOF,SYNE3,TCEB2,ANKRD49,ADARB1,RPGR,ERCC2,LNPEP
11162,MAP6D1,TAF11,C9orf3,MRPS2,TMPO,TACC1,KIAA1432,GGCX
11163,MANBA,NFKBIZ,FGD5-AS1,UQCRB,ALDH2,DDX60,JAK1,DNM1L
11164,MCM3AP-AS1,SFXN1,TPK1,CTD-3074O7.5,SNRPN,DDX42,EID2B,KMT2A
11165,NCF1,ACBD3,TRIP10,RTCB,ESF1,ULK3,CYP20A1,H2AFX
11166,NUBPL,SLC52A2,IMMP1L,PAK1,CRTAM,CD22,USP3-AS1,PTGER4
11167,WDR76,SWI5,NSMCE4A,OCEL1,SLC16A6,HIPK3,GINS2,SLC25A25
11168,RNF217,TPRG1-AS1,KBTBD6,TRIM16,ING2,ABCF2,PLCB2,WDR41
11169,ZNF500,SOGA1,GLA,ZNF276,CD82,DNAJB9,TMEM116,MAGEH1
11170,NIP7,RSU1,ZNF317,C5orf30,PDSS2,CTA-217C2.1,PLEKHJ1,DENND1B
11171,AK3,PCP2,REXO4,DHRS4,EP400,CXorf21,PACS1,BTN3A1
11172,RGS18,OFD1,ANKIB1,ERGIC1,ZNF852,ANKRD27,CHID1,ACTR1A
11173,NECAP2,ZNF25,CSNK2A2,PDCL,ATXN7L3B,CENPP,OSBPL2,CCDC77
11174,CCL28,ECI2,RP6-109B7.3,TMEM258,MAGEH1,ANKRD32,ERO1L,LENG1
11175,SERTAD3,ZNF582,CC2D1A,OMA1,DEGS1,HDAC4,WASH4P,LINC00402
11176,RAB6B,POLR2K,CMTM3,C7orf73,P4HTM,SLC25A43,DPP3,TMUB2
11177,C15orf41,CBFB,PPWD1,SAMHD1,IMPA2,IER3,LINC00969,HSD17B7
11178,KHK,MGRN1,MCM7,ZNF91,SFSWAP,PCIF1,SERPINB9,RP11-63P12.6
11179,AC004951.6,SZRD1,CYSTM1,CTBP1,ID3,AQP3,DDX60L,SIL1
11180,DIS3L,ZNF44,PSMG4,GTF2F2,SLC25A46,LINC00937,SLC25A40,CHMP3
11181,SLAMF1,HSD17B7,VTA1,WDR48,TP53I11,CERS4,NBR1,LHPP
11182,NCAPH2,PDS5B,DPP4,NFIC,OSBPL3,STT3B,NFKBIL1,RBM33
11183,AIM2,SMAD5,NUDT8,RBL1,MT1F,LRRC59,EID3,VAMP1
11184,PLIN2,GAS2L1,C3orf62,AMDHD2,GPR153,GFOD2,MAST3,CERS6
11185,METTL1,GABPB2,GPR132,GLIPR1,MSC,TTC9,NFKBIZ,RASGRP1
11186,NLE1,XPNPEP1,ZC3H8,GPR137,SMPD3,COQ6,IMPDH2,FBXW5
11187,ZSCAN16,CDC40,ADSS,PHF8,FBXO18,TANC2,GORASP1,PNPLA2
11188,FAM175B,RAPGEF2,PMP22,RAP1GDS1,TERF2IP,VARS,ABCD3,UBLCP1
11189,TCEB2,PSMC6,GEMIN6,PSMC2,CCDC7,FAM71D,CREBL2,ANAPC16
11190,NCBP2,RBBP8,HPGD,CLEC17A,CCDC66,RP11-1399P15.1,NUP153,STAT3
11191,ZNF846,VGLL4,CLDN23,PHRF1,AC079767.4,ZNF563,CHD8,SPTLC2
11192,PPP2R4,WIPI1,GATSL3,MAPKAPK3,PIH1D1,PLK2,UNG,HCK
11193,OGFOD2,SEPHS1,NCOA4,DCAKD,CHCHD1,ARID3B,LPAR5,PCBP4
11194,PITPNC1,NPEPPS,SLC4A1AP,GPAT2,UTP18,HSD17B14,WDR37,STAMBPL1
11195,HCG11,ZNF460,TAF1C,TYSND1,ZBED6,TOPORS,PRKACB,GALT
11196,STIM2,MAPKAP1,HMGB3,SNHG9,MTFR1,CARS,TMED4,TCEB3
11197,RRN3,MRPS9,ZMAT2,DDX6,NFAM1,LINC00938,FAM168B,TTC33
11198,NUMBL,DAGLB,FAM201A,MST4,EGR1,GTF2IRD2,CLIP4,MAP3K7
11199,PLEKHA7,DBR1,POLDIP2,ERGIC2,TLR10,MRPS34,KIAA0319L,CHERP
11200,C7orf49,LYRM5,ABHD12,SNRNP27,CES4A,UBE2E3,RAD17,APOL6
11201,OXA1L,ENHO,IVD,PNPLA6,COA6,PTBP2,MED12,KRBOX4
11202,AC113189.5,MAP1LC3A,TBK1,URM1,MAPK6,TM9SF4,STAP1,CDK17
11203,TAF1C,TMEM138,MBP,CTSH,NTPCR,APH1A,B4GALT1,AKNA
11204,RP11-367G6.3,PHKB,NFATC2,SPTAN1,LGALSL,PRRT2,CDC5L,PIAS1
11205,TTC38,BCKDHA,TUBB6,DPEP2,MUL1,SNHG12,PINK1,CFDP1
11206,ZNF543,HSPA4,SECTM1,GTPBP10,SUMO1,ATP9A,GPALPP1,SCGB3A1
11207,NME4,ABHD14A,SLC25A6,STAMBPL1,AC016831.7,KHK,KPNA1,TMEM50B
11208,C12orf65,ZRSR1,MOB1B,TANK,AC147651.3,ZNF335,CPSF7,THAP3
11209,NOC2L,ADCK4,RUFY3,KCNN4,DXO,COPA,APTX,RAB2B
11210,MOGS,RP11-98I9.4,CTNNBL1,DYRK1B,TXNRD1,SLC9B2,SLC35F6,CPSF6
11211,DARS2,TREM1,TSPYL4,LIN37,SNX1,LIPN,HACL1,ZDHHC7
11212,CYB5R4,NCK2,ASRGL1,RAD21,FAU,AC144652.1,GRAP2,SEL1L3
11213,MVB12B,HCFC1R1,FUZ,CLSTN3,MAPKAPK2,SPIN1,ZNF548,CISD1
11214,TM7SF3,MYC,ACOT7,SNTA1,STRA13,DNASE1L1,WDR6,TWF1
11215,STX1A,PCK2,ETV6,DUSP18,TNPO2,TOP1,GEMIN7,XPC
11216,AGGF1,AP3M1,NACC1,HAUS4,DUSP10,CIITA,TMEM107,PI4K2B
11217,SHMT1,ACO1,CLINT1,NAP1L6,MFSD1,SS18L2,HOOK2,PGD
11218,RASGRP2,ULK2,URI1,UBE2Q1,ATF4,GSAP,ALAS1,SLC41A3
11219,TREML1,MRPL44,SUN1,SKIV2L,MDM4,TVP23B,ATG7,TMEM106C
11220,REEP3,NUPL2,NUP93,PPP2R2D,STRADB,RBM12,CPSF3,CRCP
11221,AP001055.6,MICU2,ERH,RANBP6,TYW3,RCAN3,FAM159A,RP11-35G9.3
11222,PDLIM2,C5orf30,XPOT,GFI1,PTGS1,SERINC5,RBM10,BCL11B
11223,CHCHD2,ZNF337-AS1,EIF2AK2,AC093323.3,YEATS2,GNAI1,TVP23B,PTGES3
11224,RP11-538P18.2,ANKRA2,CABIN1,HERPUD1,NUCB1,PRIM1,WRAP53,GLTSCR1L
11225,LYAR,PRR12,ACYP2,MARCH1,SLC35G2,ZNF791,SREK1IP1,MED24
11226,ILVBL,MAST3,ACAD10,ARL13B,GSTM2,RRBP1,SNRPD2,RARS
11227,THUMPD3,AKT2,LMAN2L,PI4KA,ZNF222,ZBTB4,TOMM5,PDPK1
11228,RELA,CSGALNACT2,NEUROD2,SETBP1,KMT2B,HPS5,NUDCD3,UBAP1
11229,TNFRSF1A,LIN7A,RAF1,DAPK2,RABGGTB,TMCO4,PSMG1,ATRN
11230,COIL,TMEM170A,CDH23,POU2AF1,MPZL3,GSE1,SLC25A1,NMT2
11231,LL22NC03-75H12.2,TMF1,TRAPPC13,SUPT6H,SLC25A22,MYO1F,SLC22A5,EPS8L2
11232,RNF130,HSP90B1,TMEM102,RHBDF2,BCL6,CSRP1,VAMP3,GALK1
11233,ELOF1,PPHLN1,BTAF1,USP4,NLRX1,KIF3B,SRC,AKAP10
11234,ACBD3,IRF8,NSFL1C,UPRT,SSR1,GSTM2,NOL10,HINT3
11235,APH1B,MS4A14,TAX1BP1,MSL3,RFX3,PINX1,CREB1,ZDHHC6
11236,HDGFRP2,COMMD3,SP2,ETS1,KIF21B,TRIM58,TRAK2,LRRC45
11237,ACP1,HYI,RRP1,GFOD2,CUTC,RFC2,NUP88,TMEM39B
11238,ATF7,CNTRL,AP001816.1,AAED1,POLDIP3,FBXL4,CLCN7,CTPS1
11239,RNF121,PIF1,FOXO3,RP1-197B17.3,MED4,TCEAL1,XCL1,HCCS
11240,ARPC1A,IPCEF1,SYS1,VRK2,ATIC,THOC1,CNOT8,GTPBP6
11241,RP1-40E16.12,LAPTM4A,KRCC1,SERPINB1,ZFP57,AHCTF1,UNC45A,DAXX
11242,POMC,SF3B2,SDF4,CRY2,MAP2K5,ACOX3,RP13-188A5.1,DIMT1
11243,LRR1,RECQL,PRKCD,CCR6,UBR1,CHTF18,ZNF721,RNF121
11244,ZBTB49,FAIM3,CXCL3,ATXN2L,METTL14,USP13,BCLAF1,AARS
11245,PDGFB,SCGB3A1,PEX10,HUWE1,TBC1D22A,MBIP,IRS2,IMMP1L
11246,LINC00526,AP2A1,KCNK6,SLC38A10,MED31,RITA1,WARS,DIS3L2
11247,LENG9,DNAJB2,UBXN1,HMGCS1,GLTPD1,BCL11A,PHF23,CYB561A3
11248,NUBP1,METTL22,METTL12,STARD9,VAC14,ATG4D,PARN,SLC2A6
11249,RFC4,KLHDC7B,TBL2,DCAF17,GPR68,LBR,SCLY,ATG4C
11250,DRG2,CCDC77,CASP10,MPHOSPH10,CCT6A,RP5-1073O3.7,FAM214A,CYTH1
11251,AARSD1,IGFBP6,SYAP1,RP11-727F15.9,DLAT,UPRT,KDM1A,CUL3
11252,RP11-139H15.1,NOC4L,DTD1,TTC5,CXCR3,MTPN,BCL2A1,MOB4
11253,FECH,SLC2A3,GOT1,ZCCHC3,CEP164,ORAOV1,UPF2,ACBD5
11254,PRAF2,U91328.19,SNUPN,CYTH2,UTP6,GRIPAP1,BCL11B,PMPCA
11255,ECE1,AC093818.1,NXPE3,CUL2,NDE1,SMIM13,FEN1,TTN-AS1
11256,RP11-302B13.5,RNF44,ATP8A1,SGK1,RP11-18H21.1,CCR10,PPP1R3E,MPHOSPH10
11257,HACL1,SUV420H1,LZTR1,TYW1,ZBTB11,OLFM1,ALDH16A1,ZNF44
11258,PRKCD,COMMD9,TRIP11,TNFAIP2,CCDC61,RWDD2B,SKIL,SLC25A17
11259,AGK,QRICH1,RP4-773N10.4,NOC2L,RILPL2,CTC-503J8.6,LMNA,DDX19B
11260,SARDH,FAM110B,RNF138,SPTBN1,CSF2RA,PEX11G,FGFR1OP2,DOCK11
11261,TGFBI,FGD6,TSC22D1,PYCR2,ZNF823,WDR86,MINPP1,YIPF5
11262,CALCOCO2,FAM134C,CNP,TRIM52-AS1,SLC26A1,CTC-524C5.2,TRAF1,FAM160B2
11263,CCNL1,BCAT2,NDUFAF6,RP11-936I5.1,JMJD8,FABP5,STK38,CD86
11264,PNP,ESCO1,IMPACT,ZNF136,GK,ARMCX1,ABCB7,ASCC3
11265,MAPK3,GLE1,ACLY,TNFRSF13B,TLK1,PEX26,HIPK2,MAPK13
11266,MDM2,NFKBIE,EP300,FTSJ1,LINC00341,CRIP1,VPS52,HSPB11
11267,LRPAP1,CYSLTR2,STX11,UBQLN4,RP5-940J5.9,FAHD1,RBM12,BIRC3
11268,EIF6,NRBF2,U73166.2,DOHH,SF3B2,C14orf80,ITGA2B,KLRG1
11269,TBX21,CAMSAP2,EIF4G2,ZNF573,FBXW8,RRP8,ADRBK2,OGFOD1
11270,XXcos-LUCA11.4,NMNAT1,PURA,TBL2,ENTPD5,SH2B2,HAPLN3,MCEE
11271,SDCBP2-AS1,SNAI3,MAP2K6,FAM63A,PDK2,NRBP2,TMEM160,CD5
11272,ITM2C,CNOT7,EFTUD2,XIAP,STRN,SPSB3,PILRA,SIVA1
11273,SUZ12,UBN2,CCNY,MB21D1,TTF1,HNRNPU,AC003075.4,PSMG1
11274,C12orf75,VPS45,SLC10A3,PEX11G,PCID2,ATP11A,TMPO,ERGIC1
11275,WRB,LCP2,IGHMBP2,CYP20A1,KCTD2,MFN2,NRAS,RBM5
11276,ESPN,ERO1LB,PSME3,S1PR1,DUSP14,FLOT1,SRSF10,EXOSC8
11277,RP11-138I1.4,NIPSNAP1,PARP16,DFFA,PURA,CORO1B,AC022182.3,APBB1
11278,PDE5A,KLHL17,CTDSP2,TRIM37,CTNS,THAP7-AS1,YKT6,SERTAD1
11279,C20orf96,XPO5,ERF,C15orf61,LOXL1-AS1,TTC39B,ADD1,XPA
11280,ABHD17A,CXCL9,LMF1,ABCD4,TPRG1,SNRPA,YARS2,PAPSS1
11281,ARHGAP31,ARL14EP,TLCD1,SLC25A25,CDK19,FASTKD3,C8orf76,TMED5
11282,RP5-1007M22.2,PRKDC,OSM,ASXL1,FBXW7,C16orf80,TBC1D17,BAG5
11283,RGS16,CPSF4,DAPK1,PODXL2,CLASP1,LETM1,TRUB1,INPP5D
11284,STPG1,FAM101B,HAGHL,C8orf44,SLC35A5,CCNA2,THOC5,PCCB
11285,RPP38,EFNA3,HSPA13,FAM110A,GLS,FAM53C,ZNF227,ZNF32
11286,CHIC1,LINC01003,ACSM3,CDK13,TMEM99,RNASEK,LSM14B,NIN
11287,UBN1,PRR11,DDHD2,SMN1,BRD4,ZNF43,ABCG1,DNAJA2
11288,LAT2,BCCIP,IRF9,JMJD1C,CCSER2,UCK1,ERAL1,PIGX
11289,ALKBH1,BBC3,DCTPP1,TTLL12,C11orf83,PPARA,RASSF1,IPCEF1
11290,ORAI2,GALNT10,DNAJC1,MFN1,FAM227B,TRAF7,MTOR,MED29
11291,RAB28,OTUD7A,MRPS18B,WDR53,TRNT1,PTGER4,CAPN12,DPP9
11292,BUB3,TOM1,EIF6,LEAP2,ZC3H7A,ATPAF2,IDI1,GYG1
11293,TAPT1-AS1,RP5-1057J7.6,C19orf52,TRMT12,IMMT,ATG2B,FAM120AOS,RRP1B
11294,IPO7,RSF1,NAA40,RAPGEF6,DEF8,PACS2,LINC00847,THAP7
11295,RP11-395G23.3,DYM,KRT18,ARL6,FAM129A,CSTF1,TNIP1,NAA50
11296,RP11-488L18.10,KIF5B,SMARCA2,CCDC92,FAM32A,CS,RIOK1,CCDC167
11297,AC079767.4,YTHDF3,LILRA5,KCTD11,PSMB5,TRAPPC2P1,RP11-192H23.6,REST
11298,TTC33,RRM2B,OOEP,BRWD3,KMT2A,AK5,HAUS7,CLK4
11299,PLEKHG3,MRPL39,ANKRD36C,MCM6,VPS8,TMEM140,USP34,PANK4
11300,KBTBD4,EFCAB4A,SMEK1,SPATA13,AKAP8,MECP2,TRIM4,DLGAP1-AS1
11301,LINC00969,USP22,MPHOSPH10,LRRC58,MPHOSPH6,CD320,XRCC6BP1,RPAP3
11302,SLFN12L,PARP3,ATL2,FAM69A,NOLC1,ATP10A,COMMD2,CYTH4
11303,MS4A7,FLII,MARCH2,MYD88,CAMK2D,MKL2,ZBTB47,ABHD3
11304,BTN2A1,FBXO25,NBPF3,EPHB6,COPG2,ZNRF1,PSMD12,DHX16
11305,POU2AF1,PTCD3,EI24,RRP1,MED13L,TMEM185A,CTC1,USE1
11306,ZFR2,BTRC,CHCHD1,PEX26,RAB40B,TANGO2,AP1S1,METTL18
11307,GPR68,DCPS,TMEM101,USP10,LYL1,ILVBL,SCAPER,ZNF880
11308,COX7A2,MLLT11,ZNF100,AK3,CTSB,ZNF586,RP11-18H21.1,MTHFD1
11309,SNX10,UBQLN2,TIMM10,FAM179B,LIMK1,CENPW,TSPYL1,TECPR2
11310,HARS2,USP48,TBC1D31,BNIP3,ANKRD49,C1orf213,TIMM21,BRMS1
11311,GTF2H5,FKBP11,NIP7,RAB40C,DCP1A,ARHGAP25,ABHD14A,RAB1B
11312,GABPB2,DENND1A,IZUMO4,ITGAM,CTU2,PRKAR2B,JAGN1,ENTPD3-AS1
11313,E4F1,CDKN2D,ELAC1,CCNG2,NAF1,TNK2,ABHD17A,ABCF2
11314,RBMXL1,RP11-353N4.4,CINP,SEC31B,ZDHHC7,MARK4,C9orf69,PREX1
11315,EGLN1,MT-ND3,UBXN2A,FCGR2A,BBX,HDAC9,RP5-827C21.4,TMEM154
11316,RIPK2,RPE,ATP5I,RP11-379K17.12,SCIMP,RP11-274B18.2,LMNB1,RRAS
11317,MARCH5,WTAP,N4BP2L1,SETX,SRPRB,DCTN1,RCOR3,FAM195A
11318,STIP1,CEBPZ,SOCS4,BPTF,RALY,ADTRP,PTPN22,ENGASE
11319,RPRD2,SPINT1,DTNB,NOTCH2NL,AC147651.4,CTTN,VPS4A,SESTD1
11320,ECHDC2,FBXO38,SNORA76,RCCD1,HAUS6,ING3,ZMAT3,CRADD
11321,UFSP2,KLF3,EIF4EBP1,MCOLN1,RALGAPA1,PIK3C2A,NTHL1,SNHG7
11322,DCTN4,JARID2,ANXA2R,LARP4,C11orf1,DAK,EGFL7,METTL2B
11323,SMIM15,HINT2,ZNF571,NFKBIL1,ATF3,GCLM,INPP5K,TRPC4AP
11324,CPD,DGAT1,RSRC1,DNMT3A,NCOR2,BACE2,AFMID,ZMAT2
11325,SDPR,PARL,TFAP4,VWA5A,PLEKHA1,MRPL46,VPS53,MIS18BP1
11326,SLMAP,ALKBH6,SMARCA5-AS1,BRF1,TMEM106A,SERINC2,QTRTD1,C19orf25
11327,ORC3,NECAP1,PRKAA1,ACTL6A,SLAMF1,RP11-135A24.4,EXOC4,PELI1
11328,RP11-89K11.1,PDCL3,SNRNP35,OPA3,LINC00426,SYTL1,KBTBD2,IGJ
11329,PFKL,RETN,GPR65,CLASRP,AC007880.1,AASDH,RP11-262H14.3,TRIM14
11330,WHAMM,USE1,TIMM10B,NPEPPS,HHEX,KIF2A,PSMD5-AS1,KDM3B
11331,PPP1R14B,PADI4,MED28,CLN8,POM121C,ZNF33A,AC092580.4,NUP107
11332,BROX,TLE3,ATPAF2,C4orf33,C3orf58,ARID5B,NCK2,BAG6
11333,PRDX3,TTC14,CIDEB,AP1M1,TFPT,HYPK,DENND4A,SHARPIN
11334,CDKN2C,CLN8,EMILIN2,TOR1AIP1,TFRC,CHD1L,ST7L,VGLL4
11335,SIRPB1,PPP1R21,C1orf52,MUM1,NUDT9,NUB1,KMT2B,ISG20
11336,FOXK2,MALSU1,CCDC90B,SDHC,KRBOX4,PPP6R2,ARID1A,KANSL1
11337,RNH1,TOB2,STYX,C12orf5,DYRK2,FBXO21,RRP15,RNPEPL1
11338,SAMD8,MAP1S,RAE1,DUS1L,TCP11L1,DYNLT3,SUGT1,NMI
11339,IRF2BP1,TMEM255B,MRPL18,CHTOP,MICAL2,FAM118B,VNN2,EIF1AX
11340,CASP10,EID3,SLFN11,UBFD1,ELP4,TMEM87A,RP11-514O12.4,C22orf46
11341,DUSP7,RP1-40E16.12,MRPS31,C4orf46,CD70,FRMD4B,ACSS1,STRIP1
11342,CCNK,FOXO3,RALGAPB,DOCK9,NCF2,NIPAL3,ARVCF,HEXB
11343,NME1-NME2,RP11-427H3.3,GPR108,ZNF599,TATDN1,COX15,ETFB,THOC2
11344,FRAT1,ERLIN2,SKAP1,RFXANK,LILRB1,EBNA1BP2,SGTB,ZNF33A
11345,SRP54,PDLIM1,CLCN3,CA5B,MCM3AP-AS1,IRF5,FAM3A,AUH
11346,ST3GAL4,MT-ND2,OTUD3,GRAP,ULK2,KMO,RWDD4,ZNF800
11347,NRM,GNL3,B4GALT3,P2RX5,GXYLT1,PPARD,RPS17L,DHRS12
11348,MTMR10,ECHDC2,GDE1,ZNF701,FBXO45,CMC2,CTD-2006K23.1,MRPL39
11349,C4orf48,WDR55,AK5,DNAL1,DYNLL2,PLB1,ARRDC2,GIT2
11350,PLCG1,PHF11,UBE2G2,IL6ST,ZNF575,GALM,SKAP2,CD79A
11351,C8orf76,ANPEP,CCBL2,SMARCB1,ZNF865,ABCC5,USP30-AS1,GBP5
11352,NRGN,MGAT4A,CDNF,KIAA1147,COMMD2,TRABD2A,IREB2,GOT2
11353,RP11-664D1.1,GPR75-ASB3,RP11-215P8.3,CDK2,LXN,OAT,CDC42EP2,RAB6A
11354,TXLNA,ERCC3,GBP3,MARS,HMBS,PIGG,PHYKPL,EEFSEC
11355,GMDS-AS1,CDK16,PPP3CB,PDIA3,TNFRSF17,VAMP7,TECPR1,KLF10
11356,MBOAT1,FAM120B,CTBS,KCTD5,PIGL,TGM2,KRBOX4,DDX6
11357,TSTA3,TRIP4,NDUFA2,AGA,KHDC1,UBE2Q2,C17orf59,ANKHD1
11358,GSTZ1,SEC22C,TUBB4B,RAD17,CASP7,CDKAL1,ZBTB38,C19orf52
11359,VMAC,SLC40A1,SNAP29,RP11-223C24.1,AIM1,HCAR2,MARS,BAG2
11360,PGM3,KIAA0355,NCOA7,CCDC127,CCR10,SAR1A,NUDT22,LYPD2
11361,EAF1-AS1,ATP2A3,RP11-611E13.2,SIL1,ZBED5-AS1,SH3BP5L,CSNK1D,NME1
11362,CRK,SAYSD1,KIAA0907,SNUPN,BMF,BMP2K,TMEM106B,TSG101
11363,BBS10,MUL1,TBC1D4,ALG10,KCNMB4,DSCC1,ZNF880,TPPP3
11364,MRPL34,PCMTD2,SERPINB9,TRAF2,QRICH1,RP11-83A24.2,EXOC8,CCDC112
11365,BZW2,ENTPD1-AS1,CPSF2,C4orf29,CLDN5,C14orf142,CTD-3184A7.4,SFT2D2
11366,MPDU1,PRDM1,FAM43A,CCDC69,KLHDC2,FAM105B,ALAD,SAC3D1
11367,FKBP15,SYNE2,UQCC2,UPP1,VSIG8,RP11-110I1.13,CTD-2035E11.3,MAPK1
11368,TSPAN17,ZNHIT1,AC073283.7,OGFOD2,UEVLD,MRPL27,HCFC1R1,IARS2
11369,ANP32A,NOL6,TCF7L2,NAGA,CHRAC1,TP53,VEZT,PUS3
11370,NABP2,SH3TC1,ESAM,SSH2,MRPS18B,RBM26,PROSER1,PAN2
11371,TXNDC16,CBLB,RNMTL1,FAM172A,ACSF2,CECR5,GK,WIPI2
11372,KIAA1919,ALG3,SNX13,C1orf27,PWWP2A,KRI1,RASGRP3,PPWD1
11373,ANKS3,MLH3,ARFIP1,ZNF618,CASP3,MAP2K1,ETS2,NR2C2AP
11374,SMPD2,SUSD1,ADAT3,MEGF9,HNRNPH1,CTC-428G20.6,SLC35A5,PLEKHF1
11375,RFESD,SNAPC1,THNSL1,DDHD2,FAM175B,TUBB6,C7orf60,ASXL1
11376,KIAA2026,PLA2G12A,PIK3R5,ACSM3,CENPT,INPP5E,HCCS,IQCB1
11377,UCHL3,HPGD,IGSF6,ZNF831,C8orf58,ARCN1,RAB3IP,PRKACB
11378,ZMYM1,CBLL1,TMEM167A,HSD17B12,MAP3K6,RSPH3,NFATC3,MKNK1
11379,ATP11A,SECTM1,G0S2,ZNF394,ARRDC1,SRPK2,GAR1,NUDCD3
11380,EIF2AK2,DAZAP1,SNAPIN,SELO,DCAF16,TOP3A,SESN3,SLC33A1
11381,TRABD,SERTAD1,C20orf112,PSEN1,ZNF180,ARGLU1,MRPL38,MESDC2
11382,PXN,PURB,IDO1,CDC5L,IL23A,C1orf131,CASP6,GPS2
11383,GTPBP1,TSG101,ACOT2,PRKX,AP2S1,EIF2AK2,CENPM,IRF2BP2
11384,SIDT1-AS1,WDR6,RMND5A,STAG1,PFAS,USP20,CAPZA2,TRIM28
11385,CAPN1,IQCH-AS1,RP11-47L3.1,REM2,TATDN2,SVIL,CTD-2538C1.2,CREBBP
11386,USP9X,SPAST,ALG5,DNAJC1,PDLIM1,PAPOLA,ASCC2,NNT
11387,TRIM69,RBBP4,MIS18A,MZF1,DIRC2,EPHB2,C1orf85,DIP2A
11388,DHRSX,ACOT2,RABGGTA,RENBP,PCSK1N,ETV2,HECTD4,MTERFD2
11389,EOGT,EXOC1,STAT2,KLHL5,SULF2,RAD21,PHF8,SURF2
11390,TSPAN2,CCDC28B,NHLRC2,SLC46A3,NFE2L3,P2RX5,PAXIP1-AS1,PRPF4
11391,IFRD2,SNX14,CCDC22,PUS7L,AMMECR1L,NAT10,COMMD4,AIMP2
11392,GATAD2B,CD244,ITGAL,TRAF1,RP11-83A24.2,ZNF525,TACC3,FAM120AOS
11393,STARD7,C19orf73,CDC25B,MTMR6,AAK1,MGAT2,FAR2,LBH
11394,ACAP2,CAPZA1,SF3B1,HPS5,SMIM4,SLC22A18,ERGIC2,MGST2
11395,CDKL3,HAPLN3,PLEKHA1,ZBED1,EPM2AIP1,SYAP1,MPC2,CD58
11396,CD19,UBE3A,MBNL1-AS1,TRAF5,SIGLEC10,KIFC2,HIST1H2BC,CNPPD1
11397,MTG1,GSR,TMBIM1,WDR44,CTA-29F11.1,MTF1,MBIP,TACO1
11398,RP11-792A8.4,SYPL1,RP11-140K17.3,UBE3B,CMTM5,ZC3H12A,FBXO34,PIGF
11399,SEPT11,TIMM23,BICD2,PGAP3,CD59,SLC50A1,AC009403.2,CAMLG
11400,LRIG2,RCC2,RBM4B,RMND1,PDCD5,ZNF511,TNFRSF18,PIEZO1
11401,XPOT,EMC9,HERC3,IFI27L1,DEXI,PPOX,EXOSC4,TSFM
11402,OPA1,SYNRG,CD46,EML2,CCDC115,STUB1,POLR3C,RNF220
11403,ICK,DDX60L,RPUSD3,SPATA2L,RWDD3,FOXJ2,EMD,HCFC1
11404,NARS,DNAJA1,NABP2,METTL7A,CCDC93,ATF7IP2,PSMD6,ZNF276
11405,NFYC-AS1,CLEC4G,FAM177A1,ACBD5,TSPAN13,RP11-644F5.16,FBXO3,CNOT2
11406,ZNF195,ATXN7L3B,MYL9,TMED7,HAUS2,TTC17,UNC13D,ASMTL
11407,SPAG9,NDRG1,ZNF101,NGFRAP1,CDK5RAP1,SLAIN2,EEF1G,ELP2
11408,ISG20L2,RHBDD2,BRICD5,RB1CC1,MRPS33,OSR2,LAMTOR3,EXOC1
11409,SH3BP5-AS1,CNTLN,PTEN,IL10RB,GP1BA,PPM1M,RP11-475O6.1,MKKS
11410,MINK1,DDX3Y,RP11-544A12.8,AP2A1,ERMARD,RP9,LUZP1,CCDC126
11411,MYCBPAP,ZC3H6,ZBTB33,RASA3,CHPF,TIA1,CDK13,PSMB2
11412,RNF115,ASNA1,NUP62,CERS5,PHKG2,MRPL38,BAG2,SYNE1
11413,HDAC7,PAK2,METAP1,RPAP2,AMIGO2,MAP4K5,MEFV,POLR1B
11414,SMC3,MAPK9,UBE2J2,DSTN,IL1B,ASH1L,RP11-115C21.2,FAM200B
11415,TTC7A,TTC1,INO80C,ZNF530,KDM5A,ZP3,AATK,ENHO
11416,TP53BP2,SLC39A1,C18orf8,ELMOD3,CYSTM1,WDR48,ZNF720,ANAPC13
11417,UXT,BATF,TMEM71,ARPP19,WSB2,GTF2H2,PTPLB,FEN1
11418,PURA,R3HDM4,RNF4,TBRG1,NUP88,ZNF451,CANT1,OSCAR
11419,EHD1,RP11-849F2.8,DHX9,DPH3,FASTKD1,RPRD1B,RP11-197P3.4,HSPBP1
11420,C16orf54,SYTL3,RAB3GAP2,OPN3,STON1,MTHFSD,DNAJC17,TAF12
11421,RP11-727F15.12,SLC22A4,GADD45GIP1,HPRT1,PPFIBP2,RP11-298J20.3,PANK3,DLGAP4
11422,TMEM194B,RNASEH2B,CUL3,HDDC2,C7orf55,HNRNPA2B1,PCNA,MRPS2
11423,GAMT,TMEM63A,KCTD18,OPTN,PTPN11,SMC3,DRAP1,DDX49
11424,ZNF140,HGS,PCAT1,TFB1M,SLC35C1,SETDB1,BIRC6,INTS4
11425,ZNF687,RAD23A,NUDT17,MICAL1,CS,PEX14,TCF12,BIRC2
11426,IQCB1,SLC25A22,GUSB,PNN,LAMTOR3,ASB7,PAAF1,MAPKAPK2
11427,CMTM6,CHST14,HP1BP3,PLD3,PLEKHA8,TNRC6C,ITK,CCNK
11428,LRRC8B,DPH3,LONRF1,ACAA2,FAM71D,MINK1,SEC14L5,WDSUB1
11429,TFCP2,OXSR1,SPAST,C19orf60,ALG12,PTPRCAP,STIM2,TXNRD1
11430,DUSP16,ARHGEF2,MKNK2,LPCAT3,RP13-1032I1.7,TNFSF12,MED25,PIGS
11431,TSPAN33,PTPLAD2,RGS1,MAPKAPK5,INTS7,RP11-809N8.4,SNHG15,PRKAG2
11432,WDTC1,TMEM203,SNHG15,POLDIP3,DNAJC13,CDK19,APBA3,PEX11B
11433,ZNF593,COQ9,ANKFY1,SMU1,PSAT1,TESPA1,MANBAL,RUVBL2
11434,ZNF699,CD38,CXXC1,DUSP12,RPAP3,YY1AP1,CUTA,PPP1CB
11435,SLC2A1,B9D2,LMO2,C5orf15,NSL1,WDYHV1,COMMD1,TRAF5
11436,PAM,ZMYM5,LRRC8C,TP53BP1,PHF12,ZC3H13,PPP4R1,PSD4
11437,KIAA1430,FKBP4,TESC,NUP205,PPP2R5A,PIH1D1,TNNC2,ZRANB3
11438,CARHSP1,SYNE1,C1orf61,FOXJ3,RANGRF,CTD-2571L23.8,CUL4A,MRPL10
11439,C1orf86,ALDH16A1,PIM3,TCEB2,SSH2,RAB31,KIFC1,DENND6B
11440,HSPD1,KPNA3,ATM,FAM185A,PPP2R5B,C1orf56,ASB1,COMMD10
11441,KLHDC4,LMBR1L,TMIGD2,AES,SETD4,HIATL2,CPSF2,TGFBR2
11442,MED8,PQLC2,TMEM259,AC009133.14,GDAP2,BABAM1,KCTD7,CCNE2
11443,SDHA,RASA1,IRAK2,TAF4B,CTLA4,CCND2,AAMDC,PSMD5-AS1
11444,C7orf60,PFKFB3,DLEU2L,FBXO42,DHX30,OSGIN2,RP11-319G6.1,TRMT10C
11445,CTD-3214H19.4,COA5,MLLT3,EFCAB11,GALNT6,FAM49B,ZNF529,ATP8B1
11446,NCAPD2,CRAMP1L,FOSL2,KLF4,AC093627.10,AP3B1,RENBP,MGAT1
11447,WARS,SIN3A,AL139099.1,DAGLB,DSE,CDK4,ZBTB44,IL12RB1
11448,IER5,TRIM4,LCNL1,NUAK2,MRPL13,SF3B4,KDM3B,LRRC28
11449,CLPX,PAN3,JMJD4,CNOT11,EPS15L1,ITGAM,ABCE1,DOCK2
11450,FBXO2,ZNF174,PLS3,PRDM1,PPFIA1,TESC,KDM2A,ILKAP
11451,CASP3,C12orf75,TPR,ANKAR,RP11-182L21.6,NIPSNAP3A,SLC24A4,MRPL12
11452,NOP16,PREP,BPGM,RP4-583P15.10,FUBP3,EMC7,SERPING1,DCLRE1C
11453,UCHL5,AC008964.1,SASH3,TUBD1,NSF,SIDT2,ZNF335,RP4-647C14.3
11454,CHPT1,ZNF568,PTPN2,PRRC1,HOOK2,CAMP,ZBTB4,ABCE1
11455,EXOC8,TMEM106C,KLHDC4,MAD2L1,PIK3R1,COX16,UBXN4,WDR13
11456,CMTR2,FUT7,INSIG1,HAUS8,SRSF10-1,ICA1L,DYNLL2,CUX1
11457,TMEM261,NGLY1,HCAR2,UBE3C,TUBB4B,ITK,CSNK1A1,PADI4
11458,GRHPR,ARL13B,DLG1,MRPL24,DHRS3,CAST,AIM2,GOLT1B
11459,SRSF10,ZNF707,DHX38,COX18,ZNF573,WHSC1L1,ANAPC13,WDR83OS
11460,PARL,TBC1D22A,LRRC46,ITGB1BP1,OPN3,SEPT2,SMARCAL1,ADPGK
11461,NEIL2,RNF6,LUZP1,C6orf25,GPR171,FAM111A,C11orf24,HPS1
11462,CD33,SAMD9L,TSHZ2,RP11-383C5.4,ATP8A1,CTD-2336O2.1,ADAP2,NBR1
11463,RP11-485G4.2,YIF1B,RIN3,NAA35,TRIM13,TRIM44,TOB1,MRPS35
11464,ATP6V1E2,SREBF2,PAIP1,RTP4,ODF3B,ZNF317,ARL4D,CXCR3
11465,SLC25A42,DPH5,RNF130,LIPT2,ARL4A,WBSCR22,PIAS4,ALCAM
11466,FAM169A,OGG1,ZFAND5,ZNF771,SKAP1,SYS1,IDH1,IGFLR1
11467,AC006129.1,INIP,LAG3,SLC36A4,SS18,MRPS5,AGPS,STX1A
11468,RNMTL1,FNTA,SURF6,RFPL2,LLGL2,PSMC6,SF3A1,PRAM1
11469,ID1,BLMH,RP11-288H12.4,CNOT2,ITGA2B,CHP1,JAK3,GPR155
11470,ATF2,CIPC,SLC38A5,UTP18,C10orf2,SH3YL1,CCDC43,SLC26A2
11471,RLTPR,CTD-2006K23.1,NUP37,APPBP2,TXNDC9,TRIQK,WASF2,MRPL22
11472,C2orf43,CBWD5,SNX20,GGA3,TSR2,ECD,MOSPD3,VEZT
11473,AREL1,MILR1,DOCK3,TP53INP1,POLR3C,IKZF3,MLLT6,ARL1
11474,TCTN2,RTCB,AP1S3,FXYD1,KIAA0232,WDFY4,PAIP1,SORL1
11475,XYLT2,CLCN6,OGDH,RAB30-AS1,RNF141,EBPL,TICAM1,MED15
11476,ANTXR2,RNF121,SPATS2L,HNRNPU-AS1,ATMIN,TSPYL2,PPP1CC,TRIM3
11477,IFNGR1,HSH2D,SH3BP1,TMSB15B,TFB1M,SLC2A13,ZHX2,NECAP1
11478,HINT1,HAT1,AIM1,PHF20L1,MEF2D,ARL14EP,TPM4,CDK12
11479,GPKOW,PTK6,PON2,CLDN7,GMIP,CLEC12A,IL4R,SLC25A46
11480,AGER,PDE12,CAMTA1,RAC2,SCGB3A1,RBM41,DUSP18,APOBEC3C
11481,VPS9D1-AS1,SURF1,TTLL11,SLC39A9,CDK11A,PLGRKT,RABL2A,TXNDC16
11482,SEC11C,TCP1,CTB-55O6.4,STAT5B,ANKH,PYGO2,COQ2,TIFA
11483,TRMT2B,LIMS2,ATP5SL,ERAP1,KAT2B,PAXIP1-AS1,MZT1,SNX12
11484,TP53I13,AC016629.8,TRIM33,TIMM8A,GALNT1,C6orf25,SPRYD4,ALG12
11485,ZSCAN25,PPM1F,SEPT2,RN7SL832P,PUS10,MAP6D1,PYGL,GSKIP
11486,EIF4G1,ABCD4,MCC,ACTR3,DTNB,KIF16B,RIPK3,ARV1
11487,SRD5A3,ATM,AKIRIN1,EIF4E3,LRRC25,MRPS14,GBF1,ARHGAP4
11488,C14orf159,CCDC43,RILP,CLEC16A,MBD1,FFAR3,NDUFS8,GPATCH8
11489,ATF1,MTL5,MBIP,TTC17,CD68,RNF138,GSKIP,FAM21C
11490,SLAIN1,C7orf26,CTC-523E23.11,ZC3H12A,CARS2,TMEM160,CD8B,PLEKHA1
11491,PAF1,ZNF691,RP5-914P20.5,SOAT1,ATP2C1,SF3B1,C14orf166,PTP4A1
11492,NIPA2,GAR1,LRRC23,RPUSD2,ACACA,RNASE2,GTF3C4,DNAJC16
11493,AKT1S1,TMX3,RPUSD4,ORMDL1,C6orf47,PRRC2A,ANK1,DOLK
11494,UBAP2L,SLC25A35,EXD2,C7orf50,CLK3,SLC25A20,LAT2,WBSCR27
11495,SLC50A1,EZH2,RP11-25K19.1,ZNF628,RREB1,KIAA1586,GSTZ1,COG4
11496,GNL1,SCAF11,LMNA,NSL1,CCDC88B,CLN3-1,UBL5,PPP1R14B
11497,GRINA,ICT1,SH3BP5,HDGF,PPP1R16B,TBL1X,AKAP8L,DPM1
11498,SPTSSB,SSBP3,LTA,RHBDD2,PHAX,TUG1,GOPC,GNPTG
11499,S100PBP,TYSND1,P2RX4,ABHD12,SREBF2,DUSP28,RIN3,YBX3
11500,NSMF,TECR,ZMYND10,SIKE1,COX20,SMYD3,ZNF33A,RNF19A
11501,DMKN,NBAS,USF1,BICD2,BCOR,UNC50,AC078883.3,BLMH
11502,CD22,VPS13B,FCF1,KIAA0100,SENP6,ZNF485,BCS1L,RB1
11503,XPNPEP1,RILP,APOA1BP,COQ9,AFAP1,OSBPL3,MCM9,ZNF277
11504,ICA1L,CKS1B,FBXL5,KYNU,UBE2D3,FAM185A,MCM4,CHFR
11505,RITA1,PPP2R5C,ADAM19,TMA16,SRSF7,DCAF17,CTSF,NFE2L3
11506,ATP2C1,S100B,BACH2,ASB16-AS1,NOP9,MAD1L1,ANKRD36C,CHID1
11507,RP1-187B23.1,TGOLN2,MED20,ANAPC10,UBE2G2,UBALD2,WDR46,TBCEL
11508,NME7,VAT1,FECH,INO80E,C20orf27,FAM24B,SYNE1,NKAP
11509,TSFM,TPRA1,TTC37,DHX9,CD46,SIRPB1,RCBTB2,CRY1
11510,LACTB2,PGM2,GTPBP1,KLHL42,GTPBP1,AC027763.2,COQ5,DOCK10
11511,CTDNEP1,USMG5,F12,WDR91,FUCA1,TRMU,EIF5A,SMARCE1
11512,TACC3,HNRNPA0,SNTA1,SESN2,NPAT,TWF1,BTN3A3,EIF2B5
11513,SNX30,HTATIP2,NUBP2,MAST4,TMTC3,PSMA5,THAP2,C17orf75
11514,SKP2,FMNL2,NUPL2,WDR46,FAM86A,FAM46C,ANKMY2,HEXA
11515,KIR3DL2,TSPYL1,BRMS1,DCUN1D5,VCP,PRKAB1,FBXO9,SNRK
11516,MTCH2,YTHDF1,ARF4,CNIH4,FAM3A,SCFD1,SESTD1,GPBAR1
11517,SCAF11,FCER1G,RBM26,SYAP1,RXRB,TPCN1,NELL2,CFL1
11518,C1orf51,EP400NL,TLR6,MAP3K7CL,ITK,TFRC,MAPK13,RHNO1
11519,CDKN2AIP,LDLRAD4,SOD2,CCR10,RBM4,CNOT6,ASTE1,ALG5
11520,SLC25A53,OSER1,TMEM91,C11orf83,PHF1,REXO4,FAM195A,ARHGAP17
11521,SMKR1,DCTN6,CA13,CSNK1A1,CBR4,TSPAN31,SUCO,GRPEL1
11522,GAR1,CLCN1,SLC9A3R2,SLC20A2,ERAL1,ACAP2,ZNF747,ZNF83
11523,PCSK1N,TAX1BP3,EPHA1,NUP214,MAML2,PISD,WNT5B,MZT1
11524,CALM3,SLC25A1,CHMP2B,LENG8,VCAN,UTP14C,SCLT1,GTF2I
11525,MINA,GGA2,SRM,SPRYD3,TRIM56,TCTN3,TXNDC12,CFL2
11526,BFAR,FAM219B,RAD23B,ATG9A,LIN7C,ZBTB1,CCDC174,VAMP5
11527,NAT9,DNMT3A,SNTB1,UBE2D4,SARS2,VPREB3,CCL4L1,SIRT7
11528,SHOC2,IL32,SLC30A5,BZRAP1-AS1,RITA1,AC023590.1,GSK3B,PJA2
11529,NPEPL1,YDJC,EIF3E,RYK,GALC,MCPH1,FOXJ2,VPS26A
11530,TTC16,PPP2R5A,IRF2BP1,H2AFV,NISCH,STRADB,NARS,ING3
11531,PLEKHA1,TP53RK,NCR3,RPP21,LRWD1,SLC39A7,OAT,NQO2
11532,ZNF623,HIGD1A,POMZP3,ARMCX3,CPVL,INPP5K,GNA13,VAV1
11533,SPIB,RFWD2,CCDC152,DIMT1,DGKA,GMIP,CRIPT,TIA1
11534,ZMAT3,GOLGA3,LZTFL1,CD38,CLEC1B,RP11-63P12.6,KTN1,ANKRD13D
11535,NSUN4,TNS1,G6PD,LYL1,PHF10,PTPN11,ZWINT,GPRIN3
11536,KMT2A,ENSA,UBE2B,CCNT2,CALHM2,INTS10,MRPS2,NSUN3
11537,MBNL1-AS1,CCDC130,SLC25A19,BTK,APOBEC3D,PM20D2,PWWP2B,SLAMF7
11538,PDPK1,TRAK1,FAM127B,ACTR6,VPS29,OSTF1,ARL14EP,TOMM34
11539,EPT1,GALC,C18orf25,SAE1,ATP6V1F,C1orf85,LINC00116,SLC17A5
11540,FIGNL1,VPS13A,BRE,HIC2,PPAT,JHDM1D-AS1,PDSS2,TDP1
11541,IFI30,RP11-22N19.2,MMP23B,MRS2,WNK1,SRGAP2,RFFL,ELF2
11542,IL18R1,MDH2,TOR1A,ZNF496,C4orf32,KIF22,WNK1,WDR77
11543,LPCAT4,NFE2L2,CBWD5,LZTFL1,ASCC1,OAF,SCGB1C1,CTD-2521M24.9
11544,ZNF845,FAM214B,SRSF6,ALG2,ANKRD54,CDK8,DIDO1,UBXN4
11545,ECSIT,NAPA,DGKH,EIF2B3,AIMP2,UCKL1,TSSC1,CEP89
11546,ZNF134,GSS,CMKLR1,NFKB1,ZNF493,ATP5J2,DDHD1,PPIH
11547,MYO6,AAR2,VIPR1,MAGED1,RBM26,CCBL2,ARRB1,TRMT6
11548,PRKCB,DERL2,PCYOX1,MPEG1,CERK,STRADA,COQ4,LCLAT1
11549,IMPAD1,CD59,MAPRE1,PLA2G6,CSTF1,GBA2,MT-ND3,ZNF383
11550,SYT11,C5orf15,CNRIP1,SKAP2,NPLOC4,PRPF38B,MST4,SDHAF2
11551,CCDC64,CRYBG3,CCR2,GSKIP,RCAN3,PAIP1,RRP12,TMEM181
11552,EMC9,PNPLA6,SVIL,UBIAD1,ZNF524,SRP54,RPA1,SNX10
11553,CSRP2BP,RAD51C,FLT3,MLLT3,CXCL2,MCM3,DNAJB14,RPP30
11554,FCRL1,ATXN1,ELAC2,DNAJC2,H2AFX,UBA6-AS1,KLRB1,TRMT11
11555,MIOS,GNPTG,KLF10,EXOC3,BLMH,EIF2B4,CD22,LAG3
11556,ZNF362,ITGA2B,GBA2,PMF1,CHI3L2,SLC35A2,YBX3,SMAD2
11557,LTB4R,ARHGAP31,RNF216,NFAT5,ECE1,USP14,GLYCTK,TNFSF8
11558,NIN,PTTG1IP,GRAMD1A,WDR41,SRSF11,ILF2,C19orf33,TIMM17B
11559,MGA,SMC5,PCSK1N,TAPBP,UBAP2,UTP3,CD40LG,MFSD9
11560,MARCH8,TDRD3,PFKP,TMEM154,TAF3,FAM63A,PSTPIP2,PARP12
11561,FAM105A,USP3,TPRG1,OTUD5,FMR1,CTC-378H22.2,SSR3,ANO10
11562,CNOT4,VIPAS39,DDI2,OSER1,HEMK1,GPR155,RP11-254F7.2,EAF2
11563,FAHD2B,AQP3,PARVB,NELL2,RP11-488L18.8,COX10,TXNRD2,FXN
11564,C5AR1,CTU2,RCBTB2,MCAT,SCPEP1,ALDH3A2,ZBED1,TRIM26
11565,CD3EAP,TIMM44,XCL1,RAB7A,ARAF,SLC11A2,NBPF14,IFNG
11566,SMPD4,PLRG1,KIAA0319L,SNRNP48,ACSS2,RP11-20B24.5,SIGLEC1,FAM60A
11567,HPS6,NRF1,CLDND2,CDC34,SLC16A11,DCAF10,GDI1,BRCA1
11568,PRSS23,MTURN,FICD,RAB21,PDE4B,RAP2C,GCAT,TPCN2
11569,IGSF8,AC002116.7,PDE4D,C17orf89,TAPBPL,COQ4,RIPK1,DEPDC1B
11570,UBE2V2,SPATA33,HENMT1,CTA-217C2.1,PITPNM1,AP4B1,TXLNG,ACTL6A
11571,NFATC3,ANKRD44,SMARCD2,PLCD1,DHRS12,TCEB1,FH,PRPF19
11572,MTOR,APOL2,TRAPPC2P1,CLK4,CHMP2B,NSUN6,NAPRT1,RECQL
11573,ZNF182,ALKBH4,GARS,RP11-640M9.1,ASB16-AS1,RP11-884K10.7,PSMD1,MRPL24
11574,MUS81,ATP10D,B4GALT7,TMEM42,SPTAN1,MDFIC,CREM,WAC
11575,FAM126A,UBAP2,PREP,PIK3AP1,PLCH2,SNX20,SEC31A,HMMR
11576,FUCA2,SREK1IP1,TRIM35,USP12,CBX3,TMC8,TDP1,SAP30BP
11577,ATIC,PXK,PPP1R35,PTP4A1,UBL7,AGPAT3,USP28,LARP7
11578,CYB5B,FBRS,TRIM41,GNG5,CYB5R4,CTC-378H22.1,HTATIP2,SLC35A4
11579,ZSCAN2,BEX2,FKBP15,UCHL5,ENDOV,RABEP2,RSPRY1,CDC23
11580,ATG10,AC074117.10,CLIC2,RNMT,PINLYP,NCF1,GPR137,PDP1
11581,TESK1,IFT20,RP11-139H15.1,RMND5A,RAP1GAP2,CNTROB,VPS26B,FAM217B
11582,ZFP64,RARS,CAMK4,EPS8L1,GGT7,MTF2,POLM,KIAA1683
11583,RGS9,BAZ1A,TAF6L,ANGEL2,ADAM19,OPA1,DALRD3,LILRA1
11584,MARS2,NOXA1,ATP9B,PGAP2,CYB561D1,PLK1,DHFR,CAPN12
11585,CBLL1,C2orf76,NUDT22,IKBKG,GRAP,ATPAF1,CXCL10,KIAA0020
11586,LRIG1,ARSB,MTA2,CAMTA1,RAB8A,ZNF814,ZNF766,MFGE8
11587,RP11-511I2.2,MTMR12,NMRAL1,PRR14,BLVRB,MX2,SLC35C1,TRAPPC8
11588,AGAP2,GFM1,CYB5B,ZUFSP,TCF3,SAP18,ALDH3A2,ALDH9A1
11589,RASGRP1,XPC,PMEPA1,INF2,RP11-793H13.3,HSPA14,LEPROT,SMIM20
11590,RNF220,MAGOHB,GGCX,MR1,TOR3A,DDX27,GLS,SPAG16
11591,PRKCQ,CD99L2,RANBP9,P2RX5-TAX1BP3,SPIB,NPEPL1,RAP1GDS1,IMMT
11592,MTMR3,CTC-425F1.4,KLHL22,TIAM1,RP11-285F7.2,MPC2,RUNX3,HLA-G
11593,LONP2,SLC41A1,SFT2D2,LINC00944,PTER,ITGB1,TRMT2A,ZFAND3
11594,ZNF329,ZNF512B,BRWD1,IDE,SBK1,CUL4A,RPAIN,ABCB8
11595,PDCD2,BCL2L12,HDDC3,STRBP,C2CD4D,PLEKHG5,AFTPH,TOM1
11596,AC004893.11,ZCRB1,SUGT1,DENND5A,SLFN5,PICALM,RPAP3,SURF4
11597,ZNF501,TBK1,ZNF600,PI4K2B,UNC45A,NOG,RALA,RWDD4
11598,COX6B2,LRRC40,NUFIP2,ACD,CTD-2325M2.1,RRAGB,TLE1,NUDT15
11599,TMEM169,TMEM115,CD2AP,ACAT2,HSPA13,RPAP3,ROCK1,ATRIP
11600,ME2,TM9SF3,NUP155,DNAJC3,B3GALT6,PHTF1,TUBGCP5,MDM4
11601,FCHSD1,OSGIN1,CLTC,RSBN1,C7orf43,AP001189.4,PYHIN1,SLC39A1
11602,TMEM87B,AFF3,LSM4,PKM,SEC11A,VEZF1,NDUFA10,FRG1
11603,FAM135A,UBE3C,DCP1B,MRE11A,ZSCAN2,KB-1732A1.1,CLPTM1L,MRTO4
11604,SLC35E3,DNAAF1,ORMDL1,AFF1,LIMS1,JPX,CDK9,SPAG5
11605,PTPLAD1,CMSS1,NLE1,JAZF1,SH2B1,THBD,AUH,UNG
11606,RP11-299J3.8,BRCC3,GALNT11,GFPT1,TIMM44,ANKRD13D,NGDN,CNOT7
11607,SHMT2,AHSA1,SLC30A6,RABL6,ZNF671,S100Z,LY6G6F,WDYHV1
11608,FGFR1OP,YIPF3,WAC-AS1,KRI1,RP3-508I15.22,ZNF117,CYB5B,KLF7
11609,MZT2B,NCOR2,N4BP1,UBAC2,WDSUB1,KCTD15,NAA15,RP11-111M22.3
11610,HEATR3,GNB2,TFAM,POLE3,RBFOX2,LRRFIP2,TRMT13,SRSF10
11611,SMIM19,PPIH,USP9Y,HEXDC,TCEB1,RP11-804H8.6,CCSER2,PRKDC
11612,ZNF677,FAM212A,PSAP,CELA1,IL8,TSC1,CXorf23,ARL14EP
11613,SGPL1,DLG4,WWOX,ITPR1,IREB2,CXorf65,STIP1,SAMD4A
11614,ZNF202,ARHGAP10,APOBEC3D,ELF4,MGME1,TBC1D9B,TAF5L,UBR2
11615,UNC93B1,CDK4,SLC25A29,TMEM127,THOC3,LRFN1,SHC1,UQCR10
11616,SRSF5,GNB1L,RPN2,ZNF706,LINC00926,SMIM20,TTC5,AMDHD2
11617,DNM2,PIGN,PLEKHA5,CYP2R1,DNAJC25,CHCHD3,KANSL1,BECN1
11618,DEAF1,WDR26,CCDC124,TULP4,FBXO9,SNHG7,UBA5,CD300E
11619,KRTCAP2,SIGMAR1,PGM2L1,RP11-386I14.4,SRPK1,KIAA1143,TYSND1,SH2D2A
11620,HK2,SKA2,RBM28,NUPL2,PSPN,EML2,WBP11,MRPL40
11621,BECN1,KCNK7,CMC1,EIF2B2,GGA2,HAUS2,PTCD3,USPL1
11622,STT3B,FRA10AC1,ASAP1,C1orf174,NIT2,DYRK2,RFC2,DAPK3
11623,RAB18,PINK1,LGALS8,RANBP2,ZNF529,RPUSD1,SPDL1,MXI1
11624,MED29,MVB12A,NPDC1,RCBTB2,ANKRD36C,AFAP1L2,CDC40,DENND1C
11625,TTC37,ITM2C,POLI,GTF2IRD2B,GNPTAB,SSRP1,SPATC1L,KLHDC7B
11626,WBP11,ZRSR2,PRR7,COPS3,PDCD1,ACTR1B,APH1A,TMEM254
11627,IGSF6,AGPAT9,ACACA,ITGA5,VCL,PCYT1A,MED19,PRPF8
11628,RPA3,CTC-228N24.3,TAF3,INPP5K,SMARCD2,RYR1,MCM3AP,SAR1A
11629,LBH,CIB1,MARC2,TNPO1,CPNE3,MED29,SNRPF,UBE2G2
11630,UBE2S,KDELC2,CRK,SLC16A3,ATG16L1,CANX,CNOT11,CCL28
11631,ZNF468,CBX1,UQCRB,OAZ2,BTK,CTBP1,ENOPH1,NIP7
11632,C14orf142,DPH7,RUFY2,RPL39L,ATXN7,ALG12,NONO,DNAJC17
11633,LETM2,SERGEF,HAT1,CSNK1E,RP5-1057J7.6,MGST1,PPP2R5C,DHX38
11634,NCOA3,AP3S2,XKR8,ZFY,UBE3C,MOCS2,TBC1D22A,ST6GALNAC6
11635,C11orf57,FBXO33,ZNF140,EPSTI1,SASS6,IQGAP1,GP1BA,VMO1
11636,AGAP6,RNF41,MLLT11,KIAA0196,POGK,FOXRED2,STRA13,ARL5B
11637,GGT1,ATP13A2,PRPF38B,PIK3CG,LINC01004,UAP1,SDF2L1,HERC3
11638,RP11-197P3.4,ARL6IP4,AKR7A2,UBXN6,THAP6,LMNB1,PIP5K1A,CLEC7A
11639,PCBP1,CREB1,NUMA1,FNDC3A,RIPK3,RMND5A,PSPC1,PRCP
11640,TRAT1,ARID1A,MRPS27,DNAJC10,NPDC1,MOB3C,CBFA2T2,TMEM222
11641,RP11-407N17.5,TRIM41,COPS8,TMEM167A,C1orf109,YDJC,USE1,PCNP
11642,DALRD3,KCNMB3,FAM117A,RFFL,CD2BP2,SNAP47,FXR1,TBC1D23
11643,APOBEC3A,RP11-213H15.1,ATP11B,RP11-196G11.2,MDM2,ELAC2,C8orf58,IFIT2
11644,PPP2R2B,MAP4,EEA1,RP11-326I11.3,USP14,IPO5,USP20,SREK1
11645,HIST1H2BD,EPRS,AC011893.3,AP003774.1,HHLA3,DPCD,AAED1,TSEN15
11646,SMARCE1,MICA,CMPK2,UBR4,KBTBD3,TMEM121,SPRYD3,MAEA
11647,CRTAM,TNPO1,ATXN10,THOC3,HTATIP2,TOMM40,RPP30,FTX
11648,TMEM182,MAPK14,MYO19,ISY1,C11orf35,RP11-879F14.2,ITCH,KIAA1524
11649,PAK4,RPA3-AS1,MT1F,FIG4,WHSC1L1,BNIP2,HGSNAT,MORF4L2
11650,FBXO38,CDK13,ULK4,ST6GALNAC6,HSCB,TDP1,GNPTG,IBTK
11651,AFF3,FFAR2,SUMO3,AKT2,B9D1,BLNK,RP11-879F14.2,GTF2H5
11652,MEF2D,RHNO1,P2RY13,AP4B1,NQO1,SIK2,SEC62,ZEB2
11653,CTDP1,MYH10,AP001469.9,PRDM2,ZNF320,TMEM170A,PTBP1,RP11-347P5.1
11654,VAMP4,C10orf54,GSTM2,INTS1,PARP2,WDR33,RALGPS2,IGFBP7
11655,TBC1D2B,NOL12,RAB11FIP4,TMLHE,RP1-8B1.4,PIK3C3,SENP6,COPS4
11656,DGKD,EIF2B3,TMEM5,ACP1,MYO19,ACER3,CHORDC1,INTS7
11657,CARM1,PMPCB,TAOK2,DNAJC17,TNF,YIPF6,NOP58,SUCLA2
11658,CWC25,INTS4,MINA,PTPN9,VWA9,TMEM175,TOR1AIP1,TM2D3
11659,MTHFS,PXMP4,RASSF2,TMEM2,ELK3,KAT7,FNDC3A,RBBP4
11660,COPB2,ADK,TAF9B,MARK3,FAM200B,SLC30A1,CHCHD1,ARHGAP25
11661,RP11-793H13.11,RLIM,TRIM8,ZNF480,TPM1,SOAT1,EXOSC7,NDUFS6
11662,HPCAL1,RPP25L,HDGF,GOLGA3,NSUN6,HS6ST1,LARP1,SPDL1
11663,CELF2,CPNE3,ICAM4,KIAA0125,LINS,ARMC7,HARS,HVCN1
11664,PGBD3,ZNF326,EPB41,NUDT7,ZNF333,NABP2,TK1,TRPT1
11665,ARHGEF7,P2RX1,CBR1,GON4L,TMEM62,MON2,MRPL33,COPG1
11666,ILKAP,MRPS30,SEPN1,NDUFB4,SUPV3L1,MR1,NSMCE1,KIAA1841
11667,SMIM13,CAPRIN2,SNRPA1,TPRA1,CHCHD5,RAB33B,ISOC2,STAT4
11668,PCYOX1L,UBASH3B,WNT10A,SCAF1,METTL2B,CYB5R1,LPIN1,RAPGEF1
11669,GLRX5,FAM175B,PPP3R1,ZFR,IL15,POLR3E,APOM,SSRP1
11670,LRRC8A,C19orf25,LINC00672,CDC27,MAN2B2,IP6K1,HAX1,TEN1
11671,BOD1L1,LIAS,NMT2,SMAGP,RP11-290F20.3,DSN1,PIN1,VPS25
11672,CECR5,PAXBP1,MGAT4B,IMP4,CDK20,FBXO42,RFTN1,FRG1B
11673,RGS2,BEX4,RFK,IL17RE,C21orf91,FCER1A,ZFAND2B,FBXO18
11674,CD40,MAPRE1,MRFAP1L1,MICU1,STK11,RP11-386G11.5,CCDC18,CEP57
11675,IL6,CACYBP,NUP43,LMO4,MLKL,CYFIP2,PJA2,SIK1
11676,PON2,GZMA,ATG13,TMEM80,CACNA2D4,RERE,UBR7,GNL2
11677,CD72,LRRC16A,CITED4,COG1,SMN2,RP11-111M22.3,ABCC3,PRR5
11678,ZNF121,GALR2,TGFBRAP1,SNN,RNF111,CALU,FBP1,SMNDC1
11679,SPTLC2,SSSCA1,GSK3A,OARD1,MGAT1,CORO2A,CLK2,DDX52
11680,TMEM53,SMYD5,KIAA1586,HCCS,NAPB,FAM160A2,BAK1,NOL11
11681,FMR1,VPS4B,MRPL11,FAM49B,CYP4V2,TTC38,BRWD1,ARAF
11682,RBM12B,HSPA13,FPGS,C20orf27,RP11-535A5.1,EMD,ZFAND5,NADSYN1
11683,HSDL1,OMA1,RASD1,PERP,TCEAL4,SFMBT2,ICA1L,TADA2B
11684,GORASP2,B3GALT6,EMG1,MCTP2,SLC38A1,ENDOD1,DIS3,C5AR1
11685,CTSB,MYLIP,ADO,SYNGR1,FAM195B,ARIH1,TUBB1,POLR3E
11686,PPP6R3,CERS5,HS3ST3B1,VHL,TCEA2,CCDC53,PDE12,VPS72
11687,NDRG3,HDAC3,TPCN1,PDE4B,GTF2H1,EMC6,E2F3,RPL7L1
11688,SLC35C2,AP001189.4,CACNA2D3,STIP1,C19orf48,PIP4K2A,PLEC,CDC14A
11689,ACACA,KLHL5,AKT2,ZNF791,TMSB4Y,UBE2F,AKAP7,ANKRA2
11690,ARL2,IDH3A,YIF1A,SDSL,CDR2,ZNF362,MGA,ARFRP1
11691,C8orf59,NELL2,PCYOX1L,ZFAND4,PLBD1,TLN1,HERC5,CTD-2037K23.2
11692,AC016629.8,USP5,SMYD2,TCEAL4,SPIDR,GTPBP1,CTDSPL,TGIF2
11693,PKIG,SYNGR1,IQSEC2,NF1,TP53,GMDS,AAAS,ADK
11694,PCTP,ASH2L,CCDC146,TLE2,MPP6,CEP63,ARL2BP,MYCBP
11695,HIST1H2BK,STAU1,GADD45A,COQ10A,CD6,CLTC,DPYD,TMEM159
11696,NFIA,RP11-84C10.2,HERPUD2,SENP7,FAM179B,ING4,DENR,TECPR1
11697,RP11-22P6.2,TOMM34,ZNF117,PSD4,SRCAP,PSMG1,FAM228B,MAN1A2
11698,G0S2,KMT2C,NOP16,FBXO33,RP11-539L10.2,RMDN1,JAKMIP1,CRYZL1
11699,MTMR12,RTN1,ZNF511,MCM3AP,CCDC18,PHF5A,TRAPPC11,PRKCH
11700,IPO9,PAK1IP1,ACAP3,RP11-589C21.6,RP11-545E17.3,MEFV,KMO,EIF4G1
11701,LARP1,C2orf49,EMD,NUP43,DUSP5,TMBIM1,AIFM2,RSRC2
11702,CD99L2,ARID3A,HSPD1,ALDH3A2,IDE,TWISTNB,FKBP15,PRAF2
11703,PSMB1,DDX52,FUBP3,HBA1,MPZL1,H2AFZ,LARS,MS4A7
11704,C18orf8,TMBIM6,MIAT,SAMD4B,NUDT22,ERBB2IP,FBXW9,MINPP1
11705,NPHP3,FAM53A,RPS9,THYN1,KRBA1,INF2,SRSF11,WDR61
11706,ASNS,ZFP91,CEBPZ,KIF20B,PPP6R3,PRPF38A,SLC20A1,PLD4
11707,HIF1A,METTL6,EIF2B1,CD59,ZNF786,ARHGAP35,PTPN7,GALK2
11708,PROSC,KLHDC2,RPRD2,ETNK1,ZC3H7B,TMED4,GZMM,TRMU
11709,ZCCHC4,ACSBG1,DNASE1L1,CHPF2,NR2C2AP,LPIN2,PI4K2B,NSRP1
11710,TRAK1,AC027307.3,TSR2,SLC35A2,APBB1,FAM192A,PRR7,SYS1
11711,R3HDM2,CMPK2,TWF2,IFITM3,LRCH3,FUNDC2,CDK5RAP1,GINS2
11712,BACE2,TEX10,ABHD16A,ENTPD1,CD44,GS1-251I9.4,CTC-241F20.3,LRRC61
11713,PPP1R7,CANX,USP39,PTCD3,TNKS,POMK,CLEC1B,CLTB
11714,AHNAK,ANP32A,PDHB,KANSL1-AS1,ZFP36L1,OXR1,RSBN1,SMAGP
11715,ERH,KIF2A,FAM49A,LPAR2,TGS1,STK24,CDK12,ARMC6
11716,MINOS1,GBP5,NDUFAB1,SMG7,HDAC3,FOSL2,MXD3,MSH2
11717,JOSD1,CLEC4A,SIPA1L1,SIT1,FAM53C,NR2C2AP,TMCO1,SMC1A
11718,NIPSNAP3A,C16orf87,ANKS3,ARRDC3,HNRNPA0,TBL1XR1,CTR9,FBXW7
11719,SRSF4,SAMD3,CD86,TTLL5,KIAA0922,NDUFV3,TCOF1,LMBRD1
11720,MNAT1,TPCN2,DOHH,DGKA,HIP1,GLA,CHMP2A,SERTAD3
11721,THAP7,ZXDC,HNRNPUL1,LRRFIP2,AK9,MRPS18A,WDR45B,DDX3X
11722,FBXO32,ARMCX3,PRPF31,PECR,GBP2,KMT2E-AS1,VCPIP1,TAF6L
11723,EPB41,DIS3L,RHOBTB3,GNG7,KLC2,ATG4C,E2F4,FAM84B
11724,MAFK,SMCR5,UHRF2,PRKCI,RRAGA,FAM217B,ZBTB24,SFXN3
11725,PLD2,IQGAP2,AC093323.3,C6orf89,ATG10,FYTTD1,ATP6V1B2,CD300LF
11726,DNHD1,XXYLT1,DOLPP1,UTP14A,MSI2,RRP12,SPTBN1,RAB3IP
11727,ZEB2-AS1,C2orf68,MEI1,TSC2,DDX6,SIGLEC5,NAE1,C1orf123
11728,ERAP2,STRN,C19orf24,YIPF5,ATL3,GP1BA,ZFYVE21,NSL1
11729,OGFR,POLR2M,VAMP1,GAPVD1,MPP5,AC093323.3,RABL2B,PON2
11730,COMMD10,WDR92,TBRG4,SIGLEC10,TFDP2,TADA2A,NDUFAF7,IL8
11731,MBD5,LAT,KIAA1715,STAT5A,LINC01003,GP6,UBTF,IFIT1
11732,GEMIN8,ELAVL1,MAP3K6,PIK3CA,GEMIN2,GBAS,LILRB1,MANBA
11733,NAA15,CHMP1A,MAPKAPK5-AS1,NUP98,HEBP1,SNORD3B-2,UBE2Z,C20orf196
11734,RUNX2,CCL4L1,LRRC42,KRBOX4,UBE2L3,AARS2,MEGF9,CSGALNACT2
11735,MYC,NSUN2,TIMM17A,COQ4,MS4A7,BNIP3,RAB11FIP4,NKIRAS2
11736,JADE1,RHOF,CACNA1A,IFNG,UBE2Q1,ADRB2,FBXO41,RUVBL1
11737,NFE2L1,IGFBP7,MAMDC4,CMTR1,ZC3HC1,ACOX1,RALB,TTC38
11738,CBFA2T2,TOR2A,SYMPK,CD72,RP5-1073O3.7,LINC00342,SEC61A1,TLE4
11739,EIF1AX,PDP1,PLCD1,DNAJB2,ITGA5,CMIP,TRIM52-AS1,RIPK3
11740,PHC3,DCAF15,RP11-143J12.2,TRIM13,CD4,CREBL2,TRAT1,TMX3
11741,POLK,ZCCHC9,MRPL51,ZFYVE16,PARVB,SIRT1,PRDM2,IMPA1
11742,PLAGL1,COPRS,APEH,MTMR9,LYSMD2,TEX264,PRKDC,RABL6
11743,CYHR1,CMPK1,ZBED6CL,TIGD1,SPRYD3,RP11-277L2.3,ODF2L,CSRP2BP
11744,GNPDA1,C8orf31,ACAA1,REV3L,WDR86,C10orf32,ADA,DDOST
11745,HMGCR,AK2,WDR48,DERA,CMSS1,SLC25A3,GPN2,SRP54
11746,FAM103A1,PPAP2A,CD244,TSTD2,UCHL3,RPS18,NLK,EFCAB14
11747,POMZP3,JAK1,TMEM160,PDZD11,LRRC47,KIAA0141,FAM204A,PSMD11
11748,PHF14,RNF126,HECA,LILRA2,PSMB1,EGLN3,OMA1,KDM4B
11749,RP11-398K22.12,SLMAP,GALE,SPTSSA,LRFN3,RP11-190C22.9,ASH1L,ADSS
11750,RNPS1,ARFIP2,SNHG10,MTMR14,SACM1L,CTD-2228K2.5,UBE2O,RP11-127B20.3
11751,ANKRD26,RP11-10L12.4,IFI6,RNF146,SMAP1,TRIM11,MPP1,CUL5
11752,NHLRC3,PIN4,GPX7,ZNF143,FBXO4,ZNF320,AKR1B1,SULF2
11753,KDM3B,RPL26,TCF7,ZFAND5,TBC1D10A,PKP4,R3HCC1,SLC7A7
11754,ARHGAP24,RDH13,EBPL,TYW3,EIF5B,SPPL3,ZNF292,IL7R
11755,ARHGAP35,SRP72,DHX29,TCTEX1D2,LUZP1,HAUS5,RP13-582O9.5,TCF12
11756,AP001816.1,SPOCK2,CCAR1,CD247,MRPS17-1,SEPT8,RAB7L1,ATF3
11757,SYTL3,FCHO1,SNX4,C3orf38,TSPAN17,KMT2D,TDG,ATP5L2
11758,GLUD1,GPATCH2L,MRPS34,HOTAIRM1,FCHSD1,RNF19B,MRPS28,ASUN
11759,BANP,GEMIN6,ZNF131,JMJD8,ZNF468,TJP2,CENPL,GPR18
11760,LY9,RGS14,FAM78A,SLC25A17,DNAJC21,SNCA,FAM136A,UBL7
11761,AC092295.7,ELP3,ZNF789,DNAJC9,HIST2H2AC,ARHGEF7,PITPNM2,GPN3
11762,PDXK,SIRT2,P2RX1,TLR4,ZC3H4,FCGR2A,KCTD12,CALHM2
11763,ZNF706,POP1,GMPPA,ZNF528,CATSPER2,SORD,LMBR1,ZSWIM8
11764,TBK1,TP53I11,CTDSPL,TCF25,SAV1,MIS18A,TPM1,SEC31A
11765,MCM5,DEF6,MFSD1,SAP130,DHX58,HIF1AN,RP11-94L15.2,TSTA3
11766,TMED4,RALGAPB,LASP1,SLC35E1,MFSD8,SNRPD2,BROX,LINC00657
11767,SMURF2,AL354822.1,SLMO2,C7orf55,NBR1,PACS1,ITPA,UBR5
11768,DDB2,MAP4K1,RPN1,BAK1,SDHB,CDC42EP4,GBP4,HLA-DQB2
11769,CYSTM1,NEDD1,AP3D1,PIGX,SRD5A1,ZSCAN5A,CCND2,C1GALT1C1
11770,SNAP47,AKAP7,LSMD1,PTPLAD2,POLR3D,GLTP,TNFRSF25,ARL2BP
11771,CXorf24,RP11-109G23.3,ZNF524,TNFSF12,AL645728.1,PSMB6,HEATR6,MCL1
11772,POLE,AP001055.6,ASGR1,SIN3B,DDX60,CPNE1,GS1-251I9.4,CAP1
11773,CRLS1,HPS4,APOBEC3H,GDF11,SEC11C,KRT7,VDAC2,PLD3
11774,UTP3,NAALADL1,SLA2,NEDD1,HIATL1,IMPA1,UBE2D4,ATG12
11775,H2AFJ,PROSER1,FAM192A,SRRT,AC006116.20,KIAA0100,TMX4,ZNF747
11776,CSTF2T,TMCO3,TXNDC12,LINC00954,SLC8B1,C4orf3,NUDT5,TARBP2
11777,CTSC,CTC-479C5.12,RP11-413H22.2,LTN1,ZNF600,DHCR7,MIB2,RBM12
11778,SEC23IP,ZNF254,TUBA4A,SPRYD7,SVIL,SLFN12,SRSF3,DNMT3A
11779,RP3-477O4.14,ASCC2,SURF1,PPIP5K2,QRSL1,METTL10,MRPS5,SEC13
11780,MEX3C,ATG4A,ZNF169,RAD9A,AIM1L,CD19,KDM4B,STIM2
11781,UBE2Z,NFKBIL1,MTFMT,ABHD16A,LIMD1,AAGAB,MYCBP,ZCCHC9
11782,ZNF587,MARCH7,CHMP4A,FLYWCH1,TMEM170A,PPP5C,TP53I3,TNFAIP8L2
11783,BDP1,FAM208A,SOCS1,NUDT16L1,AC093642.3,PGGT1B,MIR4519,RNF125
11784,PRMT3,RSL24D1,CENPB,OSM,MYL6B,ZZEF1,TPP2,KDM5C
11785,CRYZL1,PSMG4,ZNF350,RSAD2,CXCR6,TACC3,GPR171,ZNF428
11786,RAB22A,ETV7,ZDHHC12,PPP1R12A,SLC12A4,PFDN4,RP11-367G6.3,SMIM15
11787,HYI,GABPA,MATK,TMED3,CYLD,MOB3A,TBCD,RBM6
11788,SLC5A6,UROS,PSPC1,LPXN,AC084018.1,EAF1,DPH6,TPP1
11789,NUDT18,TAF7,TCEB1,NT5C2,FN3KRP,SRBD1,A1BG-AS1,IFNAR2
11790,GARS,PIGX,TMEM55A,ITM2A,GIMAP8,TAF1D,UHRF1BP1L,CDK7
11791,SERF2,CTNS,XPC,IDH1,NCDN,BCAS4,ZNF32,TFDP2
11792,ELOVL1,IRF3,HMOX1,ZNF586,NRGN,REST,PLIN3,SYNRG
11793,MOSPD1,KIAA1033,LGMN,INPPL1,LIPE,HAX1,TMEM223,VIM-AS1
11794,TBCE,MICAL1,IL12RB1,FAM168A,HYI,MED16,RAB35,PRKD2
11795,MCFD2,RGS3,DDA1,UQCRH,FAM200A,SLFN11,ZNF800,IRF2
11796,POLL,SSBP4,PLCB3,PHF6,FAM98C,DICER1,DKC1,LINC00667
11797,RP11-385F7.1,SIRPB2,LAMP2,HIST1H2AC,ZMYM6,SMIM15,ALG3,TNIP1
11798,UBE4B,VAPA,GCHFR,FAM195B,PIEZO1,WBP5,GTF2A1,STT3B
11799,PRKAR2A,DCP1A,TMEM9,PAQR8,TACC3,HGD,WWC3,FH
11800,YTHDF3,THAP1,GPANK1,FRA10AC1,PUM1,RTCB,RFT1,FRA10AC1
11801,RP11-690G19.3,MPPE1,SH3D19,VMA21,OGFR,CHD1,IQSEC1,TAF15
11802,ARHGAP5,CCR7,SLC35B2,PISD,TRIM28,PIBF1,MALT1,DOK2
11803,TCEAL3,CTD-2186M15.3,LY75,KDM5A,CEP78,BRIX1,RIC8A,FUCA2
11804,DHX35,PHF6,TMEM8A,SLC4A7,PSMD13,HERC3,VASP,ALKBH3
11805,FAM175A,PDE5A,PDDC1,FDXACB1,MFSD10,RAB13,MOSPD1,GTF2H1
11806,PTDSS1,TTLL1,DPM2,TAB2,CCNT2,TSPAN4,RP11-690G19.3,SDF2
11807,SPPL2A,ASB8,TSN,ZNF568,RALGAPA2,TMEM2,NCKAP1L,ZNRD1
11808,MICAL2,YAF2,ORC4,TMEM177,TIAM2,PHACTR4,PGS1,RC3H2
11809,GMPS,WNT5B,RSL24D1,PPP4R1,BIRC2,MRPS25,AKAP10,PILRB
11810,EIF3L,RP11-162A12.2,ELMO1,ZNF664,NDUFV1,MED14-AS1,PIGF,RP1-313I6.12
11811,ZNF33A,MKNK1,AHCY,DDX59,DOCK10,RSF1,OXCT1,ALG6
11812,TNFAIP8,MIF,CTNNAL1,BET1,FAM46C,WBP4,ACD,MRGBP
11813,DENND1C,C1orf21,UGDH,FXN,C8orf59,ECHDC1,TTF2,MEAF6
11814,ADC,GSK3A,TTC32,ATP6V0E2,EMC8,BANP,DENND5A,EAPP
11815,YRDC,PARS2,RP11-664D1.1,SLIRP,MFNG,FANCM,SLC38A5,BBX
11816,PLEKHG1,C19orf83,ZBTB11,BACH2,SLC39A13,SYNJ2BP,C20orf196,FAM96A
11817,BRF2,LYRM1,FBXL17,TSPAN14,TFB2M,FAM126B,TMEM128,C10orf32
11818,CD83,SLC43A2,LRIF1,PHF1,MTFR1L,MPG,TMEM9B,DDX21
11819,RALGAPB,PBDC1,POLR2E,PARP8,SPOP,KLF13,TRAFD1,NSFL1C
11820,VAMP5,MCM5,SSBP3,NINJ2,HIST1H2BN,PPAPDC1B,ELP2,SH2D3A
11821,GPR137,FDFT1,LRRC61,WNT7A,ADD1,RNF216,ELP5,OFD1
11822,PRKAA1,PARP8,LARP7,NACA2,ST3GAL2,ZNF32,C16orf80,CEP164
11823,CTD-2562J15.6,EP400,RFX1,MAP4K2,LBR,CTC-459F4.3,C2orf88,EPS15
11824,CEP41,KLHL12,HMGN2,TAF12,BCL2L12,ASL,PITPNA,HOTAIRM1
11825,TRAPPC2P1,HBEGF,DDX19A,JAK3,MIS18A,SPCS2,SH2D3A,ZNF148
11826,MRPL4,GSPT1,LIG3,MGEA5,APOBEC3A,SULT1B1,CSTF1,ACLY
11827,CDK5RAP2,MRGBP,SERPINF2,GALK1,MBTPS1,C4orf32,HHEX,PRMT10
11828,SPARC,JUP,RPGR,SOCS1,AP1G2,SCFD2,RGS18,PRPF6
11829,ELL,CHKB-AS1,TBRG1,RP11-418J17.1,GCH1,CTNNB1,SETDB1,IFT43
11830,FXR2,COIL,TXNDC17,EIF3D,REPIN1,CPT2,BTBD1,KDSR
11831,POLR3F,USP33,AGPAT3,C21orf59,FAM53B,ATP1A1,SYNJ2BP,SPON2
11832,TRIM24,ABCF1,ZDHHC3,FBXO22,HSPA4,TBXA2R,KDM4C,ALDH2
11833,AL928768.3,NIFK-AS1,LINS,DCTN2,MXI1,ABCC1,RRS1,SRSF4
11834,TPRG1L,NCOA7,RASSF5,C3orf62,PAN3,RNF145,STK10,UBALD1
11835,PLCG2,GLS,SCFD2,LINC00863,ZNF354A,PARP14,TNFRSF8,XRCC1
11836,DTNBP1,IPO8,ZNF83,FAM76A,NUTM2A-AS1,LINC00116,AC093323.3,HAGH
11837,FUBP1,TEP1,RP11-293M10.5,DEXI,CCR7,PPP1CB,YEATS4,NCR3
11838,GTF2H2,DPM1,CTSD,CEP135,RP11-367G6.3,LDOC1L,MIR4435-1HG,UBE2R2
11839,SF3B3,PABPN1,RABL3,CDC42SE2,NCOA3,SRA1,MNAT1,LPCAT3
11840,HCG18,ANAPC11,ITPR3,CAMK4,SLC25A20,ELMO1,CTPS1,PTGER2
11841,ALAS1,SEC24D,XRCC6,RIF1,GNS,EDEM3,SLC39A10,GPR171
11842,TAX1BP1,MTRF1,RABEPK,SMARCA2,LDHA,SERPINE2,ZNF277,PPM1M
11843,HRAS,ZMPSTE24,CBX7,RASGEF1B,C12orf65,ZBTB43,ESYT1,MKNK2
11844,CARS2,ATPIF1,NUCB1,ZNF383,RPL39L,BBS4,WDR82,VPS37A
11845,PHACTR1,MUTYH,GRAMD1C,TMEM167B,RPL13,ABHD5,ZNF3,PEX3
11846,MEF2A,ERMAP,POLR3H,HSD17B8,CD9,ASXL1,CHCHD7,NKTR
11847,AKR1B1,TIFAB,NF1,DNAJC5,C8orf82,VIPR1,OTUD1,C19orf48
11848,RP11-539L10.3,AMD1,MPDU1,QRSL1,PDRG1,FAM3B,MBD2,MLLT10
11849,RABEP1,CXCL16,MRPL55,DDX52,GABPB2,TKT,AC113189.5,C21orf91
11850,MLF1,KLF12,RRS1,COPA,TOMM5,KLHL6,TSPAN14,DPH6
11851,TRAPPC8,TIMM9,TIAM1,LRPPRC,TMF1,ARG2,PRPF8,ZC3H11A
11852,RBM12,ABHD8,USP9X,MAP3K1,ECHDC1,TMEM87B,MTMR14,CTNNBIP1
11853,MORC3,MAPK3,AGPAT1,EFCAB14,RNU12,NONO,POLK,RRP7A
11854,FAR2,MCFD2,DCAF5,WDR45B,ACSL4,PPIL1,GATA3,PANK2
11855,APOBEC3C,CTNNBIP1,RNF13,ASCL2,THAP7,LINC00969,YTHDF2,C7orf26
11856,NELFCD,LINC00649,CTD-2630F21.1,RHOF,MRPL4,PFN1,PTPRA,EIF3B
11857,TSN,OGFRL1,MAP2K4,RASA2,YAF2,PGBD2,ZNF274,RAB1A
11858,IL8,SH3D19,TACC1,GUF1,SIDT1,SPOCK2,GMPPA,FDFT1
11859,HIST1H2AH,PAPOLG,CSNK1A1,RP11-867G23.8,MRFAP1L1,FAM213B,GNPNAT1,PAK1IP1
11860,SMCR5,PLD4,NAP1L4,LINC00339,PRPF19,RUVBL1,C12orf65,GPN2
11861,GNG11,MIB2,SAT2,TNRC6B,PPRC1,STOM,SH2B3,FAM134C
11862,RP11-513M16.8,N4BP2L1,AP3M1,SNRNP25,DCTD,IWS1,TRAPPC2,PHLDA1
11863,NUCB2,SCAPER,APBA2,GGCX,PDXDC1,ETS1,ATAD1,ABHD14A
11864,NECAB3,MMD,MARCH5,CXorf65,GALNT3,YTHDF3-AS1,LBR,EIF5AL1
11865,ZBTB2,TRIM38,ZNF224,CD55,TSN,CREB3L2,CCDC82,NBEAL1
11866,ZNF567,ADAM10,PRR12,TPST2,RSAD2,LCLAT1,MCM2,UBE2V2
11867,ATP6V1C1,ZDHHC5,HSD17B7,ZNF16,DNPH1,SUGP1,TMEM176A,PCBD1
11868,TANGO2,RALGAPA1,APH1B,PTGER2,LMF2,XRCC1,YIPF4,ATG16L2
11869,WDR13,UBN1,ADPRM,ITFG2,HSF1,CCNY,MRPL37,LY86
11870,IMPA1,HDAC9,TNRC6C,SAYSD1,MRPS25,TUBA8,CCPG1,HDGFRP2
11871,ECT2,CD3G,ULK3,NT5E,CSAD,INO80E,BRF2,RP11-796G6.2
11872,CCDC163P,VMA21,PARP8,TMEM11,SLC25A26,TXNL4A,ICAM3,GDE1
11873,CTD-2341M24.1,NUDT6,HIST1H2BN,TRIB2,TM9SF4,CTDSPL2,PPA2,PCBP1-AS1
11874,HMBOX1,CYBB,ZNF414,C14orf119,RAB3D,PPM1L,ARHGAP24,MED7
11875,RP11-285F7.2,IGFLR1,RBMXL1,LMAN2,BLNK,MEF2C,SGPP1,NEK9
11876,IER3IP1-1,ATAD3A,TMEM131,FAM213B,GAS7,S1PR4,KIAA1551,TFRC
11877,ISYNA1,HM13,ATG12,SMARCD3,SMG1,DCUN1D1,CABIN1,PPIL1
11878,YIPF2,CACNA2D4,LINC00861,GYPC,RWDD2A,PJA2,CLEC7A,MRPS31
11879,LINC00662,U2AF2,ECHS1,NCF4,TMEM194A,ENO2,PPP1R35,AHSA1
11880,PLBD1,POLR3C,TCEA3,FAIM,NKIRAS1,SLC25A33,RELB,USP48
11881,IRF1,BCOR,CORO1C,USP42,PDCD7,RAB27A,MOB2,THAP4
11882,FBXO4,ITPR1,ATXN2L,TCTA,TSEN54,KDM7A,ANXA11,RAB8B
11883,MC1R,METAP1D,PSMD12,DMTN,TXLNA,GCA,PPP1R8,SLC4A2
11884,TARSL2,SNX22,MIA3,SNRPB2,XRCC6BP1,LINC00324,IRAK1,CABIN1
11885,C16orf87,ARFIP1,PIDD,ZNF652,C20orf196,VCAN,SLFN5,FBXL15
11886,RNF168,MRPL12,MID1IP1,MTX2,CCBL2,PEX19,SDHA,SRPK1
11887,EXOC6,NFYB,RAB2A,PREX1,CYTH2,AKAP8L,RDH5,LFNG
11888,DPP3,RP3-402G11.26,ACADVL,LRP10,ZW10,MACF1,HNRNPH1,SLC38A1
11889,OSGEPL1,RWDD4,KDM4A,AIM1L,ZNF260,PEX7,PRKX,FAM211A
11890,CUTC,TMEM19,HAPLN3,VPREB3,SLC9A8,EXTL3,YBEY,APTX
11891,SARS,KCMF1,CD1D,PPM1N,RP4-539M6.22,RP11-108M9.4,MRPL50,IRF9
11892,ACTR5,CRTC2,RAB21,TGFBR1,RECQL,POLD2,KCTD5,NONO
11893,ZBTB17,CBX6,ZNF800,FAM127A,JAKMIP1,WDTC1,LRPAP1,PTDSS1
11894,RP11-403A21.2,MEPCE,CLTB,G3BP2,CDC123,SAMD9L,RP11-139H15.1,EXOC6
11895,ARHGDIB,BET1,NUP98,MTCH1,TMEM109,NHLRC3,NAA16,LILRA3
11896,C2orf49,SDHA,TOMM70A,TMEM204,CKLF,SH2D3A,XCL2,DNTTIP2
11897,SUMF1,BTN3A1,ITGAE,WDR5,DNAJC2,PRKCH,CRIP2,ASCC2
11898,FAM98C,TMEM214,SP3,ERCC6L2,PXMP2,LRRC58,FAF1,DNAJC21
11899,FAM26F,STXBP3,OS9,PPP6C,RMND5B,NAT9,TMED5,HIBADH
11900,RP11-79P5.9,TMEM63B,TIMM17B,PAFAH1B3,ATF7IP,CDKN2D,EGR1,NUP50
11901,HDDC3,PIK3CA,MAP1LC3B2,C12orf73,ABHD14B,PCNA,POLR3H,NDUFV3
11902,TTC32,HADHB,SAFB,LZIC,RAB14,ISG20,SLC25A17,TRMT2A
11903,CACNA2D2,MPRIP,VPS26B,HDAC5,DAPP1,DCAF11,TXNDC15,RP1-3J17.3
11904,DZIP3,TMEM216,MOB3A,RBMX,LSS,YTHDC1,RP6-109B7.3,HMGXB4
11905,CPSF4,GTPBP3,PLXNB2,RNF8,LETMD1,NQO2,SMC2,STT3A
11906,CCPG1,CMIP,CAPZA2,SHKBP1,C4orf27,PHF14,HIST1H2BK,NUDT9
11907,DUSP28,UPF3B,FDFT1,LYRM4,JRKL,SESN3,IFRD2,PSMD12
11908,PLEKHO1,LY6G5C,NDRG3,RNF139-AS1,HSPBAP1,SMCHD1,RBFA,ACSF3
11909,RANBP3,MOV10,TOP2B,MRPL10,SLC11A1,PRAF2,SPG20,GINM1
11910,CCDC134,NDUFS6,SUCLA2,GRIPAP1,DDX27,LMNB2,APMAP,KLF13
11911,NDUFV1,UPK3A,MRPS6,ING1,NUP37,FCRL1,BCL2L13,JAKMIP1
11912,P2RX5,NOP58,TRMT6,ZNF609,C12orf79,FNBP1,DOCK11,MSRB2
11913,VPS33A,LINC00984,PRSS57,MICU2,CKAP5,POLR3A,MTO1,BAK1
11914,WBSCR22,GTF2F2,PITPNA-AS1,TADA2A,FHL3,EPS15L1,XRRA1,ERP44
11915,PUS1,ATP5S,ARHGAP30,BRCC3,PVRIG,C20orf27,USP48,CPOX
11916,TMEM259,UBAP2L,GNG11,ATXN7L1,ARL17B,GOSR1,ATP13A1,ZNF226
11917,TRAP1,NFKBID,RNPEP,PIM3,ARL16,RFC4,CHD1,ADD1
11918,DUS3L,OTUD5,ICAM2,ATG9B,SGK223,ZNF224,YDJC,CKB
11919,DNAJC21,PLA2G7,NARS2,CLK1,ZNF549,ATF3,GBP5,CD33
11920,ING3,RNF4,TNFAIP3,EPG5,XPO4,BMS1,GTF2F1,TNFRSF18
11921,JHDM1D-AS1,KDM5B,TCTEX1D2,CAMK1D,LRP2BP,CD247,LSM1,SH3BP5
11922,PHB,DNAJC5,TMEM248,RAB5A,ILF3,KNSTRN,SLC27A5,TUBG2
11923,NPRL3,METTL21A,CDADC1,PI16,NUDT16,LRR1,CD1D,DNAJC9
11924,MPZL1,NDUFAF1,SIRPG,SLC25A19,RRAGB,TNFRSF8,COL4A3BP,EPM2AIP1
11925,BCL2L11,PCID2,CD320,HECTD1,CDKN1A,PWWP2A,SLC7A6,HIF1A
11926,DNAJC7,BRD7,YTHDF2,SNX9,POT1,ICT1,C1orf174,HMBS
11927,FCGR3A,C12orf73,FBXO10,COPS7A,RAB33B,AC006129.2,NUDT1,QTRT1
11928,BCL9,ERICH1,VAC14,C1GALT1,MAP9,CMPK1,INPP4A,CIAO1
11929,GMFB,ARID5B,TPPP3,DGCR2,TMEM161B,DHDDS,C1orf228,DNAJB11
11930,PA2G4,TOP2B,USP47,RP11-166P13.3,CASP4,EIF2A,SLFN11,CHMP7
11931,DAK,LYPD2,ITGB7,UQCC2,C11orf73,HOOK3,MAL,CD8A
11932,WDR43,ENO3,NR3C1,ELOF1,RASGRF2,FRMD3,MTHFR,RAB7L1
11933,ZMYND11,PTX3,RP1-241P17.4,ENY2,CDCA7L,LCN2,MALSU1,KIF22
11934,TTI2,LMBRD1,CAPN10,CIRH1A,NBAS,ERGIC1,RPRD1A,PCYT1A
11935,PTPN22,SLC27A4,CREM,ASCC3,DPP7,RASSF4,POLR2I,COASY
11936,FBXL15,NUP85,SLC7A6OS,SDHD,CTR9,HYAL2,C1QC,CKS2
11937,WBP2,ADAM17,UBAP1,KLRC2,PPP2R5E,MAGT1,PDE7A,EXOC7
11938,HPGD,AC137932.6,LENG8,TMEM173,TRIM52-AS1,MRPS22,IKBKE,GNPAT
11939,ANAPC16,NXF1,CMTM5,IAH1,SPG11,HLA-DRB5,HCAR3,ATG4A
11940,SBF1,APRT,JKAMP,APEX2,ZZEF1,PLBD2,LSG1,PAXIP1-AS1
11941,ZCRB1,MAN2B2,TAB2,C19orf70,EIF4H,MPST,SERTAD3,CARS2
11942,TGDS,CCNT2,DIABLO,C1orf21,DDX49,H1F0,TMEM18,WAS
11943,LINC00324,SAP30BP,PCID2,RNF38,ICOS,SPCS1,MARCKS,GAPT
11944,DR1,URI1,MYO5A,SEMA4A,DYNC1LI1,RASGRF2,MANBA,ATXN7L1
11945,MLKL,KPNA2,FAM120A,CLASP2,UIMC1,RP11-489E7.4,EML4,NDUFAF1
11946,DMXL2,KB-431C1.4,CHD3,AC027763.2,NELL2,ELF1,HTRA2,CENPK
11947,BRE,CSRP1,LPIN1,SLC25A22,SUPT7L,BZW1,FAM219B,CTBS
11948,CBFB,USP16,CXorf38,RAB24,COASY,PITPNC1,IMPDH1,MRPL36
11949,HMGA1,L3MBTL2,ZC3H7A,ZNF574,ATXN1L,SNX10,SAMD3,CALCOCO1
11950,RNGTT,C4orf27,RAP1GAP2,DPP7,FBXO32,STYXL1,DCAF13,TRIM38
11951,MRPS33,SPHK1,TADA3,NMI,YWHAE,ATRN,TECR,ABI3
11952,FCER2,RFX5,USF2,SLC10A3,YIPF5,KLHL36,OBFC1,RBL2
11953,ZBTB14,RAVER1,HSD17B10,TBC1D23,MAN1B1,IQCB1,CHD3,C14orf1
11954,RAD23A,ZNF324,TMEM8B,XPC,RNF168,CHID1,ST6GALNAC2,ASH2L
11955,NFKBIE,TFG,SCP2,DAAM1,CMC2,C2,SFI1,KDM5A
11956,ZNF548,POLRMT,TRAPPC9,NCALD,NDUFAF1,C10orf88,DHX36,CYC1
11957,FTCDNL1,RP11-452L6.5,C10orf128,LILRB2,TREX1,KCNAB2,CPNE1,ARID5A
11958,ACYP2,PTPN18,OSBPL8,ZNF281,EMC6,NUP98,PDZD11,POLR2I
11959,MVB12A,TNIP2,TCEAL8,TRAF3IP2,TMEM184B,RDH11,DGKA,MRPL1
11960,GPN2,PLD1,TATDN3,RELB,QDPR,RNF167,ARHGEF3,C22orf39
11961,TSR3,GTF2H5,SEPT5,MXD4,GCA,PSMD12,DNAJB6,MRPS14
11962,RLF,DENR,MEA1,CTD-2228K2.5,P2RX5,AC026806.2,FADS2,BIRC6
11963,OR2A1-AS1,TRPC4AP,PCP2,ZFYVE28,GDE1,DYNC1H1,CCNB2,SNRNP200
11964,NLK,ZNF19,PGAM1,SLC6A6,LINC00402,ZNF514,XPO6,UTP11L
11965,LINC01004,SFXN4,AZIN1,PPWD1,BCAS4,C9orf69,HSPA4,COX20
11966,CINP,TLDC2,BTN2A1,SPEN,RIC3,PMVK,YIPF3,BCL2L12
11967,SH3BP1,VSIG8,DDX55,SUCLG2,AC007246.3,GSTT1,SEPT1,RAB28
11968,ZC4H2,ZNF253,GPR171,TRIM21,CEPT1,CYB5D2,STX10,MAN2A1
11969,HBP1,DPM2,MIF4GD,SLFN13,TSPAN31,NRG1,SLAMF1,VPS4B
11970,CTA-384D8.35,NME1-NME2,TGFB1,ANKRD28,PACSIN2,TMEM106A,ACTR6,CACUL1
11971,PIP4K2B,RP11-400F19.6,SSR4,PDLIM7,NINJ2,ITM2A,ZCCHC7,CSNK1D
11972,COX5A,ABRACL,FRMD4B,LEPROT,LLGL1,KLF9,EIF2AK4,C5orf24
11973,MTHFR,UBA3,MIIP,AC016831.7,RNMT,IFI30,LYPD2,TMX2
11974,NSUN5,GOLM1,PIGF,ST3GAL2,ARSA,FKBP1C,POM121C,PPID
11975,DNPH1,AURKB,CBFA2T3,BID,CLASRP,R3HDM1,NHLRC3,CNDP2
11976,MAP2K1,LAIR1,USP4,NFATC2,UNG,GPR137B,FAM207A,ATP6V1H
11977,GP1BA,RP11-468E2.4,FAM50A,ARV1,CDKN2AIP,PRKAG2-AS1,SMARCD3,MAN1B1
11978,DENND3,LINC00685,ZNF259,AK5,NECAP1,PDCD7,OGG1,TRIM8
11979,FLNB,EMR2,KLC2,HERC5,STX18,TBCD,PRKRA,TMEM230
11980,TIRAP,HELZ2,C17orf72,RP11-400F19.6,NACC2,RPN2,RP5-887A10.1,STRN
11981,ATPAF2,ARHGEF10L,MBD6,RAF1,CAMKK2,ATP6V1F,TIMM22,VPS36
11982,CCDC61,PDE4C,RNF213,DGUOK,AC010883.5,CATSPER1,PPP1R11,PLK3
11983,ERCC8,ARL2BP,SLC30A1,PIK3IP1,ZNF429,MLEC,TREML1,NFKBIZ
11984,INIP,DHX37,WDR5,DNAJB11,PBX2,CLYBL,YARS,CALM2
11985,GCH1,CD151,TTC17,CTSF,LYPLA1,DHRS1,MDM4,ANKH
11986,UGP2,PEF1,PAN2,KNOP1,TMEM242,MIA3,RP11-421L21.3,FLAD1
11987,SLC25A44,ASTE1,KIN,PACSIN2,AGPAT4,ZBED5-AS1,ZNF76,PSTPIP1
11988,VPS52,LENG1,MMGT1,THAP1,C5orf55,EBAG9,GPN3,NT5DC1
11989,C6orf62,TRMT11,CRCP,SETD5-AS1,DDHD2,IL15,LYRM4,IFT52
11990,IL12A,ARNTL,DCAF12,LSM4,ZDHHC5,C1orf27,HERPUD2,MIIP
11991,LIMD2,NOMO1,ING5,DPH7,PPTC7,MARCH5,SEPT9,ZNF581
11992,TSC22D3,KCNQ1OT1,DRG2,QRICH1,CDC42SE2,DUSP22,PTP4A3,TRANK1
11993,SIGIRR,DDX17,RAB11A,HSPH1,NFAT5,ZNF160,DUSP6,DENR
11994,RUVBL1,USP6NL,STX18,ROMO1,FKTN,SLC25A40,ITFG1,ATP6AP1
11995,MTPAP,RNF169,LTB4R,TXLNG,SRRT,SFR1,NIFK-AS1,RP11-611E13.2
11996,FBXO44,UTRN,SMPD1,SRSF4,TESPA1,ZNF350,TSR3,POLR1D
11997,GSR,IFIT1,GBP2,ESF1,USP34,FBXL5,CSF2RB,COMMD6
11998,AIFM1,LEPRE1,MLLT10,PRR12,ZCCHC17,SMAGP,NPDC1,ZBED5
11999,CNIH3,SNAPC5,LYSMD4,LPGAT1,ASB2,PNOC,METTL18,CTD-3184A7.4
12000,ILF2,SUDS3,ZNF226,CWF19L2,CCDC94,STK11,MLXIP,CHCHD7
12001,TP53RK,NFKBIB,DNAJB2,ARSK,DMAP1,UBE2E1,AIFM1,CD72
12002,CCNF,SEPHS2,LIMS1,OXA1L,SERINC2,FAM172A,RBP7,NHLRC3
12003,KMT2E-AS1,FLT3,PLAUR,MZT1,PRKAB2,VPS33A,LILRA3,CCS
12004,SMAP2,GNL2,YLPM1,PRMT10,SAP30BP,RAD54L2,IL17RA,SSR3
12005,SUPT16H,IMP3,RNF168,TNKS2,ZADH2,GLYR1,PGM1,ASCL2
12006,NXF1,RP1-39G22.7,EPS8L2,OXLD1,SLC40A1,SCPEP1,PPP2R2A,FBXO21
12007,TMEM99,SURF4,TADA1,SLC9A3R1,SLC22A5,CEBPG,MMGT1,E2F4
12008,BLOC1S5,ACTN1,R3HCC1,TTF1,PILRB,RP11-81H14.2,HVCN1,RNF138
12009,ARPC4,GATAD1,GATAD2B,C9orf78,AC006369.2,PML,KCNC3,DUSP23
12010,SASH3,AKT1S1,CLN3-1,APBB3,BCL7B,SUPV3L1,SEC14L1,RBM10
12011,MRPL41,PER1,SPEF2,EIF3L,HGS,ZC3H15,SUCLG1,AC010642.1
12012,ZNF83,SNHG9,C19orf12,PI4KB,ASGR2,BLOC1S6,C11orf58,ATF1
12013,DDX21,UBA52,MSN,RRP9,TYW5,PIK3R1,EIF4E2,INIP
12014,TSEN34,UNG,TERF1,RP11-1143G9.4,PUS3,LONP2,CDKN2A,RALA
12015,SLC22A18,GPBP1L1,DAD1,SAP30BP,CBX5,FLOT2,PTTG1IP,BEX4
12016,SLC25A13,FAM216A,AC092580.4,NCAM1,PRMT7,PATL1,GNG2,ATP5EP2
12017,RNASEK,CD180,UBE2L3,RFK,CTD-3214H19.4,WDR70,SH2D1A,NT5C2
12018,CSNK2A1,RP11-545E17.3,ETFB,PRKCQ-AS1,MIR4519,RIPK2,PRCC,CLSTN1
12019,CPNE1,FAM65A,FRMD8,USP25,CCDC84,FAM204A,ZNF830,TRIP13
12020,WDSUB1,D2HGDH,PRKAR1A,BCAS4,LILRB4,FAM102A,ABT1,CENPF
12021,TPO,CPSF6,GGA1,CASP6,MAP7D3,C14orf119,LYRM2,PHIP
12022,EID3,WDR74,CHD8,CSNK1D,CCDC126,LIN52,DIMT1,SLC20A1
12023,ATP6V1G1,LINS,YBEY,SUPT7L,TLE1,PSMC3,C15orf39,SNRPD1
12024,STX17,ABLIM1,ACAP1,SLC11A2,ELMO1,TARS,TCEB2,TTC19
12025,C2orf47,HNRNPUL2,UBE2K,FAM104B,BDH1,IL18BP,C1orf131,ATG2A
12026,SLC41A3,PFN1,NDUFB6,MBOAT7,C12orf44,CDKN2A,AC016629.8,AKIP1
12027,CCDC78,CTAGE5,PRKCSH,EDEM3,MTMR3,ZNF609,ZFAND2A,XYLT1
12028,RNASEH1,H3F3A,CHCHD5,KATNA1,DDX43,ERAP2,CPNE5,GRHPR
12029,SEC24A,RABL6,HNRNPAB,RAB37,TMEM14C,MED18,ZNF652,SIPA1
12030,CD1E,MMADHC,C1orf21,BFAR,SAMM50,ACO2,TBC1D10A,CBWD1
12031,DHRS3,ENTPD3-AS1,HSDL2,PPM1K,RPS13,E2F2,PKIB,FAM120A
12032,PAK1IP1,TMBIM1,FAM105B,XKR8,CLK4,PHF20L1,CTSL,TOP1
12033,RALGPS2,TRIM66,UNC5CL,MRPL50,P4HB,STAT6,SLC25A39,CRLF3
12034,ARSG,PPP1R16B,SEPHS2,BEX5,HDAC10,TGIF1,PSMA6,EMG1
12035,RNASEH2C,GBP2,MORC2,GTSF1,FGD2,EFCAB2,MRPL16,FBXW2
12036,LETM1,PITPNB,C12orf45,TPM1,WDR11,PLXNC1,EVI2A,RPS16
12037,BCKDK,GCH1,FOPNL,FAM195A,C4orf48,HIRA,PTGIR,LILRB4
12038,ESRRA,RPS17L,BEX4,CTD-2162K18.5,TMEM181,LIMD1,CD72,CAV1
12039,SCRN2,RP11-598F7.3,SHKBP1,DTX3L,LINC00998,CHD6,BTK,TMF1
12040,UBBP4,GNG10,SRPR,NIFK-AS1,TMEM256,LAMTOR3,RBM22,PSMD10
12041,RP11-386G11.10,NUP160,C12orf65,GOLGB1,AP001258.4,IGF2BP2,CLN6,C1QB
12042,SIRT6,STAMBP,POT1,GUSB,PITRM1,CCDC28A,PDE4B,SIKE1
12043,RAB35,UBR5,FABP5,IFFO1,TMEM55B,CASC3,WAC,UBR4
12044,ASH2L,CEP152,BCL7C,TMEM203,UBXN2A,SRSF1,HMG20B,PRPF38A
12045,MED21,FAM96B,PTRHD1,WDR7,HTRA2,ATL3,MAFK,CYB5B
12046,NOP10,SF3B3,TAX1BP3,KLF10,NTHL1,WDFY2,SIGLEC10,ATM
12047,ALMS1,MTRF1L,ZSCAN5A,MRPS22,ABCD4,FEZ2,BRI3BP,TSPYL2
12048,DCTN1,FAM210B,BSDC1,BCAT2,ABCA7,VIM-AS1,IL12RB1,IL4R
12049,ELMSAN1,YIF1A,INTS8,FUNDC2,MPG,ZFYVE20,LRRC47,ORMDL1
12050,DYNLT1,CDC42SE1,DEDD2,PRADC1,RP11-252A24.7,SETD5,SNORD3D,MRPS10
12051,MTF2,STYX,C7orf50,ARL6IP1,GMPR,MTO1,SPPL2A,AURKB
12052,QKI,PRDM4,DCAF11,DDX39B,SLMAP,S100A12,ZNF131,VAMP3
12053,WASL,IER3IP1-1,SLC35E1,FBXO31,CNOT1,GOLGA2,SLMO2,PINK1
12054,VPS51,TMIE,NRIP1,RABGGTB,NDUFV2,CCDC97,BCL7B,SAMD3
12055,CXorf40A,CD84,CD8B,ZNF655,SNRNP70,HMCES,INO80E,ANAPC7
12056,ABCF1,C12orf39,ESYT2,C3orf17,ITPKB,KCTD20,C1D,IDH3B
12057,IMMT,ZSCAN29,GOLGA7,ACOT8,CCDC167,NIT2,WHSC1,WNK1
12058,FUT8,CERS6,RRP1B,BCL2A1,PCF11,C15orf57,MKRN1,FAM58A
12059,GALNT11,CCM2,LRRC25,CFDP1,ARMC1,TUBGCP2,XBP1,MCM5
12060,RTN4IP1,NRBP1,RAB11FIP1,AC132872.2,ATP6V1C1,FAM98A,ABHD3,MED11
12061,ABHD13,IKZF5,FAM65A,MARCH2,ACSF3,SOS2,GTF2E2,ELOVL5
12062,UVRAG,SMURF1,MAP3K7,CD2AP,FAM20B,POGK,CLU,KDM4C
12063,CCHCR1,TYW1,CDC42SE2,KIR2DL3,CLNS1A,CTSH,UBQLN2,METTL21A
12064,CKS2,TET3,KPNA3,VPS16,MPLKIP,PSMC2,TRAPPC6B,HTRA2
12065,POU2F2,ZNF467,GTF2F2,NENF,GNG7,CHD9,EIF4EBP2,MED18
12066,TFDP2,TOMM40L,EXOSC1,SLC25A45,C19orf12,TXNDC16,NR4A1,C1RL
12067,ZADH2,SAMD4A,UPF1,STYX,MYO9B,AC009403.2,MED16,OARD1
12068,MYL9,SUSD3,PADI4,TRRAP,RP11-383H13.1,APOO,RP3-395M20.12,CS
12069,PPT2-EGFL8,CLIC4,SEC63,TTTY15,ARHGAP15,FOLR3,ELP6,TBRG1
12070,CD82,ABHD11,THOC3,IRAK1,CYB561D2,RNPC3,ABCF2,LRRC59
12071,NUPL1,AZI2,RNMT,FAM122A,ZNF584,UBE3B,ARHGEF6,HERC5
12072,PPP1R37,C21orf2,CHPF,TBC1D5,PJA2,RCE1,PPP3CA,G0S2
12073,LITAF,PIAS1,KPNA2,NAALADL1,SKIV2L2,DHRS3,HDDC3,FDXR
12074,PMPCB,C1D,SNRPB2,UBA1,CD47,MFSD6,HDGF,SET
12075,ODF3B,SEC23B,GTF3C6,PYROXD1,POLR2E,TM9SF2,TMBIM4-1,OLA1
12076,MAGOHB,RBM48,ZNF592,FAM104A,DENND4C,SFSWAP,DNAJC10,AKAP13
12077,MVK,ATP2A2,STAT6,ZFPL1,ACOT11,ZNF276,VPS4B,MINA
12078,ZNF346,ZNF267,SUB1,DDB1,MAPKAPK3,CACNA2D3,POLR2M,IMP4
12079,APPL1,SP100,THOC2,GOLPH3,MAT2A,ADAM15,AC147651.3,TMEM43
12080,GTF2F1,ASRGL1,SERTAD3,TRIP11,IFNAR2,USP34,ORAI2,GATA3
12081,HMG20B,FYN,EIF4B,ADPRHL2,TMEM70,GATAD2A,CECR1,RPP38
12082,FAHD1,ATR,C9orf78,CDYL,VSTM1,PIAS4,GADD45A,VCAN
12083,CLU,TXLNA,SLTM,POLD3,TMEM167B,DNAAF2,VPS26A,ZNF146
12084,HSBP1L1,DCP2,TLN1,TAF1,PPM1A,FBXO3,RGL4,CENPO
12085,ZZZ3,EIF2S1,RP11-18H21.1,GLTP,DNAJC30,CTD-2017C7.1,HAUS4,LAIR1
12086,SNX27,RP11-664D1.1,HAVCR2,ARPC1B,DDX58,NARS,SACM1L,PABPC1
12087,ETS2,AP2A2,MKL1,SCML1,CD40LG,SRRM2,NADSYN1,CECR1
12088,FBXO18,PKN1,MNAT1,PHF11,UBE3D,SLC2A3,SURF4,TAPBPL
12089,SMAD7,PRKRA,ADTRP,ATP2A3,BCL11A,NUBP2,RGS14,RNFT1
12090,FKBP2,B4GALT3,SH3YL1,ICA1,ARMC2,ID2,C7orf26,ZNF638
12091,FAM3A,PCBD1,C12orf29,C16orf74,UBE2D1,TMX2,CCNC,MITD1
12092,ERI3,CD86,SMC1A,SRSF6,SMAD2,NFIC,RFC5,SETD5
12093,DNM1L,SETD1B,AKIP1,PIGL,RNF113A,AGTRAP,EPB41L4A-AS1,UFM1
12094,CPSF2,GFI1B,BLMH,FZR1,SCAPER,POLB,SLC25A20,USB1
12095,NOP58,DUSP3,FLOT1,SEPHS2,ST3GAL5,KCNA3,STXBP3,CENPW
12096,PRIM1,DDT,HSBP1L1,PDCD4,DICER1,XRCC4,CCT7,CPSF4
12097,RAB8B,PRMT2,PREPL,SEL1L,ZUFSP,KLHL24,SERINC3,U2AF1L4
12098,SVIL,LAMP1,VMA21,TMEM120B,PLEKHG1,ADD3,NFKBIE,WAPAL
12099,R3HCC1,MSRA,SETD6,PRSS57,SCAMP1,USP8,MS4A4A,RWDD1
12100,POLR2K,EID1,CHD4,TM7SF2,PRKCA,RP11-418J17.1,CISH,TXNDC15
12101,SAFB,RP11-220I1.1,DNTTIP1,CSTB,RP11-809O17.1,MIF,TRAP1,RNASEK
12102,TSNAX,AGFG1,A1BG,NFATC2IP,PCNX,LCOR,RNASEH2A,SCNM1
12103,METTL13,PGLYRP2,POLR1E,NUP153,PNOC,HERC6,MAGED2,RHOT2
12104,SRSF1,RUSC1,SCIN,EIF1B,SF3B1,TIMM10,PPP4C,TIMM21
12105,PAPD5,PAK1,SPG11,CYC1,DCAF5,CAPN2,ORMDL3,BCAS2
12106,COLQ,PPM1N,C3orf58,ALKBH3,IFNLR1,EPB41,ESD,GOT1
12107,LINS,BDP1,CEP57L1,SUDS3,CBX7,RPP38,HSPA6,ATRX
12108,BZRAP1-AS1,SBDS,DPP7,ORC2,AKIP1,EEPD1,COMMD8,CNOT4
12109,IL15RA,BARD1,C9orf89,AL928768.3,LPIN1,RNF40,PTPN2,TMEM71
12110,ATAT1,RBM43,ADRM1,UBE2R2,ZNF480,RFC1,ATG5,SELM
12111,EED,ZFAND6,TESPA1,METTL17,SFT2D2,USP36,H3F3A,COMMD2
12112,ZC3H6,TIPRL,UBE2D1,FAM114A2,PPP2R3C,CBWD1,CENPT,CNOT1
12113,MAF1,KCTD17,NMRK1,MFHAS1,SNRPB,VPS72,IMMP2L,MRPL52
12114,PABPC1L,IGF2R,CASC7,PDCD4-AS1,XPNPEP3,ZNF90,SUDS3,PRPF40A
12115,PROSER1,PRKRIP1,C7orf73,KLF7,YRDC,GSK3B,AKAP1,RMDN1
12116,SEC24D,IMMT,RBM6,ETV7,TES,ARL1,PELP1,SNRNP35
12117,CPVL,TTC5,FGL2,PBXIP1,SLC25A51,SNUPN,SCML4,MYC
12118,GSTO1,TCEAL8,H3F3A,PMS2,RP3-329E20.2,UBE2G2,EEFSEC,CHMP1A
12119,TROVE2,SNRNP48,DNAJC21,R3HCC1L,POFUT2,USP30-AS1,PLIN2,ZNF407
12120,GALC,PBXIP1,CTD-2521M24.9,LYSMD2,DDX24,NISCH,TGS1,RNPEP
12121,ANAPC1,SMAP2,GNA15,HLA-DMA,ASCC2,RP11-544A12.8,MRPS6,FIBP
12122,FAM65B,CCDC92,DIS3L,FAM89B,ZSCAN9,CHORDC1,HPS1,RANGRF
12123,SUSD3,FAM96A,CSRNP1,LINC00665,FPGS,SRD5A3,PSMD14,C1orf174
12124,PPP3R1,PIWIL4,STK38L,SNRPD3,DCTN1,RUFY2,PRAF2,GMPS
12125,PRR24,ATXN2,XCL2,APITD1,CWC22,UHRF2,CHMP7,ANKRD12
12126,CSK,TRNT1,TFPT,LINC00685,AGO3,NDUFAF3,CHD4,FLNA
12127,ZNF449,ETNK1,RNASE6,NARS2,HGSNAT,IL1RN,POLR2C,SLC25A45
12128,FAM136A,TRAF5,INF2,SECISBP2,RCE1,SPCS3,GLG1,SUMF2
12129,ANXA4,HNRNPA3,ZNF816,CTD-2037K23.2,RP4-728D4.2,RP13-582O9.5,CCAR2,SRA1
12130,SLFN5,SPHK2,BTBD10,UBR7,OXLD1,PPP6R1,PCMTD1,RIC3
12131,TRMU,HYOU1,HAUS3,RPS5,ZNF101,DNASE1,CGRRF1,ANAPC2
12132,CWC27,CD101,CECR1,SGSH,TSTA3,SCP2,ATF7IP2,PSMD2
12133,TRAPPC12,C11orf57,MT-ND3,TNK2,SEH1L,ANXA2R,TM2D2,DDX23
12134,ITCH,PRADC1,RXRA,ATM,SNN,ARPP19,PUM1,NOP2
12135,GMEB2,MRPL17,TNFRSF21,VAV1,GLRX2,TBC1D5,BOLA3,CYB5R3
12136,C21orf91,SERINC3,ABHD11,PHC1,SERPINI1,TRIM56,ERV3-1,NFATC2IP
12137,PAFAH1B1,DDX19A,FAS,CHST2,ABI2,NUP62,GLUL,FUZ
12138,CNPY3,INTS9,GCA,AIMP1,WTAP,TROVE2,RABEP1,ATIC
12139,B3GALT4,SND1,NRDE2,PBDC1,CCDC23,TNNT1,MKRN2,HACL1
12140,CREBBP,GRSF1,ALKBH8,LTV1,RB1,SDE2,RP1-313I6.12,KATNB1
12141,SIK3,S1PR4,RETSAT,SBDS,CLEC2D,OSBPL7,DCTD,TKT
12142,ADRB2,DYRK4,SNRNP25,BRK1,TMEM248,ARAF,TMEM175,PABPC4
12143,LNPEP,SERPING1,TAF11,PARP12,AKAP17A,PITPNA,MX2,ANAPC4
12144,RBM42,SDHC,CXCL16,KIAA1033,UQCRQ,GPRC5C,COX7A2L,NSMCE2
12145,TGFBR3L,RPS10P7,OASL,MRPS35,SLC2A11,SP110,CERS2,ALKBH5
12146,IFI44L,LINC00667,SPG20,BCCIP,PPA1,TC2N,SDHAF1,BRD7
12147,ATP6V0D1,C9orf78,FAM58A,VCPKMT,MRPL2,RP11-87C12.2,ZBTB7B,TXNDC11
12148,TMEM106C,MAPKAPK5,IL10RB,RP11-354P11.3,ZCCHC9,TERF1,HSPB1,IRF1
12149,CNP,LOH12CR1,SLC6A6,C1orf112,B9D2,AP5B1,VCAN,IL27RA
12150,NCF2,RP11-156E8.1,MRPS36,PPIL1,SZT2,ADAP2,AP001189.4,ID3
12151,NDUFV3,PRF1,RASSF4,SEC24B,EXOC6,SLC20A1,PSMC6,UBA2
12152,FBLN7,SMARCD1,RAB6A,CBR3,PRKCQ-AS1,PLXDC2,CCDC115,SSNA1
12153,PPM1A,UBE2Z,FBXO25,ZNF274,STYXL1,CTNNA1,RANBP3,SCO2
12154,TIPARP,LRRC41,SLC25A1,TMEM216,MAP3K13,PDE4B,TUSC2,GUCD1
12155,NSD1,NT5C3B,SECISBP2,RNF7,TP53I13,MAPK8,GFER,ZWINT
12156,ADD1,STK17A,PIN4,TMEM183A,KIAA1731,PRR24,ZFYVE27,ZNF330
12157,MESDC1,P2RX4,MIR4435-1HG,POLR3D,TOR2A,CWC27,MYOM2,KRT10
12158,EIF5,COX7B,STRN4,GBP3,MATR3,ABT1,RB1,CRLS1
12159,WDR6,POLR2D,UGP2,MAGEH1,RBM22,TNFRSF25,SRP68,CPSF3
12160,MIB2,PUS1,PDCL3,R3HDM4,SIRT1,CCDC159,CDKN1C,RAB4B
12161,BCL11A,PCTP,ANKRD39,CLNS1A,ZNF766,EMR3,PMM1,DHFR
12162,RBM23,CWC22,PDCD7,PSMC6,SWAP70,CKS1B,RP11-660L16.2,ZC3H8
12163,SRM,CD58,SLC29A1,STRIP1,RP11-727F15.12,ZNF641,CFLAR,DTD1
12164,GNB5,ITSN2,HSH2D,NIT2,MRPL37,SUPT5H,DDRGK1,WDR18
12165,MZB1,GPCPD1,PHF5A,WHAMM,EIF5A2,EHBP1,PNPLA2,CD84
12166,ZNF708,SH3BP1,VKORC1,PTP4A3,CEP57,EPHB6,DEF6,DDX17
12167,RANGRF,GIPC1,WWP1,RP11-23P13.6,MCM3,QRSL1,NUS1,FLYWCH2
12168,PCCB,DTX3L,IQGAP2,ABR,IFT27,SUCLA2,STRBP,SNW1
12169,RFC2,IKBKB,DIAPH1,FLII,TCOF1,MYLK,LCN8,KLHL18
12170,AC120194.1,TECPR1,ALDH9A1,CD63,PTPN22,PRCC,GCA,FXR1
12171,PRR7,NME2,SH2B1,COMTD1,PCSK7,SLC39A10,NCBP2,CENPM
12172,NDUFB2,SLC16A5,PSMG3,CPSF7,PGRMC2,MTMR3,GPR18,PRDM2
12173,MS4A6A,ITGAL,JARID2,ARL8A,C12orf5,CHSY1,SIRT6,PRIMPOL
12174,ABCE1,ERLIN1,TNFAIP8L2,UBXN11,LAMP3,ACADS,NUP62,SRPK2
12175,PER1,ZNF444,EFCAB14,MAML1,PCGF6,GUCY1B3,TOMM20,AQP10
12176,DNAJA2,SNX12,RBBP6,PCED1B,TCF7,AL592183.1,EBAG9,CLEC2D
12177,CCDC65,C19orf33,ILKAP,CTSA,PPP1CC,ALDH9A1,CCDC167,TMEM120B
12178,MRPS5,AES,LPAR6,MAX,IFI16,CLU,MRPL44,RALBP1
12179,ACAD8,TMED8,RABGGTB,UBE2M,DYNC2LI1,OPN3,FAR1,FBXO11
12180,ANKRD16,PRKACB,ZNF692,MCEE,PIGV,IL10RB,DXO,MED4-AS1
12181,AGPAT2,EMR1,PTGDR,ZNF90,CCDC85B,SFXN5,PTPN4,MTSS1
12182,PSMG3-AS1,DLG1,BST1,RP11-1398P2.1,CLIP1,IST1,AKAP9,ICOS
12183,GATAD1,SLC25A36,SFT2D1,RBM22,CUEDC2,TBC1D23,MAPK1,TAP1
12184,BSDC1,PMAIP1,DHRS3,RECQL,ORAI2,E2F6,QRSL1,ECHDC3
12185,APOL2,SLC7A5,WRB,LIAS,LYST,TCEAL4,CHAF1A,ELOVL1
12186,GLIPR2,FBXO8,DCXR,SLC25A12,MAVS,DLGAP4,VSTM1,CYLD
12187,CSNK1G1,METTL2B,VCPIP1,WAC-AS1,HVCN1,RP11-76E17.3,HMCES,MARS2
12188,REXO2,SLC31A1,DIP2A,COLGALT1,ARL3,STK38L,SELM,TSN
12189,XPO7,PPIL3,HIPK1,SAMD9L,RNF20,SPATC1L,NOTCH2,ITGA3
12190,ARID2,RP11-690G19.3,CD5,APOBEC3C,MTA3,ADAT1,RAB37,CHD8
12191,RPS6,ZNF675,RASSF3,PSMA5,PREB,UBAC1,SF3B1,RNF207
12192,MED6,ZNF302,EHBP1L1,LZTS2,MRPL44,SBNO1,TMEM43,AGK
12193,CPNE2,FKBP5,SDHB,CREBL2,PGD,METTL14,BBX,HIST1H4C
12194,BRD9,HNRNPU,TRAPPC6B,MZB1,IFI44,BSG,PLEKHF1,SMARCD1
12195,TMEM243,CCDC50,GALM,MED22,TMEM50B,S1PR1,HDAC5,POLE
12196,CASC7,EML4,RARS,SWI5,GMCL1,GPATCH8,CKS2,ALAS1
12197,CLCC1,STK40,NGFRAP1,MORF4L1,IFRD2,BCAS3,CCDC28B,CCDC22
12198,FBXW5,METAP2,RAB22A,C12orf42,DDHD1,ACTR8,DEGS1,TATDN1
12199,SMC1A,METTL5,YTHDF3,ZNF839,N4BP2L2,PDE4DIP,CHRAC1,AGAP6
12200,ZNF689,PARVG,KLHL36,ACSL3,ZEB2,SPTAN1,PPP1R12A,TTLL1
12201,CHMP7,RP11-78O7.2,TTC31,CLN5,AMD1,TMEM42,SLC31A2,NCF1
12202,CBX7,FDX1L,MIR142,UTP11L,TOR1A,SCARB2,PSMD7,PYHIN1
12203,NME1,CBX5,TMEM183A,C1GALT1C1,ZNF653,CNTD1,MYO1F,NDUFB4
12204,ZNF720,MRPL16,LINC00176,TTF2,CEP250,ACP5,CD2,PHTF2
12205,CTD-2521M24.9,ZNF430,AC005523.2,MEAF6,STAT4,CDK2AP2,VRK1,HSPA1A
12206,MGMT,COPG1,CDKN2A,SPI1,CTD-2336O2.1,ARL4C,DESI1,VPS41
12207,ZNF580,CLCN3,UBXN6,ICMT,METTL16,EIF4E3,SLA,UTP18
12208,XAB2,INSIG2,SLC52A2,TRIM41,C2orf74,SMU1,TBK1,RTCB
12209,GPR89A,PIDD,UNC13D,CALCOCO2,NEK7,RGL2,HIST1H4C,ZBTB47
12210,TFIP11,LRCH3,ACTN1,HNRNPA0,ZBED5,PLCG2,NELFA,AC003075.4
12211,GNS,PPP1R18,SEPT9,METAP1,SUCLG2,TPRKB,CTNNB1,CRYZ
12212,GADD45A,EIF6,TOR1AIP1,CTC-479C5.12,TGDS,PRPS2,CARD9,NIT1
12213,GSS,LNPEP,BLVRA,PIP4K2A,SDF2L1,COPS2,HELZ2,AC040977.1
12214,TAF2,NIT1,CSF3R,MRPL19,ZSCAN16,ZNF292,ZKSCAN1,ARL2
12215,MAFG,ZFPL1,RP11-386G11.5,KLHL36,STK24,WIPI2,PPP2R5D,PKD1
12216,TMX4,LRRC27,KLRD1,RCN1,CTD-2017D11.1,ABHD14B,GPS1,C14orf166
12217,RP11-345J4.5,COMMD4,SELPLG,LRRC41,NDUFAF7,CCT3,RCN2,PRKRA
12218,ST6GALNAC4,POLR3GL,AGL,BCAP29,TOLLIP-AS1,GPRIN3,EFTUD2,ADH5
12219,TFB2M,MYCBP2,OCIAD2,PIK3R4,BOD1L1,ZEB2,CDC42,CCDC53
12220,GTPBP6,TMEM128,NOC4L,CNPY4,HAUS3,DYNLL1,FIBP,SCARB1
12221,WDYHV1,TMEM129,DHRS4,ZNF626,HIAT1,USP4,HIAT1,CES1
12222,ARMC8,TRAPPC5,EGFL7,MTX1,HPRT1,LSM5,LYAR,THOC6
12223,GNPTG,AMMECR1,GMIP,PIGF,MRPL52,RELT,LYPLA2,FXYD2
12224,FAIM3,GPR65,GON4L,HLA-DOB,KIAA0907,FAM98C,GPR155,MTO1
12225,RP11-94L15.2,GSTA4,RABIF,MDFIC,HCK,NR3C2,TBCC,ATP1B3
12226,CCT7,EHMT1,LAIR1,PLCL2,IL21R-AS1,DNAJC3,SIN3B,PQLC1
12227,ATRX,LAMTOR5,AKR1A1,RRBP1,CD58,PCGF3,CSNK2A1,NOXA1
12228,RPL26L1,STX2,CNPPD1,VAMP3,IFI27L2,WDR54,LYRM1,SSR1
12229,IL2RB,RP5-882C2.2,SDHC,EPC1,MRPL41,MRPL4,ISG20L2,UBE2S
12230,LSM4,PFKL,GLIPR1,CFP,TTC19,H2AFJ,JMJD6,EIF4B
12231,NAPRT1,SASH3,SDHA,TNPO3,PPP2R2A,CPT1A,MT1X,EXOC8
12232,GYPC,HSBP1,RNF139,TWISTNB,POU2F2,RNASEH2C,HSPA1A,SH3GLB1
12233,DPH2,TEX261,SQSTM1,DCTD,RAD21,CMC1,SBDS,RP11-351D16.3
12234,SLFN11,NOL8,TMEM126A,IL2RA,NDUFA5,C12orf5,HYOU1,KIAA1143
12235,TNFRSF10B,C6orf89,SNCA,ABI1,ATXN2L,THAP9-AS1,PDHA1,MLX
12236,POLR2B,SLC37A1,ST13,RFXAP,PHYH,ZYG11B,NDNL2,MRPL55
12237,ZNF430,HNRNPLL,TRNAU1AP,EEPD1,JOSD1,MTERFD2,DCP2,DALRD3
12238,DCPS,SLC25A3,ZNF581,STK10,TAF10,UIMC1,PSMB4,OCIAD1
12239,TM2D3,CKAP4,CCDC88C,FCRLB,LRIF1,NUDCD3,LSM10,RP11-119B16.2
12240,MRPL12,PRPSAP1,GPAA1,SAP18,ATP2B4,CTC-250I14.6,PAPSS1,SPCS1
12241,MAPK1,ZDHHC16,LTV1,COX17,SEC24C,EXOSC6,SSH2,POMC
12242,CLEC7A,PSTPIP2,SNRNP200,TDP1,B3GAT3,GNL1,RBM18,C22orf29
12243,TRIM5,ABL2,EPSTI1,ARCN1,GYG1,MAP4K2,GBE1,ATXN7L3
12244,MIS12,SLAMF7,HIP1,TMEM185A,LENG1,ITGA2B,VPS35,MEN1
12245,PABPN1,SYTL1,ZBTB8OS,ECI2,DRAM2,PTP4A3,ST3GAL5,NOM1
12246,DROSHA,PI4KA,IL16,RMDN2,DCAF11,PDSS2,LY9,NRAS
12247,C5orf45,C2orf42,SIRT2,AMD1,HIBCH,VTI1A,ABTB1,ERMAP
12248,MRPS30,POP7,WDR60,FBL,AC012360.4,CCDC93,DCAF8,ARID4A
12249,TDRD3,DDX3X,JOSD2,C19orf66,VPS36,ATG10,NCKAP5L,ATP6AP2
12250,STK24,PEX10,CTB-58E17.1,BAZ2B,RGS18,FCER2,MLKL,IPO8
12251,TBL1XR1,STK16,PAFAH2,TPI1,NOL7,RP11-258F1.1,HK1,C5orf15
12252,CBLB,SLC3A2,ARIH1,PINK1,TRIM35,MOGS,PYCR2,ALG13
12253,NUDT3,ETFA,ATG4D,TSPYL4,FKBPL,SPARC,CCNB1,PNRC2-1
12254,A1BG,IFT52,HEXB,FBXL8,TBC1D2,CTA-29F11.1,R3HDM4,TMEM248
12255,DGCR14,HCLS1,FBXO11,CBX4,CAMKMT,MORC3,PHAX,CRTC1
12256,AKAP13,GNLY,NAPA,SRPR,TMOD2,C17orf59,SPTLC2,C14orf80
12257,SLC25A10-1,CCDC112,TTC3,WARS2,ZNF44,LRRC42,CPQ,HBS1L
12258,ZDHHC24,TIMM10B,MESDC2,C22orf39,TMED8,CCDC23,CD97,PLCXD1
12259,PPP1R3E,RBMX2,C11orf21,UBE2N,SFI1,TRIM39,ABHD11,DHRS4L2
12260,KLF12,HIPK1,REEP4,IFI35,KIAA1109,PHYH,CHI3L2,ABCF1
12261,RP11-111M22.3,SCGB1C1,PSMD5-AS1,SLC30A7,RBM41,H2AFV,PEX2,OXCT1
12262,PTPMT1,ITGB7,HOXB2,STAT3,CHURC1,ALAS1,ETS1,TMEM183A
12263,LIN52,TMEM229B,DCPS,MEA1,SNAPIN,PTPN7,CECR5,AAK1
12264,SSBP4,TLN1,WDR46,TMEM55B,TIMM23,IL13RA1,SIK1,FAF1
12265,UQCRQ,RASA3,FAM213A,REC8,FDX1L,TAP1,TMEM30A,CTB-31O20.2
12266,ARNTL,HACL1,LYRM7,CD4,TXNDC12,C1orf198,ADSL,SETD8
12267,CAST,ORMDL3,COPE,SEC16A,GGCX,BCAP29,MATK,RP11-690G19.3
12268,EFTUD2,NMT1,RUFY1,DDX3Y,METTL10,MAPKAP1,SAR1A,RP11-455F5.5
12269,CNOT3,CDK2AP1,RELA,SMARCE1,MRPL53,SETD2,RAB8A,GRASP
12270,PBRM1,RPS6KA5,SOCS3,ATHL1,CRADD,ZNF746,TP53RK,NDST1
12271,C6orf136,RBM4,FAM200B,UIMC1,GNPDA1,KIAA0368,FIP1L1,IMPAD1
12272,USP7,NFKB2,SLC25A40,RP11-347P5.1,COG8,PTBP3,MTX2,TRIM41
12273,HAR1A,SDF2,PARP10,DTYMK,AC006129.2,NEURL1,SLC38A2,TCF3
12274,TIMM9,EMC1,PPM1K,TIMM22,SLC4A1AP,TPK1,RXRA,CCR5
12275,KLHL24,RHOT1,BATF,PAPSS1,TMEM187,KDM4B,GALNT10,CCDC174
12276,CTU1,WDR18,SPATA20,PSMA1,CD19,RPS6KB1,SIVA1,SPECC1
12277,BIVM,BTBD9,PLK3,RPA3-AS1,MRPS36,CCNB1IP1,OCIAD2,ITK
12278,ARAF,MDP1,MRPS11,TRMT10C,NCK1,MXD4,STX12,IFT57
12279,ELAVL1,BCR,MYO1G,DUSP1,CES2,FAM122B,USP42,SPG7
12280,ACOX3,TRIM5,PAPD4,KCNAB2,TBC1D31,PRMT10,BCL7A,EXOSC9
12281,FAM63B,GGPS1,AKT1S1,TMEM150A,NOC4L,TEP1,ANAPC15,ZBTB1
12282,KDM5D,ATP5H,DCUN1D5,BCKDHA,AZIN1,EXOC3,ARL3,GPBP1L1
12283,CD99,JAK3,RNF135,RNF5,RP2,HSF1,SARNP,SCAF4
12284,CLIP1,NDFIP1,CCDC47,MMAB,TANK,TNFAIP2,ANKRD13D,PITHD1
12285,KIAA2013,NTMT1,THYN1,LTBP3,WDR73,DOCK2,DPH5,UAP1
12286,EAF2,ZNF143,MX2,AGPS,MCCC1,GATA2,TSC22D3,RFWD3
12287,INPP4B,GMPS,ATP5G1,C17orf85,ACAA2,LY6G6F,SNHG7,GTPBP4
12288,ZNF266,TIMM10,HTATSF1,ABHD10,SULT1B1,ZC3H8,C11orf48,SEC23B
12289,KAT8,CCDC71L,PPP3CC,PLAUR,CLEC4C,ASAP2,DDT,DRAM2
12290,CBWD5,TMUB2,MDH2,CCL3,C20orf96,ZNF185,APOBEC3H,ZMIZ2
12291,TINF2,RNF115,CDIP1,TRIP12,THUMPD3,KATNB1,EPRS,GBF1
12292,CUL3,ZBTB24,BCL11A,EGR1,UBE2V1,ITPR2,ISY1,SMC2
12293,DHX57,PET117,SETD8,DPP8,AKT3,TFDP1,GIMAP5,PPP1R12C
12294,CHD1L,RFK,VPS28,TRIM8,RNF185,STK38,SIGIRR,SLAMF1
12295,PRKRIP1,MAFG,CISD2,RNFT1,PNMA1,NELFB,PAK2,FFAR2
12296,MVD,LEO1,PNPLA6,PCYT2,C10orf54,DYNC1LI1,RBM5,ITCH
12297,DDX27,ZKSCAN8,ACN9,ADI1,TRAF4,RAP1A,MRPL46,NSF
12298,FAM192A,TSSC4,NDUFV3,CLYBL,TERF1,PRKAA1,TNFAIP8,MED16
12299,MTMR2,URM1,C18orf32,WDR83OS,CAT,RPS6KC1,NBPF10,MGAT5
12300,WDR20,MRPL48,GLYR1,KIAA0040,AMMECR1,DENND4B,SF3B14,FOXN3
12301,BIRC6,VIMP,JAZF1,RGP1,MRPL54,PNKP,LRRFIP2,PPFIA1
12302,PEX16,IFT43,HEXDC,CISD2,TMEM138,AIMP2,ASNSD1,RNF126
12303,KBTBD3,RPP30,EPRS,FAM208A,PHF23,TBXAS1,UNC50,EIF6
12304,TAMM41,CSTF2,HIP1R,UBE2K,RP11-395A13.2,APOBEC3A,CD247,NOL12
12305,GNG7,RNF213,HELZ,ARL6IP4,GS1-124K5.4,CYTH2,CEBPZ-AS1,DOT1L
12306,UBXN2A,TMEM110,CRELD2,NPM3,ZNF76,ALAD,SPARC,VPS29
12307,EIF2S3,SUGP2,SLC43A3,ZNF326,TRMT5,PLXND1,ETFA,ACOT9
12308,NCOA2,HNRNPL,EIF2S1,ZFYVE27,BRPF3,AC000003.2,CSF1R,BLCAP
12309,ZNF277,RARA,ANKRD12,SH2D1B,KIAA0020,SGTA,ST6GAL1,IDH2
12310,MLH1,SMAP1,UQCR10,RAD51C,DDX19A,KIF5B,NOLC1,DCP2
12311,RP11-277L2.3,GTF3C6,SEC22C,RNASE6,FGD5-AS1,RP11-51J9.5,CWC25,POLR2K
12312,ZNF800,NFS1,SLAMF7,PELP1,NCOA4,ARF3,MARCO,PLOD1
12313,ZNF813,GOLT1B,PRKAR2A,CCDC50,VRK2,PDHA1,PNMA1,HECTD1
12314,CREBRF,KMT2B,HMGCL,BRD3,PITPNA-AS1,ERGIC2,NAPSA,COMMD8
12315,CCDC57,ZFAND1,INVS,STX16,FDFT1,ESD,SUN2,LYRM1
12316,PSMA1,STX3,TMEM120B,COPZ1,AP1S1,C7orf43,RORA,TRIM69
12317,DPP9,CDC42,SYK,DIABLO,SOCS3,EAF2,CD19,MRPS33
12318,OGFOD1,CEPT1,ASPSCR1,TIFA,SERPINF1,TSHZ2,MYL6B,TOB2
12319,ATP13A2,GZMM,MYL12B,CTSZ,CARS,TMEM205,BIRC5,ELP6
12320,DENND4A,TMEM134,SMPD3,P2RY8,TESC,NCBP2-AS2,VPS37B,MRFAP1
12321,ST6GAL1,CHST12,MEF2BNB,RP5-827C21.4,FNTB,ADAM28,SMURF1,SMIM14
12322,C21orf2,DNAJB9,BST2,PAICS,POMGNT1,CWF19L2,CHURC1,GCA
12323,AAMDC,CCDC115,DUSP12,MICA,HIST4H4,STRN4,ZNF667-AS1,CTSB
12324,TCF3,DLST,PPCDC,SEC61A1,TIPARP,GDE1,PPP4R2,UBXN7
12325,C19orf48,ABR,MRPS18C,HLA-G,SHMT2,LCK,SMC6,VRK1
12326,FAM200B,NOA1,C14orf64,RP13-1032I1.7,ZNF275,UBE2J2,PRDX2,ABHD10
12327,ZDHHC8,OARD1,TMEM167B,NCK2,C16orf62,OAZ2,HAGH,LARS
12328,SERPINB9,ODC1,PFDN1,PTBP1,SSR4,NPM3,IFT57,TMEM126B
12329,CTR9,GNB5,PMPCB,SUGP2,RFC1,KAT6A,CTBP1,NFATC3
12330,SMCO4,SNX13,MYD88,KEAP1,TSR1,IKBKE,MPHOSPH6,CRIPT
12331,WDR83OS,CIR1,MCOLN1,UBR3,RNASEH2A,UPF2,MT1F,GPX7
12332,EMC8,GPANK1,COQ10B,SART1,APP,TRUB2,ASXL1,GCH1
12333,IL4I1,ARSD,PNP,THAP3,ANAPC1,SMARCD3,ZNF92,DHRS7
12334,ACP5,TRAFD1,NUDT2,PPP1R21,IGLL5,ADAM8,RASAL3,PSENEN
12335,TSSC4,UBE2R2,PTMS,LRRC8D,FAM126A,HK1,MPZL1,SCAF11
12336,MRPS23,NUDCD1,PRSS23,LAIR1,NR1H2,TUSC2,CD2BP2,SRGAP2
12337,ORMDL3,CLK3,ZAP70,TMEM243,GOPC,HTATSF1,PROSC,CDC40
12338,PPARA,PSTPIP1,WDR18,FKBP11,ANKRD13C,RAB11FIP1,VTA1,TOM1L2
12339,LTK,ZNF622,TOMM40,RP11-44N11.2,MDH1,SDR39U1,ATP5EP2,APOBEC3B
12340,ZNF160,RPL15,ATPAF1,RING1,PRUNE,MTR,SLC30A7,YAF2
12341,POLR2C,TCF3,ATXN2,RC3H2,CRIPT,DPYSL2,SERPINB1,IDI1
12342,WDR4,SNN,IARS,LMAN1,CXorf40A,CTR9,WDR54,DPH3
12343,AC010642.1,PRR5,NELL2,PIGU,ABCB7,CHD3,TSTA3,CBX5
12344,ELP4,RPF2,NUDT16,IRF2BPL,CD14,COX7B,ZEB2,SYNE2
12345,WIPF2,REC8,SRA1,HSD11B1L,GCSAM,CETN2,RAB4A,SEC11C
12346,KPNA6,CDKN2AIPNL,YWHAE,TFEB,ZNF576,DLAT,DYNLRB1,RRP9
12347,ATG13,ZNF385A,HRH2,TM2D1,RHNO1,TINF2,PPP5C,TCL1A
12348,CCDC34,NKAP,MRPS15,FRG1B,SLC7A5,GLI4,HPCAL1,NMRK1
12349,CHST11,ICAM4,GDF11,RP5-1180E21.5,TMEM222,IFIT5,ZNF622,MAP2K2
12350,ATP2B1,GFER,EIF2B5,SYVN1,CYCS,SLC38A2,PPP1R9B,HSP90AB1
12351,RNF213,PTMA,HIST1H1C,MATK,CECR5,DMXL1,CD84,QARS
12352,GGCT,PREB,MPG,ZNF236,GLI4,SMIM5,PIGC,TRMT13
12353,ALKBH2,ZDHHC13,EIF1AY,RAB20,AZI1,TCOF1,TYMS,ATF7IP
12354,LY86,C1orf35,PHRF1,C5orf28,LRRC57,C10orf11,RBM7,CTBP1
12355,TMBIM4-1,CDK12,LEMD2,SNX4,BAP1,NTAN1,TOX4,CARD11
12356,FAM204A,NDUFB2,LILRA2,EXD2,USP5,TBC1D2B,KYNU,WDR45B
12357,RASAL3,HNRNPR,NDUFB8-1,ALDH16A1,HNRNPK,SUGT1,TAGAP,PRR14L
12358,CTBS,ARHGAP30,LMF2,ARL3,ZNF280C,ZNF226,PRR5,GLOD4
12359,CEP63,DKC1,SYNGR1,LINC00936,TMEM11,CD79A,CD46,KIAA1191
12360,DOCK10,GRASP,RP11-117D22.2,EIF1AD,ZNF263,MTHFD2,IRF2,RGL4
12361,IDH3A,HCST,CTD-2035E11.3,RNU12,PES1,HIST2H2BE,PSME3,PRELID1
12362,DCK,NFAT5,GFPT1,PCIF1,C3orf33,OXNAD1,SELPLG,DHX58
12363,VPS72,THOC7,NFATC3,PDLIM2,MTBP,TEN1,PGK1,CCSER2
12364,TCEAL1,DEAF1,PEX26,ZDHHC12,THYN1,HSPD1,SLC11A1,MARCH5
12365,AP3S2,ABHD16A,DDT,RP11-51J9.5,FASTK,WAC-AS1,EIF4B,C20orf27
12366,PANK4,CIDEB,PQLC3,CDKN1B,ZFP1,LBH,VMA21,MRPL3
12367,MOB3C,ZBTB8OS,HDAC1,CLUAP1,LSR,TLR4,METTL12,PSMD1
12368,CAPRIN1,DCAF6,SSR1,GIMAP6,KLRK1,MAPKAPK3,MARCH5,DBF4
12369,SNAP29,SEPT5,MRPS10,PPARD,METTL12,CD82,GPKOW,SNAI3
12370,ADPRM,RAB11A,MPRIP,C1orf63,MLLT10,UPP1,PHF20,SPOCK2
12371,UBE2E1,FAM136A,NXT1,FLI1,RASGRP1,PSMD3,IMPA1,SLC25A37
12372,POMP,C17orf62,URM1,TMEM43,ZDHHC4,E2F4,NOB1,PNRC1
12373,SPG11,PAF1,DLD,SMYD3,ARL2,SLC7A6OS,EIF2A,SUZ12
12374,MAP3K2,XBP1,PRDM1,POMT1,TXNDC15,BTN2A1,SYNE2,PPP1R13L
12375,MIR24-2,TDG,BCL2L12,PEF1,IRF8,TBL2,HELLS,SNX8
12376,MBD4,TRMT61B,EPB41L4A-AS1,GTF2E2,RABIF,SIGLEC14,PHF19,FBP1
12377,ZNF131,POLR2A,GNPTAB,GIGYF2,ANKRD17,STAT4,UBAC2,HSPA6
12378,MIEN1,ZBED1,GRINA,COA3,PDPR,EREG,MRPL22,ATP5SL
12379,DPP4,ARV1,IFFO1,TMEM14A,ATG2B,RP11-468E2.5,LASP1,PPP1CC
12380,HYOU1,C5orf24,KCNQ1OT1,HCK,CD22,PEX16,HSD17B10,ARHGAP1
12381,HIAT1,CYSTM1,POLR2H,FAM211A,ALYREF,HSCB,ZNF106,SYNGR1
12382,PTK2B,MRPS17-1,PPCS,CAST,KIF19,SLK,NRROS,C9orf72
12383,CHMP2B,WDR4,FTX,MFAP1,YY1AP1,GANC,EIF4E,SUPT6H
12384,FRMD8,PPA1,HBS1L,ZXDA,FOXP1,TXN,SUMF2,ACADVL
12385,RTCA,CPSF3,TCP11L2,CHAC2,DHX38,PIK3CG,PRDM1,CAMKK2
12386,PARN,EFCAB13,BCAS3,CCDC88B,RAB35,SPRYD4,DHRS12,MALT1
12387,TNFRSF1B,MEF2D,AP1G2,COMMD10,ST6GAL1,SAV1,LSM14A,TMEM223
12388,BMI1,USF1,PDCD6IP,SDE2,NIPA2,MEA1,CTNNA1,HNRNPL
12389,IRF8,NME4,RBM42,UFD1L,PCM1,ZNF668,RSBN1L,OTUD1
12390,VIMP,MRPS10,TMEM141,TRAM1,WIPI2,FAM174A,RNF34,SNHG9
12391,BAX,THAP7,ATXN7,TSC22D2,PM20D2,STX18,ABHD14B,CELF1
12392,FAM58A,FN3KRP,ZDHHC16,ARFIP2,COX15,NDUFS1,GRHPR,SFXN1
12393,PIEZO1,ARNT,ATP6V1D,SF3A2,SLC2A4RG,BOD1,CRBN,COX11
12394,CMIP,PUSL1,STK24,DDAH2,FAM216A,EVI2B,B3GAT3,RAB24
12395,ERCC1,RAD9A,NDUFA8,GALNT2,BZW2,ITGB2-AS1,POU2AF1,NUP37
12396,DDB1,KDM5D,RP11-196G11.2,CCDC28B,WDR33,CCNL1,STOM,TYSND1
12397,GPR18,COMMD8,PSMD8,SNRNP35,TIMM10B,SF3A1,HMHA1,FBXO38
12398,C11orf21,RBMX,RPE,TOX4,STAT1,SCRN2,SEPHS2,APH1A
12399,TCEA2,WDR82,SDE2,WDR55,IRF1,DNAJB14,UBE2K,PPP4C
12400,ATP5G3,PHB,RP5-1068E13.7,CELF1,NUP214,DDX55,IDS,MECP2
12401,IL11RA,RNMTL1,HECTD4,VPS26B,ZNF527,SEC14L1,LGALS3BP,SEPT2
12402,WDR1,LRPAP1,MITD1,FAM126B,PTPRJ,CCDC22,MOAP1,SLC1A5
12403,NUDCD2,INPP1,UCP2,REEP5,MTMR14,SLC46A2,POLR2K,PPP2R1A
12404,SCNM1,VPS35,KDM5A,IVD,LINC00938,AGPAT2,ZC3H6,YIF1A
12405,SLC16A1-AS1,SLC29A1,SRSF10,FAS,MYC,RP1-241P17.4,NFATC1,DYNLT1
12406,TM9SF3,SLC25A37,MRPL49,ASH1L,HTATSF1,BRWD1,WIPI2,GBP1
12407,SLC35F6,RASGRP2,ODC1,WDR61,SMIM14,TRMT112,PPHLN1,RING1
12408,RP11-473I1.5,BHLHE40,FASTK,THAP4,ZFYVE21,CCDC101,TMEM154,CCNG2
12409,DEDD,CRK,PGM1,TMEM69,DUSP23,SUPT20H,COPS5,NME3
12410,EIF3I,RAB20,SMIM12,PPIE,SNX10,DGCR6,ASNA1,DPP3
12411,NT5DC1,ST3GAL1,COX14,METTL4,CTD-2228K2.5,QARS,TRPT1,DGKZ
12412,XPA,HELZ,TMEM165,C20orf112,RP11-297N6.4,DHX9,ZNF655,CAPN7
12413,RP11-196G18.24,MZT1,IL23A,MICALL1,TNIP1,ITGAX,PFKP,RIT1
12414,UCKL1,FAM127B,DNAJC19,TINF2,RPS19BP1,HSDL2,TAP2-1,MRPL2
12415,LLGL2,CCT8,RNF149,HNRNPU,MAD1L1,SLC27A3,CNOT7,CTD-2006K23.1
12416,PAAF1,RNASEH2A,STK32C,LPIN2,OPTN,THOC2,UXS1,TMEM14B
12417,ZRANB2,EFR3A,RGS18,SUV420H2,MRPL21,TRIM33,SZRD1,PSMA1
12418,MTFP1,LRP10,TMEM168,SCFD1,ZNF841,FAM105A,MLTK,VBP1
12419,BMS1,CRBN,GAPT,SFSWAP,RNF40,MRPL41,TNFRSF13B,TAF1D
12420,LAMP3,ABHD2,PROSC,MIAT,GOLGA1,APOBEC3C,MED29,PLSCR1
12421,GPR56,ATP6V1C1,IFI27L2,TMEM104,GAPT,IMPDH1,ITM2A,TRIM4
12422,TMED2,KIAA1147,NRBF2,JUND,CSPP1,CTC-241F20.3,RBMX2,TCF7L2
12423,SNAP23,RINL,UPK3A,TLE3,TRIM38,DHRS4L2,MRPL41,SS18
12424,SERINC3,EHD4,LDLRAP1,HELZ2,FRG1,C11orf73,SMC4,NUDT16L1
12425,IRS2,KLC1,POM121C,CARD8,CMKLR1,TMEM55B,METTL5,DARS
12426,TOMM40,NAA15,FLVCR1,IGFLR1,BRF2,STARD3NL,RPL37A,GIGYF1
12427,UNC119B,C6orf1,PDHA1,SLC27A3,ZXDC,B4GALT4,ACAT1,NUP210
12428,CS,MRPL15,C1orf43,PRPF6,ARHGAP17,NARF,RHNO1,SUGT1
12429,REV1,DHX30,ZNF174,EHD1,TANGO6,MED17,ZNF146,RFXANK
12430,ANXA2R,FOPNL,FLAD1,SF1,HSD17B7,WBP11,SMARCA5,PRKAG1
12431,B4GALT1,MTG2,CERK,PCYOX1,CKS1B,ZADH2,RNASEK,HMCES
12432,MESDC2,SRSF6,CARD11,ZFC3H1,NOP16,HSD17B4,TBRG4,DPP7
12433,JMJD4,SNRPG,ITGB1BP1,UBLCP1,APPBP2,FBXO9,RNF125,PQBP1
12434,ATPAF1,TRAPPC13,RFC1,BCL7B,ANAPC4,SULF2,TBC1D12,TASP1
12435,LSG1,TSPAN3,TMEM242,GFM1,GTPBP3,FGD5-AS1,IFT20,IK
12436,MPC1,ZDHHC7,PIK3R1,TNFRSF18,SDHAF1,HERC1,RP11-65J3.1,ANKRD39
12437,HIBCH,EHD1,TXK,ERV3-1,EMD,STRAP,TUBD1,USP7
12438,SLC39A10,ZBTB40,ERN1,MEMO1,KDM5C,XPNPEP1,MCM7,DDX60L
12439,DDX31,CMTR2,ARPC5L,ATP5EP2,LINC00657,COA5,ARID4B,RABAC1
12440,TENM1,MYEOV2,RNF6,IFNGR2,TMEM42,SIRT7,ACYP1,FOXP1
12441,THAP9-AS1,LLGL2,TMEM208,CNPPD1,FCHSD2,MRPL40,NT5C3A,RAB11FIP1
12442,ARHGEF18,H2AFJ,HAUS4,METTL21A,FBXL15,ADM,CCT2,LGALS3
12443,AGL,NUP88,ZBTB32,PARP11,AGA,MAL,STAT6,RBM25
12444,ARHGAP27,MAP2K4,BCAP31,DIS3,SPCS3,SF3B5,CD320,MRPL47
12445,CDC37,ACAD9,SSRP1,C1orf56,TRIM11,CHCHD4,GID8,NDUFA10
12446,FRYL,METAP1,KIAA0141,CAPN15,DTWD1,POLR2E,NCBP1,OSM
12447,CXXC1,NUP214,FERMT3,GRHPR,PDAP1,MID1IP1,WBP1L,GNL3
12448,OSBPL2,VPS54,FBXO7,MXI1,PTTG1,PTER,FBXO7,PES1
12449,ANKRD54,ENDOG,SIN3A,ERCC3,FAIM3,KCTD10,AP1G2,BCLAF1
12450,DHRS12,NEXN,AC006129.2,PLEC,APIP,DCK,ZRANB3,MRPL18
12451,SUMO1,WBP2,DYNLT3,LGALS2,CDK6,ZNF780A,DRAM2,MAP3K11
12452,ATP6V1A,TRIM8,ZNF22,SHPRH,SND1,C19orf24,MAD2L1,PIK3AP1
12453,MAP3K13,NDUFV1,ZBTB48,NBPF10,EIF5A,INPP5B,PNN,ZNF394
12454,G6PC3,DNAJC3-AS1,RPL35A,CAPN7,ALKBH4,FXYD6,SCOC,STX5
12455,NCK1,TOR1AIP1,ADNP,CKMT2-AS1,NAPRT1,GTF2H1,RP11-1094M14.11,MT-ND4L
12456,WDR24,JAZF1,DOCK10,OXR1,RNF169,LINC00926,DCTN2,FAM219B
12457,SLC25A33,PAG1,EIF2B4,PSMA6,LRP5L,ACTR1A,GLRX,PSMB5
12458,SETD4,LSM12,FANCI,TBC1D4,ARL1,PIGT,WDR45,ADAP2
12459,HSPB11,ATP6V1D,FHOD1,CNOT8,GLUL,FAM200B,EBP,MRPL37
12460,DEPTOR,SPG11,NDRG2,TCEAL8,DNTTIP1,NCOA1,RAB27A,MKI67
12461,SLC25A24,KCTD13,G3BP1,TLR1,LSM7,DDOST,MRTO4,RBMX2
12462,COMMD4,PSMD5-AS1,WDR44,TMEM50B,GOLGA8A,BIN1,NUP54,PHACTR4
12463,ALG5,DNAJC27-AS1,ACTR1A,RMDN3,SBF2,AOAH,HINT2,ANKRD27
12464,LIMS2,CHST13,PLAA,NUB1,ZBTB24,NAA10,CCNA2,BTG2
12465,EID2B,APOPT1,EIF2S3,GART,BRD9,NDUFB7,CLK1,OBFC1
12466,CUEDC2,CBWD2,CORO7,TMEM102,SHFM1,L3HYPDH,FLI1,TIMM10B
12467,LINC00987,PHF8,ISG15,LTBP4,KCTD17,SREBF1,ARFGAP3,CDK5RAP3
12468,IKBKB,HEBP1,NCDN,VPS35,UNC45B,CDNF,USP30,EMILIN2
12469,GGA1,SF3A3,GALT,ZNF302,EXOSC8,PPIA,IER2,MAD2L2
12470,AKAP8,HEATR5A,RBM27,CMC2,IGFBP4,SETD5-AS1,DCAF7,ABT1
12471,RP11-356I2.4,RP11-119F19.2,CCDC167,SETD5,TRIM59,ZNF821,ARPC1A,SMARCA4
12472,NGDN,MAPKAPK2,PAPD5,RIN3,GPR183,TCF12,RP11-351D16.3,BAG1
12473,RP11-413H22.2,G6PD,ATG3,RP11-752G15.6,ISOC2,ATF6B,DAP3,PPP1R12A
12474,COX11,MS4A1,PNPLA2,COPS2,RABGAP1,RP11-367G6.3,BANK1,IKBKE
12475,EDEM1,ZNF766,CTC-444N24.11,NGRN,RP1-39G22.7,GBGT1,COPB1,RASAL3
12476,PSMA5,TP53BP1,MRPL33,RASSF3,C12orf76,SRCAP,TTC37,SH3BP1
12477,FIS1,FBXO41,KBTBD4,ZBED5-AS1,ZNF770,ACBD5,DHX9,CCDC23
12478,SMAD2,LRRC45,RP11-390E23.6,SERTAD2,RANBP3,RP11-11N9.4,ECHS1,CPPED1
12479,BRD4,UQCC2,SLK,PSMD1,SUPT16H,TOPORS-AS1,TNFRSF14,MARCKSL1
12480,UEVLD,RPRD2,PPP6C,CDK10,PNKP,MT1X,MRFAP1L1,GEMIN7
12481,STK40,NCBP2,TNFRSF25,PCMTD2,RASGRP3,AATK,NOTCH2NL,PTPN7
12482,TMEM128,VHL,ST3GAL1,CREB3L4,ACBD5,KRT10,MAD1L1,TSNAX
12483,WDR45,TMEM140,PREX1,SREK1,C19orf10,CDK11A,CCNG1,BID
12484,RINL,OGDH,ERCC1,FLAD1,LMBRD2,PBRM1,ATP5F1,TMC8
12485,CNOT10,RASGRP4,ATF4,BRI3,SLBP,TRAPPC2L,AHR,ICT1
12486,NCKAP1L,SPPL2A,PRPF19,POU2F1,KIF3B,SLC39A8,CA5B,IRF8
12487,FAM177A1,GPR132,NME1-NME2,FHL1,PTRH1,CCDC25,DHODH,STIP1
12488,TPST2,DDB2,C1RL-AS1,USP22,AGTRAP,TST,GPR162,MTF2
12489,MPHOSPH9,DYNC1LI2,PPID,FAM53C,SNAP47,MRPL47,CDS2,SLC25A38
12490,PCMTD1,GATAD2B,VPS4A,LGALS3,CTDSPL2,ITPR1,CYTH1,PTPMT1
12491,VOPP1,DUSP11,TIMMDC1,NEDD9,BRMS1,NDNL2,C7orf49,TOR1AIP1
12492,TRIM14,DCAF8,PKN1,COPB1,KIAA1009,CNIH1,BUD31,MIEN1
12493,VDAC3,TRIP6,HDAC2,MED19,MX2,RBM10,ORMDL2,PFDN1
12494,PDCD1,RING1,CLMN,PPP1R35,ZFAND2A,KIAA2026,VEZF1,MRPL48
12495,AOAH,MIR4458HG,RP13-582O9.5,NLRC5,RP11-649E7.5,TAF7,DSTN,STAMBP
12496,RIC8A,MAP4K3,PGD,S100A8,RAB24,ATP11B,FGD3,METTL13
12497,PSMD3,DKFZP761J1410,CNIH4,OXSR1,UBXN1,PAFAH1B1,STMN3,PATZ1
12498,TAP2-1,PRR19,LAT,ISCA2,TRIM7,GRK6,MRPS18B,TK1
12499,MEF2C,MAN1A2,TMEM138,UQCC1,RALB,UBE2B,CTDP1,BABAM1
12500,PNOC,FAM177A1,TRPV2,ATG4D,PCGF1,SSBP2,SEPT5,KATNBL1
12501,VPS53,SLIRP,MCM3AP,RALA,P2RY10,ANKRD10,DNASE1L1,ALKBH7
12502,STRAP,TBCC,MRS2,PEX14,XRCC6,ISCA2,KRCC1,SLTM
12503,ZNF518B,TLE4,ATAD1,CTSD,FUT7,ZMYM2,BACH2,FBXO34
12504,EML4,OGFOD2,LIPA,TPMT,WARS,IRGQ,PRKCQ,ATF5
12505,CHMP1A,UBE2L3,FBXL3,SLC30A9,APLF,NSMCE2,KLHL24,CNBP
12506,SF3A1,MTFR1L,CLSTN3,CCDC47,RGCC,PABPC4,CUEDC2,PCSK7
12507,MAT2A,SLC35E3,TPM2,ING5,ZNF706,ZNF24,RRM2,GBP2
12508,FAM76B,LAMP2,SAMD4B,NRD1,SPA17,CMTM6,CXorf40B,VMP1
12509,BET1L,RP11-680A11.5,NPRL2,VPS37B,PGM3,PSMA2-1,DNPH1,THRAP3
12510,CAPN12,AP3D1,SDR39U1,TTC14,RAB11FIP4,MOSPD2,RPP14,FDX1
12511,TMEM156,DDX23,FBLN5,ARHGEF1,HIST1H1E,CAPRIN1,IMP3,SMIM12
12512,KRT10,TOR3A,AAGAB,TRAFD1,KCTD7,ASCC3,FNBP4,ELOF1
12513,CHD6,NUP43,ATOX1,MRPL11,SREK1IP1,DHRS4,ING4,JMJD6
12514,CTD-3185P2.1,FCRL3,UBE2M,STAT6,C2orf76,MGAT1,AKAP17A,NOB1
12515,PSMD11,FAM221A,ARMC10,PACS2,HAGH,ECH1,SNRNP70,HELZ2
12516,RBBP4,CX3CR1,PIM1,GHDC,BET1,LPP,GTF3C3,ESYT1
12517,DCTN5,MRPL3,VPS13D,BTLA,SCOC,NSA2,RNASE2,POLDIP2
12518,TMEM179B,PLEKHB2,DDX46,RAB10,RPS6KA5,WWOX,KIAA0101,HSD17B10
12519,UBALD1,RHOH,ACTR10,ARMCX5,SLC25A40,SETX,YRDC,GADD45GIP1
12520,UBE2A,AP3S1,SELT,PTGES2,C12orf75,MAP3K8,CMTM5,CGGBP1
12521,AGPAT1,CEP350,H1F0,TAF6,PRNP,C17orf49,RHOC,B4GALT3
12522,MRPL51,INPP4B,PES1,PDRG1,LANCL2,APPL1,TNFRSF13C,RSU1
12523,GPATCH2,MAP2K3,C11orf80,SF3A3,PWP1,SELO,CLPTM1,YME1L1
12524,ZBTB38,SNX9,TMEM30A,UQCRFS1,KDM3A,IL27RA,DNPEP,ATF7IP2
12525,TMEM109,IL10RB-AS1,ARHGEF40,NDUFS7,CREB3L2,PPIF,TWISTNB,MRPS9
12526,TSPYL2,IFNAR2,RP11-849F2.8,SRF,C2orf42,TRPV2,BTG3,MSRA
12527,ARMC10,RELB,TSEN54,CCDC174,BTN2A2,NAGPA,SMAGP,NUBP1
12528,SNORD3D,RRM2,RRBP1,TBXAS1,GTF3C6,F13A1,SHMT2,PEX19
12529,SRSF9,ELP6,HCG18,FASTK,SYNE2,ZFP36L2,BLK,WHAMM
12530,ZSWIM7,TMEM234,APEX2,ACOT13,AP003774.1,DDX19B,TPI1,SLC11A1
12531,RNF123,PHF3,FIG4,RAB1B,ANXA7,DNAJB1,GOLPH3,TMEM19
12532,PRCC,IQCG,PLEKHB2,MTERFD2,TSPYL2,LGALS8,CYB561D2,SHISA5
12533,TRA2B,BIN3,FAM20B,YIPF6,PPP1R14B,ANKRD11,UBA7,ITSN2
12534,TMEM14C,VAV1,ANP32E,SLC35C1,EIF3F,THAP7,PTP4A1,ENOPH1
12535,KCTD20,UBE2O,PSMA3,ATOX1,AGFG2,C6orf226,FXYD6,HARS
12536,CKS1B,NCAPD2,ATP5G2,B4GALT4,PHLDA1,NDUFS8,LATS1,ZNF511
12537,CCAR2,ARID5A,HDLBP,SDCCAG8,FAM133B,SLC48A1,MFF,NCBP2-AS2
12538,TAPBPL,PPP2R5B,KLRB1,C6orf1,NUMB,PEX3,ARHGAP25,LILRB3
12539,WBSCR16,SHOC2,DAGLB,CHID1,DBP,TICAM1,ILF3,PPP1R9B
12540,POLR1E,CDC25B,PILRB,RP11-83A24.2,ZNF414,UBE2N,SNX29P2,AKAP8
12541,PRMT1,IMPDH2,DEF6,SCAPER,MGMT,ENKUR,CCDC88C,MGAT4A
12542,EIF2B1,PLIN2,BZW2,LYRM9,C19orf60,NEDD9,FAM45A,CDKN2AIPNL
12543,RBBP7,SNX19,AMBRA1,TTC1,PTMS,PSMD14,METTL23,RBM22
12544,PPP1R10,CR1,FAM76A,TRIM38,BTF3,MAT2A,FEM1A,TXNDC12
12545,GNAI3,LCMT1,EP400NL,USP28,ARID4A,TMCC2,IFIT3,EMC6
12546,MID1IP1,TMEM18,YAF2,ZNF600,COPS4,INSIG1,MBD4,AAMP
12547,IFIT5,FUBP1,ACRBP,RP11-432I5.1,CEP85L,RBM4B,CNIH1,MT1F
12548,LFNG,S100PBP,CBX6,NXT2,HIST1H2BJ,CDK6,ITGAL,ZBED1
12549,MXD1,TCL1A,SMARCA4,SMC4,SH3BGRL3,NUBP1,DPEP2,GM2A
12550,MIA3,ARHGEF3,LRPAP1,MED9,GALNT7,ZKSCAN1,ECHDC1,PPP3CC
12551,HPS1,RP2,APOPT1,CD5,GLUD1,MRPS6,CEACAM4,SZRD1
12552,NQO1,MCRS1,HEXA,MRPS7,DENND6A,CHMP4A,SMARCB1,ACTR1B
12553,PRPS2,DPP7,RNF115,ZNF775,THEMIS,DEXI,LENG1,KXD1
12554,CDK17,CYB5R1,NRD1,SCO2,UBE2L6,MOSPD3,PPP1R15A,LMNB1
12555,TMCO1,FUOM,SLC25A39,WRAP53,C17orf58,PSMB4,DMAP1,TMEM243
12556,ATF4,GDI1,WDFY4,SRP68,UTS2,HRH2,SAMSN1,WTAP
12557,TPRG1,HPRT1,BANF1,HAGHL,LPAR5,H3F3A,TSC22D1,CALCOCO2
12558,HSD17B7,NSRP1,KDELR1,PLEKHB2,AP4M1,SFPQ,LINC00152,COX14
12559,PSMC5,RAB5A,C9orf37,MRPL1,SNHG7,MED28,FAM200B,DHPS
12560,CLPTM1,PI4KB,PRKAG1,TXNRD2,SNX5,TM2D2,AGTRAP,FUBP1
12561,APOA1BP,BCAS2,LIN7B,RABL2B,RHEBL1,HSP90B1,HSPA8,EIF4A2
12562,CXorf40B,MAN2B1,ZNF276,GCSAM,DNAJB6,YKT6,ZBED5-AS1,CCNC
12563,YIPF1,CRIP1-1,NUDCD3,CMPK2,SLC39A8,AKIRIN1,CYFIP2,NSD1
12564,LGALS2,USP32,PHKB,CARS,AC092580.4,RAB27B,RABAC1,C11orf73
12565,WIZ,SLC35A4,CCDC91,SFXN1,DIS3,GAPVD1,PNRC1,SEPHS2
12566,PTPRA,CDIP1,SDF2L1,DDX39A,FAM21B,NUDT2,PLEK,RNF41
12567,MLF2,MIS12,CPPED1,MRPL16,THOC2,POLR1A,PDCL3,COQ10B
12568,NTHL1,GSTM4,ROCK1,MAF1,USP9X,VRK3,PRPS2,PARP9
12569,SLC25A11,DDRGK1,PIK3CD,HARS,ATP5L,KNOP1,CEP57,QDPR
12570,SUPT3H,MRPS11,PHF20L1,MAP3K11,TMEM218,ATP6V0E2,RBL2,CD97
12571,TMEM208,CAPN7,GNB1L,GPBP1,GMDS,SYNGR2,PSMD13,AMZ2
12572,PYROXD2,SLC35C2,FCRL3,SUCLA2,U2AF2,MRPS31,SHMT1,STAT1
12573,ODF2L,PURA,N4BP2L2,LINC00667,ZC3H11A,GTPBP2,NDUFA3,ABHD14B
12574,PIN1,THAP4,PTPRE,TOP1,CLP1,CSNK1D,LDLRAD4,SLC30A7
12575,C12orf79,GRPEL1,DDIT4,SNRPE,ARFGAP3,CHMP2B,SQSTM1,FABP5
12576,C9orf114,NT5C3A,ZNF451,PLK3,KLC1,LITAF,SLC25A38,NUDT22
12577,KPNA1,P2RY13,USP24,CDKN2D,USP48,WNK1,RSAD2,HOOK2
12578,ACSF3,TMEM40,RPL32,HIRA,ZDHHC12,PTBP1,PARP14,EMC10
12579,AASDHPPT,YIPF5,TDG,CDC42,PRPF38B,CIAO1,RPS13,USP33
12580,AC007228.9,SPON2,ZFAND2B,FCRLA,LRRC8D,ZNF592,RAB18,UBE2J1
12581,MYBL1,LINC00094,CD97,WAPAL,WDR20,BAD,MVP,SNF8
12582,MRTO4,NT5C2,CD4,ZDHHC7,RPS6KB2,ATP2B1,TRIOBP,ZNF576
12583,RSL24D1,C21orf59,NQO2,TMEM206,MMD,NFAM1,C17orf89,ATG4B
12584,MEPCE,KAT5,ATP5A1,VTI1B,NTMT1,FLNA,SIT1,DCAF13
12585,SNHG10,NFYC,MYLIP,SLC25A16,GALE,PTPN4,SNF8,P4HTM
12586,UPF2,EIF2AK1,SPN,ALOX5,GMDS-AS1,QTRT1,SP3,ARFGAP3
12587,TMEM9,CSTF2T,SPCS3,DPM2,TMEM101,PRKAR2A,C16orf91,RBM7
12588,HCFC1R1,H2AFZ,RDH14,TMEM30A,ILK,RNPEPL1,GLB1,SLC25A20
12589,PPAPDC1B,GAPT,DGUOK,DLD,GLT8D1,TXNL4B,G6PD,RAB9A
12590,MAPK1IP1L,RNF166,KIAA0922,MCUR1,DPY30,SUMO1,MT-ND4L,CCDC115
12591,IVNS1ABP,LUC7L3,NDUFA4,LSM3,MCM5,SNX2,DENND1C,SNRNP40
12592,PGM2L1,GALK1,IFT20,DCUN1D1,RPS6KC1,BCAP31,ZNF524,STMN3
12593,PDLIM1,TNFRSF1B,IL2RB,ADTRP,DCAF6,UFD1L,RP11-347P5.1,HOPX
12594,EFNB1,OTOF,PREB,SURF2,TXNDC17,NUDCD2,UBE2D1,ARPC1A
12595,PTPN6,STRAP,CACUL1,H3F3B,TMEM189,GOPC,BTN2A1,YTHDF2
12596,AAGAB,IRAK3,ZNF267,BEX4,LINC00936,UCHL3,KARS,AQP3
12597,OSBPL11,NCSTN,ATXN1,CD79B,METAP2,SF3A2,TNFRSF17,BAX
12598,MRPL48,CSAD,AKR1C3,C12orf76,HSPA1A,AES,SDCCAG8,CXXC5
12599,RBM17,FRAT1,ZNF467,TMEM33,ZNF350,TCEB3,UQCC2,PIM2
12600,TNFRSF25,ZNF136,PDCD6,PARK7,AKR7A2,TNFAIP3,EIF2AK1,PHF8
12601,RPSAP58,HUS1,VDAC2,LTA,SCNM1,RAB14,TP53,IRF3
12602,GTF3C1,RPUSD4,IKBKB,ZNF830,SLC35B2,SENP2,C16orf54,NCBP2
12603,CTSH,MMAB,C5orf15,GNAI3,ZNF688,ANKMY1,SAFB2,TERF1
12604,CCDC23,FRY,APOBR,TRANK1,UXS1,TMEM173,IMMT,NDUFAB1
12605,HIST1H2BC,FGD2,HGS,ACTN1,FRMD8,RABIF,NPM3,YWHAE
12606,IL12RB1,CYP20A1,TRAF3,RP11-468E2.4,C8orf33,DXO,ACAA2,DCTN6
12607,XYLT1,GPATCH3,PCGF1,RAC1,PAFAH1B2,SIL1,MTFR1L,RGS14
12608,ITGB7,GABARAPL1,HNRNPU,ZFAND3,MLH1,NDUFA10,MAP3K8,FAM50A
12609,ABTB1,DUSP18,MRPL10,ORMDL3,CRYBG3-1,GALNT2,SNX4,HLA-DMB
12610,ECHDC1,CENPT,SPATC1L,UNC13D,MRPL22,WDR13,TNFSF10,STK17A
12611,COX6A1P2,DNAJC1,C21orf2,RBM33,SNX2,ARHGAP24,TIMM17B,NICN1
12612,PIAS1,REV1,KMT2C,ZNF263,MPP1,SEPT5,MYC,DLD
12613,ARFGAP3,ACSL5,MRPL15,ANAPC5,MRP63,HMG20B,ITGAX,GOPC
12614,B3GNT2,UBA5,TXNRD1,CFD,ITPR3,PCBD2,CBR1,GBAS
12615,RP11-734K2.4,CYP4V2,TSPO,ZMYM2,XIAP,PILRB,ZBTB8OS,RSBN1L
12616,NCBP1,TRAPPC12,CARS,KIF2A,CAMK1D,MTG1,C19orf24,GLUD1
12617,CCBL1,MITD1,MCMBP,PHF5A,DECR1,DUSP7,RTP4,TMEM242
12618,AKNA,RABEPK,TUBGCP2,DDX41,CD72,C12orf66,RP11-428G5.5,ZRANB2
12619,SSR3,CRIPT,PDE12,SELT,EFTUD2,LINC01004,THAP11,FAM89B
12620,ACYP1,CD3E,HNRNPC,LINC00926,RAP2C,ANKRD12,TADA3,DAP3
12621,RAC1,EXOSC3,RUNX2,COX20,RP11-15A1.3,ARHGAP17,TNFRSF1A,NCK1
12622,PRR5L,DCLRE1B,ECSIT,AL592183.1,ATG3,FAM120AOS,TCERG1,POMP
12623,NDUFA9,TRIM69,RPL26,UQCRC1,RAB27A,TNPO3,SOCS3,NDUFC1
12624,GLS,TRIM22,FAM133B,TOR3A,C21orf33,GFI1B,TOR1B,LGMN
12625,RRS1,TOMM22,MT-ATP6,C21orf33,ARID5B,WIBG,RP11-861A13.4,GRAMD1A
12626,TMIGD2,POU2F2,GYG1,STX12,FXR2,CRNKL1,MRPL43,KHSRP
12627,TMED5,ZNF92,MRPL22,FAM118A,AKAP7,TPD52,SS18L2,TMEM259
12628,DIDO1,STK32C,TOPORS-AS1,ZNF253,ZCRB1,CCS,WDR83OS,PSMD6
12629,ZNF550,SMIM14,DLGAP4,KHDRBS1,LMF1,GRN,BCL10,SAR1B
12630,RABGGTA,CTSA,CPT1A,SRSF11,MYCBP,SHC1,PLXDC2,DCAF7
12631,UBXN7,VWA9,RALY,PYGO2,NABP2,CLIP1,RAB24,SART1
12632,PSMC3,NIPBL,GNPAT,BUD31,ARFGAP1,BACH1,TBRG1,HNRNPD
12633,UBE2J1,TSTA3,TMEM219,RP11-1399P15.1,WDR47,LILRA6,PRPF38B,MAF1
12634,USP40,MED25,ENOSF1,ATP6V1F,MZB1,ENTPD1,HDAC7,ARL4C
12635,CTSA,RBM25,LINC00667,AKAP10,JAGN1,HIP1,CALHM2,LAP3
12636,SPNS3,UNC45A,PDLIM2,MRPS18B,NR3C1,PF4,PSIP1,EIF4EBP1
12637,MPPE1,ASAP1,TRAF4,C6orf106,IL18BP,MAD2L1BP,NDUFS2,IAH1
12638,PEX11B,NMD3,USP7,FBXO25,RP1-241P17.4,PRRC1,PSMD9,ECHDC1
12639,ATG5,ARL16,EXOC7,MIS18BP1,INTS12,NELFE,LYRM9,CHCHD3
12640,GID8,GTF3C5,UQCRH,MBIP,LGALS2,DENND3,ACP5,SND1
12641,UBA5,RNF5,PRKCQ-AS1,C1orf131,GRINA,NIP7,BEX2,SLC43A2
12642,PHTF1,ADD1,NANS,LYPLA2,BANK1,AIM2,COX7A2,GGNBP2
12643,DDX5,OAZ1,LAGE3,EXOC2,AC093673.5,GSDMD,SET,SNRPE
12644,POLR3C,ATF1,TRIM27,ANAPC7,EIF1AX,SIT1,GBP1,MYO19
12645,OFD1,RBM8A,CUTA,FAM65B,SMCR5,EXOC7,F8A1,UROD
12646,CISD1,SLC6A6,FUOM,SUCLG1,ANKRD10,LARP7,SELK,GIPC1
12647,HSDL2,PDLIM2,KIAA0430,TMEM126B,DHRSX,HSPE1,ELOVL1,CINP
12648,CUL1,AP2M1,ANKRD13D,FEM1B,TICAM1,PNMA1,CTNNAL1,OMA1
12649,STAMBP,INO80C,RGL4,KLRD1,RPS6KA4,WDR61,AKTIP,HSPA4
12650,CIDEB,FAM173A,UNC45A,HERPUD2,ACTN1,SMAD2,NECAP2,TXNL1
12651,RUNX3,DYNLRB1,RBM25,THUMPD1,ATP5L2,CISD3,DHX15,ARL4A
12652,CRNKL1,LDLRAP1,NIN,KRIT1,QTRT1,TFIP11,TTN-AS1,SP140
12653,TMEM71,DENND1C,OXLD1,EIF3A,SERPINA1,FHOD1,FMNL1,CIRBP
12654,STX5,C2orf88,VCL,INPP5D,PMF1,CTBP2,SNRPA1,C16orf87
12655,KATNBL1,USP7,UBE2E3,GRB2,CYB561,FOXK1,PPP1R18,CLPP
12656,DDX1,CLEC4D,YWHAH,PSMD6,DNAJC7,ZNF787,MTSS1,CHCHD4
12657,SERTAD1,BTG1,SNRNP70,TWF2,UBL7-AS1,IFI16,HERC4,TMED10
12658,RUVBL2,GNB1,SOX4,PARVB,PSMB3,DDX24,GOLGB1,GLRX5
12659,LINC00649,ATP2B4,FXYD7,RRAGA,PPAPDC1B,RNF114,TM6SF1,TROAP
12660,PSMA2-1,SMG5,PRKCA,TAX1BP3,C17orf89,ISY1,HCK,SH3BP2
12661,ENDOG,ZBTB7A,BSG,EAF2,CTD-2256P15.2,EEF1A1,TREX1,SESN3
12662,AMPD2,HNRNPK,EMC7,FBXO6,DDRGK1,TRMT6,HPRT1,ZC3H13
12663,OTUB1,WBSCR16,SEC13,DLGAP4,ANXA11,ASPSCR1,DNAJA2,PDXK
12664,SH2D1A,RRP36,MAN1A2,MRPL18,DPP9,PSMA6,HES4,CDKL3
12665,RSPRY1,RUNX1,EIF3A,BBX,CUL5,HBP1,TSN,METTL23
12666,SMIM14,KDM2A,GTF2A2,NUP54,UBQLN1,R3HCC1,TRIB2,CERK
12667,ACBD6,PTCRA,ZBTB25,GOLGA7,SMAD3,TRADD,LINC00909,MED4
12668,EHMT1,SWAP70,MRPS16,SNX20,GMPPA,GBP4,MLLT10,MSL3
12669,CCNB1IP1,DRAM1,JUND,GIMAP1,SPAG16,LARS,TMEM99,KPNA2
12670,HECA,UBE2E2,TMED2,SKA2,MRPL34,KPNA4,H2AFX,IL10RA
12671,GMCL1,CEACAM3,ZDHHC24,MMD,SNRNP200,SMS,PDCD2,CCR7
12672,SEC23A,COPB1,EMC10,P2RX4,GP9,MBTPS2,USP47,EPC1
12673,PRDX4,TNFRSF10B,C7orf49,ARID5A,EIF4A3,RMND5B,U2AF1,NUCB2
12674,HNRNPD,MAPRE2,AIMP2,CDC73,C16orf80,FARP2,MKNK1,GLRX3
12675,ARL5A,DPY30,CRLS1,NOL11,FAM102A,FAM110A,SPIN1,GMNN
12676,ARF4,KLF4,TTC39C,GALNT10,MINK1,NSUN5,GSPT1,EIF2S1
12677,PPHLN1,SPCS2,IL8,NDUFA10,TRMT1L,CD3D,SH3GLB1,CUEDC2
12678,TIMMDC1,GART,C17orf89,SLC30A1,ENTHD2,FAIM3,KRAS,METTL17
12679,HYLS1,SFXN3,PSME4,IKBIP,SMIM8,SLC4A2,SIDT1-AS1,CCNH
12680,CREB3L2,PTMS,TAF10,BLCAP,RBMX2,RASSF7,SNX6,ASNA1
12681,GBF1,NANP,ERV3-1,CDK4,CA2,HDLBP,NNT-AS1,KIFC1
12682,CEP104,RBM38,SERINC2,WDR54,FAM115C,N4BP1,RASA2,ATG5
12683,ZNF581,GOLGA4,CTD-2336O2.1,FAM35A,CIR1,RP13-270P17.3,CD82,ACP5
12684,NRBP1,BASP1,EFNA4,SUGP1,RP11-138A9.1,HDGF,PDK2,BAD
12685,SCAND1,SLC7A7,CASC3,ZFP82,SNRPC,MFF,IPO7,SLIRP
12686,JAGN1,MAPKAPK5-AS1,MGMT,PAK2,ANXA4,RNF113A,UBE2L3,NMRAL1
12687,CTA-29F11.1,PRR14,AGPAT6,QARS,STK3,ABHD12,FTH1,FKBP3
12688,CCNH,DHRS12,ETNK1,KCTD6,SURF1,MED9,WDR13,TGOLN2
12689,PRKDC,RGL4,OSTC,TEFM,MGAT4A,PRPSAP2,SUCLG2,LINC00116
12690,F8,AARS,OTUD5,TMEM70,CROT,H1FX,RGCC,C19orf60
12691,PPID,ZNF688,S1PR5,RNF11,ATP5J,PPP3CC,FAM107B,PPHLN1
12692,PTEN,GPBP1,CD300E,MRPS27,MRPS21,CD1D,DDX56,TM9SF2
12693,VPREB3,ABTB1,STOM,CEBPZ,CCNH,ZC3HAV1,C15orf57,SMC4
12694,SPIN2B,RPS6KB2,BET1,PPM1M,HSP90B1,RAB7L1,ICAM1,CNIH1
12695,SNRPA,TRAM1,FRG1,PXK,MEAF6,RNF170,FBXL15,UROS
12696,LCMT1,MED31,ZNF639,RPP25L,ENTPD1-AS1,GADD45A,PIM1,C6orf89
12697,PPM1K,AC010226.4,LAP3,KIAA1715,RP1-313I6.12,MYD88,CYTIP,RFT1
12698,THAP2,FBXW7,PHF11,MIF4GD,APBB1IP,MDH1,APOBEC3B,SAAL1
12699,TRAPPC4,LSMD1,BCLAF1,FAM207A,PUF60,PNPLA8,AZI2,CCNL2
12700,GUCD1,ABHD6,CORO1B,EFNA4,RPF2,PNRC2-1,ANXA5,PPP1R35
12701,VWA9,NDUFS2,PAFAH1B1,C11orf73,LMNA,CMTM5,SKAP1,PI4KB
12702,PSTPIP1,MCOLN1,SEC24D,APBB1,GUK1,PPP1R15A,SREBF2,CENPL
12703,SLCO3A1,ARL2,RSRC2,PATL2,CRLS1,GZMH,LONP2,GRK6
12704,INPP4A,NAT1,RRAGC,VAMP7,ATP11A,CTDSP1,IRF4,TYW1
12705,COMTD1,NAGK,TPP1,ZSWIM8,PTTG1IP,VPS37B,DDX18,OTUB1
12706,KIAA0319L,PITPNM1,EML3,RNF167,NDUFAF6,TAGAP,RIC3,TMEM123
12707,ZNHIT2,TSPAN33,USP5,COA1,COX7C,TRIB1,DTYMK,C1D
12708,RP11-353N4.4,PCBP1,RERE,ATP5G1,RNPEP,ALDH3B1,KPNA6,GZMM
12709,RMI2,SMEK2,CHID1,DDHD1,PHF5A,ENOPH1,AL592183.1,GSPT1
12710,NCOR1,TMEM179B,LBR,WDR37,ZKSCAN1,AMPD2,NRBF2,MPDU1
12711,MED4,CEACAM21,ARID5A,NAGK,GRK6,TNNI2,USP19,DOCK8
12712,RDX,SET,SCGB3A1,NUDT2,FAM178A,MORF4L2,FAM127A,PRPS1
12713,OSTC,PQBP1,PIP5K1B,EIF4EBP1,COX6B1,UBE2S,LARP1B,WHSC1L1
12714,TERF2,KHDRBS1,ZNF143,SNAPC5,NRAS,CARKD,PCID2,CDK4
12715,SLC9A3R1,AKT1,RPS28,MAPKAPK5-AS1,NFE2L2,SKAP1,FCRLA,SOCS3
12716,PTGDR,TMEM248,IQGAP1,IKBKE,ERGIC3,FURIN,DTNBP1,MED31
12717,PITPNA-AS1,BRF1,FXN,ZCCHC11,ITSN2,ADCY7,IL7R,CCZ1
12718,ZNF792,CBX7,HPS4,PHF3,VPREB3,COQ10B,TLR2,AKAP17A
12719,METTL3,MRPL10,C1orf186,INADL,C6orf211,PCOLCE,FZD3,IL1B
12720,MSL2,XPO6,SPSB3,NIPSNAP1,RPA3,AZIN1,AC005082.12,RAB27A
12721,ABI3,NUCB2,GLRX,ALKBH7,NSG1,RPS9,TCP1,CLK1
12722,DCP2,EIF2B1,EPHX2,FAM45A,TNRC6C,TMEM14C,APOL3,CD6
12723,SLC4A10,AGPAT1,TAOK1,SDPR,PLEC,MALT1,PABPC1,HDDC2
12724,NXPE3,FAM60A,STARD3,ETFDH,CYB5A,SCAMP2,MCM3,VPS4A
12725,SPCS2,N4BP2L2,ABCC5,ZFP36L1,PAG1,CCDC91,BACE2,GLO1
12726,USMG5,HECTD1,TM9SF2,SDR39U1,MAP1S,KRAS,WDR81,NEU1
12727,PITPNM1,SNX27,TCF25,RP3-325F22.5,MYCBP2,GNPDA1,HNRNPH3,GORASP2
12728,BORA,NMRK1,IL6R,RGS19,RPS28,SSB,MEF2C,TAGAP
12729,ARHGAP4,EI24,OSBPL7,PPP1CC,PELO,C21orf119,ARID5B,BRI3
12730,NUBP2,TOR4A,TRIM69,RP11-108M9.4,TMEM254,PLIN3,EPB41,NDUFS8
12731,LRMP,ERP44,MAP4K1,TBP,CEBPB,POP5,THG1L,DNAJC5
12732,NUP88,ATP6V1A,STK16,MTERFD3,MAPRE2,KDM6B,CD9,ZNHIT1
12733,RPL19,CD300LF,CX3CR1,NTAN1,TBPL1,PTGER2,AP2A1,RPTOR
12734,VEZF1,ATG13,MPC2,E2F4,LMO2,EFNB1,SLC41A2,CIR1
12735,UROD,RFTN1,COMMD3,UBE2F,TTC12,EIF5A,SEPT6,KCNK6
12736,RBM34,OS9,CHIC2,GGPS1,PGLS,RBBP6,CCT3,MICU2
12737,GPN1,APOL3,MRPS14,BAG6,GPN2,THUMPD1,MRPL27,MPLKIP
12738,ITPKB,UNC119,CAPN7,AP2B1,RPPH1,CTSW,WDYHV1,UBL3
12739,JAKMIP1,TP53TG1,CCDC69,LOH12CR1,MAP2K2,NPAT,TMEM33,MYLIP
12740,MRFAP1L1,YME1L1,SUPT20H,NFKB2,KLRC2,DGKZ,RNF167,CHPT1
12741,CDC23,LATS1,NKAP,CHKB,CNIH4,MTHFS,CACYBP,ZNF207
12742,EIF2B5,PPM1K,APOL3,TRIP4,CSRNP1,SMUG1,MYO9B,CEPT1
12743,METTL18,SPAG7,CTSB,PRELID1,TFCP2,CNOT2,LAMC1,SMARCA5
12744,RNF170,PTAFR,MAGOHB,DIEXF,PTGES3,TAB2,DHPS,TRUB1
12745,RP4-539M6.22,NIPA2,NUP214,LAMP1,RTP4,MS4A1,TPD52L2,P2RY8
12746,MTPN,KIAA0513,MFNG,ZNF688,CD200R1,DNAJA3,TALDO1,TPD52L2
12747,PPP1R15A,CAMK4,ZFP14,CCDC66,AL928768.3,PYURF,DOCK8,PGPEP1
12748,APOPT1,OTUD1,MRPL9,KLHL6,C2orf43,EDEM2,PDE6G,RNF214
12749,RRAS2,ZNF263,KIAA0100,PNKP,DEAF1,RP11-110A12.2,RP11-424N24.2,BCL10
12750,SYK,NUTM2A-AS1,FOXN3,STRADA,LILRA4,OSGEP,MAML2,NOP56
12751,ADO,ZNF296,RNF14,MAD2L2,FAM127B,CHTF8,TRA2B,ADAR
12752,NSFL1C,MESDC1,WDR82,NUCB1,C9orf85,PRPS1,GIMAP6,CRELD2
12753,DPM1,SMIM19,CPNE3,GRSF1,CCDC109B,CD9,NCOA2,DEGS1
12754,DENND1B,ZNF621,C14orf1,RSRC2,EIF2B1,STX12,CTD-2031P19.3,SNAPIN
12755,SSB,NUCB1,SOAT1,WDR45,CCDC14,HCAR3,PQLC3,SLC35B1
12756,VGLL4,GPBAR1,MRPS12,ACOT7,IFIT3,NR3C1,PSMA5,ITGB7
12757,NMD3,FAM122C,ADAR,ATP5F1,H2AFZ,PDZD11,PPP2R5E,GLG1
12758,PDHB,CIRH1A,TRIT1,COA6,ZNF138,LRRC8D,HDAC4,GCHFR
12759,JARID2,CHCHD1,TSNAX,ELMO1,KIAA2026,FBL,UTP20,ATP6V1A
12760,RBM14,CD247,NTMT1,ARID1A,ZBTB1,MAZ,PEX16,NARF
12761,PLA2G16,C7orf50,PRNP,KHSRP,LGALS3,SMIM11,SYNRG,CASC7
12762,PUF60,GFOD1,TARBP1,FAM26F,NCOA1,UQCRC1,CDC16,SKAP2
12763,CPSF3L,HNRNPUL1,P4HB,MRPS6,ACTR10,ABHD13,NIT2,FNBP4
12764,ATP6V0B,NDUFA7-1,FDX1L,VPS45,PPHLN1,DNTTIP2,PDLIM1,PPP1R7
12765,SIRT7,RAP1B,CD14,C4orf27,BLK,CUL5,CTCF,MT-ATP8
12766,RFWD3,MAPK1IP1L,NDUFC1,PRCP,BLVRA,BCLAF1,TMLHE,USP3
12767,CSNK1G2,C7orf73,GRAP2,CD7,LONP2,TAF3,UBR4,CD59
12768,METTL5,EIF4H,CCDC50,GPATCH4,BCL2L1,RAB37,C4orf48,CPNE2
12769,CERK,TRIM27,BBC3,NASP,WRAP73,GAS7,ZCRB1,SLC12A9
12770,BRAP,TMEM107,CCDC88A,ARF6,DHRS4L2,ARHGAP18,FAIM3,UBE2F
12771,MAN2B2,GLOD4,RPS6KA1,ARID5B,RNF167,CD3E,PHTF1,DUS1L
12772,ASPSCR1,MAP4K4,RP11-950C14.3,WBP1L,CLYBL,ESF1,RP11-52J3.3,DUSP2
12773,KLHDC3,ISOC1,FKBP8,AC079305.10,TRIB3,RPP25L,SCARB1,RPA2
12774,FAM91A1,RRAGC,MARK2,CRTC2,ZMPSTE24,GNAZ,STAMBP,NUP214
12775,MED11,FAM78A,ARHGAP9,SEMA4D,RNF14,PRKAG1,ZNF574,RRS1
12776,MARCH9,MLYCD,COMMD1,TALDO1,SELPLG,BLOC1S2,ING3,SNRPA1
12777,GATAD2A,TSTD1,ANKZF1,IFIT1,NDUFB7,TAF6L,VTI1B,NARS
12778,TSPAN32,TMEM251,SUMO2,ATP5SL,ATF2,VPS36,GPS2,HSDL2
12779,CREG1,BRMS1,PPP1R12A,YDJC,NOTCH2,PRRC2C,ZNF211,SARS
12780,ADIPOR1,AP1M1,MVB12A,NAE1,SLC38A6,CD27,CXXC5,RPL26L1
12781,ATG16L2,MRPL24,RBMS1,SOD1,LPP,C1orf174,KLF13,SIT1
12782,TBCD,NDUFAF6,GMDS,CCAR1,IKBKE,TMEM60,WIBG,MKRN2
12783,PFDN2,GNAI2,VPS25,SRP9,TTBK2,ING1,ANP32E,MRPS18C
12784,ABCC10,KCTD18,DDX39B,SURF4,C14orf142,KIN,C5orf56,PPP2R3C
12785,PITHD1,SETD3,TBL1XR1,HAUS7,TSEN15,PMM1,NEK6,NUDCD2
12786,ZBTB16,YIPF4,CLDN5,PRKCA,RDH5,PDIA6,NFIC,ZNF655
12787,IFITM3,WRAP73,C12orf5,RBKS,FBLIM1,TPR,STAU1,OTUD5
12788,TRMT1L,JAGN1,PYHIN1,NDUFA2,SRSF6,ELOVL5,MYL9,NFYC
12789,AUP1,IKBIP,SMYD3,PMPCA,ZNF581,VTI1B,KCNE3,CNP
12790,GLTSCR1L,FERMT3,TMEM40,RNF2,FBXO7,SVIP,BEST1,NDFIP1
12791,ROCK1,CST7,SH2D1A,CTDSP2,ARMC10,WIPI1,C18orf32,ORMDL2
12792,C19orf24,RNF7,SLC39A8,SUV420H1,PELI2,HMGXB4,IP6K2,MT1E
12793,LYST,TMEM101,CD47,RWDD4,CPSF7,SDHB,DCLRE1C,PMM1
12794,CD164,SLC1A5,RALGPS1,YY1,RAB3GAP2,EXOSC7,APAF1,MVD
12795,RBM4,SAMD9,CDKN1B,CNOT7,PSMD12,MARCO,HPS4,IP6K2
12796,USP30-AS1,VMO1,RAB4A,TAOK3,HMGN2,SMPD1,PLXND1,GTF3A
12797,MIF,XAB2,GBP5,COX8A,PNKD,IL1B,TAF1D,SCAP
12798,VRK1,HIST1H2BK,MGST2,RFTN1,DBN1,PPP1R16A,UPF3A,ZKSCAN1
12799,MAP2K2,CD40,CYC1,TRAPPC6B,REEP4,SPNS1,FBXW8,LILRA5
12800,TMEM223,ARRB1,RER1,ZNF224,RAP1A,RSBN1,LRBA,RXRA
12801,YARS2,UBA2,FKBP1A,ANXA7,WDR81,CRTAP,LRPPRC,SEC63
12802,WIPF1,HMHA1,SLC31A2,CDKN2AIPNL,UAP1,MOB2,FUBP1,VAMP2
12803,SCFD1,SMAD3,TMEM256,AP5Z1,APOL3,LILRB1,STAC3,NUBP2
12804,DHX38,CITED4,FADD,NOL12,PPP1R37,CREB3,KMT2E-AS1,TMEM70
12805,IER3,SNRNP200,LRCH4,PSMG2,CCDC132,API5,NEU1,FBXO9
12806,FCER1G,HOPX,HOPX,USP16,FAM207A,FIP1L1,GP9,DCXR
12807,DCAF6,NCK1,CTSC,CBX6,SLC2A8,CARHSP1,GNAI3,DNAJB9
12808,QDPR,TOMM5,PSMC4,PRKACB,POLDIP2,SMARCC1,TYW5,SAFB
12809,NUDCD3,RARS2,IL2RG,SCGB3A1,TIMM10,RNF214,ZNF205,IGBP1
12810,PRPF38A,RGS18,MALSU1,ITPA,PARP11,PRDX4,ANGEL1,USP16
12811,ELOVL4,SSH2,MT-ND6,EIF4EBP2,RNF44,SUN2,DDX39A,ARIH2
12812,ZNF101,RTN4,RAB32,PSMA3,FAM50A,IREB2,POGZ,PSPC1
12813,SLTM,RAB22A,TATDN2,C15orf40,TRUB2,NUP93,C1orf159,AATF
12814,DRG1,COL4A3BP,FAM105A,MAST3,XPOT,ISG20L2,PLEKHF2,LAT2
12815,SMARCD1,GCFC2,LYAR,TCERG1,LY86,DGKA,ECI1,CXorf40B
12816,PDLIM5,PHYKPL,RP11-51J9.5,C1D,PPCDC,FGD3,YWHAB,RNF213
12817,SCPEP1,GGNBP2,ATP5EP2,RBMS1,FRA10AC1,PPP2R5C,PSMB2,MT-ND3
12818,SMARCB1,SDHAF2,IL3RA,NOP58,CNN2,RHBDF2,NOSIP,CAPN2
12819,SZRD1,ELF4,RNF44,SRSF7,DDIT3,ILK,PIK3R1,PDLIM2
12820,MTIF3,SH2B3,TMCO6,NR1H2,FCER1A,LINC00152,P2RY8,MXD3
12821,MLLT6,HDAC6,ENHO,C12orf45,NMT1,PRAM1,DEF8,C9orf78
12822,ADRBK1,SDAD1,RNF114,TAF11,MICAL3,CLIC1,FLAD1,OAS1
12823,NPM1,BIRC6,FOXP1,USO1,CDKL3,RNF141,TCEB1,PPP1R11
12824,STX10,GTF2F1,PSMB7,RPL39,TOPORS,PARP9,MAPK1IP1L,UBE2E1
12825,ARRDC1,ETV6,ZNF330,COMT,NOP56,C20orf201,HPS6,LSM3
12826,DBP,CHMP3,DCTN6,RAMP1,LAMTOR4,MKRN1,PTOV1,CCDC107
12827,M6PR,ATXN7,AC093818.1,VRK3,SSU72,ISCA1,ERH,DNPEP
12828,CBX1,QDPR,TBC1D17,BLOC1S4,RPS27L,RP11-1094M14.11,NR1H2,MAPK1IP1L
12829,DHX16,ARMC1,SULF2,WIBG,DDA1,CDC37,AL591479.1,KARS
12830,HMGXB4,C14orf159,MKNK1,TRIM33,ACOT2,FCGR1A,LMF2,IDH3G
12831,RUNDC1,FANCA,PARP12,CEACAM21,GTF2A2,CSNK1A1,CD81,TCP1
12832,RNF145,CNOT6L,MANF,DCTPP1,ID1,PTRHD1,DDX19B,SH2D3C
12833,RP11-545E17.3,SPPL3,RP11-452F19.3,SIVA1,TIPRL,LEPROTL1,AC027763.2,C6orf48
12834,EIF2AK1,TSEN15,SIGIRR,U2SURP,PBRM1,PHF20,PIM2,NUDC
12835,UQCR10,SHFM1,CD6,TMEM41A,MAP4K2,SLC25A11,TMEM258,ANP32A
12836,CTA-211A9.5,NBN,ADPGK,C14orf80,NHP2,KLF7,ANXA7,DDRGK1
12837,IFI16,COQ2,ZBTB7A,NT5C3A,KIAA1432,MOB4,PNPLA6,USP15
12838,NECAP1,FAM53B,NDUFB11,KIAA0195,PTPMT1,SPOCD1,HBS1L,DEF6
12839,UPF3A,RAB6A,DDX41,CISD3,HNRNPUL2,ALOX5AP,VKORC1,CDC42SE1
12840,ZNF439,KYNU,WDR55,UBE2D1,RP11-349A22.5,CHAF1A,NUP107,DYNLL2
12841,DAP3,TMED7,THRAP3,MT-ND4,RP11-473M20.9,CDK11B,PYURF,MRPL27
12842,PBX4,LARP1,CCNH,ZDHHC3,MKS1,CERS2,CD8A,SLU7
12843,MAP3K8,GPR108,COA5,TMEM107,CTSZ,STK4,ARID3A,TMX1
12844,SERPINA1,RAP2B,CCNT2-AS1,ODC1,AKTIP,BBC3,CTSZ,TRAPPC4
12845,IFNAR2,IFNGR2,ANXA11,PCNA,ZNF85,hsa-mir-1199,RPSA,SHKBP1
12846,TMEM115,VPS37C,ANKRD44,SH3BP2,KCNQ1OT1,JOSD1,NUDT4,BCL7B
12847,RP11-124N14.3,FBXW5,SDHD,HK1,OXNAD1,SUMO2,MRPS34,DNAJA1
12848,FAM134A,RBM23,GPM6A,TMEM106B,MPHOSPH10,COA3,CEP85L,CTNNBL1
12849,NUP37,RBMS1,ETHE1,USP24,USP1,EIF4A3,PPP2CB,MRPS6
12850,CYB561A3,PLK3,NDUFA5,ASB1,POLE3,UVRAG,STAT4,RBM17
12851,PPIH,MANF,RAB4B,SNAPIN,TRAF3,PSME3,TOR1A,PRPF38B
12852,ANKRD36C,SH3GLB1,SUPT3H,ZCCHC7,TRMT1,PHC3,GBP3,DR1
12853,RCOR3,ATP6V1E1,SP4,SYF2,ZNF844,TMPO,ARL5A,IFI44
12854,TRMT13,DSTN,CISH,CSGALNACT2,MAP2K1,IMP4,RBM25,DUT
12855,SUMO2,MIF4GD,GGNBP2,FAM134C,CNOT8,MAP7D1,MRS2,COA6
12856,NMT2,KMT2E,CMTM6,CTCF,PDK1,ERV3-1,CREB3,NFKBIA
12857,PABPC4,C14orf1,ARHGEF18,RGS2,PSMB4,C3AR1,LIN7C,IFT20
12858,ALOX5AP,DOK1,PLEK,IFITM2,ATP6V1A,GPI,TPR,JOSD2
12859,APBB1IP,EMC3,DYNC1H1,ARF1,FLYWCH2,ZNF428,TIGIT,DNAJC2
12860,DRAM2,FAM117B,TMEM87A,MRPL53,DMTF1,HSPB1,SLC12A7,MRPL16
12861,SAAL1,LILRA2,NDUFA11,PGP,RTN3,TAF15,EIF1B,SNX17
12862,CHMP6,BTN3A3,CCDC28A,TP53TG1,C21orf59,MYH9,INTS1,NANS
12863,ARSA,GGA1,CTSZ,LASP1,IRF2,CLDND1,SLC44A2,CYFIP2
12864,MATK,ALG5,ZNF32,KPNA2,CSTB,RBM6,STAT3,SRRM2
12865,MAP7D1,LARP4B,LIG1,RPIA,MRPS16,UBL4A,C17orf62,CSRP1
12866,CD96,UQCRB,IFI44,USP33,NFYA,PKN2,PIGU,HERPUD1
12867,BCL7C,DDX58,SAMD1,PSMD4,SPARC,TMEM243,SNRPB2,CSF3R
12868,DERL2,CCDC86,NIF3L1,APP,CRYL1,PPP1R2,PMPCB,TMEM208
12869,ZBTB8OS,LSM3,DR1,RFC5,NCOR1,PDCD10,GGCT,NRD1
12870,IP6K2,IL7R,MGAT1,RAB33A,DERL2,GLO1,FAM217B,C15orf61
12871,CALR,MTERFD1,CLTA,PGD,CCL4L1,CCNL2,SRD5A1,DCK
12872,DYNC1LI1,ITGB2,PIK3C2A,KIAA1551,C2orf47,COMTD1,RIT1,SETD3
12873,VAPA,MOAP1,CSF2RA,RP11-109G23.3,ATP6V1B2,DTNBP1,CASP1,SRSF9
12874,BCL2L13,TMEM199,BAZ1A,DHX8,LAG3,COX6A1P2,FASTK,DYNC1LI1
12875,SLAMF6,MBD2,GOLGA1,OGG1,CORO1B,MUT,ATE1,PRKX
12876,B4GALT3,NSF,RAB13,CIAPIN1,PPP1R8,AKR7A2,CHD2,MED8
12877,BRIX1,USB1,ACBD6,RAB2A,RPL13A,PDCD6IP,PRPF18,DHX15
12878,ANXA6,ANKFY1,INTS12,FAM78A,ABCC10,TAP2-1,PRKCQ-AS1,JAGN1
12879,RPS3A,ACRBP,HNRNPA3,CITED4,NPM3,MED30,CD47,SNRPC
12880,CPSF6,SRP19,PMPCA,TASP1,ILF2,SERPINB1,MSMO1,CDA
12881,RPL24,PRKCDBP,PRELID1,STXBP3,TMBIM1,CALCOCO2,TMSB4Y,STUB1
12882,COX14,YWHAH,ATIC,EEF2,COX17,SPTLC2,GRK6,PQLC3
12883,NANS,SORBS3,MAGOH,HMHA1,CD28,PFDN6,GBAS,MTCH1
12884,UBTF,ANXA5,NUDT16L1,PTCHD3P1,HSPD1,DNAJC8,NDUFB11,GADD45B
12885,RIOK2,GCHFR,GLRX5,IQSEC1,CSK,POLE4,PPP2R1A,RCN2
12886,NR1D1,MRPS21,PRMT5-AS1,SNW1,PIM3,NUTF2,AUP1,AES
12887,TOR1A,SAP18,SPATA2L,RBM38,LRRC28,ODF3B,PPAPDC1B,SLMO2
12888,COMMD3,CRKL,C17orf67,TCF7,ADAM8,IRF2BP2,PSMA1,PDCD7
12889,ZC3H15,ZNF10,TAGLN,RAB11FIP1,DYNC1LI2,PSMD1,IP6K1,APBB1IP
12890,PDE3B,TTC39C,ACTR2,PEPD,BLOC1S2,HLA-DMB,AGGF1,PSMD14
12891,RRP8,ENY2,ISOC2,NIPBL,EIF3H,PSMF1,OSTF1,IDS
12892,UROS,DYNLL1,FLJ27365,HELZ,SMUG1,HIBCH,SLC25A33,SKAP1
12893,SP140,NSMCE1,MBOAT7,PPA2,ANP32A,DAXX,SMDT1,PSMD13
12894,BOD1,HADHA,PLSCR1,UBE2L3,ZNF511,HMOX2,PWP1,PSMG2
12895,CD44,RBM15B,UCHL3,CDK16,PSIP1,NUP210,LEF1,ACAA2
12896,SATB1,NDUFS4,PSTPIP1,COMMD7,YTHDC2,MYCL,TPST2,RP11-83A24.2
12897,OBFC1,FDX1,ANAPC4,ARID4B,SLC22A18,HDAC1,RNF149,CAPRIN1
12898,RP11-660L16.2,UFL1,CLPP,C1orf228,KDELR1,CUTC,SMIM14,CCT2
12899,NHP2L1,PTK2B,CDC42EP3,C17orf62,ZSCAN25,RABGAP1L,TSSC4,TRA2B
12900,ARAP2,VAMP3,RP11-211G3.2,TARS,TTC39C,CENPT,S100A12,MAT2B
12901,UBA3,CDC34,NUDT1,RAD50,F11R,QKI,ATOX1,C11orf58
12902,NEK9,FGL2,ARL16,CCT6A,OASL,ZDHHC1,PREB,BTF3L4
12903,GSAP,NECAP2,RTN3,CTSC,LINC00649,CHMP6,PPCS,LRCH4
12904,RHNO1,SNRNP27,ALS2,NCF1,C22orf46,USF2,FBXW5,GBP4
12905,POLR2H,RNFT1,HAX1,ASF1A,CAPRIN1,C17orf89,ARFGAP2,ANKRD44
12906,AKR7A2,ZCCHC2,NFE2L2,WASF2,MRPS14,HERPUD2,MRPS33,SNX5
12907,RPUSD3,SPCS1,RBM38,ARL4A,RPL7L1,ACTR10,ATP5J2,HAX1
12908,EBP,CENPC,CTCF,YEATS4,SCML4,RAB11FIP4,LINC01011,MRFAP1L1
12909,SEC31A,PARP1,CPQ,SMYD2,LAGE3,GPR42,RAC2,TMEM173
12910,TNFAIP8L1,AKIRIN2,FBXO6,THEMIS2,PFKM,CCDC57,TGOLN2,TPGS1
12911,RPL26,RNF168,HNRNPUL2,PQBP1,C9orf142,TIMM22,ICAM2,TCF25
12912,RP1-3J17.3,FIG4,DDX47,CX3CR1,POLR2D,SAFB2,NIFK,PLGRKT
12913,HDAC3,C16orf74,MTCH1,TMEM9B,TMED9,LIMS1,GLI4,TFPT
12914,CGRRF1,LYPLA2,PDCD4,SLMO2,TCIRG1,RP11-262H14.1,ZNF791,TERF2IP
12915,GPX4,ALKBH3,RPS10,SSBP3,ANKRD32,AP1G2,LYL1,MYO9B
12916,YPEL5,PPM1B,RAB5B,ACAP1,FAM210B,PSMD8,HSPA9,COMMD9
12917,ERO1LB,TMEM11,TAF9,SAMD9,UCK2,ZFAND2B,EFCAB4B,DNASE2
12918,CYB561D2,RELL2,ATP6V0E2,ZNF683,DOK1,CDK5,CDC25B,UBE2K
12919,TPD52,ACOT9,THOC7,KMT2E,KIAA1143,EIF1AD,CHMP4B,ACAA1
12920,PCBP2,RPS28,UPP1,C5orf56,COX8A,ZNHIT1,UPP1,TRADD
12921,MFF,SETMAR,ABHD17A,SNX3,POLR3K,BECN1,RPS16,MYADM
12922,SQSTM1,CDC42SE2,CPSF4,RBBP6,PIM2,MCMBP,CMTM7,SIGIRR
12923,ANKRD13A,SBNO2,HMGN3,UNC50,COPS5,CCNG2,TCTN3,WDR6
12924,RAB11A,PHKG2,U2AF1L4,ADK,ASL,PRMT1,FCRL1,CLEC2B
12925,DNMT1,BSDC1,HCLS1,RWDD1,SNRK,ID1,MGME1,CD3G
12926,ATG2A,PEX11B,ITGB2-AS1,TPP2,TCL1A,FRG1B,CNOT2,SRP68
12927,APLP2,HLA-DOA,ACSF2,PLIN3,IFI30,MLX,EXOSC1,PDAP1
12928,ABHD15,HES4,SLA,EIF4B,ZNF280D,POLR2J3,SF1,ARL16
12929,BAG5,CUX1,FAM160A2,SPG21,SETD8,PBX2,LINC00861,TADA3
12930,HM13,BEST1,NDUFS8,TPRKB,PAPOLA,UBE2G1,ABI3,CEBPZ-AS1
12931,RAE1,ADIPOR1,CNOT11,ARHGEF3,ACSL5,CD46,NKTR,RORA
12932,MRPS14,APOBEC3G,GMPR2,PF4,KIAA0226,LGALS3BP,ZC3HAV1,NAA20
12933,TFRC,PDCD4,RACGAP1,YIPF4,HK1,LINC00877,AKAP13,SDHD
12934,FAM60A,TRAPPC1,RP11-489E7.4,PSMD9,VBP1,CDH23,NUDT21,CCM2
12935,NDEL1,MRPL21,IFI27,XXbac-BPG299F13.17,ABHD2,SPN,UBQLN4,TMEM141
12936,ASMTL,DNPH1,NCOA1,NDE1,TRABD2A,C10orf118,GOLIM4,OSBPL9
12937,ABHD14B,GTF2E2,SARS,ORAI3,JMJD1C,DDIT3,OSBPL7,HMGN3
12938,U2AF2,MYL9,PRDX5,AKR1A1,C15orf57,FBXO7,ANKRD12,CCNL1
12939,SYNCRIP,NUP54,PPM1G,SMEK2,FLT3LG,GOLPH3,GUSB,CSRNP1
12940,SEC13,C16orf62,MT-ND4L,PTGDS,ARMC7,PLEKHJ1,NDUFA9,FAM228B
12941,TACO1,NCOA4,FUT7,SFXN3,BOD1,LDHB,CD300E,SLA
12942,B4GALT7,LLPH,TOMM22,ESD,PIGG,SRI,HIGD2A,CCDC69
12943,EZH1,NHP2,TMC8,CD9,CCDC90B,CD2BP2,DERL1,MRPL33
12944,EIF3J,GNA15,GNG5,NHP2,TAP2-1,EIF3A,BSDC1,ALOX5AP
12945,NPRL2,PITHD1,C4orf48,POP7,CORO7,TES,NCF4,UNC93B1
12946,CSRP1,IL6R,LCP2,IRF8,ZBTB7B,PREX1,ATM,TWF2
12947,ZNF75A,PUM2,KIAA1551,C9orf89,FAM168B,ARRB2,RDX,STARD7
12948,PSMB6,TPD52L2,UQCR11-1,H3F3A,COX7A2,STOML2,ARMC7,DEF8
12949,FAM3C,TOX4,SHARPIN,C4orf3,SLC30A5,RBM17,LBH,AAAS
12950,AIM1,MAEA,MAZ,GPR56,NEIL2,ZFAS1,MRPL53,OSBPL8
12951,CCS,NABP1,RILPL2,MRPS11,AQP3,DLGAP1-AS1,STOML2,CTDSP2
12952,HCFC1,MBNL1,YWHAZ,RAD23B,TRIM25,PIK3CD,DPY30,UTRN
12953,REPIN1,VPS39,GSR,DPH5,CAPZB,DNAJC4,JMY,CD302
12954,DYNC1H1,MIER1,MYO9A,NUP62,ITM2C,KRCC1,NCR3,CWC25
12955,LAS1L,TRMT10C,L3MBTL2,HSF1,SMCHD1,PLAA,HEXIM1,NGDN
12956,INTS5,SEC13,SMAD2,PRKD2,KIAA1551,FIBP,KDM3A,N4BP2L2
12957,ILK,HMGB1,NUP85,GSN,ITFG2,UBE2A,CDC42SE2,IRF7
12958,RP11-222K16.2,NFKB1,ID1,FH,RTCB,CCT2,TMBIM1,OSTC
12959,IFNAR1,TESK1,CAT,IL4R,MRPS18C,TMED9,AOAH,MED28
12960,HSPA9,NAA38,NGLY1,PRPF40A,PSD4,CASP6,GNPAT,C1orf63
12961,SRPRB,ERAP1,RCCD1,AP2M1,CNST,RAB18,CSF3R,PIGT
12962,MAGED2,PRPF6,MNDA,AP5M1,CDKN2A,GOLGA7,S1PR1,BROX
12963,TRAPPC2L,MRPS2,PCNA,MBNL1,FEM1A,TMEM147,INO80,SFPQ
12964,MPST,VAMP8,TMEM204,CNDP2,COIL,CLEC11A,TPD52,RNF167
12965,EHD4,CYB561A3,PFDN2,RP11-18H21.1,UBL4A,HOMER3,RP5-1028K7.2,SLFN5
12966,RAB7A,RAB9A,RFXANK,PYHIN1,C10orf128,SAFB,CCDC157,NDUFB8-1
12967,RP11-403I13.8,UBE2Q1,RASSF7,RNF10,ISOC1,OGFR,PAQR7,CELF2
12968,CBWD1,BZW2,SDPR,CDK5RAP3,PGM1,ORMDL2,RP11-131L23.1,TIAL1
12969,HMGB1,CHST2,RPS13,TMEM14B,ISY1,IDI1,GNG5,MBNL1
12970,MIR142,FOXN2,PIK3CA,TOMM22,TMEM245,PELI1,TMEM41A,KMT2B
12971,MAN1B1,EPOR,HINT1,IREB2,DGKE,ZMIZ1,DEXI,UBE2I
12972,ARRDC2,EIF1AY,AP2A1,IGLL5,ELK4,FERMT3,LSM5,RTP4
12973,SUN1,ISG20,MAD2L2,LARP7,MTMR9,ST6GALNAC6,RITA1,GRN
12974,SEC22C,MAT2B,TRADD,ANKRD39,AIMP1,RASGRP2,TMUB1,ZCRB1
12975,DNAJC19,PCNP,FAM89B,ADCK3,ELF1,SCAF4,NAA38,APLP2
12976,PKN2,LMO2,PHIP,DDX19B,PTBP1,SP140,CMTM6,STK10
12977,ZC3HAV1,CCNG1,NAGK,PRKCSH,LINC-PINT,MRPL51,ACTG1,ITGB1BP1
12978,FCRL6,TNFSF10,RAB5C,KDM6B,PPIH,YWHAE,ZNF611,NDUFB10
12979,TARBP1,COMT,BLVRB,SERINC5,CFD,YEATS2,DDOST,TAF9
12980,UBE2L6,EIF4B,NCSTN,FOXO3,DENND4B,COASY,ELOVL5,GPR183
12981,PTPRC,CD79A,IDH2,AZI2,NR4A2,HLA-DPB1,DNAJC19,TDG
12982,PPP5C,YPEL3,CDC37,CXCR3,TBC1D4,DAB2,KIAA1598,MCM3
12983,CASC4,SIGIRR,NDUFS4,TNFAIP3,ABHD10,KCTD12,DCAF10,CD300A
12984,ZNF207,C12orf10,NDRG1,SMIM11,PNISR,FAM212A,FAM114A1,ECI2
12985,AMZ2,IFNAR1,PRPF8,PDE4DIP,DDX3Y,WAC,SPSB2,METTL5
12986,ABCF2,PCSK7,TRABD2A,DHX29,C8orf88,ZFYVE19,OAS3,RRAGA
12987,DAZAP2,FAM162A,NUTF2,ZNF524,RP11-143J12.2,KDELR1,TRIM65,ATP5A1
12988,CRIPT,ARRDC2,ARSD,MYCBP2,FCRLA,AAAS,SNRPC,RP1-241P17.4
12989,DDX18,EXOSC8,HRSP12,LYRM5,GPR155,MTIF3,PIGK,CLNS1A
12990,LSM10,RAB5C,SPON2,CHMP4A,RAB2A,EPC1,PPM1G,VDAC2
12991,DNAJC11,DHRS7,VIMP,SNAP23,SP140,PLD3,FYB,PFKL
12992,PTP4A2,MEN1,MR1,ZNF146,PDIA4,LMO4,C8orf59,NR4A2
12993,GEMIN7,LYRM2,PAN3,CIB1,NSMCE1,LGALSL,ZAP70,SELPLG
12994,MRPS34,KRTCAP2,TSPAN32,ATP2B4,CCDC124,NRD1,DUSP12,NOP58
12995,SND1,ADSS,TBC1D10A,FBXL3,MAZ,MIR4435-1HG,PLEKHM1,DNAJC8
12996,CREB3,SRRT,LITAF,PRDX2,PRKAA1,TMEM154,IPO11,TECR
12997,SSRP1,MMEL1,NCBP2,GCHFR,MRPS28,CAMTA1,LIN7B,ZNHIT3
12998,RABIF,PHF19,MBD3,PLEKHJ1,TMEM192,HAUS4,SLC9A3R1,GLIPR1
12999,TMOD3,GRAP2,DUSP23,INTS10,ZFP36L2,RAD23B,RPL41,TMEM167A
13000,NDUFS2,RDH14,LSP1,ISCU,ATP11B,PSENEN,PFDN6,MRPL54
13001,SC5D,FIS1,CD302,CAPNS1,TMEM55A,A1BG,DGCR6,PSMB1
13002,GCDH,TMEM123,TMBIM6,UPF3B,DAP3,CYLD,KLHDC10,OAZ2
13003,MAF,POLR2H,HERPUD1,FHIT,FAAH,WAS,MRPS18A,HNRNPK
13004,HADHA,MPLKIP,PSMB1,RNF19A,BABAM1,OSBPL8,MARCH1,C1QA
13005,TRIM22,MAPK1,ARID4B,SRA1,VPS4A,RPIA,DNASE2,MRPL34
13006,MTG2,IL1B,PRDX3,LY86,SMIM11,ITGAE,NDST1,PRPF31
13007,LSMD1,GNPAT,TMEM43,MRPS18C,MYEOV2,FLI1,NEMF,PHF11
13008,USP20,PIK3AP1,TTC14,STAU1,C4orf3,LFNG,MAP3K6,NCF2
13009,FGR,LILRA1,CERS5,CHERP,SNX18,EIF4A1,SNAI3,AIP
13010,LRIF1,SNX5,SORL1,THAP11,P2RY11,PRDX5,MRPL28,STK17B
13011,ZNHIT1,ARHGAP27,TIFAB,NDFIP1,TECPR1,COX14,LAT,FAM136A
13012,RRP1B,MIIP,UHMK1,ATF6B,PRMT1,ADPGK,UQCRC1,CECR5
13013,POC1B,RPL10A,CUEDC1,BCL10,TMUB2,XXbac-BPG299F13.17,MRPL21,UQCRB
13014,PPM1G,RGS10,ARHGEF37,CRLF3,TLN1,MRPL33,IGSF8,SUMO2
13015,URGCP,CTSW,CCDC101,PLGRKT,RUFY2,SNORD3D,ATP5SL,APRT
13016,VPS29,DYRK1A,SLC38A2,HNRNPUL1,GLRX5,RBM5,SLC35A3,MTCH2
13017,ADAM10,MRPS26,HERC1,MOB4,PRKAR1B,IFI27L2,TIMM17A,PRKCQ-AS1
13018,DOCK8,CYB561,SLC39A4,CORO1C,SYS1,RP11-796E2.4,LRRK2,SH2D1A
13019,MGAT2,PYCR2,KDM3A,RUFY1,PCBD1,FGFR1OP2,RP11-290F20.3,CCL4
13020,AK2,CYTH1,TMEM173,SLC25A6,TAGAP,COMMD7,ASH2L,PDCD6
13021,PCGF5,NSD1,P2RY8,ANP32B,CTSO,UBAC2,CCDC159,PAG1
13022,RNF139,PSME1,LETMD1,LIX1L,DIMT1,QPCT,P2RX5,F8A1
13023,ADAM8,STAT2,AOAH,FAM117A,IQGAP1,TMC6,HNMT,RNF139
13024,CHD8,G3BP2,LILRB2,MAP2K3,RCHY1,C16orf13,AC040977.1,BAZ2A
13025,USB1,EPSTI1,MPLKIP,ANAPC16,EBPL,NT5C3A,RIN1,HNRNPH1
13026,CD81,CCNK,NUP210,KIAA0922,STMN3,RALA,ARMC6,SP110
13027,DDX19A,NDUFA6,H1FX,TPR,GALK2,FKBP3,DNTTIP1,KRAS
13028,EXOSC9,MED11,RNF11,PARVG,SPATS2L,COX20,MAP3K2,VIMP
13029,ULK3,RBPJ,RBM23,CCDC124,FUOM,ETFA,CISD1,CHI3L2
13030,PRR5,RELA,VDAC3,DGCR6L,NMRK1,CORO1C,GLA,RPL36
13031,LPAR5,MED21,NPM3,NOC4L,SPG7,GLRX5,RCC1,HAUS4
13032,ZBP1,GTF2B,RPS8,PHYKPL,TMX3,RSU1,C5orf15,TOMM20
13033,LETMD1,GNG2,KANSL1,CREM,NQO2,STK25,SPOCK2,ARPC3
13034,ADAR,SEC61G,SUPT4H1,TPK1,CYB5R1,USP15,RBMXL1,SLC25A11
13035,XAF1,SCP2,OFD1,FARSA,HINT2,DIAPH2,HMBOX1,GOLGA7
13036,TFPT,FRG1,DPH3,EIF6,ASH2L,RYBP,FARS2,ROMO1
13037,MPC2,DNAJC19,SLC3A2,LGALS9,CAPZA1,APOA1BP,PTPN6,TMEM101
13038,KDELR2,RPS6KA4,NMT1,CNPY2,WASL,SNX6,CD27-AS1,MT-ND6
13039,BLOC1S6,TBCA,NSRP1,LEF1,ENOPH1,BAZ2A,CDKN3,WNT5B
13040,CWC22,RTCA,AHNAK,SNRNP200,TFG,NDUFC2,EXOC5,SLC9A3R1
13041,BAZ1A,MTCH2,NDUFB7,CNIH1,ETFA,FTSJ3,NDUFAF4,NSMCE1
13042,LUC7L,PTEN,FKBP5,NELFE,NDUFB1,GZMK,SEC16A,PIN4
13043,KDSR,GLIPR1,GPI,ATP6V1D,LYRM1,CECR1,TXNL1,ZC3H15
13044,RP11-412D9.4,METTL23,MGAT4A,TMEM134,LCP2,RGS1,PSMC2,DDX27
13045,PDCD10,DCXR,PSMD4,CIRBP,YLPM1,RAB24,MT-ATP8,TINF2
13046,WIPI2,NDUFS3,DRAP1,EXOC7,SAMSN1,NME1,LZTS2,RAD21
13047,CD7,SCAND1,RNF125,SMIM12,IRF9,ZNF331,OCIAD1,ARHGAP15
13048,CRTC3,SARS,MSRB1,ATP6V1B2,MT-ND3,PTP4A1,TMEM147,LBR
13049,GPX1,ROGDI,TOMM20,SPG20,UTRN,XPA,SBF2,NSA2
13050,MLX,LRP1,TIAL1,SCAI,MCTS1,C7orf49,MIS18BP1,ATRAID
13051,F8A1,ZDHHC12,BCKDHA,ZNHIT3,KPNB1,CD7,C1GALT1,EIF3G
13052,RNF4,PSMG3,CALM1,RGS1,C5orf63,NOP56,ARL16,OXNAD1
13053,EPS15,EBP,XAF1,MLEC,CAPN2,PMF1,PEBP1,XAB2
13054,COPE,IDS,UROS,RP11-796E2.4,C7orf50,ORAI1,ANKMY1,PARP1
13055,MRPS26,CLEC2D,NCK1,USP15,PRPS1,PSMB1,PPIG,SNRNP70
13056,MARCH7,ATRAID,MYCL,ACTN4,TAF1D,RAB32,STT3A,POLR2G
13057,BHLHE40,PDLIM7,ILK,TTC38,THOC7,HEBP2,KAT8,LSM2
13058,CCSER2,NAMPT,GLUL,HCFC2,CENPC,GRB2,CCNH,TMEM179B
13059,RPN1,MS4A7,PRPSAP1,EEF1E1,SUCLG1,TMEM91,IFNG,DGCR6L
13060,NDUFB7,PHF1,TECR,PARP10,BRD2,UQCRH,RILPL2,HSPD1
13061,USP1,RP11-290D2.6,BAZ2B,NR3C1,RSU1,PID1,PABPC4,NDUFA8
13062,ORAI1,AC010642.1,CES2,RCSD1,RNGTT,DUT,GPATCH4,SMARCB1
13063,RPL7L1,MARCH2,NMI,TUSC2,NDUFA1,WDR45B,MED1,TMEM165
13064,C19orf25,SFT2D1,LEF1,BNIP3L,SLC52A2,RBM14,N6AMT2,PIK3IP1
13065,PPA1,SLC35B1,TALDO1,CD68,FLNA,CD93,DNAJC2,HNRNPH2
13066,MORF4L2,NUDT1,CTBP1,C14orf2,MEI1,PPM1G,CHRNB1,HNRNPC
13067,LAMTOR5,RPS19BP1,LINC00493,AIP,PYCARD,MAX,CRTAP,NDUFV2
13068,RMDN1,MRPL23,EBNA1BP2,POLR2J3,CLDND1,TMEM109,LPCAT3,NTAN1
13069,GABARAPL2,GUSB,BOLA3,JADE2,TOR1AIP1,PHB2,TBC1D5,KTN1
13070,STK17A,HDGFRP2,PRKCH,RNF166,SLC25A4,RNPS1,PXN,MRPL51
13071,NAA10,LPCAT1,NDNL2,GATA3,BANF1,COPZ1,HMGN1,CHMP5
13072,JAK1,CNOT4,ELP2,TCP11L2,BOLA1,OAS2,FUT11,TRAPPC6A
13073,ARPC2,MRPS18C,PRKACB,XCL1,CSRP2BP,UBA1,HIATL2,PLIN2
13074,XRCC6,GMFG,ATP5C1,GSTP1,PGRMC1,MBP,GATAD2A,PHB2
13075,LPCAT1,DDX50,LAMP5,FYTTD1,GABARAPL1,CDK5RAP3,SNAPC3,SRRM1
13076,NONO,CCPG1,SLC20A2,WBP2,DNAJB9,MRPL11,BNIP2,BAZ1A
13077,COX6A1,TPM1,CCM2,AC013264.2,DOK2,ANAPC5,GLIPR2,PRRC2C
13078,CNN2,PPP1CC,UBE2O,EPS8L2,RHOT2,PPP1R7,HEG1,C9orf142
13079,ACAA1,SIGLEC10,NDUFV2,USE1,ATP6V0E2,BAG1,EWSR1,FAM133B
13080,MRPL14,BTG2,CAPG,AURKAIP1,ORMDL2,CBL,ZC3H12A,CDC123
13081,DDIT3,LIPA,AP5Z1,ACTR1B,GAR1,SLC38A1,GOLGA3,XRCC5
13082,ITGAL,CSF2RB,CKLF,FBXO3,QSOX1,PSMD9,SUGP1,PSMC2
13083,MAP1LC3B2,ZBTB10,PTP4A2,RCAN3,VARS,TBC1D1,UTP14A,ARHGEF6
13084,C19orf43,DOK3,SERPINB1,SH2D3C,KIAA1671,RHOT2,UNC119,POLR3GL
13085,TIMM13,GP9,TGFBI,HERC1,OAS3,SLC25A39,HNRNPA3,PPIA
13086,EIF2A,EIF4E2,BLOC1S1,NR4A1,HAX1,DCTN2,HDAC10,AMICA1
13087,RPL22L1,RRP9,CTNNA1,EXOSC3,CLU,NRGN,AC062017.1,WDR33
13088,NDNL2,IMPA2,OST4,HDAC1,FOPNL,EXOSC4,C11orf83,PBXIP1
13089,TSSC1,RPS27L,MPP1,ETFB,NAAA,MXD3,DCTPP1,ZFAND6
13090,PNKD,TSEN34,BTF3L4,SUPT20H,MIR4435-1HG,CARD16,DDX24,NDUFS3
13091,METTL23,C9orf142,TRIQK,STK4,TMEM2,FAM107B,G0S2,AHNAK
13092,RIOK1,POLE4,LINC00152,SNRNP40,FCGR2B,CD27-AS1,LINC01003,HMOX2
13093,ZFAS1,G3BP1,PSMB5,BCAS2,DNAJC4,IFFO1,CTNNBL1,CCT4
13094,RABEP2,ATRX,DGCR6L,CASP8,SZRD1,ELOF1,RTN3,MS4A1
13095,LAG3,RPL17,RPS4Y1,CAPZB,ARF3,RNF149,KRT10,BST2
13096,WSB1,TUBB4B,TYW3,ZC3H14,NUPL2,LINC00847,CAPZA1,MAD2L1
13097,KRCC1,RPS23,ZNF655,SENP6,COLGALT2,UBXN6,ZNF561,NR3C1
13098,CD97,DDX56,ANKLE2,STT3A,PIK3IP1,POMT1,OSCAR,C11orf21
13099,PRR13,TBRG1,PSMB10,SAMSN1,RPL26,RALB,TOP1,BLOC1S4
13100,DHX30,CYB5B,HOTAIRM1,BCL2,HLA-DQA2,C19orf60,CNPY2,ARF6
13101,EOMES,C15orf61,AAK1,COQ7,KRT10,ATP6V0A1,PDCL,SEPW1
13102,TUBA1C,DCAF13,RNH1,ANXA11,FAM107B,C11orf83,REEP5,KLF4
13103,APMAP,FUS,PSMA1,ARL2BP,VNN2,EXOC6,ARAF,RP5-1028K7.2
13104,MYNN,DAD1,PPIA,LMNA,RNF214,RPA2,ECSIT,CD4
13105,STOM,NDUFV2,CMC2,MIDN,ASB6,HLA-C,MGEA5,POLR2H
13106,SLBP,CHCHD2,RPL39,CRTAP,CEBPZ-AS1,TERF2IP,SLC35B4,COX7A2L
13107,RAB9A,ATG3,MIDN,TUBA4A,RNASET2,PSMB5,CUTC,TRAPPC3
13108,AQP3,KDM3B,HMG20B,SLC25A38,MAP3K7CL,UPF3A,RAB3GAP1,IMP3
13109,SMS,TTC19,GIMAP2,MRPL17,MT1E,HOTAIRM1,THEM4,ARHGAP30
13110,VPS37A,MVP,PTPN18,BEST1,CFLAR,KAT8,C17orf75,SAFB2
13111,MAPRE2,CASP5,MACF1,CCNC,PSMD2,WWP2,CARHSP1,CD14
13112,CHMP5,TPGS2,SGSM2,DPF2,BIN1,COX19,TCIRG1,PROSC
13113,CKLF,SPARC,SAP30BP,MRPL47,CCNDBP1,PSMB3,C1QA,METAP1
13114,VPS4B,TAPBP,MTHFD2,EWSR1,BCS1L,PPIG,EXT2,ACTR2
13115,CTD-3184A7.4,PPCDC,CAMK2G,SRSF2,LINC00094,ARF4,RRAS,ATP5E
13116,MCRS1,ACTN4,HGSNAT,MOAP1,BTN2A1,RTN3,DYNLT1,CD38
13117,C17orf49,KIAA0922,CTBP2,LST1,CECR1,SNRNP25,CDV3,HNRNPF
13118,URI1,LYST,SUMF2,MX1,ANKHD1,STX5,KDM5A,MOB3A
13119,REXO4,PSMC5,ARRB2,KLRC1,TNIP2,FAM120A,CCBL2,POLR2F
13120,MYO1F,IL10RA,MVP,PML,CDK7,CCDC109B,MRPL54,TRMT112
13121,EPB41L4A-AS1,TPST2,MTCH2,ANKRD12,PDCD2,HNMT,KLHDC3,NDUFB3
13122,KLRD1,HNRNPM,CYBA,EBAG9,PIN4,SERPINB6,TM2D1,FLT3LG
13123,RTF1,NGFRAP1,DGKZ,MAGEF1,GAK,SERTAD3,C5AR1,HSD17B11
13124,MPRIP,RPS6KA1,HSPA5,CD47,ANKRD44,C1orf43,NAA35,TOX4
13125,YIPF3,SHISA5,CFDP1,POLD2,OAT,C19orf66,AKIP1,YPEL3
13126,PNPT1,JKAMP,PSMA7,MRPL40,GPI,TNIP1,ACAP1,IL16
13127,S1PR5,TREML1,TNFRSF4,ZNF331,IFRD1,BUB3,C6orf89,BCL2L13
13128,ISCA1,MTSS1,SP110,BCLAF1,UBQLN2,SLC11A1,CASC7,RPN2
13129,ASB8,HMGCL,PSMA4,RNF34,TMEM199,SLTM,RANBP2,SURF1
13130,C18orf21,PPP2CA,DUT,NMRAL1,UBL3,GADD45GIP1,PIM3,SPSB3
13131,DAD1,NASP,CUEDC2,HNRNPA2B1,STXBP2,CTSA,SND1,TMEM205
13132,NRBF2,GYG1,TMC6,RPA2,NCF1,ALOX5,PSMF1,ERCC1
13133,ZNRD1,TUBB1,SMIM5,CNOT6L,MED24,CFLAR,MRPL40,RAP1GDS1
13134,C3AR1,TRIM13,ASCC3,SYNGR2,NDUFC1,RAB34,ISCU,MED10
13135,MRFAP1,RP11-1143G9.4,MRPL3,RNF25,LITAF,STK17A,LEPROTL1,SLC3A2
13136,RPL4,PPP2R1A,PPIB,NLRP1,DUSP2,CDS2,OSM,C5orf56
13137,SIN3A,SLC38A10,ITM2A,RNF6,EWSR1,ELP5,UBA3,RER1
13138,NSG1,ETFB,C17orf49,RBCK1,RNASEH2B,MANBA,NUCKS1,RNF166
13139,RPS4X,SPG7,PPP2R3C,PDK2,CHCHD3,SEC61A1,LITAF,COPS6
13140,RHEB,GNAI3,NME3,IFT57,TAPBP,RGS18,ILK,ITPK1
13141,UBR2,SERINC1,AKR1B1,SP140L,SF1,PRKAR1A,GRPEL1,RPF1
13142,ARL6IP6,UFM1,DOK2,TDP2,RP11-432I5.1,DDX6,NUDT3,SMIM7
13143,UBL7,COX6C,RPS6KA4,MRPL33,NDUFA13,PRF1,ATP5O,GLIPR2
13144,KPNB1,ARL6IP6,PSMC3,STX5,ASNSD1,KPNB1,TSTD1,CCDC12
13145,AP3D1,C19orf70,CD68,SELM,PSMC5,PAFAH1B2,FUNDC2,MT1X
13146,CLIC3,VAMP5,SMG7,PMAIP1,SIRPG,MFSD10,PNO1,SEPT9
13147,HDHD2,C11orf58,TOR3A,PPP3CC,ADRM1,WAPAL,APOBEC3G,TMED4
13148,SEC63,STAT5A,CCDC71,MATR3,RRS1,SH3BGRL,RPS21,GIMAP2
13149,MRPS7,KLF11,TIGIT,TNFAIP8L2,HSPB11,LACTB,CDC37L1,SNHG15
13150,BNIP2,TOLLIP,KRTCAP2,CMTM8,COMMD3,AMD1,TAX1BP1,RPUSD3
13151,VAMP2,DAPP1,RTF1,CCT3,OTUD6B,IFIT3,DUS1L,PPP1R2
13152,CD300A,TNRC6B,ODF3B,XRN2,STT3A,RNF187,BNIP3L,FGFBP2
13153,VPS13A,TUBA4A,PSMD7,LAT2,CLTA,NIFK,POLR1B,RNF13
13154,TIAL1,TCF25,SNRPD3,GNAI2,PAFAH1B1,MRPL32,MIOS,RHOG
13155,GDI2,ANXA6,SSBP1,PREP,GPSM3,LRRC8C,EPM2AIP1,TXNL4A
13156,MOB3A,UQCRFS1,CD300A,STUB1,PRPF40A,PTPMT1,BIRC3,EBP
13157,SERP1,DDX41,DHRS4L2,MAEA,ZC3HAV1,CLEC1B,RNF10,LAGE3
13158,AP3B1,SNAP29,C20orf27,ESYT1,CDC40,PEA15,LTBR,BSG
13159,CCT8,THEM4,COMT,FIP1L1,TUBA4A,ARL8B,PSMA2-1,RSL24D1
13160,CDC25B,MYL6,MINOS1,CSDE1,RBBP6,TMED3,CASP8,FGD3
13161,HEXB,VPS51,PLA2G16,CETN2,EFCAB14,PLA2G12A,MRPL51,EVI2A
13162,PET100,CLSTN1,PTOV1,LSM6,GPR82,P4HB,AIP,TNFSF13B
13163,MYL6,STARD7,RNF166,FYN,RNF139,NPM1,TMEM126B,LST1
13164,MANF,SH3BGRL3,RANBP1,SNX14,SAMHD1,SMCO4,CD3G,ITGA4
13165,BTF3,ZNF593,STK17B,CEP68,IL27RA,GMPR,SUPT16H,ANP32E
13166,ADSL,HDAC7,NCBP2-AS2,IDI1,SEC61G,SQRDL,PCBP1,IGSF6
13167,DTD1,HCK,TRAF3IP3,GSDMD,CDKN1B,RSBN1L,FCER2,OS9
13168,YARS,C1orf122,SHFM1,SBNO1,LRP10,SDF4,CAND1,CTSW
13169,RSU1,SLC44A2,CD33,HAVCR2,CDC73,FOSB,PTTG1,IER3IP1-1
13170,WDR74,U2AF1,TNFRSF1A,ACO2,GLMN,CDKN1B,GIMAP2,NRBP1
13171,IQGAP2,CNBP,NOB1,EIF2S2,ACBD6,MAP3K11,SP100,PRMT1
13172,TSEN54,CHPT1,LEPROTL1,PTPN1,FBRS,SAR1B,VTI1A,EMB
13173,RPLP0,SLC15A3,C7orf55-LUC7L2,DYNLRB1,TPM4,YWHAQ,PHACTR2,CAT
13174,SRI,LINC00309,ZNF584,NDUFA1,UBA5,TIMM17A,QPCT,RPS9
13175,ERCC4,MAGOH,MRPL41,DDX23,WIBG,RP11-347P5.1,EMC4,FAM177A1
13176,RPN2,IRF1,SPTAN1,MSN,MITD1,HNRNPAB,PDCD5,COMT
13177,LMBRD1,MIR142,INPP4A,FRG1,NECAP2,TMCO1,PEPD,TYMS
13178,SNX5,SUCLG1,RNF113A,PIGH,IL7R,PPP1R18,DDX27,OCIAD2
13179,ZBED5,AKAP8,ADI1,MACF1,DCLRE1C,CD69,SPTAN1,CCBL2
13180,TSPAN13,VBP1,LCK,TARDBP,LINC00909,ARFRP1,C19orf38,MRPS15
13181,NAA50,RAB1B,MZB1,TRAPPC6A,LINC00847,RASGEF1B,ELL,NCOR1
13182,CBR1,LYPLA1,STK11,VDAC1,USF2,MRPS36,RAB2A,STOML2
13183,MED13,DESI1,SENP6,TMC8,CLN3-1,SENCR,LMAN2,ANXA2R
13184,RRP15,DAP3,RPS27L,HIGD2A,EIF3D,CAPN1,DDX42,NIT2
13185,FAM46C,OSBPL9,COX7A2,MVP,VPS13C,MSRB1,ERP44,LUC7L3
13186,EIF4E2,SLC25A6,PSMA2-1,EZR,SNX11,HIST1H2BJ,CHMP2B,RGS19
13187,TMEM18,FAM110A,SAMD3,ARFGAP2,KAT8,PDLIM1,MRPS26,ARPC4
13188,VKORC1,STAT1,WDR61,CSRNP1,TSPO,TRIM28,SMAD2,FMNL1
13189,IFRD1,PACSIN2,EPC1,PSAP,DLGAP1-AS1,BRE,CEBPG,RAN
13190,DYNLL1,IL12RB1,NDUFS3,NUP107,IMP3,AIP,PPP2CA,GGCT
13191,EIF3B,MS4A4A,PTGER2,NAPA,PPP6R2,VAPA,GNG11,KMT2E
13192,ALDOA,CLK1,SOD1,FIS1,PMAIP1,MARK3,MTX1,ITGB2
13193,BLK,ARHGAP4,GAS6,FKBP5,CCDC82,COA1,NDUFB3,SEPT7
13194,CNTRL,RHOB,COX16,NCL,FAM214B,TUBA1C,CYB5R3,SUMO1
13195,PLEKHF2,LENG8,USP10,PRKRA,RIPK1,PDCD2L,LYST,ENY2
13196,NUP50,ADH5,C16orf13,ISG20,DMTN,PDAP1,MRPS31,S100A11
13197,MRPS10,CCDC85B,APMAP,ARHGAP25,FLOT2,SUCLG2,SUMO2,C14orf119
13198,ARHGAP9,MRPL52,NUDT5,EIF3H,APBA3,HLA-DQA2,ARPC4,SYF2
13199,SEC61B,ROCK1,ATP5G3,C2CD4D,UQCR10,DERA,COQ7,HSPE1
13200,NOL8,NLRP1,KDM6A,PPP1R18,COX7B,MT-ND5,UROD,TNFAIP3
13201,AC092580.4,ORMDL1,SHISA5,PRSS23,CTB-31O20.2,SSR3,IFRD1,PMPCB
13202,DECR1,IFI44L,MRPL17,FBXL12,NARS,CSF1R,CLDN5,AKR1A1
13203,PCID2,NDUFAB1,CTNNBIP1,IL2RG,SPATS2,STAG1,MSN,OXA1L
13204,CLK3,CD300A,TRAT1,TRIM39,DUS3L,HNRNPK,ADRBK1,TTC1
13205,TRIAP1,COMMD5,CYCS,PPP2R5C,CAMTA1,CCDC47,CAMLG,AKR1B1
13206,CD247,DCTPP1,ROGDI,CTNNBIP1,SLC25A24,GYPC,TMEM8B,ARHGEF1
13207,UQCR11-1,CD2,NR4A2,TMEM160,FKBP3,RNASET2,GNAI2,OSTF1
13208,C12orf57,PDCD2,TAF12,DDIT4,SRPK2,DNPEP,ACRBP,HPRT1
13209,SP110,FKBP1A,TMEM123,CDC40,CD37,SEPT6,ARID4A,SSBP1
13210,FBXO8,MRPS7,PSENEN,ID3,INTS6,HPCAL1,HIST1H1C,C20orf24
13211,GMPR2,PARP4,POLR2L,RPS13,PTCRA,SCCPDH,LTA4H,TRABD
13212,NDUFA7-1,MPHOSPH8,NDUFB10,GPN3,OGG1,SSR2,PAPOLA,PIN1
13213,UBL5,CFP,MLEC,PANK2,CNTD1,LYRM4,PKIG,C1orf86
13214,CDV3,EMC8,LSM6,PPIG,KIAA0930,TCEA1,GCC2,SERBP1
13215,SDF2L1,PPP1R9B,CD151,CMTM3,TSG101,RABGGTB,RBBP7,MS4A6A
13216,SIPA1,ACTR2,DCTN3,POLD4,GUCD1,NMI,JTB,DCTN3
13217,IFITM1,NT5C,ARL6IP5,SORL1,STX16,DGUOK,PSMB9,SQRDL
13218,DUSP23,MT-ND6,BMPR2,EIF3E,BTBD1,TSC22D3,ATP1A1,MT-ATP6
13219,POLDIP2,TCEB2,CHURC1,ALDH9A1,SYPL1,SNRNP70,C1QB,SF1
13220,GPANK1,RRAGA,DERL1,MSH3,GPR18,RASSF1,ADK,APOBEC3H
13221,COMMD1,CNDP2,GBP1,GPX1,ZRSR2,MKKS,ELMSAN1,NOL7
13222,ATG3,ICAM3,NPM1,ZC3H13,B4GALT3,IFNGR1,XXbac-BPG299F13.17,ECHS1
13223,NAA20,TSPAN32,LCP1,PRPF19,ANP32B,RPL22L1,DAZAP2,ADPRHL2
13224,KDM2A,UQCRQ,ATP6V1E1,ZFAND2B,RALGDS,OSTC,POLR3GL,HSPA5
13225,ATP6V1E1,MAP3K3,CCDC25,DCTN3,PFKP,DPF2,USP4,TRAPPC2L
13226,OSBPL8,NDUFB6,CHP1,NDUFS3,NOSIP,MRPS12,PSMD2,PCMT1
13227,PF4,IRF9,C6orf226,NFKBIZ,ECSIT,RNASE6,DNAJC3,GDI2
13228,CHMP1B,PGP,CNDP2,DYRK4,SMYD4,CCDC124,CYB5R4,XBP1
13229,PRNP,GUK1,METAP2,SP100,YTHDF2,SLC2A6,COPS8,NAA38
13230,CHIC2,MADD,KIAA0020,TRA2A,RPL22L1,SUB1,PCGF1,AIMP1
13231,SET,NUP50,OPTN,THOC6,ARF6,EIF3D,ZFAND6,PSMC5
13232,GNL3,IAH1,STIM1,ARHGDIA,PTPRE,SLC40A1,PRMT2,FAIM3
13233,USP8,COX6B1,ST3GAL4,STX4,COMMD4,CASP1,CHMP3,SRSF11
13234,STX11,SGK3,CALR,ARL6IP5,GPBP1,ARHGAP15,TMEM261,SH3KBP1
13235,SNX2,CCZ1,MYEOV2,DYNLL1,MED20,EIF4EBP1,TMEM60,FUNDC2
13236,HVCN1,PLAGL2,DNAJA1,KAT6A,CLEC2B,NENF,FKBP8,ZNF706
13237,SEC62,FGFBP2,C19orf70,YTHDC1,GPS2,MRPL28,PTDSS1,TXNDC17
13238,DIAPH1,PILRA,MAEA,PPCS,ADSL,CSRNP1,NAP1L4,KIAA0101
13239,HLA-DQA2,ATXN10,SNX6,NCOA4,CABIN1,NANS,GLRX3,HDAC1
13240,UBE2D3,TXNDC12,RC3H2,RPA1,CHD1,BRD4,GM2A,PSMA5
13241,AKIRIN2,CA2,ACAT1,BTF3L4,FGFR1OP2,RANGRF,SLBP,ANAPC11
13242,FDX1,SNHG15,NDUFA1,ARHGAP15,MORF4L1,CARD8,USMG5,LSM6
13243,YWHAH,PAIP2,DBI,TRPV2,HAUS1,ARPC3,EIF3F,FUS
13244,ARL6IP1,RPS2,TRAPPC3,HSPB1,ISCA2,GAPDH,LGALS3,NDUFB1
13245,MRPL55,BAG5,PICALM,NSA2,H1FX,SLC39A3,RHOH,PSMB7
13246,P2RY10,DDX21,FTSJ3,LIMS1,GID8,DNAJB6,GOSR2,CMTM3
13247,PHPT1,LAMTOR4,PTCRA,CHRNB1,ZFP14,CXCL2,FGFBP2,HNRNPH3
13248,AAK1,SNX17,HSP90AA1,ELOVL5,KIAA1430,EVI2A,RBM8A,CCNB2
13249,CLN3-1,ATG4B,MLX,OAZ1,NIPAL3,MAF1,PPM1M,TOMM22
13250,ATRAID,CEACAM4,OXNAD1,RASSF5,TPT1,RAB4A,ADH5,DAZAP2
13251,SEC11A,NRGN,NHP2,TCL1A,BMPR2,FAM212B,HMOX2,TSPO
13252,RHOT1,IK,UQCRFS1,SNRPC,ACRBP,SEMA4A,NUDC,PSMA3
13253,SLC20A1,RPN1,MYADM,STX8,THOC1,FADS1,WHSC1L1,FYN
13254,CD160,LIMD2,SRRT,PLAC8,UBAC1,RP1-3J17.3,PIK3IP1,MAD1L1
13255,CDC42SE1,PSMB2,TMED9,CHMP3,MRPL18,YWHAB,NIN,RHOH
13256,CCNG1,C19orf38,AMD1,IL10RA,YBX3,WSB1,UBE2E1,PHF5A
13257,TIGIT,DERL1,LAPTM4A,PSMA7,COA5,SRRM1,SNAPIN,DDX46
13258,PAPOLA,CCDC18,ARPC4,SNHG12,ATG5,TMEM9B,TIMM13,AHCY
13259,DOCK2,NDUFB5,C3orf17,NDUFS5,NDUFS4,ZNF277,OPTN,NHP2
13260,MRPL9,TSC22D3,MIR24-2,CYTH1,PPP1CA,SRSF7,SLC25A6,CWC15
13261,RPS7,PA2G4,HMGB2,MAP2K7,PNO1,UBXN4,ALKBH2,PRR13
13262,RPS24,PIK3IP1,RPS20,RPS21,GADD45GIP1,DOK2,PCM1,ARGLU1
13263,SFPQ,HOOK2,C12orf75,IFIT3,FGD3,ERH,EIF2S2,ERP29
13264,HN1,PUF60,POM121,EBPL,UNC119,HMGN2,SDPR,SF3B1
13265,HNRNPR,C1QC,PPT1,ISG15,YIF1B,CBX3,MRPS35,C12orf75
13266,HAGH,TPMT,SH3KBP1,ATP5D,HEBP2,CYCS,TMEM40,SEC62
13267,EVI2B,GPR183,ALKBH7,SSR4,PRRC2C,MAGED2,PBXIP1,BIN1
13268,STX7,RIOK3,NSD1,CHURC1,MAGOHB,NEU1,FTSJ2,BLVRA
13269,GRAMD1A,TTYH3,STAT4,NOP56,SUGT1,AP2B1,WDSUB1,NDUFAF7
13270,HMGB2,PRCP,MORF4L2,SPINT2,GSDMD,IFI6,PIH1D1,ICAM3
13271,TAPSAR1,TTC3,CEBPG,CTDSP1,C12orf10,PNKD,UBL3,NUDT5
13272,REST,ERGIC3,POP7,GYG1,KAT5,SHKBP1,C11orf73,CD28
13273,CCL3,DDA1,MED10,FAM96A,OCIAD2,NKTR,KIAA0125,ATP6V0B
13274,ECHS1,CKB,STX4,LAPTM4A,C1orf123,TNFAIP8,COA3,IFI35
13275,SAT2,TPP1,CAPN2,UXS1,RPUSD1,LYAR,MS4A7,RASSF5
13276,SNHG8,IRF2,COMMD7,C19orf53,PPP2R1A,TMEM167B,HNRNPM,GPBP1
13277,DEF8,PTPRE,RNF126,MRPL42,PPP3CA,CCDC88C,CCNDBP1,SLC16A3
13278,LINC00116,ARIH2,TRABD,PYURF,SMPD1,ANXA2,TRAPPC6A,NDUFS2
13279,RPL36AL,ADA,NDUFA9,IFT20,CCAR1,PIM1,SETDB2,GLRX
13280,MRPL20,SNRPF,TMEM147,PSMD14,RPL39,RPS3A,TCF7,MRPS36
13281,STXBP2,KDELR2,SNRPD1,TAP1,NBN,MAP3K1,RANBP1,BUB3
13282,RER1,RAB2A,MYO1F,RP11-291B21.2,IL10RA,NR4A1,VOPP1,PSMA7
13283,DDX3X,PANK2,IDH3G,LYRM2,RGS14,ASGR1,YWHAE,EIF3M
13284,XRCC5,ATP6AP2,EMC6,LSM14A,CRELD1,SDF2L1,RAF1,SPCS2
13285,PSMB3,DDX18,CD40LG,ALKBH5,PSTK,C14orf166,CYTH2,LLPH
13286,ATP1B3,GNG11,FLNA,AKAP9,TCEA1,OCEL1,PRAM1,DENND2D
13287,YME1L1,ID2,UBAC2,BTN3A3,SH3BGRL,PGRMC1,PRPF31,CCT3
13288,SERGEF,MCL1,SF3A3,TMEM59,ECHS1,ALKBH5,SPSB3,SRP14
13289,TUBG2,EIF3I,CIAPIN1,UBA2,STK16,GGCT,RNF144B,LYAR
13290,IQGAP1,HSP90AB1,CD3G,DDX56,WDR6,SEMA4D,IER3IP1-1,SMIM19
13291,RAP1B,EMP3,NDUFB9,BANK1,YWHAB,SEC61B,NINJ1,TCEA1
13292,ILF3-AS1,THRAP3,STMN1,ABI3,MYO1G,NCKAP1L,SMAP2,SLAMF6
13293,ZDHHC6,ACADVL,FES,PCNP,EMB,AKAP9,PPDPF,LMAN2
13294,CHCHD5,EMC4,MSRB2,IRAK4,SYTL1,VDAC2,KLF6,SSBP4
13295,GIMAP5,NOL7,CAP1,FCGRT,TIGIT,RSAD2,MMP24-AS1,TANK
13296,TSPAN3,DDX54,DNAJB1,KIF5B,SERINC1,RP11-139H15.1,RAB10,CHCHD1
13297,ST3GAL1,NFATC2IP,CCND3,NFU1,CCDC28A,ZNF22,COPS6,ARL6IP1
13298,TAZ,ALKBH7,SPINT2,IGJ,DHX36,SMOX,CD14,TMEM59
13299,GGNBP2,NDUFA5,INPP5D,DRAP1,ZNF212,ATP5D,RALBP1,NAPRT1
13300,PPP1R2,HINT1,KLF4,CCDC12,FKBP8,BLOC1S4,SF3B5,SDCBP
13301,FKBP3,TYROBP,RCAN3,C19orf52,AEN,MLF2,FAM65B,RNPS1
13302,SDF4,ATP6V0B,DNAJB6,HEXA,MKRN1,AUP1,NDUFV3,PCBP2
13303,SNX17,CLIC1,C19orf66,PSMD13,STARD7,CCDC59,TMEM176B,RRM2
13304,UBE2I,METRNL,LGALS3,ARPC5,MZT2A,YWHAZ,FCGR2B,PCBP1
13305,NKAP,LILRB2,RAD23A,LSM2,ANAPC15,CCNDBP1,LCP2,NUDT21
13306,CHCHD7,VKORC1,ARID4A,CRIP2,ALG5,TGFBI,CD3E,SNRPG
13307,CHCHD10,TPGS1,KDELR2,ASAH1,TOMM7,CLDN5,TRA2A,BTN3A2
13308,XCL1,ATP5EP2,CCT8,PTRHD1,POLR2K,C9orf89,RPUSD4,LRRFIP1
13309,LTA4H,MRPL45,GNB2,PSMD7,PEMT,RAB28,RP11-796E2.4,ACAP1
13310,PLRG1,NUDT16,RHOC,SOD2,MGST3,CYC1,GZMH,CEBPD
13311,TEX264,ARHGDIA,UFD1L,LINC00176,BTN3A1,BRK1,LUC7L,RNF7
13312,MCL1,MAFB,FOSB,RILPL2,ZC3H8,UGP2,ARPC2,RP11-139H15.1
13313,RPL7,CTSL,NCKAP1L,USP14,HNRNPH2,PTPN18,BLVRA,ST13
13314,SIVA1,MRPS15,NUCB2,PHF20,BAD,HNRNPD,CLTA,EIF3F
13315,YPEL3,ASNSD1,SPAG7,IFI6,PRDX6,EEF1G,HDAC1,LSM5
13316,TC2N,MFNG,IL10RA,HNRNPA3,NUDT21,NDUFA8,NOL7,H2AFY
13317,SNRPA1,NXT2,NRGN,APBA2,SRRM1,EGLN2,EEF2,ATP5D
13318,RFNG,OSCAR,RNF5,NDUFC2,SRSF5,DIAPH1,MTMR11,UXT
13319,SAFB2,PPP2R3C,VPS29,IFI44L,TRIM16L,XRCC6,PPA1,IFI30
13320,RNF126,IL4R,KRT10,ANXA5,GRPEL1,PLBD1,ANXA4,EPSTI1
13321,NDUFB3,MRPL55,SEPW1,RPL11,MYL6,SSU72,GUCD1,C17orf62
13322,MRPL36,C1orf63,H2AFJ,TRADD,SPG21,VPS26B,CES2,CACYBP
13323,GLG1,HIST1H2AC,SBNO1,TNFRSF4,RPSAP58,SEPW1,PARP1,CD164
13324,TSTD1,COPS6,TPRKB,HMGN3,REL,ERI3,GBP2,PSMB6
13325,RHOA,MGST3,FKBP2,CCDC85B,URM1,YWHAH,C12orf57,FAM49B
13326,SETD3,RPA3,TMBIM4-1,FMNL1,MOB1A,ARF1,CC2D1A,GZMB
13327,TOMM7,C21orf33,MRPS25,BCL11B,ALDOA,CD300C,DDX17,SASH3
13328,RPL23,AKAP13,SRPK2,PABPC1,PRKCB,ZFP36L1,PLGRKT,DDX39A
13329,POLR1D,SIVA1,PQBP1,DEF6,TSC22D1,LINC00493,TFEB,SP100
13330,KLF2,G0S2,PARK7,RPL10A,EZH1,DAD1,EMB,KCNAB2
13331,CAP1,TAPBPL,SNRPE,HSD17B10,BTN3A2,RNF130,ATG4C,TUBB
13332,CFL1,RBX1,PIK3IP1,PCMT1,UBE2A,SOCS3,BLOC1S4,PSMB10
13333,ADA,TXNIP,CARD16,RP11-66N24.4,C9orf16,SRSF9,LYPLAL1,MRPS18B
13334,RABAC1,SEPT9,TBCC,SHARPIN,GOLGA4,MRPL54,ANXA2R,PSMC3
13335,ITGB2,C5orf56,LRRC26,CCM2,WDR43,GP9,TWF2,WSB1
13336,AP1S2,DUSP6,PDIA3,UBALD2,SVIP,ARHGEF40,C7orf55,GIMAP1
13337,TXN,PQLC3,TBCB,DDX50,EVI2B,PFDN2,NOP10,MZT2B
13338,PSME2,CD302,VCP,U2AF1,BATF,TXNL1,SORL1,S1PR4
13339,TIMM17A,ASCL2,ABI3,CANX,CD3E,TCF7,RAP1B,CYB561D2
13340,UBE2G1,MAX,BZW1,SELPLG,HIST1H1C,GMPR2,ADIPOR1,PHF14
13341,IDH3G,SHMT2,MGST3,ITGB2,NOTCH2NL,CALHM2,EHD1,RSL1D1
13342,PFDN1,NDUFA1,FUS,CGGBP1,HERPUD1,MARCKSL1,HNRNPF,LSM10
13343,WAS,LYSMD2,SLC35B1,RBM6,KIF22,TGFB1,IKZF1,SRP19
13344,UNC45A,PSME2,NENF,POP5,PCGF5,COA6,RPS27L,HNRNPM
13345,TBC1D1,HMGA1,DNAJC9,DEDD2,TGOLN2,RPL8,CHMP6,PPP1R18
13346,OGT,PRPF18,NBR1,FAM162A,MARCH6,MAPK14,TMEM123,SF3B5
13347,CAMLG,SEP15,UBC,AKR1C3,SDHD,PDCD6,YBX1,MRPL44
13348,SSU72,LGALS3,RPS26,SDHB,RHOH,IL17RA,ACIN1,HINT2
13349,JMJD6,RASAL3,SON,TXNDC12,AP3S1,IGSF6,TUBA4A,RNASEH2B
13350,DUT,MAP1LC3B,ABI2,EIF3G,TBC1D10C,THOC6,LSMD1,EIF3H
13351,GADD45GIP1,ARHGEF1,ANXA5,IL2RB,MRPS31,PEBP1,TGFB1,TSTD1
13352,ERP44,CAPNS1,CHST12,TRMT112,C12orf57,SRSF4,FOLR3,STK4
13353,SNRPG,MTPN,GNB1,MRPS21,UBTF,CD164,TMA16,LGALS9
13354,MGRN1,RAB4B,H2AFV,CHMP4B,PTGES2,IL2RG,PAIP2,CCL3
13355,EIF2S1,TMED2,SERPINB6,TXN2,GNG5,RAC1,MARCKSL1,EVI2B
13356,SUMO3,TXN2,RGCC,CORO1B,GPR108,SCO2,LDLRAP1,SSR2
13357,NDUFB11,ORAI3,ZNF706,PRPF8,TINF2,TMX1,NR4A2,TTC39C
13358,SRP19,PLEKHO1,POLE4,IDH3B,EVI2A,SMC4,TRIM14,TNFRSF1B
13359,GRN,NAPRT1,RNASEH2C,C1orf43,URB2,ADSL,IRF3,ARPC5L
13360,SPON2,MYOF,FGR,IK,C11orf48,ATF6,TNFRSF1B,KRTCAP2
13361,GNAS,SEPT7,LLPH,EEF1G,CMTM7,RANBP1,AL928768.3,PDCD4
13362,MRPL32,PSMB10,POLR3GL,DNTTIP2,TMEM147,HNRNPC,U2SURP,TMED2
13363,SPN,RIN3,BIN2,SCML4,CHD4,TMA7,CSK,PYURF
13364,MYH9,TMEM167A,IFITM1,EFHD2,ARPC4,RPL22,APBB1IP,ARRB2
13365,C10orf32,EIF4G2,CHMP5,IMPDH2,HSD17B11,NDUFB11,BUB3,DDAH2
13366,ARPC1B,FAM49A,EFHD2,LPAR6,GGCT,GIMAP7,THOC7,PARK7
13367,DUSP1,CDKN1C,APOBEC3G,TXK,UTY,PLCB2,BRK1,CXCR4
13368,ABHD14A,COX7A2,PDIA6,VASP,TUFM,TUBA1A,MRPL18,GSDMD
13369,OST4,EIF5AL1,LYPLA1,BPGM,MS4A1,CITED2,RAB1A,ATP6V0E1
13370,ENO1,TAOK3,APBB1IP,ZYX,EXOC4,UCP2,CAPN1,EIF4H
13371,C11orf48,YPEL5,VPS13C,SEPT1,EIF1AY,RPS10,SRI,PPP2R5C
13372,G6PD,ARL4A,DUSP2,CAND1,MMADHC,RENBP,CHMP1B,APEX1
13373,PSMF1,HDDC2,NDUFS6,EEF1A1,TMEM106C,ODC1,PIGT,MAGOH
13374,CXXC5,PDIA3,TMEM230,SPAG7,SOD1,PLAUR,NDUFS5,RPL13
13375,PRPSAP2,AIMP1,DNAJC8,PSMB10,RIOK3,CA2,MYH9,GIMAP5
13376,TSPO,LDHB,DCTN2,HLA-DQA1,RNH1,XRN2,CTSD,ITPA
13377,RP11-220I1.1,ARFGAP3,SEC61G,CCZ1,RIT1,NDUFB10,TRAPPC2L,GZMH
13378,RAB11B,RBM39,PASK,AIF1,LCK,POLR1D,METTL21A,CCNB1
13379,SCP2,PLSCR1,C20orf24,FLT3LG,IFIT1,MFSD1,PSMB6,BIRC5
13380,PSMD8,CD47,LSM1,ERBB2IP,TMCO1,CNPY2,VAMP2,CD69
13381,PLEKHA3,DDX46,TMED10,PNRC1,TPM3,AKNA,VAPA,PSMD4
13382,HSPA5,SLA,SF1,NUDT1,PET100,CD97,NDUFB7,PMVK
13383,CLTB,GABARAP,MSI2,PTGDR,RSL1D1,UBA52,LILRB2,PPA1
13384,TECR,CSDE1,ALDOA,EMG1,COG3,GNLY,SWAP70,GSTK1
13385,RBM25,SELL,PRDX2,ERICH1,COX16,DGCR6L,MPC1,TMBIM4-1
13386,TXNL4A,VCP,AP2S1,CCT4,CALM2,RPS29,AHNAK,NOSIP
13387,BTN3A2,CD55,CISD3,PTOV1,TMEM259,ANXA4,YWHAQ,HCST
13388,POLR2F,TAX1BP1,GNAI2,API5,RABGAP1L,RGS2,CYBB,EWSR1
13389,MRPL28,SPI1,ARL5A,SEP15,RGS19,RTFDC1,NSA2,FAM107B
13390,TOB1,PRDX2,RTN4,ITGA4,DGUOK,HHEX,UXT,H2AFV
13391,FNTA,VDAC1,VPS51,ATG12,IER3IP1-1,MYADM,MRPS23,PDCD2
13392,AP2S1,IGLL5,GIMAP1,SNHG15,PABPC4,FLYWCH2,CUL9,CNPY3
13393,ACADM,GIMAP5,POMP,PIGT,NDUFS6,YBX3,MRPL32,TMBIM1
13394,ECH1,RPS10,ANAPC11,PASK,BIRC6,CLTA,WIPF1,DECR1
13395,IFI27,PSMA3,RNF181,POLR2G,CCDC53,SIRPA,IFITM1,PNISR
13396,MRPS16,IDO1,RPL7A,LRCH4,ARPC1B,SCAND1,IFI35,RNF181
13397,METTL8,PABPC1,CRIP1,H2AFZ,PEX19,UBE2D2,ENSA,SLC25A5
13398,HSP90AA1,PSIP1,RNF7,TTC39C,VIM-AS1,COX7A2L,EMC7,CTC-444N24.11
13399,SMDT1,CLEC2B,BRI3,SLU7,NAP1L1,HIST1H1C,TPGS2,DNAJB1
13400,NDUFB10,STX8,SVIP,ITGAE,ZNF428,LY86,KIAA0930,POLR2J
13401,PDAP1,FMNL1,CALM3,RASGRP2,SPCS1,LMNA,GTPBP6,DEK
13402,RPL36,SNHG8,FKBP3,BIRC3,FXYD5,CLEC7A,KIF5B,USMG5
13403,C1QBP,VPS28,CITED2,EMC4,FERMT3,HSD17B10,ITGA4,CASP1
13404,LINC00926,MRPS16,DAZAP1,DCXR,MID1IP1,RPS3,SRSF5,CAPG
13405,PIM1,SERBP1,PGLS,TAGAP,SLC35B3,MIEN1,KHDRBS1,EEF1G
13406,CIRBP,EIF2S2,TMEM109,ANAPC11,ST3GAL4,PSMD7,NDUFB2,SS18L2
13407,ARL14EP,MED10,TSEN15,CCDC107,NDRG1,PHPT1,CAST,SDHC
13408,CYTIP,ZNF706,RPL36A,TADA3,HLA-DMA,DBI,VAMP5,TBCB
13409,RSAD1,C1orf123,PRMT2,ADSS,NFYC,PTPRA,EVL,THEM4
13410,GLTSCR2,GHITM,LAMTOR2,HLA-DPB1,NEMF,IFRD1,CASP4,SNRPB2
13411,FAM98A,CMTM3,PHKG2,RGS10,SNX17,ILF3-AS1,VPREB3,HSPA8
13412,SDHAF1,PDCD5,BABAM1,SREK1IP1,NUDCD2,SF3B14,HNRNPR,CYBA
13413,SNHG7,C5AR1,PRDX6,COTL1,VPS53,MZT2A,UTP6,ETFB
13414,PFDN6,DEK,PNRC1,XRRA1,ATF7IP2,FAM65B,RNF135,KHDRBS1
13415,ATP5I,TSC22D1,YIF1B,SON,SNRPD1,CNPY3,ACTR3,RPLP0
13416,PILRB,CHMP2A,SET,TNFSF10,SNORA76,FAM50A,SIGLEC9,EEF2
13417,HNRNPH1,RAN,AP2M1,HSH2D,U2AF1,JUND,MOB1A,LGALS1
13418,TMEM147,POMP,CYTH4,NELFB,GIMAP5,ZFP36,GLUD1,POP4
13419,FXR1,CCT6A,FOS,ITGB1,NDUFB3,NUMB,ADD3,RPL41
13420,FAM173A,PTPRCAP,TMEM14C,GBP1,ATP5G1,BLOC1S1,ARF6,CCNA2
13421,TNFSF13B,TSPO,FYN,PTGER4,INO80C,SERP1,NHP2L1,ACTR3
13422,HLA-DMA,GPS1,IDH3B,SAT1,PRELID1,COX6A1,C14orf80,MMADHC
13423,MX2,GZMB,POLR2J,RHOG,MINOS1,CCNI,ZFP36L2,SEC11A
13424,TRNAU1AP,GINM1,PPP1R14B,TPGS1,ACAP1,ZSWIM7,FXYD5,SDHB
13425,IL16,SULT1A1,ATP6V1H,RPS15A,BAX,ANXA1,RHOB,SON
13426,MT-CYB,SMDT1,USP33,S100B,PITHD1,PRDX6,RPL36AL,NEMF
13427,GSTP1,ATP6V0E1,TIMM8B,ANXA6,GNG11,STX11,GIMAP4,C1orf162
13428,GMFG,HNRNPF,GIT2,SAAL1,LINC00152,PGK1,HOPX,APOBEC3G
13429,HAUS1,C4orf3,ASB8,ORC4,EIF1B,HLA-E,PARVG,PGAM1
13430,TLE4,TAF10,MCL1,LARS,PLP2,TSC22D4,TANK,CTSH
13431,LINC00152,GTF2A2,ATP5H,TCEA1,ST13,SUPT4H1,C6orf48,MDH2
13432,HSD17B11,AKR1A1,THOC6,OLA1,RPS25,CWC15,HN1,RBM8A
13433,CASP4,CNIH4,CLEC10A,SEPT9,PLD4,CARS2,SCPEP1,TUBA1A
13434,OS9,GRINA,PABPC1,PMVK,DESI1,CTSZ,ENTPD5,LINC00936
13435,SNX3,CLU,WBSCR22,WHSC1L1,MPV17,RGCC,FAM63B,ARHGAP9
13436,MSI2,LSM1,EFHC1,XCL2,MAPK13,NEAT1,RSRC2,CALR
13437,DCAF11,PNISR,IRF2BP2,C11orf31,NAA10,SRM,BTN3A2,KLF2
13438,HNRNPK,NINJ1,POP5,RAB34,OFD1,CHCHD5,RAN,EZR
13439,UBB,GAA,SRSF3,HLA-DPA1,CASP1,RPS5,RNF114,EIF4A3
13440,CRTAP,XAF1,VAMP2,S100A9,CHMP5,ESAM,SERBP1,CD37
13441,XCL2,DARS,MIF,TGFBR2,AMICA1,SIAH2,IFNGR1,UQCRQ
13442,PPP2R5A,LEPROT,MRPS21,NDUFB11,CRIP1,EIF3E,H2AFZ,CD2
13443,SERINC1,RHEB,APP,PRDX1,SHISA5,CCT5,YAE1D1,APOBEC3A
13444,TKT,MOB1A,ANTXR2,LSM1,SEC61B,DYNLT1,HSP90AB1,SRSF7
13445,KLHDC2,APEX1,METTL9,ARVCF,RBM14,LILRA5,CHMP4A,HN1
13446,ENSA,ANP32E,ITM2B,PTPN6,SRP14,DHPS,SRRM2,RPL39
13447,MT-ND3,DDIT4,HLA-B,ATP5O,MRPS9,NUDC,HIST1H2AC,SUB1
13448,HIST1H1C,POLR2C,PSME2,SLC38A2,TUBB1,PPP1CA,SOD1,SQSTM1
13449,GADD45B,EIF4A2,EIF4A3,MYADM,VDAC2,DNAJC7,UQCRC2,CASP4
13450,IFITM2,CCT4,TNFSF13B,PIM2,MDH2,CYTH4,TKT,NOP10
13451,DENND2D,MT-ND4L,GSN,GLOD4,PRR13,EWSR1,ECH1,CCT8
13452,BCAP31,LIMS1,MZT2A,MRPS36,USP19,HMGB1,CCDC109B,CD247
13453,PYCARD,MFSD12,ZNHIT1,NPC2,S100A8,SGK1,TMEM173,CITED2
13454,CD53,PPIA,G3BP2,SSR2,CPNE2,BNIP3L,PPP1CA,LITAF
13455,CCDC107,GLTSCR2,GUK1,MOB2,PDIA6,ALDH2,BAZ2A,MDH1
13456,RPS16,MNDA,FKBP11,SERF2,MRPL51,TMEM66,RPA2,ATP5F1
13457,NDUFA6,PCBP2,SDHAF2,APEX1,POLR2C,GNG5,GRAMD1A,PRF1
13458,COA4,H2AFY,CHCHD2,TMEM141,PHB2,SEC62,SUMO1,GYPC
13459,MZT2A,NUCKS1,H2AFZ,RPS10,CDC42EP3,RNF181,EAPP,RNASET2
13460,CTSD,CALM3,ORMDL2,MAT2B,TMEM123,CD63,CD53,CCT5
13461,GNB2L1,BIN2,FAM96B,SERPINB6,C18orf32,BANF1,FLNA,LMF2
13462,EIF4A2,NCL,TUBA1A,TFG,SQRDL,BUD31,WDR77,TXNIP
13463,TRPC4AP,NDUFS5,CPVL,DEGS1,PTPN18,CLTB,LILRB3,ATP6V0D1
13464,CHST12,DCTN3,ZNF428,CCR7,DNAJA3,GLG1,HCST,GUSB
13465,EEF2,SOD2,ILF3,MARCKSL1,MRPL55,AC147651.3,CTSW,FAM96B
13466,HTATIP2,PSMG2,MRPL23,PPT1,ODC1,EIF3J,POP4,SAMHD1
13467,STK11IP,LYN,COX5B,GLO1,DHPS,METTL9,PRF1,HLA-DQB1
13468,P4HB,BAX,COX6A1P2,NAP1L4,KIF3A,CD48,IRF1,SEPT1
13469,MMADHC,TMEM14B,FBXO21,ERP29,HIST1H2AC,CAP1,EDF1,NDUFC2
13470,BLOC1S1,CEP85L,IK,STAT1,CNPY3,CD14,CRIP1,PSME2
13471,PWP1,SDPR,PSMB3,GNB2L1,LSP1,PCGF1,ARHGDIA,RPL12
13472,SAMD3,ATP5B,SSNA1,UBE2B,C14orf1,NDUFB1,RASGRP2,TMEM258
13473,SDHAF2,EIF3H,CLEC4C,COX5B,TMEM261,C12orf57,ARL6IP5,PRDX1
13474,UFC1,RPS26,FCGRT,PTPN2,PRPF31,COQ7,ZFAS1,ID2
13475,CALM1,ACP1,COX6B1,ATP6AP2,SDPR,SPG21,MRPL20,AIF1
13476,RCN2,PTGES3,KTN1,TIMP1,CDC37,RPS28,SEPW1,UBE2L3
13477,WTAP,SH3KBP1,C19orf10,RPS18,PARL,MT-ATP6,ISG15,CD7
13478,PGAM1,MX1,IL1B,RBL2,TEX264,UBE2D1,NDFIP1,CD48
13479,TMEM248,ATP5A1,DSTN,KARS,ERP29,RHEB,LGALS9,FAM26F
13480,PSMB2,MYO1G,BRK1,EEF1D,RAB5C,HSD17B11,PSMD4,TBC1D10C
13481,ANAPC13,DBNL,C12orf57,TYMP,FCN1,ZNF703,TRAF3IP3,RPL27
13482,MKRN1,SNW1,CCL4,SH3KBP1,STAMBP,UBXN11,BTG2,HNRNPR
13483,RPL37A,LCP1,NDUFAF3,EVL,CORO1A,RPS7,HMOX1,HNRNPDL
13484,WDR83,GLG1,SRSF7,CAPG,ATP5C1,SSR4,ASB8,EIF3D
13485,PRR4,ARPC5,COX7A2L,LYPLA1,TUBA1A,ZFAND5,ZNF544,TIGIT
13486,KLRB1,RPS6,RARRES3,TRABD2A,SIT1,TMEM50A,STK4,MYO1F
13487,RPS5,MORF4L1,UFC1,SF3B1,TIAL1,FPR1,LRRFIP1,DBI
13488,TCL1A,GLUD1,TMA7,ATP1A1,C14orf2,GNAS,DECR1,ATP5H
13489,ADRM1,STK10,CFP,EMC3,SLC25A6,CEBPB,CFL1,SAMSN1
13490,HLA-DMB,ZNF330,ITM2C,GIMAP7,HMGCL,GSTK1,EFHD2,U2AF1
13491,ERGIC3,UBB,ARF1,RGL4,CALM3,CTD-2035E11.3,UBXN11,CD44
13492,NDUFB8-1,PGLS,CD63,ATAD1,SELK,CORO1A,HSP90AA1,STX10
13493,RNF14,DUSP23,SCT,EIF4H,DNAJB14,CTSC,SRSF9,UBE2L6
13494,SH2D2A,COPS5,KLHL6,HLA-DRB1,DEK,MRP63,EIF5B,ZBTB8OS
13495,C15orf57,CCL4,COX6A1,CYLD,KTN1,MGMT,PRR13,HCLS1
13496,FAM96B,ZMAT2,UBL5,LSP1,KMT2E-AS1,ST13,SP140,CORO1B
13497,CMC1,PSMB9,IFITM3,SOCS3,NOB1,CAPZA2,XRCC6,STMN1
13498,TUBA1B,PSMD11,RPS3A,UCP2,PARP9,NFE2,TNFSF13B,COX6C
13499,AP3S1,ZYX,ARHGDIA,MPHOSPH8,POMP,ATP5J,PRKCB,RPS29
13500,RTFDC1,VAMP2,CCL3,LDLRAP1,LST1,EEF2,DOK2,SRP9
13501,IGLL5,GADD45B,NEAT1,CTSS,VPS26B,PTMA,NANS,TYROBP
13502,OSTF1,VMP1,TUFM,MRPL21,RPL34,CEBPD,RPS29,GNAI2
13503,RAB8A,VDAC3,TSG101,COX7C,RPL35,MZT2B,IFITM3,CYCS
13504,SYNE1,PRDX1,S100A8,ARHGAP30,FAM96A,LYZ,AQP3,OPTN
13505,LSM7,KARS,CAPZB,SF3B5,OST4,RABAC1,CELF2,CUTA
13506,RPS19BP1,GIMAP2,GPX4,DSCR3,HNRNPR,COMMD6,HSD17B11,RPS10
13507,RPL6,ATP5G3,ITGB2,FOSB,TACC1,CLNS1A,EAF2,ARHGDIB
13508,SFT2D1,SPRTN,PCSK7,DBI,RNF149,RPL41,HNRNPH2,RBMX
13509,MYLIP,OST4,PTGDS,ITM2B,PKM,POLR2G,NAAA,VAMP8
13510,CD3G,RPS29,CEBPD,DARS,RAB9A,MAP3K7CL,SHISA5,CSNK2B
13511,CITED2,SERPINA1,NDUFB2,OAS1,ADH5,IL32,CALM1,PLAC8
13512,CYB5A,SERF2,STRA13,THRAP3,HMGB2,RUFY1,PCNP,ANXA5
13513,HNRNPDL,TYMP,RPL23,ENTPD3-AS1,AIF1,EIF5,ST13,ATP5O
13514,FCN1,SRSF3,SUN2,SMARCA4,SSBP1,TNFSF13B,CD27,CEP85L
13515,PSME1,DTYMK,ID2,RHOC,RPN2,POLR2J,RCSD1,LGALS2
13516,CCT5,HMGN1,FAM49B,PDCD6,SPOCK2,CAPZB,IL2RG,EIF3L
13517,C11orf58,PKM,MRPL14,NOL7,UBE2I,GTF3A,NDUFA12,HNRNPA0
13518,RAN,ZNHIT3,S100A11,EMC7,ZNF622,IFI27,POLR3K,CST7
13519,CEBPD,CAMK1,GZMM,ARF5,PTP4A2,MRPL20,TBC1D10C,RPS21
13520,SUN2,RGS19,EID1,FKBP1A,ANXA5,POLR2L,MANF,PMAIP1
13521,RNPEPL1,MTCH1,C10orf54,TAGLN2,RPL37A,ARF5,CCDC23,COX6B1
13522,SEPT7,RAB11B,MZT2B,LIMD2,ZBTB8OS,NDUFB8-1,RPL36,UBXN1
13523,GLRX,GIMAP4,M6PR,ETHE1,WHAMM,FXYD5,CD7,ATP5J2
13524,SLA,DNAJC15,GZMK,HMGN1,SSBP4,RPL19,ANAPC5,FOSB
13525,TBCA,OAS1,EOGT,RNASET2,RPS11,ANAPC16,PGRMC2,ATP5C1
13526,HSP90B1,NAP1L1,ARPC1B,LAMTOR2,POLR2I,RPS20,CORO1B,LSP1
13527,ATP5J2,METTL13,CD44,GRAP2,IGJ,RBCK1,CST7,ZFAS1
13528,POLR3K,SRSF7,SRSF2,RBM8A,GLB1,AP2S1,SGK1,COQ7
13529,HENMT1,CUTA,CD247,BZW1,NPC2,CPPED1,CDA,UCP2
13530,CALM2,NME3,CD8A,MS4A1,POLR2J,BLVRB,LINC00926,JUN
13531,NDUFA11,UBE2L6,PHB,PTPN7,RBM7,HSPA5,PDIA6,COX5B
13532,REEP5,CCND3,RPS16,SRP72,IFI6,NHP2L1,NRGN,GPSM3
13533,SLC25A5,POLR2I,EIF3G,TMC6,ABHD3,SAT2,PRDX5,IER2
13534,RALY,ANKZF1,NDFIP1,HP1BP3,TRA2B,LTB,ATP5C1,UBE2D3
13535,OCIAD1,TIMM13,BID,IGFBP7,C14orf80,NDUFS7,EIF2S3,PYCARD
13536,TPT1,ACTR3,PLP2,YWHAZ,TRAM1,TMEM256,FAU,PTTG1
13537,SLC3A2,HNRNPA2B1,CXCR3,SNF8,NARF,THEMIS2,C9orf78,HNRNPA3
13538,INTS12,UFC1,ATP6V1F,SRRM2,RPS4Y1,RPS2,RP11-211G3.2,TMBIM6
13539,RSF1,CSK,LAMTOR1,TBCC,MT-ND1,ARPC2,LCK,SELL
13540,ZNF92,GLRX,BAG1,TMEM230,RGS10,MMD,CNN2,C11orf31
13541,HNRNPC,RASSF5,C9orf142,VPS28,MAP3K7,TRAF3IP3,SYF2,ARL6IP4
13542,GUK1,CD53,SLC25A5,C6orf48,RGS1,TIMP1,ZNF207,LDHB
13543,CD48,ISOC2,MORF4L1,JTB,RPL36AL,BTG1,RUFY1,SRSF5
13544,METTL9,RAC2,C19orf60,NSMCE1,SSNA1,LAMTOR1,ANAPC16,RPL22
13545,COPS6,ATP5I,C1orf162,RPL23A,EPSTI1,CSF3R,UBC,GIMAP4
13546,CMPK1,AP1S2,ZFP36L2,CCDC109B,ATP5E,TRIM14,SERPINA1,EVL
13547,RPS2,CCL5,COX8A,GIT2,PTPRCAP,JUN,SLC7A7,PSMB8
13548,PSMA7,LAP3,ABRACL,ATXN7L3B,GSTO1,PHACTR1,NPM1,PSMA2-1
13549,NFE2L2,RP11-792A8.4,WDR1,CPQ,ZFP36,C1QBP,CCDC12,LIMD2
13550,SMIM7,LYL1,TMEM59,SPON2,NANS,GSTP1,METTL9,EID1
13551,TAGLN2,TUBB,DHRS7,CD40LG,C1QBP,RPS27,SRRM1,HNRNPA2B1
13552,FUS,ARF6,SH3BGRL3,FAU,DNAJB1,HMGB2,CCDC94,RGS2
13553,PLEKHF1,PPIB,ARL6IP4,UBXN4,FKBP1A,SNRPD1,STK17A,COX7A2
13554,DPY30,RPS5,FBL,OCIAD2,LTB,TMEM40,RRP7A,LCK
13555,FLOT1,ICAM2,SRP9,STK17B,KRAS,TMEM219,S1PR4,PSME1
13556,HNRNPA1,EIF3L,C9orf16,RTN4,NAP1L4,MPP1,IGLL5,FCN1
13557,STOML2,PRR13,STK10,DNAJA1,RPLP0,HIGD2A,ATP5I,ZFP36
13558,APOBEC3G,FKBP8,CD7,LAT,NEDD8,IL8,IGBP1,TOMM7
13559,CD63,CSNK2B,CUL4B,GALT,CHCHD10,GPX1,NDUFA13,TUBA1B
13560,RAD51B,C9orf16,SEC61B,MT-ND2,CUL4B,RGS10,RPL26,RPSAP58
13561,CCL4,STX7,PLD4,SUPT4H1,RBX1,VPS29,MYADM,THOC7
13562,NKTR,RPS3A,NOSIP,IGBP1,COPS8,RPL35A,OST4,CCNI
13563,TAF7,RPL36,TMEM66,FERMT3,CTSS,BTF3,ARPC5,IFITM3
13564,C16orf13,CASP4,ARL4C,PTGES3,TALDO1,APOBEC3B,GZMK,EEF1B2
13565,CLIC1,ATP6V0D1,PRF1,ICAM2,PEBP1,SNX3,LSM4,GNLY
13566,RPL18A,CIRBP,NDUFC2,TTC8,ZNF836,WDR83OS,PSMA7,CNN2
13567,AHSA1,TUBA1B,COX5A,MRPL23,NDUFC2,MS4A6A,C19orf43,LY6E
13568,ATP5E,COX7C,GIMAP5,CSNK2B,MT-ND2,ST20,GZMA,ARPC2
13569,EID1,RPL27A,TUBA1B,POLR2E,S1PR4,NAAA,CBX3,NEDD8
13570,SNRPF,CCT7,CD99,NDUFA12,ATP5G3,RAP1B,AES,IFITM1
13571,PLEK,UBC,SPSB2,DERL1,STK17A,NDUFB9,ANXA6,RPL27A
13572,TMEM165,CASC7,DNASE1L3,RPS23,HSP90AB1,EIF3F,ABRACL,ZFP36L2
13573,SPSB3,CD44,ATP5B,TRIT1,HLA-DQB1,CCL3,GMFG,CD27
13574,GLRX3,RNH1,TIMP1,RPL29,PPP2CA,KLF2,RBMX,CST3
13575,EIF1,GDI2,MT-CO1,EIF3I,PFDN5,SRP14,CCDC85B,RPL23
13576,NDUFV2,LSP1,IER2,CHMP2A,COX6C,NCOR1,PTPRCAP,CD52
13577,HLA-F,ENO1,MT-CYB,LUC7L3,CD79A,TOMM7,RPL35A,MT2A
13578,C9orf16,EFHD2,MS4A6A,RPS9,TMEM258,ATP5G2,HLA-F,EFHD2
13579,BSG,B2M,PTPRC,XBP1,NAA20,TBCB,CHTF8,SRSF3
13580,FXYD5,CYTIP,LILRB4,CLIC3,TGFBRAP1,ZBP1,KLF2,S100A8
13581,TYROBP,VASP,CLIC3,EGLN2,PRDX2,SELT,APOBEC3A,CD53
13582,GHITM,PLAC8,TRAPPC1,TOMM20,HLA-DQA1,FGR,SNX2,RPL36AL
13583,PNISR,NKG7,CIR1,CD79A,CXCR4,RWDD1,FPR1,SLC25A3
13584,LAMTOR4,HLA-DPB1,SKP1,SH3BP5,PSAP,MPEG1,RPL30,COX7C
13585,FOS,TMEM59,ARGLU1,MED28,EIF4G2,GUSB,LAPTM5,RARRES3
13586,LCP1,TMEM176B,RPL14,TMEM123,MT2A,RPS14,CD48,ILF2
13587,CLPP,MYL12B,GNAS,CGRRF1,SUB1,MRPL9,EOGT,RGS1
13588,NDUFA5,NDUFA2,NDUFS5,CEBPB,NEAT1,RHOA,CIB1,DDX5
13589,CTNNB1,WDR1,PSME1,FNBP1,PBXIP1,SDPR,CNBP,S100A4
13590,MS4A1,TBCB,COTL1,ICAM3,GALT,PSMD4,FCGR3A,HLA-DPA1
13591,AMICA1,RPL8,ARHGEF1,RPL37,RBM3,RPL17,PFDN5,LDHA
13592,LAPTM5,C19orf53,IFITM2,NOSIP,MT-CO3,TAGLN2,NEDD8,MT-ND4
13593,GABARAP,ADAR,LST1,CR1,CHMP4A,NPC2,RPL13,IFI6
13594,ATP5L,ACAA1,HSPA8,ARID4A,ATP5H,CD99,RHOA,YWHAB
13595,ARL4C,FXN,AMICA1,PPBP,CD8B,TUBB1,TXNIP,GLTSCR2
13596,HLA-DRB5,PTPN6,ZNF263,RPL32,S100A9,NCF2,MYL12B,ANXA1
13597,TMBIM6,PF4,ENO1,RRAGC,AIM2,PTCRA,NAP1L1,CD3E
13598,PRMT2,COPE,GMFG,PAIP2,TMA7,ATP6V1G1,ATP5G2,GIMAP7
13599,FDPS,HLA-F,TUBB,EIF3F,RABAC1,ARPC5,ATP5E,LCP1
13600,STX18,BID,ZFP36,APH1A,NUDC,GSTO1,EIF4A2,PTPRCAP
13601,RPL10A,RXRA,AP1S2,ARHGDIB,GNB2L1,EMC10,IL32,GZMA
13602,SERBP1,LRRC25,CSTB,BIN2,UQCRC2,GPSM3,LY6E,RPS23
13603,HLA-DQA1,SOD1,RPL6,PSMB8,MT-ATP6,SNRNP35,POLE4,RPL6
13604,HLA-DQB1,CHCHD10,USP30,EMP3,AES,GNG11,FKBP1A,LAPTM5
13605,CCDC91,CLEC10A,SAMHD1,SLC2A3,NDUFB5,PPIL2,CD69,RPS5
13606,RORA,HSP90AA1,APRT,PRF1,CD52,GPX4,POLD4,SLC25A6
13607,MTDH,TMED5,FGFBP2,CWC15,MLX,DEDD,CD44,TMEM66
13608,ABT1,DNAJB11,NDUFB4,IRF7,CCL5,SRSF5,RPL38,NEAT1
13609,IGJ,SQSTM1,UBE2D3,RPS7,DBI,LINC00936,MS4A1,NDUFB5
13610,PPIB,LAPTM5,CAPNS1,ATP5H,PXMP4,HLA-DMA,HNRNPDL,UBB
13611,ITSN2,IFITM1,SRP14,PSMB9,CST3,LY6E,TMEM66,MANF
13612,ATP5J,CEBPB,CNPY3,FYB,NDUFAF4,CHIC2,JUNB,S100A10
13613,PPBP,APH1B,RBM3,RPS15,GSTK1,TNFRSF1A,CARD16,RPS20
13614,RARRES3,PSMB8,GRN,CRIP1,TSC22D3,SRSF2,CCNI,HLA-DRB5
13615,CST3,TPM4,H2AFY,RPL7A,CCNI,CXCR4,TPT1,MYL12B
13616,TGFB1,RPS15,RBM39,CD52,BLOC1S1,TMEM208,MT2A,RPS18
13617,MT2A,ALDOA,GSTK1,SELL,PF4,PRUNE,ATP5H,RPS26
13618,CYBA,TMEM165,TXN,MYL12A,HLA-DPB1,IGLL5,UBE2D3,HLA-DPB1
13619,GPSM3,STXBP2,RHOG,GOSR2,SAT1,SELK,GSTO1,MX2
13620,RPL27,ANP32B,CLEC2B,PSMC4,SBDS,CDC5L,CALM3,UBA52
13621,PFDN5,EEF1B2,GABARAP,SNRPD2,ATP5B,ASAH1,RPLP1,EIF4A1
13622,PHACTR4,EEF1A1,ALOX5AP,HCLS1,RPLP1,THYN1,HCLS1,BTG1
13623,ANXA1,HLA-DQB1,GSTO1,VAMP8,RPL36A,THEM4,SLC16A3,HLA-A
13624,LDHA,ATP1B3,RGS10,MAL,TMEM66,HLA-DRA,TUFM,ANXA2
13625,DDX46,APMAP,FYB,EDF1,SAFB2,GABARAPL2,RPL34,GNB2L1
13626,RPLP1,HSPA8,GIMAP7,SH3GLB1,GPX1,FAU,EXOC6,PFDN5
13627,TMED10,COTL1,SERPINF1,KLF6,ARGLU1,KLF6,GPSM3,NKG7
13628,PLA2G12A,EVL,GZMH,POLR3GL,RPL21,RPL18,JUN,RAC2
13629,GIMAP4,TBC1D10C,LGALS2,TTC3,SPCS2,TPT1,IDH2,KLF6
13630,ARPC5L,FCER1A,RAC1,GTF3A,GPKOW,CHMP1B,RPS12,GZMK
13631,RPL29,MT-CYB,KLRG1,GLYCTK,HSPA5,SUMO3,RPS4Y1,HLA-DRB1
13632,HOPX,CD79B,ATPIF1,LY6E,RPL11,RPS25,GLTSCR2,CHTF8
13633,ZRANB3,COX8A,WHAMM,GPS1,RPS12,CXCL10,ISG20,RPL8
13634,C9orf142,HLA-A,TSC22D4,TAF1D,TRAF3IP3,ACRBP,NEAT1,S100A6
13635,EIF5B,ARPC1A,ATP5E,RBPJ,BEX2,TUBA4A,RPSAP58,RBM3
13636,CXCR4,RPSAP58,ALDH2,RPL41,RPL27,C19orf43,RPL36A,RPS13
13637,UBC,TPI1,IRF7,NT5C,ISG20,RPL10A,CFD,HINT1
13638,KLRG1,RPL36AL,LILRA4,MT-ATP6,JUNB,OAZ1,CD3D,CHCHD2
13639,PLAC8,PSMC4,RPS12,TCP1,RPS16,MT-CO3,GIMAP7,RPL31
13640,FGFBP2,LSM6,CST7,FAM210B,MT-ND5,HLA-A,EIF1,PPP1CA
13641,NACA,NACA,GIMAP4,GNLY,HSPE1,OLA1,LST1,TRAF3IP3
13642,UBXN1,ARHGDIB,PF4,EIF4A1,OAZ1,RPL36A,SAT1,S100A9
13643,UBE2D2,RPL37,XXbac-BPG299F13.17,RPS20,RPL27A,RPLP0,CTSS,CARD16
13644,ZAP70,ARL6IP5,GZMA,CISH,S100A10,FAM32A,TOMM7,ATP5G2
13645,CD8A,LTB,MT-ND5,APRT,LDHB,FYB,RPL18,DUSP1
13646,MT-CO2,ATP5L,SPCS1,FGFBP2,POLR1D,PNRC1,RARRES3,HMGN1
13647,ARPC3,ANXA1,IL7R,LYZ,FOS,DDX5,CD63,RPL5
13648,POLR2L,C1QA,OAZ1,PLP2,RPS15,ATP5O,RPS6,RPL37
13649,HNRNPM,NDUFA11,RNASET2,RGCC,CD27,FOS,FCN1,RPS8
13650,CCNI,COX5B,ANXA2,CNBP,RPL28,C6orf48,CD52,COX4I1
13651,IFI44,LILRA3,LZTS2,SLC25A3,RPS26,B2M,CD79B,NPM1
13652,FTL,MT2A,GSTP1,SKP1,ATXN3,NOSIP,DUSP1,RPS4Y1
13653,BST2,YBX1,SERF2,SH3BGRL,ANXA2,BRI3,ITM2B,IL32
13654,IER2,LDHA,PPBP,C1orf162,USP8,RPL27,LTB,RPL7A
13655,S100A8,RPS19,RPL4,COX4I1,HLA-DRB5,ZNF106,AIF1,CD3D
13656,RPSA,TPM3,CTSW,RPL24,COTL1,RFXANK,GAPDH,ABRACL
13657,LAMP2,RPLP1,FCER1A,SRSF3,CD48,ITM2B,HMGB1,GNB2
13658,GZMB,RHOC,RPS27A,TMEM50A,S100A11,TALDO1,IFITM2,MT-CO2
13659,RPL17,HLA-C,MT-ND4,DDX17,PRDX3,S100A10,HMGB2,RPS25
13660,PRDX5,PPDPF,RPL27A,RPL5,TMSB4X,RPL34,RPS24,GAPDH
13661,NDUFA4,RAB8A,CD3E,RPL21,LYZ,RPS13,ACTB,PRDX3
13662,DUSP2,MALAT1,S100A9,COMMD6,CD3D,NGFRAP1,RPS26,LTB
13663,HCST,RPLP2,FCER1G,RPS28,LAPTM5,STRA13,COTL1,RPL17
13664,NFKBIA,ABI3,HCST,JUNB,CYBA,CD37,EVI2B,RPS2
13665,RP5-1028K7.2,MVD,RPL13A,N4BP2L1,RPS10,C2orf88,RPL13A,RPS14
13666,GZMM,RPS3,MT-ND2,SRP14,PPBP,EIF3K,PSAP,VIM
13667,LEPROTL1,UBE2D3,TYROBP,RPL38,PRR5,TSC22D1,PF4,HNRNPA1
13668,NCR3,CSTB,EIF3K,CST3,MT-CYB,RPS11,NKG7,CORO1A
13669,MRP63,RPS7,COMMD5,EAPP,RPS29,IER2,SMIM7,HLA-DRA
13670,CD79B,ARPC1B,LDHB,BTG1,MT-CO2,RPS15A,GNLY,FOS
13671,RIC3,FAM26F,S100A10,NEAT1,HLA-DPA1,PSMA7,RPS20,RPL26
13672,COX6C,CDA,NPC2,RPS14,RPL9,RPL14,ATP5L,NACA
13673,PCSK7,RPS21,VAMP8,TRAPPC1,MYL12B,RPS23,CD79A,BTF3
13674,SRGN,ACTG1,TMSB10,RPL35A,GZMK,RPL27A,HLA-E,RPL30
13675,PGK1,EIF1,ACTG1,FCGR3A,RPL14,NKIRAS2,MT-CO2,JUNB
13676,PTPRCAP,C1QB,EIF4A1,NAP1L1,RPL7,SNRPB,ASAH1,RPS15
13677,CTC-444N24.11,ISG15,GAPDH,NBEAL1,VIM,GRAP2,CCL5,RPL10A
13678,CD79A,ISCU,CD2,PHF14,RPL8,RPS6,RPL35,RPL23A
13679,HLA-DRB1,RPL37A,ANXA1,DHRS7,RPS23,HNRNPA1,CD37,PFN1
13680,ANKRA2,ARAP1,RPS2,RBM7,RPL31,MT-ND1,RPL15,RPSA
13681,PFN1,HLA-E,CD3D,PPDPF,RPS27A,EDF1,RPL31,TPT1
13682,CDC42EP3,DRAP1,EEF1D,PTMA,STOML2,HIST1H2AC,MT-ND2,MT-CO1
13683,SDCBP,IFITM2,MYL12A,CD69,HLA-DRB1,NBR1,MT-ND4,RPL9
13684,ID2,RPS8,RPS14,ZNF32,RPS8,DUSP1,RPL24,RPS6
13685,TMEM222,HLA-DQA1,GNLY,LGALS1,ATXN10,CD74,EIF3M,ACTG1
13686,PRF1,HLA-DRB1,UBB,FCER1G,TRAPPC3,RRS1,BTG1,LYZ
13687,EEF1B2,IDH2,PFN1,RPS25,PACS1,RPL31,RPLP2,RPL32
13688,RPL10,RPS18,TMSB4X,RPS11,BRWD1,RPS16,MT-CYB,RPL28
13689,PTPN4,RPL7A,S100A6,RPL18,ATP5A1,MYL12A,MT-CO1,RPL19
13690,LRRFIP1,RPL21,LGALS1,RPL35,YBX1,JUNB,PPBP,EEF1A1
13691,GZMH,SAMM50,H3F3B,NEMF,S100A4,RPS27A,HNRNPA1,RPS27
13692,S100A9,RPL19,FTH1,HLA-B,RPS18,ZNF394,MT-CO3,RPS24
13693,SH3BGRL3,RPL9,VIM,ATP5G2,RPL36,C4orf33,RPS25,RPS3
13694,PPIA,ADI1,GPX1,MLLT11,NME3,RPL6,SH3BGRL3,HMGB2
13695,CCT2,RPL30,CFL1,VIM,RPL7A,RPL23A,RPL7,RPS4X
13696,TMX2,WARS,MYL6,MT-CO1,S100A6,RPS4X,RPS27A,RPL29
13697,HLA-DPA1,RPL35,RPLP0,HLA-DRA,IL32,RPL13A,ARHGDIB,RPL34
13698,RPL15,RPSA,RPL28,FTH1,MOCS2,RPL5,RPS15A,RPL14
13699,HLA-E,RPL24,IL32,RBM39,RPS27,COX4I1,RPS27,RPL7
13700,LYZ,PPBP,CCL5,C14orf166,HLA-DRA,HLA-DPA1,S100A4,RPL15
13701,CCL5,RPS12,UBXN4,JUN,ANXA2R,RPL4,HLA-A,RPS15A
13702,S100A6,RPL10,MT-ND1,RPL22,RPL30,S100A9,MT-ND1,RPS27A
13703,TXNIP,SAT1,NKG7,BRWD1,FTL,RPL3,HLA-C,RPL18A
13704,HLA-DPB1,FCGR3A,RPS4X,TYROBP,MT-ND4,CFD,RPL23A,ACTB
13705,HLA-C,HLA-B,SRGN,RPLP2,RPS9,UBXN1,TMSB10,EIF1
13706,GZMA,LST1,S100A4,RPL12,ATP6V0E1,CALM1,RPL21,RPL21
13707,CST7,SRGN,GZMB,RPL23,RPLP2,LGALS2,RPS19,RPS3A
13708,CTSW,C1orf162,RPS3,CD37,UBA52,H3F3B,PTMA,RPL11
13709,GNLY,RPL12,RPL3,CD74,RPS3,RPS24,MT-ATP6,RPL3
13710,GZMK,RPL29,CST3,RPS19,UBB,RPL13,MALAT1,RPL13A
13711,HLA-DRA,RPL18A,SELL,GZMB,CD74,RPL32,B2M,RPL10
13712,CD74,RPL28,ACTB,TMSB10,FTH1,S100A8,TMSB4X,B2M
13713,NKG7,PRELID1,LYZ,FTL,RPL18A,RPL11,FTL,MALAT1
