,CD4 T,CD14 Monocytes,B,CD8 T,NK,FCGR3A Monocytes,Dendritic,Megakaryocytes
0,RPS3,LYZ,CD74,NKG7,NKG7,FTL,CD74,PPBP
1,BRWD1,FTL,HLA-DRA,GZMK,GNLY,LST1,HLA-DRA,TMSB4X
2,VIM,S100A9,RPL18A,CCL5,PRF1,FTH1,LYZ,PF4
3,SELL,S100A8,CD37,S100A6,GZMB,PRELID1,CST3,GPX1
4,RPS25,LGALS2,CD79A,PFN1,FGFBP2,ACTB,HLA-DPA1,OAZ1
5,NUDT16L1,RPL32,FTL,TXNIP,B2M,RPLP2,HLA-DPB1,TMSB10
6,RPL22,LGALS1,CD79B,PTPRCAP,CTSW,RPL28,HLA-DRB1,SDPR
7,RPL21,MT-ND1,HLA-DPB1,CST7,HLA-C,HLA-B,GZMB,GNG11
8,RPS14,MT-ATP6,MS4A1,GZMA,RPL15,C1orf162,RPL10,HIST1H2AC
9,NEMF,MT-CO1,IGLL5,HLA-C,CST7,RPS19,UBB,FTH1
10,RPLP2,NEAT1,RPL12,HLA-E,RPL23A,RPL29,RPL19,CCL5
11,RBM39,RPL11,RPS27,COX6C,FCGR3A,COTL1,SRGN,MYL12A
12,SRP14,UBXN1,RPL21,CTSW,GZMA,SAT1,HLA-DQA1,FTL
13,MT-ND4,RPS24,RPS23,RPL13A,TYROBP,TYROBP,RPS18,TUBB1
14,RBM7,DUSP1,HLA-DPA1,RPSA,C14orf166,RPL24,S100A9,TSC22D1
15,TMSB10,FTH1,RPL10A,RPLP0,PHF14,FCGR3A,RPL12,C4orf3
16,UBXN4,RPS11,COX4I1,CCT2,TMX2,SRGN,ANXA1,GRAP2
17,ACTG1,CALM1,IGJ,UBB,SPON2,RPL23,ARAP1,CD74
18,NAP1L1,C4orf33,RPS19,TMEM222,DHRS7,ARPC1B,FCER1A,CLU
19,RPL38,IER2,RPL18,CDC42EP3,HLA-B,IFITM2,VIM,ACRBP
20,RPL30,HNRNPA1,EEF1B2,PCSK7,PSMA7,WARS,RPL6,TAGLN2
21,RPL7A,CFD,RPLP2,LRRFIP1,NDUFB11,S100A4,CEBPB,TUBA4A
22,RPL3,NPC2,RPS18,IL32,SRGN,MT-CYB,RPL11,NGFRAP1
23,ATP5H,H3F3B,HLA-DRB1,LEPROTL1,PLAC8,ISG15,RPS7,SH3BGRL3
24,TAF1D,JUNB,RPL15,STOML2,FCER1G,IDH2,RPS2,RGS10
25,SH3BGRL,STRA13,LTB,PPIA,RPS6,RPL35,RPL5,NRGN
26,MT-ND2,EDF1,LAPTM5,RPS12,TMSB10,ADI1,RPL23,C2orf88
27,MALAT1,RRS1,HLA-DQA1,HCST,ZNF32,UBE2D3,H3F3B,CD9
28,TRAPPC1,GSTP1,RPL5,ANKRA2,REEP5,MALAT1,GNB2L1,PTCRA
29,RPS27A,ASAH1,JUNB,RPS3,CLIC3,RPL10,RPL3,SAT1
30,RPL13A,ZNF394,RPL8,CCNI,ARHGDIB,SAMM50,SRSF7,GSTO1
31,RGCC,MT-CO3,HLA-DQB1,RPL17,GZMM,CDA,RPS5,SRGN
32,RPS28,NBR1,RPL23A,UBC,GZMH,C1QB,WHAMM,PTMA
33,RPS15,LY6E,RPS15A,DUSP2,CD7,GZMB,HLA-DMA,TALDO1
34,FAM210B,RPS9,TCL1A,CTC-444N24.11,ID2,SH3BGRL3,RPS8,VDAC3
35,MT-ATP6,PSMA7,BTG1,S100A4,CCL4,CST3,COMMD5,TMEM40
36,TCP1,S100A10,CGRRF1,B2M,PTMA,ABI3,S100A8,RUFY1
37,RPL35,BRI3,CD52,SH3BGRL3,XCL2,MYL6,HLA-DRB5,ARPC5
38,RPS10,TMSB10,RPL29,RP5-1028K7.2,KLRG1,PSAP,RPLP0,GP9
39,SRSF3,RPS16,RPL35,MT2A,HLA-A,FAM26F,HLA-DQB1,EOGT
40,EIF3F,RPS4X,LINC00926,NCR3,PSMC4,RPL7A,EIF3K,MPP1
41,ATP5G2,ATP5G2,EIF5B,MRP63,RPL35A,RPL12,NACA,CA2
42,JUNB,ZNF106,RPL11,MT-CO2,RPS7,RPL18A,NPC2,NCOA4
43,TMEM50A,FAU,HLA-E,MALAT1,HOPX,ATP5L,RPL10A,RAP1B
44,PPDPF,NKIRAS2,TPT1,IFI44,CD247,RPL30,RPS15,SPARC
45,MT-ND1,MS4A6A,RPL9,CD8A,GOSR2,RHOC,RPL14,TPM4
46,CD3D,RPS27A,SAFB2,ANXA2R,ITGB2,MT2A,CYBA,CFD
47,GLYCTK,FCN1,RPS5,RARRES3,MLLT11,DRAP1,IFI6,HLA-C
48,TMEM123,HLA-DPA1,GLG1,RPL36,EMP3,YBX1,SPCS1,MMD
49,RPS29,SNRPB,ISG20,FXYD5,IFITM2,CSTB,RPL9,RPLP1
50,JUN,C6orf48,RPL37A,HLA-A,RPS4X,COX5B,IRF7,CALM3
51,RPS15A,RPL13,CXCR4,RPL10,CALM1,MVD,RPL8,ITM2B
52,RPL31,RFXANK,CCDC107,RPL7,RPL24,ISCU,RNASET2,MYL6
53,LY6E,TNFSF13B,RPL24,ATP5E,NT5C,RPL37A,CUL4B,NAP1L1
54,CISH,ATP5O,PTPN6,CORO1A,CRTAP,LSM6,LSP1,PRUNE
55,APRT,S100A4,PTMA,HMGB2,IGFBP7,RAB8A,IL8,ODC1
56,PLP2,FAM32A,RPLP1,GZMH,ANXA6,C1QA,IRF8,FERMT3
57,GMFG,CHMP1B,KLF2,GPSM3,JUN,EIF1,RPL28,RPS19
58,HCLS1,PNRC1,RPL7,LAMP2,NACA,PPDPF,PLAC8,RGS18
59,CD40LG,OLA1,SLC25A3,DEF6,RPS2,LILRA3,TMEM165,CLDN5
60,MAL,CXCL10,RPS11,RPL28,RPL3,LDHA,PLD4,OST4
61,EEF1A1,RPL36A,CD48,RPS4X,RPL10A,CYBA,CLEC10A,H3F3A
62,NDUFC2,SRSF5,VPREB3,NDUFA4,CCL3,EFHD2,LILRA4,RHEB
63,VAMP8,FGR,HLA-DRB5,RPL18A,CD63,CASC7,S100A10,TREML1
64,RPL9,RHOA,HNRNPDL,RPS24,ANXA1,AIF1,ARPC3,LIMS1
65,PRDX2,TPT1,EIF1,ZRANB3,RPL29,SLC25A6,SERPINF1,LAMTOR1
66,EAPP,CTSS,RPS7,RORA,HSP90AA1,RPS15,FOS,PRDX6
67,NEAT1,ITM2B,RPL19,POLR2L,MT-CO1,RPL37,TYROBP,MYL9
68,RPL27A,THYN1,EIF3I,RPL4,TTC8,NDUFA11,VAMP8,MT-ND1
69,GALT,ARPC2,PWP1,UBXN1,PSME1,FCER1G,ITM2C,CTSA
70,B2M,S100A6,RPSA,UBE2D2,PPIA,SERPINA1,IL1B,MAX
71,NOSIP,CCL3,CAND1,FOS,SAAL1,MT-ND4,TAGLN2,ARPC1B
72,N4BP2L1,C19orf43,RASGRP2,CXCR4,ARPC5L,TMEM176B,GSTP1,GPX4
73,DDX17,CSF3R,TSC22D3,EIF1,EMG1,HLA-DRB1,LIMD2,TIMP1
74,CD69,CHIC2,JUN,APOBEC3G,ABI3,CCL5,CFP,PTPN18
75,GTF3A,EIF3K,HLA-DMB,RPS27A,RPL6,SQSTM1,RPL7A,ILK
76,CRIP1,CD14,EEF2,NFKBIA,SERF2,FKBP1A,EEF1A1,PPDPF
77,RPL14,TNFRSF1A,HLA-C,PGK1,KLF6,RPS21,FKBP3,PGRMC1
78,TMSB4X,SUMO3,BANK1,RPL27,RPS14,TPI1,PPIA,ARF1
79,RBPJ,SELK,EAF2,MOCS2,GHITM,RPL21,ZNF263,MAP3K7CL
80,CD3E,APOBEC3B,NACA,MT-ND5,IFITM1,ADAR,ZNF330,YWHAH
81,IL32,FYB,RPL31,C9orf142,CNBP,AP1S2,GPX1,AC147651.3
82,RPL41,CDC5L,CD69,RPL3,XCL1,SERF2,CAPNS1,PPIB
83,PTMA,CD63,ARHGDIB,RAN,EEF1A1,IFITM3,RNASE6,RPL35A
84,RPS13,TMEM208,EVL,RPL13,BST2,CD44,ALDH2,DNAJB6
85,NBEAL1,ANXA2,RPS21,RPS16,PTGDR,ACTG1,ZFP36,CMTM5
86,BTG1,RPL27,FCRLA,PHACTR4,XBP1,ZNF706,RPS4X,SEPT5
87,POLR3GL,KLF6,WTAP,HNRNPM,CIRBP,COX8A,CHCHD2,ITGA2B
88,TRAF3IP3,RPL6,SNX2,CD3D,RHOC,TBC1D10C,TXN,PDLIM1
89,RPS9,GPSM3,YBX1,EEF1B2,RPS19,TPM3,ATP5G3,H3F3B
90,LDHB,PPIL2,FAU,ANXA1,AKR1C3,WDR1,COMMD6,PARVB
91,ATXN7L3B,CTSZ,GUCD1,RPLP1,SELL,GABARAP,EIF4A1,PRDX5
92,RPL35A,CD74,FAIM3,LDHA,ACTB,APMAP,LAMTOR1,RPS11
93,FOSB,EIF4A1,SNX3,MT-CYB,PTPN7,S100A6,CLIC3,FCER1G
94,ARPC5,WDR83OS,LY86,GIMAP4,GIMAP7,BID,RPL32,MZB1
95,OCIAD2,POLR2G,TRPC4AP,NKTR,LIMD2,EEF1D,MYL12A,H2AFJ
96,SLC2A3,MT-CO2,RPS29,CLPP,PRSS23,C19orf53,HERPUD1,CDKN2D
97,FYB,ZFP36,HNRNPA2B1,METTL9,SIVA1,RXRA,GRN,FKBP1A
98,NAP1L4,RAC1,RPL34,GSTO1,RPL37,TUBA1B,HLA-DQA2,NT5C3A
99,CCDC109B,PSMD4,EIF4A2,PRR5,LSM6,ATP5I,EIF3L,NFE2
100,HMGN1,TALDO1,SAMD9L,ZAP70,DUSP1,LGALS3,CXCR3,ESAM
101,TOMM20,DEDD,TINF2,AMICA1,DYNLL1,PSMC4,ZNHIT1,CD82
102,GIT2,CD37,POLD4,ATP6V0E1,SF3B5,LAPTM5,ALOX5AP,HLA-E
103,RGS1,RPL23A,HLA-DQA2,C9orf16,ARPC3,DNAJB11,DBI,HIST1H2BK
104,COMMD6,RGS2,TOMM7,HNRNPA1,RPL12,RPL36AL,ID2,TPM1
105,AES,NOSIP,RPSAP58,PRDX5,EEF2,GIMAP4,TYMP,MIF
106,RPS8,EVI2B,FCER2,POLR3K,NDUFB2,ARL6IP5,AP2S1,CD99
107,CR1,EIF3M,DDX56,CCDC91,SCP2,ARPC1A,MZB1,CLEC1B
108,ARID4A,NCF2,P2RX5,UBA52,EFHD2,LRRC25,EEF1B2,CCND3
109,CORO1B,SNRNP35,SAT1,CFL1,PSMB9,PGLS,C1orf162,TGFB1
110,TRIT1,RPS14,NCF1,GLRX3,SLC25A3,PRR13,COX6A1,ACTB
111,TRABD2A,EXOC6,TAGLN2,ITSN2,RPS3A,RPLP1,CLEC4C,AP001189.4
112,RPL36A,MYADM,AKNA,USP8,ICAM2,ATP1B3,ALDOA,NDUFB7
113,SH3GLB1,COX4I1,CD72,SSR2,CTSD,CASP4,GADD45B,CCDC85B
114,MLLT11,EMC10,CLIC1,POLR1D,APMAP,MT-CO1,DNASE1L3,SERF2
115,RGS10,TRIM14,HMGB1,RPL36AL,PCMT1,MT-CO2,ARF5,CDC42SE2
116,EGLN2,VPS29,HVCN1,ANXA2,PGK1,FXN,SCT,LYL1
117,TTC39C,CST3,TXNIP,RAD51B,S100B,RPS26,TMED2,HIST1H2BJ
118,RPL18,CD99,STX7,MZT2A,PSMB8,APH1B,ATP6V0E1,MARCH2
119,C6orf48,RPL34,RPL10,RPS3A,STX5,ACAA1,SRSF2,C9orf16
120,SKP1,SGK1,SMIM14,RNPEPL1,PRDX5,MYL12B,AP1S2,TSC22D3
121,EDF1,GABARAPL2,GLTSCR2,TMX2,ACADM,RPL7,RPL17,SLC40A1
122,MRPL21,FOS,AL928768.3,EPN1,RPSA,NKG7,RPL4,DMTN
123,ACAP1,PCGF1,CYB5A,ABT1,PIM1,PKM,PPP1R14B,DYNLL1
124,SF3B1,HSD17B11,GNG7,RALY,DRAP1,CHCHD10,RPS9,TMEM140
125,COX4I1,ST20,RPL27,C12orf57,CCDC12,CTSS,APP,ASAH1
126,TMEM59,APOBEC3A,SNHG7,MX2,SCFD1,PABPC1,NDUFAB1,UBL5
127,SH3BP5,RPL31,EVI2B,NFE2L2,EEF1D,ATP6V0D1,LILRB4,RP11-367G6.3
128,DBI,CD48,ANAPC16,ATP5J,H3F3B,STXBP2,PTGDS,PLA2G12A
129,NDUFA12,GRN,MALAT1,TMED10,BTG1,ATP5H,PLSCR1,ETFA
130,ENTPD3-AS1,CEBPD,COMTD1,CD48,SUN2,RNH1,ARL4C,NDUFAF3
131,IGBP1,COX7A2L,TYMP,RPS2,CLIC1,ENO1,MRPL14,MFSD1
132,COTL1,ORMDL2,PNOC,GUK1,C19orf43,PPBP,C9orf142,FAM110A
133,GIMAP7,MPEG1,COQ7,BLOC1S1,PTPN6,POLR2I,RPL27A,ACTN1
134,RPL32,ZBP1,RPL22L1,DDX46,IL2RB,MS4A7,SRP14,MT-ND2
135,SOCS3,RPL3,RTFDC1,INTS12,LAMTOR2,TMED5,DBNL,SNN
136,POLR2E,MRPL9,ISCU,RABAC1,DDX5,G0S2,ATP6V1G1,RBX1
137,SNRPD2,CPPED1,HNRNPK,ATP5L,EIF3I,UBC,RPS23,PKM
138,CPQ,HLA-DMA,MYCBP2,CITED2,KLRD1,CSNK2B,RNF130,LY6G6F
139,RRAGC,NANS,SCAND1,PRDX3,ARPC2,HCLS1,RPL18A,F13A1
140,CEBPB,SAT2,DDX5,HSPA5,BIN2,ISOC2,OAZ1,MAPK14
141,EIF4A1,TOMM7,C15orf57,MKRN1,LCP1,UBE2L6,GAA,AP3S1
142,RPS20,MRPL20,STK17A,AHSA1,CHMP2A,EVL,COX8A,GLA
143,VPS28,GPX4,FAM65B,BSG,RAP1B,GNAI2,RNF181,C19orf24
144,ANXA5,HIGD2A,SRSF5,LINC00152,TMBIM6,UFC1,SSR4,TUBA1C
145,MRPS36,RPL4,FAM26F,BTF3,RPS24,RASSF5,CEBPD,TMEM219
146,NSMCE1,POLR2J,MEF2C,IL7R,MRPS7,ARF6,SEP15,RPL36A
147,C1orf162,NAAA,HLA-F,MYL12B,RPL23,GDI2,H2AFY,MTPN
148,LAT,LILRA5,GNB2L1,ATP5A1,GAPDH,COPE,BAG1,TMEM91
149,STK17B,ST13,PTPRCAP,ID2,PPP2R5C,IFITM1,CSTB,WDR1
150,GUSB,NHP2L1,RPS6,ADRM1,MATK,COX7C,RPL29,YBX1
151,RGL4,GNG5,PEBP1,MT-ND3,MRPL23,OAS1,CIR1,PYCR2
152,PTGES3,UCP2,RPL13,HNRNPH1,FIS1,LAP3,TMED10,TLN1
153,RTN4,CLNS1A,UBA52,FUS,SERBP1,PRDX1,WDR61,HSP90AA1
154,CAPZB,METTL9,LRRFIP1,PPP2R5A,RPL18,C9orf142,NDUFS3,HIST1H1C
155,POLE4,S100A11,RPL36,HIST1H1C,GLRX,MNDA,RPS3A,PNMA1
156,AIF1,SRSF2,PKIG,PACS1,RPS15A,GLUD1,RPS10,GP1BA
157,SRP9,UBE2D1,LAMTOR4,ATP5J2,SLC25A5,RP11-792A8.4,UBA52,CAPN1
158,TBCC,RWDD1,MARCH1,SERINC1,RPL11,CCT7,NCF2,ICAM2
159,LYPLA1,FPR1,RHOA,RNF14,CD164,MRPS26,TGFBI,TRAPPC1
160,H2AFZ,RPS20,ARPC3,FLNA,CAST,HLA-F,CCDC50,RAB10
161,RPL8,RPL23,BBX,SLC3A2,LTB,NME3,DDX5,VAPA
162,CCR7,TMEM219,PPA1,TIGIT,RPL4,TIMM13,BST2,RASGRP2
163,DNAJA1,UBXN4,HSP90AB1,UBE2D3,RBL2,SOD1,FCER1G,CALM1
164,RPL11,EIF3F,MARCKSL1,YES1,GMFG,C5AR1,GABARAP,RHOA
165,LDLRAP1,HLA-DRB5,PLEKHF2,HNRNPK,LSM1,VAMP8,COX6B1,EFTUD2
166,ANP32B,HMGB2,RPL37,GNAS,CD53,ATP5E,COA5,SMOX
167,CSRNP1,LINC00936,RBBP7,NDUFA5,CHCHD2,NDUFA2,CYB561A3,SNAP23
168,DERL1,HSPA5,RP1-313I6.12,CD3G,ARHGDIA,DCTN3,GLIPR1,C9orf89
169,BIN2,MZT2B,RAN,MLX,APH1A,CSK,CYCS,POLR2L
170,MED28,ATP6V1G1,CXXC5,HNRNPC,MYO1F,MOB1A,RNH1,RPL35
171,BIRC3,CNPY3,HLA-DMA,COX7A2,C1orf162,H2AFY,GRINA,FXYD5
172,LZTS2,IFI27,NBEAL1,SAMD3,CFL1,GNAI3,CHMP5,NENF
173,FERMT3,LY86,SMAP2,OCIAD1,ALOX5AP,MT-ND2,S100A6,RNF11
174,IFI6,RPL41,KIF5B,TMEM248,GPR56,HSP90AA1,PLP2,RP11-879F14.2
175,MYADM,C1QBP,PDLIM1,FDPS,IL2RG,CEP85L,EIF3J,PTBP1
176,ATAD1,RABAC1,SYPL1,PFDN5,SDF4,ANKZF1,BID,RBBP6
177,NDUFS5,SELT,ARL4A,CDV3,SNX3,SLA,PSME1,STXBP2
178,ETHE1,AP2S1,LAT2,HAUS1,HAVCR2,NINJ1,KLF4,RABGAP1L
179,STAT1,FAM107B,ZCCHC7,RPS26,GYPC,CYTIP,SEC61B,TPST2
180,RCSD1,TMEM256,IFT57,TIAL1,LUC7L3,SLC16A3,ANXA2,SOD2
181,ANAPC11,ATP5J,QRSL1,RSF1,CD99,SNHG15,SPCS2,RPS28
182,FAM96A,SRSF9,RPL17,NDUFV2,WAS,STX7,PSME2,GMPR
183,TAP1,CYBA,CD22,MRPL51,VAMP2,CHMP4B,DNAJC8,FAM212A
184,UBE2B,GSTK1,CCNI,PILRB,SELM,KARS,TCL1A,TPM3
185,TFG,UBXN11,TANK,MCL1,WDR45,NDUFA1,CALM2,WBP2
186,SOD1,CLTA,ANXA6,HSP90B1,EIF4A2,STK10,POLR2L,SNX3
187,CYLD,GAPDH,CD53,PSMB2,PLEKHF1,PRPF18,GSN,RAB32
188,TCEA1,ALDH2,SP140,SMIM7,CSNK2B,PDCD2,RPL37,RAB4A
189,RNASET2,NDUFB1,SYNGR2,GIMAP5,HSH2D,BAX,MRPL17,LGALSL
190,RPL13,CALHM2,SP100,MMADHC,DNAJC19,HCST,NDUFA11,STX11
191,CHURC1,DYNLT1,ADA,S100A10,C5orf56,TSPO,PPIB,RHOC
192,PASK,THEMIS2,CD55,S1PR4,PIN1,GLRX,GDI2,ERV3-1
193,ATP5O,CTD-2035E11.3,BTK,MANF,COX5B,SPI1,FCGRT,GFI1B
194,HP1BP3,YWHAE,ZFP36L1,TBCA,PPP1R18,DTYMK,PSMB10,SUPT4H1
195,GPS1,ATP5E,SWAP70,CD44,MRPS34,METTL13,TRMT112,SNCA
196,CHMP4A,CASP1,LYST,SPSB3,ICAM3,SEPT9,H1FX,ALDOA
197,EIF4H,NDUFB11,ORAI2,TMEM66,ARRDC2,ICAM2,LCP1,NDUFB9
198,GAPDH,ASGR1,SMDT1,P4HB,TOMM22,RHOB,SERF2,ADIPOR1
199,U2AF1,ANAPC16,ELOVL5,SNX17,TMEM141,SLC7A7,UCP2,BRK1
200,C14orf80,RBM3,HLA-DOB,MRPL32,HSPA8,MTCH1,APLP2,FAM212B
201,NOL7,HLA-DRA,FCN1,HTATIP2,ATP5F1,DUSP23,ANTXR2,WBSCR22
202,THRAP3,PYCARD,FCRL1,RPL34,MYL12A,PLAC8,RAC1,USF2
203,IL10RA,RPL7,SNRPD2,COPS6,PLEK,PCBP2,FAM49B,SPOCD1
204,SBDS,BLVRB,C16orf74,NCOR1,ARL6IP1,PPIB,POMP,PTGS1
205,NEDD8,PFDN5,MRPS18A,ZNF92,PNRC1,IL4R,VIMP,SKP1
206,MT-CO3,CTSH,C19orf43,SERBP1,ORMDL3,PNISR,MESDC2,GRSF1
207,PAIP2,BNIP3L,IFIT5,DPY30,HNRNPDL,EIF2S2,MIR24-2,SCGB1C1
208,RPS27,PDIA6,NSA2,IER2,SEC62,VMP1,CYC1,CTNNAL1
209,DARS,BLOC1S1,CD40,IFI27,SRSF3,NDUFA5,MRPL55,MKRN1
210,TIMP1,SCO2,ATP5O,CTNNB1,ATP5G2,GIMAP2,RPS6KA1,CHMP6
211,EEF1D,ZNF703,POU2AF1,STX18,SSB,RPSAP58,CNPY3,CYB5R1
212,EMC7,HSD17B10,CD82,MYLIP,HINT1,CALM3,CYTH4,RTF1
213,PIGT,RPS13,YBX3,RAB8A,RER1,TCEB2,KDELR2,GLUL
214,PCNP,EWSR1,C1QBP,NAA20,HCST,ALDOA,SEC11C,RAB37
215,RPS12,SMIM7,EIF3J,BEX2,CCND3,LSP1,OS9,BBC3
216,ARVCF,DOK2,ZFAS1,ANAPC13,GLTSCR2,VASP,ATP6V1E1,ATF4
217,PSMB8,NENF,SCPEP1,PRMT2,ARL4C,PTGES3,DDX46,UQCRH
218,SNF8,MRP63,GABARAPL2,COX6A1,SMARCA4,C19orf38,CAPG,AATK
219,XXbac-BPG299F13.17,BTF3,PSMB8,TPT1,KLF2,DERL1,PYCARD,CHCHD10
220,TAGAP,TUBA1A,WIPF1,TBCB,CDC42SE1,PSME2,TPGS1,LDLRAP1
221,IK,PHACTR1,STAU1,KLHDC2,NDUFB10,CALM2,SDHD,XPNPEP1
222,ARGLU1,RANBP1,POU2F2,HLA-F,COX4I1,CAMK1,PARK7,RBCK1
223,NDFIP1,RPS25,TMEM243,TRAPPC3,HLA-E,OST4,EIF4A3,TUBA8
224,FLT3LG,CAP1,CALM2,CNN2,GCHFR,DNAJC15,LAMTOR2,PAIP2
225,SH3KBP1,KLF2,MIS18BP1,SFT2D1,CX3CR1,TUBB,TSPO,PSMD7
226,UXS1,GNB2L1,CIRBP,CCT5,SRSF2,ZMAT2,C21orf2,DAPP1
227,RBM8A,IL17RA,UQCRC2,TSC22D3,ZBP1,VKORC1,GABARAPL2,SEC61B
228,IRF7,COMMD6,CNBP,TGFB1,MTDH,ANXA5,COPE,FHL1
229,ATP1A1,PHPT1,RAC2,DCAF11,PDIA3,GUK1,CD164,AMD1
230,GBP1,FAM50A,CD19,STK17A,DCTN3,PFDN5,CTSC,HGD
231,RPS11,CLTB,CYTH2,MSI2,PABPC1,CIB1,ATP6V0B,SPINT2
232,TMEM66,CCNI,AES,LCP1,UCP2,RAB11B,PHACTR1,C6orf25
233,SREK1IP1,DDX5,PFDN5,NDUFB3,GNB2L1,EMP3,TSPAN13,DAB2
234,ISG20,TIMP1,HCK,UFC1,PSMA1,SOD2,HSPE1,VKORC1
235,DEGS1,RHOG,TAF7,ST3GAL1,FAM96B,LYL1,RNF7,DBNL
236,PTPN2,ZFP36L2,SDCBP,MRPS16,LSM2,CMTM3,ADI1,YPEL5
237,ERP29,DHPS,TTN-AS1,UNC45A,TADA3,EIF3G,CD302,GALNT10
238,FKBP1A,PSMB6,C11orf31,KLRB1,TGFB1,SH3KBP1,BLVRB,EIF1B
239,ITGB1,SNX3,RABAC1,SPCS2,RAMP1,IFI44L,C1orf43,DSTN
240,SCML4,EGLN2,SNAP23,ATXN10,PRMT2,ATP5B,PFN1,EPB41
241,MRPS21,CXCR4,SPIB,OST4,AHNAK,FKBP8,SNRPD1,CBX3
242,SNRPC,SUPT4H1,TSPAN3,CLN3-1,HNRNPA1,CD3G,CIRBP,EXOSC7
243,TBC1D10C,EIF5,ARF6,LDHB,ARHGEF3,PQLC3,COX6A1P2,LMNA
244,NDUFS3,CLEC7A,SEC62,C10orf32,TMIGD2,MRPS16,MT-ND6,C16orf13
245,C14orf166,SSR2,CMPK1,PRR4,CELF1,MPC1,DCPS,DAD1
246,ITM2B,MGMT,MED9,NDUFA11,IFI44L,NUP50,CSF2RA,RNF115
247,LINC00936,JUND,PPAPDC1B,FAM96B,ECI2,TPM4,THOC6,GAS2L1
248,CGGBP1,IFI30,MRPL45,STK11IP,FNBP1,ZNHIT3,LRRC26,SVIP
249,MT-CO1,CCT5,C11orf73,POMP,AOAH,SPRTN,AKAP8,AGPAT1
250,EBPL,RAB24,PNISR,ABHD14A,MIF,SULT1A1,SPI1,NUDT1
251,PIM2,SNRPD1,CKS1B,RPL8,IER2,HSPA8,PPM1K,MT-ATP6
252,COX7C,CNPY2,AIM2,CDC37,UBA2,LYST,MSRB2,AP2M1
253,SIT1,CHMP4A,METTL21A,TRA2B,COMMD10,LYSMD2,TNRC6B,CAPZA2
254,PMVK,ANXA4,ARHGAP24,RPSAP58,TPST2,ZYX,CCDC88A,MT-ND5
255,HNRNPA3,CARD16,MRPL40,RPS4Y1,EID1,CST7,TPM3,GNB5
256,MYL12A,CD97,PABPC4,CHST12,ISG15,IL10RA,RPL39,CLIC1
257,EWSR1,CBX3,MMADHC,CD2,FAM49B,STX8,HSP90B1,ATP5I
258,KARS,BUD31,TNFRSF17,HNRNPR,EIF3L,FAM49A,CNDP2,INSIG1
259,YBX1,RPL18,UIMC1,NDUFB8-1,EIF6,LILRB2,MPEG1,FKBP11
260,SDHB,SEC61B,RPL30,HENMT1,PDCD6,CCDC85B,MCL1,ENKUR
261,GYG1,PRDX6,FCGR2B,ATP5I,GNAI2,MED10,RPS6KA4,ABCC3
262,SBNO1,SLC11A1,DPY30,STAMBP,HNRNPM,VAMP5,DGUOK,REEP5
263,SELPLG,NR4A1,ADAM28,MRPL9,ACTG1,OSCAR,SNRNP200,TMPO
264,RNF167,NDUFB9,NOTCH2NL,SNRPF,CMC1,ARHGDIA,GNB1,FKBP8
265,THEM4,NDUFS7,UBE2L6,RPL14,NOP58,RIN3,C14orf1,CCNDBP1
266,USP14,SERPINB1,PPP1R2,ATP5G3,MAPK1IP1L,GPS1,C9orf16,NAPSA
267,PPP1CA,TMSB4X,LYL1,RPS8,CD300A,SERBP1,SLC20A2,HHEX
268,PBXIP1,ZFAND5,DYNLRB1,TUBA1B,TRMT112,TMEM59,FDFT1,ADI1
269,NUP107,SF3B14,LBH,C15orf57,CIAPIN1,TPP1,IFI44L,PRDM1
270,C19orf52,CARS2,BACE2,METTL8,VPS28,POLR2C,COMMD3,PSMB9
271,CCM2,SEPW1,LTA4H,YWHAH,SRP72,LYN,SON,AL928768.3
272,TRADD,SMC4,ATP5J,G6PD,WBP2,SRSF3,PHB,MCUR1
273,KIAA1551,CECR1,BIRC3,BST2,FBXO6,ATP5EP2,ZNF706,CD27-AS1
274,RBM6,MIEN1,DCK,GADD45B,ZAP70,AKAP13,NDUFV2,GNPTAB
275,EIF3E,PSMB3,WARS,DENND2D,LAPTM4A,SPG7,GAS6,MAD2L1BP
276,GRAP2,GMPR2,PRKCB,IQGAP2,MOB2,CD53,NFKBIA,KIAA0125
277,MATR3,FLYWCH2,VAPA,CHMP5,PSME2,ARFGAP3,ZDHHC16,COX7B
278,ZNF32,PLBD1,CIRH1A,TSPO,OSTF1,ANP32E,TMEM109,ZNF524
279,CD52,FOLR3,ARL14EP,LSM7,BAZ1A,ATP5G3,TIMM8B,HSPB1
280,SERPINB6,RILPL2,SIGLEC10,MRPL55,GGPS1,PLEKHO1,EIF3I,HIST2H2BE
281,GSDMD,CHCHD5,ANKAR,RBM25,STAT6,DARS,ID1,LAMTOR4
282,MRPL33,IGSF6,IFNGR2,ATXN3,RPL41,TXNDC12,MORF4L1,BCAP31
283,RPS19,BLOC1S4,WDYHV1,NME3,PRPF8,NAPRT1,NDUFC2,GTPBP2
284,VPS26B,NDUFB7,AC079767.4,GRAMD1A,ADSS,PHKG2,UCHL3,GNAS
285,MPHOSPH8,CAPZA2,NHP2L1,AP3S1,SNF8,COPS6,ACTR1A,NDNL2
286,PSMB9,GTF3A,CEPT1,JMJD6,YIPF3,NUDT16,ARL6IP4,PREB
287,NOP56,BRK1,FAM207A,LCK,CAP1,AKR1A1,CCDC107,RNF10
288,P2RY8,TSC22D4,RPS15,ERGIC3,SQSTM1,LAMTOR4,SULF2,SENCR
289,WHSC1L1,RP11-211G3.2,EIF5A,TMEM165,TMEM230,ENY2,YIF1B,SSR4
290,PSMD4,EIF3D,RGS2,BTN3A2,TMEM9B,PDCD5,TRAF4,NDUFS5
291,NR3C1,POLR1D,TKT,ACTB,PSMD7,RAB2A,PSMB8,THYN1
292,TNFRSF4,GSTO1,GRB2,FAM98A,SEPT7,DUSP6,ANP32B,MPC2
293,LPAR6,ZSWIM7,MRPL48,TECR,CD69,COX6B1,ATP5D,MMP24-AS1
294,PTGER4,GNAS,RPS24,NANS,PDLIM2,TMSB10,DPP7,SH3BGRL
295,NELFB,NMI,NAAA,PLEKHA3,ITGB1BP1,ARL4A,RBM39,RAB27B
296,TALDO1,C11orf73,DECR1,GZMM,SH2D1B,MX1,IMPA2,H1F0
297,MRPL23,TKT,HIGD2A,FXR1,TMEM173,NACA,ST3GAL4,U2SURP
298,HNRNPA0,PSMD7,CCT4,HSD17B11,IFNG,ARHGEF1,NUBP1,GMFG
299,CNBP,CCDC23,PARP1,ECHS1,LAT2,TMEM123,MTPN,SMIM5
300,RP11-291B21.2,RENBP,TMEM9B,CHCHD7,ATP1B3,TPGS1,FES,MOB1A
301,HSPA8,EIF4EBP1,WHSC1L1,RPS19BP1,ASCL2,PARVG,NDUFS6,THAP11
302,APEX1,TMEM147,EHD1,NDUFA6,SYF2,DDIT4,KRTCAP2,TMEM9B
303,NDUFA1,SIRPA,NCOR1,PSMD8,HBA1,SIVA1,CCNL1,IMPDH1
304,TMC6,ODF3B,LCN8,C11orf48,GOLGA7,IDO1,SPG11,ATP2A3
305,TXNDC12,THOC6,CBL,CD8B,SRRM2,FRG1,LAP3,UBL4A
306,ANKRD12,IFNGR1,REL,SUN2,BCAP31,ENHO,NGLY1,VASP
307,OPTN,RSAD2,BTN3A2,LINC00116,ORAI1,PSMD11,DNAJC7,CMPK1
308,PRPF19,RGCC,BLK,OS9,FKBP11,IRF1,CCND3,JUND
309,ARHGAP30,COQ7,DGKA,CMPK1,MARCKSL1,APEX1,RNF5,PACSIN2
310,C19orf60,PRAM1,MAF1,CCSER2,ESYT1,MT-ND4L,OFD1,IFRD1
311,YIPF4,AGTRAP,NDUFS7,EID1,TCF25,IK,SUB1,RSPRY1
312,EPSTI1,ADSL,SMS,NKAP,RPS21,CLEC2B,RASSF4,CCNG1
313,USP33,HIST1H1C,TMEM156,CHMP1B,PSMD8,TPMT,MRPS7,GNAZ
314,YWHAZ,PGK1,RPS25,RPS27,DRG1,VBP1,ALKBH7,MRPL21
315,BZW1,SOCS3,MAP3K8,PHB,SKP1,MFSD12,PTPRC,TPI1
316,CD27,NDUFB8-1,PYCARD,PRR13,BCAS2,NUP214,DHRS7,TAX1BP3
317,VASP,TMA7,PSMC6,ATRAID,LAMP1,C1orf123,SMIM5,ITGB3
318,PSMB10,TIMM17A,NUP54,FLOT1,MAP2K3,VAMP2,CUEDC1,ANKRD10
319,NPM1,MRPS12,PBXIP1,ILF2,RTFDC1,ACADVL,TOR3A,YY1AP1
320,RBM3,QPCT,BTF3,YWHAB,MIR142,METRNL,CXCR4,EIF4G2
321,FYN,SERTAD3,EZR,SSU72,PCBP2,DDX50,VPS51,C19orf43
322,STX8,FLNA,ZNF207,CD3E,SH2D2A,MYOF,TIFAB,FAXDC2
323,EMC4,RPS15A,PPHLN1,SSBP4,YWHAZ,TMSB4X,C20orf24,NDUFA4
324,XRRA1,HMOX1,KIAA0125,TC2N,APOA1BP,CNBP,RGS19,SPCS3
325,MOB2,ARHGAP9,TLR10,GPKOW,LITAF,TAF10,GYG1,PTPN6
326,GLOD4,GIMAP7,SMAGP,CAP1,SPPL2A,EIF4G2,COX5A,P4HB
327,PIK3IP1,VIM,C11orf58,RNF126,MSN,ADRBK1,GINM1,FHOD1
328,NHP2,SERPINB6,LINC00936,TBC1D1,GTF3A,LCP1,ZDHHC12,UBXN11
329,MORF4L1,TXNL1,RPL26,TOB1,PTPRC,MGST3,MT-ND5,RIOK3
330,SAMHD1,S100A12,WBP2,SNX5,LAIR1,ACTR3,SFPQ,PRKCSH
331,ATP5D,DGCR6L,CAMK1D,ARL4C,AURKAIP1,C1orf63,CD1C,MBNL1-AS1
332,STT3A,CRIP1,CASP4,RP11-220I1.1,LRCH4,PPP1R9B,PQBP1,GATA2
333,GSTK1,LMNA,PIM2,RAB9A,LPCAT1,RAB4B,ARPC5L,SF3A1
334,ORC4,LILRB3,TSPAN13,RPN2,STMN1,TNFSF10,IFNAR1,SCFD2
335,STK10,STX11,ANXA7,LETMD1,CD96,CKB,ZBTB7A,CISD3
336,NUDT1,JUN,ATP6V0E1,AAK1,SLC38A2,LSM1,DAD1,EIF2AK1
337,TUBA4A,SSR3,ENSA,HOPX,JTB,NCL,SOX4,AP2S1
338,DDX50,COA6,TPM3,STXBP2,PRDX1,MAFB,FOSB,COX6A1
339,OAS1,HLA-DMB,HOOK2,DUSP23,TXNIP,CUTA,IRAK3,MTFR1L
340,EIF4B,PPM1G,CALCOCO2,COA4,KAT6A,FGL2,TNFAIP3,LCN2
341,CDKN1B,AOAH,BCAS4,TOMM7,IFT20,PSMG2,GLRX5,ABTB1
342,ALKBH5,TMEM141,NFKBIL1,NSG1,GRHPR,C9orf16,PDCD6,MLH3
343,SRP72,CD1D,COPS6,SNRPG,ATP5SL,TAX1BP1,SPCS3,MRPL20
344,VDAC1,ATF6,SMIM11,DDX5,PAIP2,ATP5A1,EMC10,GABARAPL2
345,SEC61G,SF3B1,NAT9,EVI2B,PSMD9,VCP,MYD88,CMIP
346,DCTPP1,ERI3,NDUFS2,RAB11B,ENSA,DCTPP1,RPL27,MFNG
347,PPIG,SERP1,RPL38,DIAPH1,NOP10,TXN2,ATXN2,PDZK1IP1
348,RAB34,SUMO1,CTSH,METTL23,HLA-F,CCT6A,RPS14,ARL5A
349,LINC00176,CITED2,UNC119,GSTK1,GLO1,BSDC1,LARP7,TESC
350,CDC40,ARHGEF40,TIFA,YME1L1,EPC1,DEK,MLEC,TMCC2
351,HDAC1,NCKAP1L,TCF4,TRIAP1,ARL6IP4,SHISA5,BLOC1S1,NPM3
352,LSP1,KAT8,DDX24,SYNE1,TMEM104,SPAG7,RABGGTB,RP11-1143G9.4
353,MAEA,DNAJC7,LIMD2,CHCHD5,NHP2L1,ALKBH7,MIF,SEC14L5
354,PMAIP1,PTPRA,LSM7,UQCR11-1,CARD16,GLTSCR2,TCEA1,TMEM109
355,COX8A,AUP1,RBM17,TEX264,TARDBP,DAP3,PLK3,TUFM
356,COX16,MAP3K1,HIRA,METTL5,RPL34,IRF9,RGS10,CD151
357,GNG5,AIP,LUC7L,CASP4,TMBIM4-1,SNX17,FBXO6,EDF1
358,SUPT4H1,HNMT,UPF3A,ZBTB8OS,RASGRP2,NFATC2IP,DHRS4L2,CAMTA1
359,SAMSN1,PTOV1,GID8,POLDIP2,PLA2G16,FMNL1,SLC15A3,CHMP2A
360,TUFM,SRM,RALGPS2,SPOCK2,CCDC28B,EMC4,DCXR,KIAA0513
361,NMRAL1,SPG21,IL6,MYL6,SRSF4,LGALS1,CD33,TMEM261
362,DGCR6L,YBX3,U2AF1,ARPC5L,CYTIP,MRPS15,UQCRQ,ALOX12
363,GPBP1,ARPC3,NFKB2,CLEC2B,IRF7,TMEM258,FUT7,COTL1
364,ARHGAP15,MRPL54,ATP6V0B,DDX19A,BUD31,NUCKS1,C10orf54,YIF1B
365,ARHGEF1,TMEM173,TNFRSF13B,POLR2F,KIF5B,THRAP3,ATRAID,CTDSPL
366,IMPDH2,CXCL2,ITGA4,WDR83,ARF5,SHMT2,RAB5B,BSDC1
367,CCZ1,PLCB2,ATP1B3,REST,CMTM3,PAIP2,NUP210,SERPINB6
368,CD47,NDUFA8,TMEM2,ALDOA,CCT7,GGNBP2,PFDN2,ZFP36L1
369,RPL5,ALKBH5,THAP7,GABARAP,CCT8,LPCAT1,AMICA1,PSTPIP2
370,EIF3G,ZNF277,ZNF3,TLE4,PPP3CC,ATP6AP2,RRBP1,ARG2
371,RAB2A,ANAPC5,RP11-347P5.1,ARL14EP,SHARPIN,NOL7,TMEM251,CD68
372,SNHG15,NCF1,ASF1A,SEPT7,NPRL2,RPL26,IL6R,PHPT1
373,OGG1,C11orf83,MTPN,SMDT1,CTDSP1,PSMB9,ACP1,MTDH
374,ZYX,MRPL32,ATG10,PLEKHF1,TMEM41A,SAMHD1,DNAJC4,APP
375,ITM2A,MARCKSL1,ARID5B,ACBD6,BSG,GBP2,NHP2,NHP2L1
376,KLF6,ATP5J2,CHCHD10,SDHAF2,MOB3A,HMGA1,AMD1,LINC00152
377,CCDC85B,SCCPDH,PPDPF,DOK2,MAF1,TRIM5,BRD4,NBPF10
378,ITGAE,MARCO,ZFAND6,TAF7,RPL27A,PRKCB,ALG2,TUBB4B
379,PPT1,PSMF1,GDI2,TMEM147,YPEL5,ALKBH3,TPM2,C1orf198
380,KLHL6,XRN2,MRPL16,SETD3,ERH,MYO1G,BZW1,MPST
381,MRPL18,RPLP0,ATP1A1,GAPDH,SLFN12L,C17orf62,LAMP5,TXNL4B
382,PSMD13,UQCRC1,MDH1,CYB5A,CSNK2A1,MRPL23,TBCA,TPTEP1
383,BTG2,EVI2A,ERICH1,SMAD2,RAC1,DDX23,BZW2,LINC00938
384,APBA2,PLAUR,HIST1H2BK,AC092580.4,EIF2S1,CD47,UBE2D2,NEXN
385,SENP6,OCEL1,GADD45B,ENO1,INPP4A,NDUFS5,ATP6V1F,KLF9
386,WIBG,SLTM,STK4,GMPR2,PTGDS,ZFPL1,STRAP,C10orf54
387,ITGA4,SDF2L1,IFI30,C16orf13,TXNL4A,GTF2A2,USP7,hsa-mir-1199
388,SOD2,RP11-139H15.1,HHEX,GLTSCR2,ACP1,CAPNS1,YIF1A,EMC3
389,SRSF7,MYCL,ARPC1A,PLEK,DDX39A,UQCRFS1,BLNK,FAM65B
390,LEF1,BAG1,ANP32A,S100A11,DCTN2,CCL4,PRCP,PYGL
391,TMEM230,SCPEP1,MRPL28,AP2S1,DDX17,RBX1,MEN1,KIF2A
392,ZNF688,CD300C,LY6E,SFPQ,KLRC1,FDX1,DNAJA1,TIMM13
393,SEP15,EMC7,CSK,CNTRL,LGALS1,TPGS2,C14orf2,SERPINA1
394,LIMS1,RAB28,SHMT2,RBM14,IDH2,CTSL,MGAT1,ATPIF1
395,LYRM2,SEC62,EMP3,ADSL,SPN,C1QC,CDC37,RPL37A
396,CRIP2,SUCLG2,DEXI,PUF60,WDR83OS,ATP5C1,BANF1,SIAH2
397,SRRM2,SLC2A6,DEGS1,NDUFB10,RNF187,GRINA,GALK1,TMEM50A
398,USP30,CORO1B,ADD3,NPM1,SERPINB1,IDH3A,C19orf10,MSN
399,PTOV1,SEC61A1,TMEM154,KPNB1,HMGN1,SARS,CLTB,LYPLAL1
400,ZFAND2B,IDI1,CLK1,HN1,DDB2,COPS5,TMED9,SNX6
401,ARL6IP4,RNPS1,SEPT1,DUT,CAPZA2,PSMB8,CCNB1IP1,SERP1
402,NOC4L,CYTH4,PARL,LAG3,STIP1,C21orf33,PPT1,GSN
403,TXK,NEU1,GNAI3,BAX,SEPW1,PAF1,SYNGR1,PTGIR
404,SLC38A2,ILF3-AS1,CD180,MRPS14,TSSC4,XAF1,IL3RA,R3HDM4
405,EEF1G,NCOR1,TMEM50B,SLBP,ARHGAP25,CIRBP,POLR2E,CHST12
406,SNRNP200,NDUFV3,BLOC1S2,RABIF,RAB7L1,ATG4B,MTCH1,C7orf49
407,OLA1,PNKD,ARL2BP,IFRD1,HDDC2,EEF1B2,RPRD2,CLIC4
408,TRPV2,CSF1R,ACTR3,PTP4A2,PPIB,LEPROT,NDUFB10,DRAP1
409,DSCR3,HNRNPD,EIF1B,SH2D2A,MYH9,PIK3IP1,PTCRA,SERPINE2
410,SPG21,CHAF1A,XBP1,PDAP1,SRSF9,C19orf70,TPP1,MX1
411,EEF1E1,RPA2,KIAA0930,PSMB3,SNRPE,BST2,MED28,ANKRD9
412,BTN3A3,PRDX5,MRPL43,ATG3,IDH3B,PTPRE,RHOG,PRKAR1A
413,FBL,PAFAH1B2,FMNL1,EPB41L4A-AS1,LYRM2,ATP6V0B,SERINC2,RDH11
414,DGUOK,RNF114,DRAM2,ISCA1,SET,CHMP2A,MSRB1,MIR4435-1HG
415,CWC15,TRIM28,RCN2,YARS,TMEM208,EIF4E2,TMEM203,WIPI1
416,HSPE1,TCF7,ZNF331,NDUFAF4,IDH3G,UQCRB,NDUFS7,YY1
417,PPP2CA,RAB4A,PNN,DDIT3,TNFAIP3,HAGH,MAGOH,CHMP1B
418,YTHDC1,RRP7A,ACBD3,DEF8,N4BP2L1,MS4A4A,RNASEH2C,COMMD5
419,PRKRA,CAPZB,SLC25A24,CD53,PSMA2-1,GIMAP6,TAF11,ARF5
420,HMGN3,ARRB2,HBP1,HINT1,C15orf61,GNPAT,DYNLL1,SNRPD3
421,SMIM11,PFDN6,NDUFB5,MGRN1,GHDC,FUS,PTPRE,TNNC2
422,KIAA0922,PFDN2,KMT2A,TUBG2,SPAG7,MVP,SH3BP2,CTTN
423,API5,LFNG,DAZAP2,PFDN6,RP11-66N24.4,AIMP1,RAB1B,ANP32B
424,HSD17B10,MLX,CAMLG,CLTB,CTSA,TBRG1,PFKL,AC078883.3
425,CNDP2,RBCK1,MBD4,POLR2K,UQCRH,SGK3,PRKCSH,RABIF
426,RIC3,SPINT2,STXBP2,MRFAP1L1,MARCH2,GPBAR1,TNFAIP2,FCGR3A
427,RGS19,CWC15,BLNK,ZNF581,UNC50,RBM8A,TMEM59,TBC1D22A
428,C2CD4D,NDUFS8,NGDN,GLRX,UXT,ARNTL,CTBP2,SPRYD4
429,SSR4,NUMB,PBDC1,ATP5B,GPATCH4,LRP1,RPS28,RNASEH2C
430,MOAP1,DNPEP,GGA2,LAMTOR4,APOBEC3C,C5orf56,FBXW7,FURIN
431,DCXR,CNOT2,CTC-459F4.3,ARPC1B,PHPT1,TRNT1,ATIC,BNIP3L
432,LSM14A,DECR1,KCNG1,RBM4,ARL2BP,TCIRG1,TMEM167B,RAB11A
433,ATP2B4,RPS4Y1,ICAM3,DTD1,ZNF83,ANXA6,TCF25,LSM1
434,DEDD2,MZT2A,ERGIC1,MTDH,USMG5,IAH1,EPC1,HDGF
435,DPF2,LACTB,ATF2,OTUB1,GLG1,MAP3K3,ZNF296,MAP1LC3B
436,HK1,GGCT,KXD1,AIM2,TAPSAR1,SNW1,NSUN2,RP11-254F7.2
437,HSF1,USP15,DNPEP,UQCR10,RAN,COMMD5,SIRT2,TCEB2
438,TTC14,SRI,RP5-887A10.1,NDUFA7-1,MSH3,CDKN1C,RP11-489E7.4,TBC1D20
439,EIF3H,CDS2,LSM10,THOC7,UBE2F,KDELR2,SEC13,PVALB
440,CCT3,TRAPPC2L,PEX3,CMC1,NFU1,EIF3L,C20orf27,PPCDC
441,CHRNB1,VDAC2,DCAF8,LBR,ATF6B,GMFG,DNMT1,TRAM1
442,UBE2L3,PSMB4,BECN1,CNPY3,ENO1,SLC31A2,ATP5B,BICD2
443,LARP7,SCAF4,USP6NL,NUDC,TMC8,RASAL3,NDUFB8-1,SELK
444,MRPS18C,AP2B1,ATP5L,RPL19,TAF9,NT5C,FAM20B,NASP
445,SMARCA4,SQRDL,CTC-228N24.3,TSEN54,ALKBH7,GZMA,HNRNPC,ANK1
446,FMNL1,PSMC2,TIMM22,TMEM14C,SEC61A1,IL12RB1,YWHAZ,SRM
447,FBXO3,ELP5,TREX1,ATG5,CBFB,C11orf21,LINS,LRPAP1
448,PCNA,P4HB,SNX10,RNF139,SH3GLB1,METTL23,XAF1,RAC1
449,TGFBR2,STOML2,CYTIP,ILF3-AS1,TMEM243,PSMA3,PSMA3,RAB8A
450,APH1A,HDAC1,DNAJC10,SEC11A,WDR1,LENG8,MX1,STOM
451,PRKACB,PDCD2L,ZNF92,ZBED5,ITGAE,PIK3AP1,ATXN10,MPG
452,RCAN3,USP4,MYC,CCNH,SLC9A3R1,TPD52L2,COX7C,NLK
453,SNAPIN,RP11-796E2.4,ABHD13,SZRD1,ERBB2IP,PSIP1,EMP3,PHB
454,NDUFB4,SHKBP1,SCOC,ECH1,PSMA6,C4orf27,PEF1,TOPORS-AS1
455,CXCR3,ELOF1,KRAS,ANKRD36C,KLF12,ARIH2,SVIP,PLEC
456,ARHGDIA,TGFB1,STRBP,EZH1,PLEKHB2,TSPAN32,HLA-B,ISG15
457,CNPY2,TRAF3IP3,C12orf10,SNHG8,UBE2N,HSH2D,MRPS21,KCMF1
458,BPGM,OSTF1,CCDC57,VPS29,TSC22D4,SH2D3C,SLC25A3,ACP1
459,MAGEF1,VCAN,ARHGAP4,SLC25A5,KIR3DL2,ASNSD1,MPHOSPH8,TNS1
460,TRMT10C,PRKAR1A,CTA-250D10.23,AIM1,SASH3,HDDC2,CARD11,CARHSP1
461,ZC3H14,TBXAS1,DOPEY2,PET100,GRAP2,NAPA,UBE2Q1,ABHD16A
462,NR1H2,CCNL2,EWSR1,MRPL14,SRSF1,PGP,ARL6IP6,OPA1
463,HAUS7,TMEM167B,SNW1,YPEL3,RCN2,TTYH3,DNAJC1,ARMC10
464,SHISA5,POMT1,IQSEC1,C17orf49,PRR5L,CD302,MAF1,MAP7D1
465,BTF3L4,LCK,CRNKL1,DHX30,BZRAP1-AS1,ADA,ETHE1,KCTD20
466,ATP5C1,PGRMC2,FGFR1OP2,ZNF836,IRAK4,MCRS1,STX4,SWI5
467,TRIM39,SPTLC2,EIF3L,PNISR,LAMTOR1,U2AF1,NDUFA2,UPF3A
468,FIP1L1,ZFAS1,LINC00938,SLFN5,PPIG,ARL5A,MTHFD2,PPCS
469,NSA2,SAR1B,GRAP,CD160,TPT1,HN1,PICALM,CTDP1
470,GBP2,HMGN2,DAPP1,TIMM17A,RNF115,BAG5,CCDC69,RILPL2
471,CDC73,IFRD1,TRAPPC12,BLK,MAPK1,EIF5AL1,SDHAF2,MT-CO3
472,ICAM2,CHMP2B,USMG5,MPC2,SHKBP1,CD68,POP7,CCAR1
473,CSNK2B,PSMA1,TRA2A,SUMO1,INTS10,VGLL4,BABAM1,ATP5B
474,IFIT1,PSENEN,VPS72,RFNG,BCL11B,NXT2,COX4I1,SSH2
475,IDH3B,CD93,FCGR2A,CHCHD10,CHST12,KDM3B,MRPS14,NUP62
476,ELOVL5,WAPAL,USP8,CKLF,PPM1K,LILRB4,APRT,TIMM17A
477,TCF7,MT-ND5,PMAIP1,SERP1,GRB2,ADH5,KLRG1,MFF
478,MVP,CDK5RAP3,BCL7A,WIPI2,FDPS,PITPNM1,MEF2D,ARL6IP5
479,LRCH4,SEMA4D,AIMP1,TSPAN3,SNRPA1,SFT2D1,RPL13,ARHGAP6
480,CNOT8,WSB1,ADH5,NUDCD2,CUTA,CLSTN1,NDUFA1,FRMD3
481,NCL,WDR45B,UPF2,MPRIP,MRPS6,PTP4A2,UGP2,UBAC2
482,PHF20,PDAP1,TEN1,TGFBRAP1,BEST1,CSF2RB,TRIM41,ROGDI
483,CORO1C,CUTC,CFLAR,AQP3,DPM2,C16orf87,TTC17,WBP5
484,SPG20,SNORD3D,ARAF,C18orf21,PDHB,DESI1,LDHB,VEZF1
485,DNTTIP2,CCDC47,GPR18,ZDHHC6,RTF1,CNDP2,IRF2BP2,CFL1
486,RASSF5,SORL1,CWC25,VPS37A,HAGHL,CNIH4,TMEM256,P2RX1
487,PRPF40A,BANF1,EIF5AL1,AK2,CYTH1,CEACAM4,GOLT1B,PCID2
488,SF3B5,MANBA,CYBB,RRP15,PSMA5,GHITM,TIMMDC1,RPS19BP1
489,RHOG,SEMA4A,PHF14,TTC38,PATL2,PANK2,APEX1,C6orf226
490,DDA1,SPSB3,MED29,NONO,INPP5D,LINC00309,CPSF6,CLTA
491,ATG12,SRP14,RP11-428G5.5,FAM173A,FRG1B,TSTA3,C2orf68,EPB41L3
492,LMNA,MTIF3,TPD52,NOB1,LNPEP,COMT,HDDC2,ATP9A
493,PLK3,OSTC,ACP5,UBE2E1,HNRNPU,LEPRE1,H2AFV,NDUFA6
494,TXN2,LINC00847,MRPL52,UBE2I,BPGM,ORAI3,PSMB3,SF3B4
495,EPS8L2,KDELR1,SMC6,GADD45GIP1,CTSC,METTL3,SRSF4,COX6A1P2
496,SORL1,PDCD6,TAP2-1,PNKD,PTGER2,BTG2,PKM,FYB
497,ATP6V1B2,PDHB,SMCHD1,B4GALT3,MRPL49,RRP9,FUOM,FSTL1
498,SON,FOSB,MPP6,RPS6,TRAPPC1,C9orf78,BCL11A,MYLK
499,RNF6,COX14,NT5C,CEBPD,CD244,PILRA,UQCR11-1,HMG20B
500,C14orf1,CCDC12,POLRMT,NECAP1,RASAL3,ACP1,HNRNPL,C19orf33
501,CTCF,RNF149,KLF6,SLA,CELF2,CCT4,MAPKAPK5-AS1,MAGED2
502,BCL11B,SNRNP70,FLI1,SERGEF,MYLIP,ACTR2,C6orf1,LAT
503,PARP10,ATG4C,NAA38,CLK3,FBXW5,NAGK,TMEM248,FAH
504,FOXO3,GPI,OSGEP,LINC00649,S1PR5,DRAM2,IL13RA1,ADAM19
505,ICAM3,GLO1,RAB7A,CCNG1,UBXN4,RTN4,MAFB,MAZ
506,HNRNPUL1,KRCC1,ARFGAP2,UBE2G1,C11orf21,COMMD3,PPP2R3C,PTPRA
507,GATA3,RALA,VOPP1,LRIF1,HMGB1,MCL1,INPP4B,UBALD2
508,CHMP3,PSMA5,MCUR1,NDNL2,SRPR,SET,SPPL3,TBXA2R
509,CMTM8,IFI27L2,BLOC1S4,JAKMIP1,KIAA1715,ERGIC3,USF2,ARRB1
510,IFIT3,CCDC124,YWHAB,MORF4L2,PRDM2,PRPF31,SCNM1,BIN2
511,IFT20,COA1,HNRNPR,NOL8,SIGIRR,RPS12,AP2M1,RPA1
512,SMIM12,HHEX,SNX5,GPANK1,RASSF5,RAC2,ARHGAP4,MRPL23
513,SELT,EEF1G,TEP1,ILK,ANAPC16,TOLLIP,DDIT4,N4BP2L1
514,HSPB1,RTN3,RP11-589C21.6,FBXO8,TSPAN32,ASB1,C17orf49,LINC01003
515,CMC2,PEA15,RRAS2,EIF4E2,SEC31A,HCK,HDAC9,GUCY1B3
516,RNF25,MRPS36,TGOLN2,FNTA,CHST2,NELFCD,CLEC11A,ISCA1
517,MYO1G,SAFB2,TMX4,F8A1,KLF10,MED11,HM13,IFRD2
518,ID3,TMEM14C,C20orf196,ZNF101,CCDC47,MIR142,C9orf89,MRPL14
519,ATP6V0E2,GSDMD,UBA6-AS1,RPL27A,SF3A3,TMEM179B,SLC3A2,SLC39A3
520,AMD1,SLC25A5,HAGH,IL16,RABGGTA,TAOK3,DCTN6,ATP6V1G1
521,RP11-18H21.1,CASP8,YPEL3,SLC20A1,MAP3K8,CD300A,TRAPPC13,SRSF6
522,PPP3CC,PPP1R7,TACO1,IER3IP1-1,CD38,FBXO41,SLC38A10,CRIP1
523,RILPL2,SMARCD3,PRAF2,CSK,GABARAP,RRAGA,L3MBTL2,ABHD11
524,ANXA11,LYAR,UBALD2,FAM46C,PITPNC1,PDIA3,AP3S1,PSMC4
525,SEPHS2,OAS2,ADK,REXO4,AUP1,RBMS1,CANX,NDUFA13
526,CAPN7,NKTR,DUSP18,DNAJB1,IFITM3,CYBB,RP11-1143G9.4,RNF8
527,SLC25A38,DPF2,HSPA4,TMCO1,POP5,TAPBP,ARL1,PCP2
528,C12orf76,LAGE3,FAM53C,CHD8,TMEM126B,IRF2,ZNF593,HIST1H2BD
529,GIMAP1,LSM10,ZNF292,TSSC1,UTP3,ATG3,TOMM22,H2AFZ
530,PPP1CC,NME1,SMARCE1,TMBIM6,SMIM20,SMIM7,SMU1,RTN3
531,FAM162A,QKI,DHRS1,VPS13A,COMT,RPN1,GUK1,HTATIP2
532,RNF34,GON4L,MRPL20,MAP2K2,C6orf48,MIIP,RUNX2,CDKN1A
533,PARP9,C17orf89,ORMDL3,XRCC5,ARL6IP5,DERL2,FCHO1,STK16
534,EXOC7,TMX1,PPP1R14A,RHNO1,C19orf66,WDR55,S100PBP,GNB1
535,TNFSF10,SNRNP25,SEP15,ASB8,PTPN4,AC010642.1,RNFT1,ASB8
536,LILRB2,MYO9B,USP12,UBL5,VIMP,ORMDL1,CDKN1B,ENO1
537,NUCB1,FCGR1A,CDCA7L,ATP6V1E1,AGPAT6,COL4A3BP,TBC1D1,YWHAZ
538,NPM3,PLEKHJ1,UBA5,PCGF5,LRRFIP1,SNHG8,C12orf45,GTF3C6
539,FARSA,PBX2,BNIP2,MAP2K1,SUPT4H1,IDS,ALDH9A1,PTTG1IP
540,C21orf33,OGFR,ATRX,ERCC4,GABARAPL2,SSNA1,RPL22,AP2A1
541,TBC1D4,FAM105A,SIVA1,RMDN1,AKR1B1,YPEL5,MBNL1,SH3YL1
542,ABRACL,CD46,RP11-343N15.5,P2RY10,SLC44A2,SLC35B1,ITGB2,PDCD10
543,EFCAB14,STK25,PARP14,FKBP8,TXK,TRIM13,NBEAL1,RP11-197P3.4
544,ARL6IP5,PYURF,RBM5,SUN1,MRPL20,ASCL2,DDAH2,RP11-475O6.1
545,FASTK,CCDC94,CCDC59,MED13,KLHL28,SLC44A2,GHITM,DUSP22
546,USE1,EXOSC4,RP4-758J18.2,DAP3,OLA1,PYCARD,PPP1R14A,CXorf23
547,CCDC124,ARFRP1,WSB1,XAF1,CFDP1,DDX46,SPINT2,FAM63A
548,COMMD9,TMEM50A,MCM5,TSNAX,FGR,ATM,SH3KBP1,RP11-192H23.6
549,DRAP1,CHTF8,FCRL2,PGAM1,MPPE1,SH3GLB1,MTDH,RP11-319G6.1
550,ATP5G1,IFIT3,RP9,HADHA,MACF1,CASP5,LYPLA1,LACE1
551,ZNF146,RAB34,P2RY10,MT-CO3,MRPS30,TMEM167A,SUPT20H,MCM4
552,P2RX4,RSBN1L,ARPC5,TMEM109,HDDC3,SNRPF,MLF2,SPNS1
553,C1orf43,HNRNPAB,TNFAIP8,KRT10,ARL5A,TSPAN33,NDUFB5,TUBGCP5
554,ANAPC5,TERF2IP,MRPL47,CPNE2,COX7A2L,SNAP23,MRPS18C,SCLY
555,MAT2B,ALOX5,RECQL,ITGAL,COPZ1,NLRP1,IQGAP1,CPNE5
556,RAD21,DGCR6,PSMD14,ADAR,CYC1,EIF3H,IGSF6,GP6
557,PRKCQ-AS1,WDR13,PAX5,DCAF6,MTCH2,CD2,PID1,MCM9
558,SUMF2,MRPL33,PA2G4,TMEM106C,ABHD13,MRPL52,DCTN1,APOM
559,ZNF683,TMEM154,POLR2C,PLRG1,NXT2,PSMD6,DNAJB9,CCDC71L
560,FLAD1,MRPS6,IFI35,COMMD1,TSTD1,RBMX,KIAA0922,CLK2
561,TNIP1,PSMB5,LYRM1,OSBPL8,AMZ2,BEST1,CTC-444N24.11,UPF1
562,TCP11L2,GPX1,LRRIQ3,C11orf58,GGNBP2,NDUFV2,MTCH2,APOA1BP
563,CCDC66,ACOT8,BOD1,DDX3X,PDCD10,UTP6,SOAT1,TRAPPC11
564,TMA7,TMEM66,DSCR3,NUDCD3,FMNL1,JMJD8,MRPL23,CD3EAP
565,TPK1,MID1IP1,DDX39A,RSU1,SMARCB1,CHCHD1,SURF6,EGLN3
566,MACF1,RSRC2,SPIN1,DAD1,CAMLG,TTC3,SPAST,WWC3
567,CEP68,VTI1A,DCAF13,EPS15,TRA2A,PLAGL2,CHPT1,MCM2
568,POLR2J,NRD1,HIF1AN,UBL7,HERC1,ROGDI,SUPT4H1,AC113189.5
569,CANX,CDK5,PAIP2,NUP50,PGAM1,CLEC10A,RAB4B,RP13-582O9.5
570,ZDHHC3,C14orf166,PUS1,TFPT,REXO2,CTSB,PRDX3,MIR4519
571,SLU7,IFFO1,SLC25A14,NUBP2,SNRPF,SMDT1,RCAN3,GNPNAT1
572,DHPS,SRRM2,ITPR1,OGT,SUV420H2,POU2F2,CENPV,FBXW9
573,UBE2D1,NUDC,ATF3,U2AF2,PHF20L1,DDX56,MARK2,TNFRSF13B
574,RP11-432I5.1,MRPL51,CARHSP1,PPM1G,CEBPD,NDUFB2,BTF3,GSK3A
575,EBAG9,CTNNBL1,POLR2G,MID1IP1,GSTP1,MRPS21,SATB1,CLPTM1L
576,FNBP1,RANGRF,YDJC,MRPL34,HNRNPF,ARHGDIB,EMC3,RNH1
577,PEX19,TGFBI,LINC00909,AP3B1,ASXL1,SWI5,SSBP1,LY75
578,CHMP2A,MRPL28,RNASEH2B,CHMP2B,SDHA,MBD2,FAM96B,SEPN1
579,COA6,MAF1,DDX17,YWHAQ,UPF3A,ANP32B,FRG1,ANAPC15
580,SUCLG2,NIFK,C1orf63,UBR2,ZFAND6,SEH1L,CSNK2B,SETDB1
581,XRN2,ARAF,DDX18,ITPKB,PANK2,TOX4,SNRPE,SELO
582,PTGES2,VPS26B,AUP1,MYH9,XPA,RABL2B,C10orf128,VPS28
583,CREM,CSRNP1,GPR137,EIF3B,FAM65B,AMICA1,HEBP2,VCPIP1
584,TRAM1,PLIN3,TAPBPL,BCAP31,UQCRC1,VAMP3,ITGB1BP1,SLC38A5
585,PSMD7,MYL12A,TAF1D,CD27,TMC6,LRRC47,EIF1AY,SLC10A3
586,EVL,CCDC159,PCDH9,MAF,RBM25,PUF60,SPAG7,LSG1
587,CDC42,MLF2,LMBRD1,SSBP1,CCDC107,TAPBPL,SMC1A,CDKN2A
588,GPN3,CFL1,GNL3,VPS4B,C11orf31,C1orf122,RAD23B,TPGS2
589,CCT4,RPL5,SNX29P2,MRPL36,PEPD,BLVRA,NFATC2IP,ZNF24
590,SPAG7,ACIN1,IER5,PMPCB,C1orf21,RPUSD4,WSB1,CSTF1
591,BRK1,SMCO4,ZNF684,RRP1B,USP28,NIPBL,AKR7A2,LCN8
592,OSBPL7,MARK3,GPR183,ALG5,CYB5B,HLA-DQB1,ANKRD13A,SUCO
593,RBBP6,HPCAL1,DUSP1,UBE2A,EED,MFNG,ADPRM,LSMD1
594,SEPT9,MOB3A,RASGRP3,NUCB2,MRPL17,PYHIN1,NCDN,CCDC18
595,OXNAD1,SRRM1,CDK4,RIOK1,CISD3,CSDE1,DAZAP1,RP6-109B7.3
596,IRAK4,RNF181,SAC3D1,SP140,WDTC1,RIOK3,QARS,GTF3C4
597,AP5M1,SNX2,IFIT3,ARSA,NSD1,C11orf58,SAP30BP,NR1D1
598,KPNA2,PKN2,MRPL12,VRK1,PHF11,HNRNPF,RTN1,WHSC1
599,PDCD6,PTP4A1,RAD9A,TNFSF13B,RNF19A,AP4M1,ABLIM1,TLE3
600,CD2,PLD3,BEST1,SRPRB,MAPKAPK5-AS1,CYTH1,TIMM10B,HIVEP2
601,CCT6A,GBP4,STARD7,MAN1B1,CCZ1,CCDC115,MAN2B1,SAMD4B
602,CBX6,MT-ND4,S1PR4,NUP37,TXN,ATP6V0E1,SMPD3,STRA13
603,FBXL12,SF1,MRPS35,TMBIM1,TPR,KLF11,UROS,POLR3H
604,URM1,LINC00493,CHPT1,BIRC6,AKIRIN2,DDX41,MAP2K3,SMC6
605,MAP2K7,DUT,ELOF1,CERK,LINC00493,GRPEL1,DDX19A,TRIOBP
606,CNIH4,SMAD2,SGTA,DNAJC11,PIGC,HDGFRP2,LAMTOR4,TRAPPC6B
607,LSM1,CALCOCO2,ERP44,FAM177A1,USP7,SIGIRR,SEC61G,POM121C
608,RNF149,ATP6V1F,RP11-693J15.5,FDX1,LSM14A,DDX18,NME3,SPNS3
609,RAB5C,CRTAP,FAM60A,PAFAH1B1,BUB3,MORF4L1,STT3B,IRAK1
610,CCAR1,GOLGA7,C1GALT1,NRBF2,TPRKB,PTPN6,TMEM205,TRIM52-AS1
611,MRPL53,MYH9,CPSF3L,SDHAF1,CAPNS1,DNPH1,SPIB,SMARCD2
612,TADA3,HAUS4,SMARCB1,TIMM13,VRK3,CYB561,FAM133B,GTF2A1
613,TRIM38,ENTPD1,EXOSC3,DHX38,RP11-792A8.4,ZBTB10,COX15,VCP
614,AC013264.2,LILRA6,SERPINI1,ADAM10,STRAP,RGS19,FBXO25,MARCKS
615,SP100,MKKS,KLHDC3,MINOS1,RUNX3,CCPG1,GTF2F2,SLC35B2
616,TUSC2,TMED3,CD81,URGCP,YIPF6,G3BP1,ITGB2-AS1,DHRS4
617,IL2RG,DNAJC3,VASP,MAGED2,TIA1,SPATA5,BST1,CX3CR1
618,TDP2,ZNF22,ANKRD49,MAP1LC3B2,COX6A1P2,LSMD1,RNASEH2B,CPNE1
619,FBXL3,KCTD12,TRIM44,DOCK2,PRKCSH,COX5A,SLC25A11,BTN2A1
620,RPA2,PIK3CD,USP16,PSMC3,CRELD2,KYNU,CD300A,ATF7
621,CNIH1,BUB3,ANXA4,PRMT1,LPIN2,C12orf10,UBAP2,AP1B1
622,FXN,FUNDC2,ARL8B,ARAP2,MRPS12,NUDT1,LIMS1,NOP16
623,APBB1,HOMER3,SRD5A3,FAM3C,SON,DNAJC19,MRPS10,C6orf106
624,STK4,CPVL,EGLN1,ACAA1,RPL5,SMARCB1,MAN2C1,MANBAL
625,PMPCA,MFSD10,ACTR6,TFRC,CD97,STAT2,TMA7,YTHDF3
626,ERICH1,SUMO2,ZNF45,SND1,EMC4,LMF2,KNOP1,AC137932.6
627,CCNC,FXYD6,RPA2,GORASP2,PPDPF,RAB5C,KMT2C,UBE3C
628,PARK7,MAP3K11,DCLRE1C,TNFRSF25,PINK1,CUX1,NUMB,POLR2E
629,IDI1,MRPL11,TMEM80,MRPL28,SSR4,ACTN4,RASSF7,LUZP1
630,DUSP11,ITGAX,ARHGAP27,PXMP4,SP110,SEC13,TAF9,CPSF7
631,UBAC2,LRRC8C,KAT8,MGMT,LAMTOR5,RP11-290D2.6,EIF3E,SSX2IP
632,POP5,CREB3,RTCB,APBB1IP,TBX21,MADD,CINP,RRP12
633,CETN2,NUDT2,GRPEL1,LPAR5,JAK1,PRDX2,TMC8,DAP
634,PSMC5,RHBDF2,TNIP2,DOCK8,MAD2L2,SUPT3H,SMEK1,SLMAP
635,CUTA,GTPBP6,TSTD1,URI1,SEPT9,RPA3,POLR2J,MRPL11
636,DIS3,CAPN1,ARL6IP1,PRNP,CRLF3,MED21,REL,TCEAL4
637,MDH1,FTSJ3,IFI44L,TUBA1A,UBE2D2,TNFAIP8L2,SCAND1,ALKBH2
638,PPP1R18,ITGAE,TCP1,ECSIT,CMTM6,STAT1,ERCC1,ATP2A2
639,HGSNAT,NDUFA12,NEIL1,NMT2,GIMAP2,TNFRSF1B,TIMP1,MARS
640,SF1,DERA,PARP11,ULK3,AC010642.1,CABIN1,PDLIM2,TRAPPC2
641,HEXA,MRPS31,PRRC2C,SRP19,TMED2,PPCDC,RNPS1,KIAA1432
642,HCFC2,IMPDH1,SLAIN1,POLR2I,F2R,EMC8,HNRNPA2B1,SNX4
643,PYGO2,ESD,RNPS1,POC1B,FTSJ1,TPM1,HSH2D,ZNF720
644,BEX4,DCTN2,ZNF747,STX11,CALR,DDX54,LGMN,POM121
645,HNRNPA2B1,PGD,TRAF5,NXPE3,RARRES3,HMGCL,IDH3G,MTFMT
646,SAP30BP,PARK7,TRIM22,GCDH,DSCR3,PCBP1,ARHGEF7,SENP6
647,LUC7L3,RALB,TMEM63A,CALM1,SEPT1,DDX58,TMEM101,NIFK-AS1
648,TPR,HDGF,TAGAP,SNRPA,ADD3,OTUD1,BLMH,HEXIM2
649,ETFB,COA3,ADC,AGL,SRP9,SND1,RGS1,SECISBP2
650,IREB2,AKAP9,RSU1,ABHD14B,ATP6V0D1,HOOK2,PARP4,PDLIM7
651,FKBP5,CMTM6,CORO2A,MTIF3,PYURF,ROCK1,GATAD2B,METTL10
652,TMC8,PSME3,SH2B2,CD97,DOCK2,TSN,UBXN6,TP53I13
653,SCGB3A1,ARHGAP24,FUBP1,IQGAP1,SAMD4B,ADIPOR1,ZKSCAN8,TWISTNB
654,BCL2,CUEDC2,PRPS2,SSRP1,DUT,LAMTOR5,OXA1L,ARF4
655,TYMP,PLXND1,TAOK3,VKORC1,TGFBR1,JKAMP,ZC3H15,IL6R
656,SUCLG1,RBM6,C7orf55,QDPR,DBNL,CD52,NDUFA8,ACD
657,MRPL16,UGP2,KIAA1033,CAMLG,RNF166,TXNIP,ATP5G1,PLA2G16
658,CARS,SLC25A33,TBCA,ROCK1,RBM39,MRPS33,ICT1,GCAT
659,RFC5,C20orf201,KIAA0226L,RRS1,TMEM59,DYRK1A,NAPA,ATPAF2
660,MLEC,IL2RG,ATP6AP2,ADAM8,COMMD7,MRPS18C,DNAJA3,APOBR
661,VPS35,RNASEK,MZT1,SEC61B,CCS,PSMG3,SELT,NIFK
662,ELMO1,HNRNPH2,FBXW5,REPIN1,STK4,GNB2L1,STX7,UBE2B
663,DDX41,SIAH2,TCEA2,RNF4,HNRNPD,UBL5,PNOC,NDUFA5
664,CEBPZ,JOSD1,DDB1,MAGOHB,MXD4,RELL2,TOMM40,SNORD3D
665,EMC3,GCA,TTLL1,PCID2,UBE2D3,TESK1,ACYP2,ELAC2
666,ACTN4,RYBP,HMCES,CD81,USP24,LILRA2,TRABD,ICA1L
667,DPH5,EIF1AD,SPPL3,RSL24D1,CNPY2,GTF2E2,GPR183,BOLA3
668,DDX3Y,RTFDC1,POMT1,SET,PRPF38A,ETFB,PPP1R2,TRIM58
669,FRA10AC1,DENND3,RAP1GDS1,RP11-545E17.3,SLTM,ADSS,INTS12,TUBB2A
670,NLRP1,CTNNA1,IREB2,KCTD20,MIEN1,HES4,PMF1,DNPH1
671,KMT2E,UBE2G2,TCIRG1,NRBP1,UBL5,RNF7,BICD2,PDCD5
672,EIF2S2,ATP6V0A1,TES,TSPYL2,ORAI3,FUBP1,TUBB,MR1
673,C9orf89,PSMD9,RPL41,ZNF428,TPGS1,ZNF467,ATP6V1C1,RGCC
674,C19orf10,C7orf49,ECHDC1,RP11-660L16.2,DDIT4,GINM1,MBD6,CLINT1
675,ZSWIM8,MRPL41,TNNI2,VAMP2,TMEM50A,CTD-2006K23.1,PDIA4,GPKOW
676,SMEK2,RASSF1,CSNK1D,HSPD1,SNHG8,ACOT9,KMT2E,VTA1
677,ADSS,PHC3,SF3B5,MAPRE2,FKBP5,RAB7A,SDHB,HMHA1
678,PDK2,TXNL4A,PAIP2B,SUMO2,ERP44,KTN1,MAPKAPK5,SNAP29
679,FCGRT,ABHD12,TBC1D22A,MT-ND4,IMP4,OSER1-AS1,IL10RB-AS1,NOC4L
680,FH,PLAA,HSPBAP1,EOMES,MRPS11,C15orf61,HCAR2,DERA
681,SLC30A1,EIF5A,MFF,PAPOLA,ETFB,AHNAK,FAM213A,ISG20L2
682,TOX4,HDLBP,SNX14,LMBRD1,TIMMDC1,GPR183,SNX3,HEMGN
683,ZNHIT3,FAM200B,NAA50,UBA5,ISCU,OSBPL9,MYLIP,CCAR2
684,CSDE1,CUL5,AHSA2,WDR74,ABRACL,TMEM11,HOTAIRM1,TM2D2
685,YEATS4,CCDC59,RPAP2,ZNF131,NAA15,CNOT4,DGAT1,HYOU1
686,DCUN1D1,TMEM8B,PDCL,WDR6,NUDT5,MMEL1,CACUL1,C15orf39
687,STX16,HOTAIRM1,SLC2A3,JAGN1,STUB1,ERAP1,POP1,UBE2O
688,LAMTOR2,GPR42,AKAP8,ABCC10,PSENEN,MRPS2,SSR1,FAM46C
689,PHF5A,ZNF544,GRHPR,RAE1,C1orf112,POLR2H,RAVER1,BLK
690,MRPL42,ANKMY1,ZNF75A,NDUFS2,GNGT2,SLC25A19,GNL2,LRRC25
691,RC3H2,GADD45GIP1,TMED5,C19orf24,TMEM107,CHMP3,OGT,HSCB
692,FAM45A,PARP14,DNAJB9,PFDN1,DNAJB11,ATP6V1A,SNHG8,MPRIP
693,G3BP2,TNIP1,VDAC1,SC5D,ICMT,SH2B3,ORAI1,CLN6
694,DDX23,RPL13A,SNRNP48,RUVBL2,KPNA1,KHDRBS1,ZNF385A,ZC3H6
695,RBCK1,ANKRD13D,FIS1,EIF2A,SCAMP2,ARL6IP1,SUMO3,DHODH
696,HMHA1,BRD4,SERBP1,ARHGEF18,CCDC127,USP1,AGPAT9,PPM1N
697,RPL28,STX12,SLC35A5,CAPRIN1,SIRT7,ZBED1,PITHD1,CRYL1
698,SRRT,HGSNAT,BFAR,RHEB,HNRNPA2B1,CHPT1,TRIM27,NDUFA11
699,CHKB,NFIC,ENO2,TRNAU1AP,EMC3,FIS1,HBEGF,HUS1
700,GLO1,FIBP,ALKBH2,PTPRC,DCXR,MRPL21,MZT2A,PPP5C
701,ADCK3,C19orf60,SEC31A,PTPMT1,CBX1,RTCA,UPK3A,KBTBD4
702,PTRHD1,TICAM1,SNRPB,ANKRD54,NOC2L,EPSTI1,OSTC,G3BP2
703,MPHOSPH10,CCNG2,FRG1B,RNF170,DENND2D,PHF19,RP5-940J5.9,NUDT3
704,SDCCAG8,PRMT1,NASP,IFNAR2,RASA3,SFI1,RPS11,SPTBN1
705,PSMA3,BRE,HMGN1,SPCS1,NIPSNAP1,RNF168,NCOR1,MPHOSPH8
706,TMEM134,GYPC,SNX11,SP110,MAP3K11,LYPLA1,RNF4,SLC43A3
707,SIRPG,BCLAF1,TNFRSF8,NAA50,CWC25,SNAP29,FAM120A,HELLS
708,TSG101,VPS37B,JMJD1C,VPS53,RCN1,G3BP2,BCR,PELP1
709,PRPF8,PPP1CA,SERGEF,KMT2E-AS1,RNF126,RSAD1,CBFA2T3,PSME3
710,LINC00667,CES2,ARHGAP15,SUB1,MEA1,NAP1L6,CXorf21,SSU72
711,DIMT1,SPTAN1,RIC3,AC007228.9,AGGF1,NDUFB6,RP11-117D22.2,RPUSD4
712,BET1,SLC25A39,LRMP,FBXO21,PRKCH,POLD4,FGD2,PRKCB
713,DDHD1,C19orf66,NDUFA6,ZCRB1,FYB,STX10,RARA,C1QBP
714,RBM38,RP1-3J17.3,ALOX5,MPV17,FAM173A,NDE1,PCSK7,RFC5
715,RNF166,C3AR1,SMC4,CUEDC2,STX4,NSD1,PAXBP1,RABEP1
716,CAPG,MED30,ISCA2,EMC8,ECH1,NDUFS2,DEDD2,MRPS27
717,ATHL1,RPL22,DNAJC15,FAM200B,G3BP2,MYL9,PRELID1,SNORA76
718,ARID5B,ARF5,GALNT1,ECHDC1,RIOK2,RPS27L,KDM5D,NOLC1
719,CTD-2035E11.3,ATP5C1,ZRANB2,DOCK10,PREX1,CYB561A3,FIG4,SSSCA1
720,ARF6,WAC,LYSMD2,PKN2,GSS,FAM162A,KCNK6,SLBP
721,COPS2,KIN,STIP1,PTEN,PLGRKT,BTN3A1,GPATCH8,C8orf59
722,TARS,ADPGK,FAM3A,GATAD2A,PSMB3,VMA21,U2AF1L4,TUSC2
723,TAF10,DDX19B,SHOC2,ZNHIT1,ZNF326,PRCP,TMEM230,CCDC57
724,LRRC8D,MYO1F,TRANK1,TOMM40,SEC13,FLCN,AHSA1,CTA-29F11.1
725,IKBKE,CBWD1,IGBP1,HAGH,PRKAG1,CDC40,NCSTN,UBTF
726,USP10,WIPI2,EIF3F,ASH2L,WAC-AS1,NAMPT,YWHAH,MLXIP
727,KDM5A,IRF2BP2,RARS2,RPN1,NDUFA2,LGALS9,TIMM10,RPS6KB2
728,FAM78A,ENTPD5,OGFOD2,TNFRSF1B,GEMIN6,SLC7A1,EXOSC8,BNIP2
729,ALDH9A1,PAIP1,IL4R,DPM1,OXA1L,PDLIM7,IDH3A,DCTN2
730,PTCHD3P1,GATAD2A,ILF3-AS1,TRMT13,DYNLRB1,COX7A2,CFDP1,CCDC94
731,ARID4B,TAF6L,FAM129C,PCBP1,BHLHE40,RP1-102H19.8,DOK3,ZFAND1
732,SERINC5,ANXA2R,SNX22,CCBL1,CNOT7,AC022498.1,COPRS,C1orf50
733,RP11-83A24.2,CD2BP2,RABEP2,TNFAIP8L1,MIB2,CHST2,HEBP1,PGK1
734,UBALD2,YAE1D1,HINT3,GLS,C19orf53,RFFL,PPAP2A,PHYKPL
735,LTN1,ECHDC1,BLM,SVIP,CDKN2AIPNL,MIAT,TSR2,PSMB3
736,RPS18,SLC39A3,FAM102A,SIPA1,TIMP1,SRP19,MAPRE1,CD320
737,RWDD4,SHC1,CTSS,ERO1LB,SLC25A45,VPS39,TMEM55A,NELFA
738,HELZ,TRAPPC6A,RPF1,COX14,HNRNPLL,ZNF141,CD101,CEBPB
739,OAT,TCOF1,FH,NECAP2,EBP,ITGB2,DDIT3,TBC1D10A
740,FTH1,NCF4,MXD3,CBWD1,CCDC69,HDAC7,UCK2,WDR46
741,DDX24,NUTF2,POP4,SSNA1,SRP19,PUM2,RBM4,VMA21
742,PTPN1,DHRS4,TOR4A,COMMD4,ORC4,SRRT,ITGB7,MCTS1
743,ZC3H13,FADS1,RAB9A,LCMT1,RBM8A,ZCCHC2,ARL6IP1,CORO1C
744,CTNNBIP1,ALDH3B1,SERINC1,ATF4,TMEM204,PQBP1,KIAA0355,TAOK3
745,SMYD2,CAST,DZIP3,SRM,COMMD5,GNA15,MAP4K1,ZDHHC24
746,TPP2,LINC00877,IFIT2,JAK1,MAP3K1,SNRPD3,DIAPH2,RBM38
747,H1FX,CAMTA1,RBM22,PPIH,PTPN2,LILRA1,TNFRSF10B,SYMPK
748,GIMAP2,AZIN1,TMEM60,CYTIP,PRSS57,FCN1,PSENEN,NABP2
749,SDHD,C1orf174,COA4,HECA,MTCH1,CLK1,NCOA4,BRD4
750,PSMD14,CEBPG,CTR9,MIR4435-1HG,SARS,RPS6KA4,CSRP1,EGLN2
751,ANKRD39,PRKAR2A,UGGT1,SELK,PPP1R12A,NCBP2,CORO7,AC144652.1
752,ISG15,AGPAT2,ARPC2,USB1,OCIAD1,CX3CR1,NAA10,WDR55
753,ZFP36L2,DIAPH2,FAM177B,ATP6V1A,CSRP1,MAPK1,EIF3B,TOR1A
754,C17orf62,PMF1,KYNU,UBE2L6,RNF10,METAP1,TARBP1,NCK2
755,TDG,PIK3R1,VNN2,C19orf25,ITPA,AP3D1,TPRKB,AFAP1L2
756,UBE2K,MSRB1,RRAGA,ADO,CLTB,PAG1,RNF44,APBA3
757,PNKP,RPL22L1,ORAI3,RAB35,QARS,RELA,KLHL22,SREBF2
758,TCEAL8,STX5,BLCAP,SEC63,ASMTL,BCL10,RAD23A,TMEM147
759,LYPLA2,PIH1D1,CECR5,PDE3B,APLP2,NDUFA13,RP2,ICMT
760,LYRM5,MAT2A,TAMM41,RHOA,ELP6,FIG4,PGAM1,GRB2
761,RPP25L,AP1G2,TMA16,CES2,BFAR,ARSK,MRPS30,FKBP5
762,MAPKAPK3,MRPS25,MTSS1,ZC3H8,HELZ,EIF6,ARHGAP30,P2RX5
763,NUPL2,PIEZO1,EXOSC8,PNPT1,EML4,MCOLN1,ESF1,ARF3
764,MYEOV2,ISG20L2,AP3B1,NEK9,PSMF1,UBR3,TAPBPL,NDUFA2
765,TSEN15,YWHAB,MTMR9,PA2G4,ANKRD11,UFM1,NDRG2,POP7
766,CITED4,PSMD1,RP11-277L2.3,CRLS1,FASLG,CDIP1,APIP,TPD52
767,ZUFSP,CDH23,AZI2,RP11-124N14.3,ELAVL1,PEX11B,RP11-84C10.2,FASTK
768,PHF3,ELL,NUP88,NDUFS6,SLAMF6,UCHL5,ELMO1,DIAPH1
769,BCL7B,SDF4,OSBPL10,KLRG1,SAMD9L,RBM25,TMEM19,PHF20L1
770,BIN1,COX6A1P2,MAPK1,ARHGAP9,HACL1,SETMAR,DLD,ASNSD1
771,KIF5B,DNASE1L1,CLIC4,LAS1L,ARPC1A,PSMB10,LAMTOR5,DAAM1
772,CSTB,CISD3,CD3EAP,KRCC1,SMC4,EPOR,MCRS1,MACF1
773,USP16,DIAPH1,CDC40,CTA-29F11.1,DDB1,C14orf159,ABCC5,RPS12
774,H3F3A,EEF2,PML,HEXB,TMEM203,ZNF600,RMND5B,SERPINE1
775,PLEC,NBEAL1,MTRF1,CTD-3184A7.4,NDUFA9,TSSC4,URM1,EIF2B1
776,AZI2,KRAS,CCDC84,IFNAR1,LY9,PPP1CC,RNF11,VIL1
777,CAPN2,CASP6,DENR,PDCD1,EIF5,ARRDC2,INSIG2,TNFSF4
778,MXI1,POLR2J3,RHBDF2,DTNBP1,UFD1L,VIM,PLBD1,SMCHD1
779,COX5B,EREG,MICU3,RPL6,RNF213,SAMSN1,CNOT6,MRPS25
780,GRPEL1,DNAJB6,LILRB1,ATP6V0B,ZBTB7A,SLC6A6,DYRK4,GPAA1
781,MBNL1,BOD1,SRSF4,ZNF75A,RPL22,PA2G4,LAMP2,BTG3
782,SNHG12,GALNT2,RANGRF,STARD7,POLR3GL,ZNF626,HNRNPUL1,RAB2A
783,POLR2J3,FBL,IRF1,GGCT,CCNG2,NFKB1,PRKCDBP,BTK
784,DDX39B,APOA1BP,SETD5-AS1,NCBP2-AS2,PBX4,MAP1LC3B,TTC32,NIPBL
785,LTA,CCDC88C,PSMB2,THAP7,TRIT1,CCNK,RFX1,PITPNM2
786,SIKE1,ST6GALNAC6,PTP4A1,EIF5B,ARHGEF1,SH2D1A,SIPA1L1,GOLGA2
787,METTL17,HCAR3,PRKCQ,USP1,ATAD3C,GTF3C5,CLCN1,FNTB
788,PSMG2,MEFV,LDHA,TMA7,SERTAD1,GIT2,EIF3H,TOR3A
789,PPA2,COMMD7,MED19,RCOR3,HPS1,MIER1,DIABLO,MGLL
790,AIP,PMM1,ZNF485,NARS,FAM136A,MRE11A,SIN3A,ST3GAL3
791,CNOT6L,GBGT1,TCEA1,RPL26,CIB1,LMO2,TRMT11,RP11-142C4.6
792,TMEM55B,MAZ,PIGG,CBR1,XXbac-BPG299F13.17,PLSCR1,SNX17,TYMP
793,C12orf5,NOP56,EIF3H,CDK17,GSN,MRPL3,HIPK1,MEA1
794,CTDSP2,ZC3H12A,PSMA5,NSFL1C,H2AFJ,TMEM107,PDP1,PUF60
795,SUPT20H,LINC00152,TMX1,PFDN2,ALDH9A1,NUP54,RBX1,SHFM1
796,ATPIF1,ZEB2,DPAGT1,FGD3,RBMS1,SORBS3,CAMTA1,ZGLP1
797,ADTRP,R3HCC1,RP11-108M9.4,DNAJB14,DDX50,TSTD1,TRIM33,APOL3
798,EIF3D,TMEM243,CCNDBP1,BORA,VPS51,TMEM14B,KIAA2026,RNF44
799,NME3,TINF2,SYVN1,IL11RA,TRIM22,GRHPR,TMEM131,MTURN
800,TARDBP,C20orf27,THAP9-AS1,ARFGAP3,TFEB,IKBIP,SPATS2L,AKIRIN2
801,TRMT112,WAS,PI4K2B,CALR,CTSF,DHRS12,EIF2B1,AL592183.1
802,KIF22,TAP2-1,CREBBP,ACSF3,MPHOSPH8,CITED4,EDEM1,GPR108
803,PSMD1,IMP4,WWP2,DYNC1H1,CTNNBIP1,TSEN15,METTL2B,CDYL
804,LGALS1,RNF135,COPS5,ZFP36L2,CERS5,TIPRL,RAB20,ZNF106
805,PLGRKT,NAGPA,RABL2A,THEM4,C18orf8,SBNO2,RAB22A,MSRB1
806,PPCS,RPN2,MED4,UROS,SART1,CNNM3,METAP2,ERICH1
807,NDUFA13,KCNAB2,LILRA3,CCDC53,FBL,FAM53B,CISD2,FAM73B
808,TAPBP,SIL1,CD300LF,TMEM259,EIF1,TMEM199,PREX1,UBA1
809,ABHD10,SNX6,ABCC1,C3AR1,CCT3,SNAI3,CTSB,C17orf49
810,TEFM,FBXO7,POLR3E,TPRG1,NDUFAB1,LARP1,DR1,PDCL3
811,ZFAND5,UBA52,NHLRC3,RP11-277L2.3,ZC3H6,MTSS1,CLEC4A,RNF141
812,MBIP,DCAF10,SLC25A11,PRKAA1,C20orf112,STAT3,CAPN2,HLA-DMA
813,DHX8,PPM1M,LPAR5,PCCB,EMC2,ZNF593,VDAC1,DYNLRB1
814,PPP2R3C,SAFB,NAP1L1,ZC3HAV1,CCT4,YPEL3,CCHCR1,METTL9
815,CAMTA1,UBE2D2,PPIH,CALM2,FIBP,C16orf74,ZNF511,KPNA6
816,SETD5,AKR7A2,THUMPD1,HCFC1,RPS20,CCDC18,CYSTM1,ATP6V1F
817,ATP6AP2,HIATL2,HNRNPA1,DECR1,TXN2,CD33,GADD45GIP1,ISY1
818,NUP98,C14orf119,YPEL5,FAM91A1,RAD50,PES1,XXYLT1,SF3A3
819,ERBB2IP,IL10RB,OPN3,SEC23A,MAP1LC3B,TRIM8,DYNC1LI1,RP11-85F14.5
820,KHDRBS1,SIRT7,C1D,PPP1R37,OBFC1,HADHA,NSD1,YRDC
821,PTPN4,DXO,ZDHHC21,EIF2AK1,ZC3H13,RING1,USP24,ODF3B
822,CHTF8,CARHSP1,FCRL5,FBXO7,SOCS1,CYB5B,FBXL6,PTBP3
823,EXOSC3,HK1,NAE1,PRPF38B,RP11-139H15.1,MRPS11,ADRM1,RNF113A
824,RP11-51J9.5,LMO4,KPNA6,ORAI1,MAP2K7,BIRC6,PSMA4,EPB41L4A-AS1
825,ARHGDIB,C21orf119,CSDE1,ANKRD44,COG6,NEDD8,STK32C,MCM7
826,RP11-796E2.4,SMUG1,BAG6,ZNF792,NRD1,LAIR1,MORF4L2,PRKAR2B
827,ZFP82,ANKRD13A,KDM4B,MRPS10,NFKBIA,PDLIM2,XRCC5,INF2
828,C18orf32,HNRNPC,DDX21,FKBP3,LBH,ZNF480,NKIRAS2,CPSF3L
829,KIF3A,ZDHHC1,MMP24-AS1,POLR3C,THRAP3,SDAD1,STX5,POU2AF1
830,FAM35A,NIT2,THEM4,C9orf114,MBP,SHFM1,NECAP1,LEF1
831,ZFP36,UBE2S,MTDH,RP4-539M6.22,BAG6,SSH2,ZFP91,KDELR2
832,PHYKPL,SPN,NIFK-AS1,PRPS1,FLOT1,C16orf62,RAP2B,RPAIN
833,NELL2,FRG1B,HDAC9,MPST,SORL1,PTK2B,CKAP4,GTPBP1
834,PGP,SRA1,GOSR2,CRTC3,PTPRA,HPS4,AC027307.3,USP5
835,PGD,SLC4A2,VAV1,RP11-222K16.2,ADAP1,SNX9,SLC2A11,BCL2L1
836,TMEM70,MCMBP,PACS1,THAP2,ZRANB2,BZW2,SNX27,EIF3A
837,PML,COX19,CSTF2T,MARCH7,GPN1,CRKL,LINC00667,RAB11B
838,STXBP3,PXN,CCDC97,CCDC88C,FNTA,PPP3CA,MECP2,CSNK1A1
839,TMEM33,UBE2A,UBLCP1,TMEM18,MBNL1,RDH14,HINT1,PRKCD
840,KDM6B,DDX6,ZNF880,SRGN,SEC14L1,MIDN,CAMK2G,TMEM60
841,CRTC2,CIAO1,PRR13,KIAA2026,WIPF2,CDC42,PAPOLG,AK3
842,TOR1AIP1,SLC48A1,DOCK2,MIA3,NHLRC3,CPVL,PAFAH2,TAF5L
843,ASCC3,TLR4,UBE2G1,GGA1,CBR1,TSEN34,AP3M1,PFKP
844,RPIA,LINC01004,STAG1,AKIRIN2,LPGAT1,C6orf89,RP11-213H15.1,MOB2
845,NDUFC1,PPT1,VMP1,HPCAL1,MUS81,CD55,TMIE,DCTPP1
846,KIAA0195,PHTF1,UBE2E2,SVIL,RDH11,FRAT1,ANAPC11,TMCO1
847,HERPUD2,COX20,PRMT1,CFLAR,TAP1,ATRAID,FAM53A,ATG3
848,EFHC1,A1BG,SRI,C12orf79,MMS19,MAP4K4,C9orf37,CASP3
849,TMEM43,MBTPS2,SEMA4B,SAT2,MRPS27,CLEC2D,PLAA,LEPROT
850,KRBOX4,ZKSCAN1,SSH2,PSMA2-1,PSTPIP1,RP11-1143G9.4,NFE2,ARHGAP21
851,ZNF524,C10orf32,TSPAN14,RHOT1,UNC13D,DKFZP761J1410,KCNK7,MRPL43
852,POLE3,RABIF,CUTC,TBCD,LEAP2,MYEOV2,LRRC16A,CRBN
853,THEMIS2,CCT2,CACYBP,MSL2,C9orf78,HDAC6,HERC3,HBP1
854,COA1,RPIA,IP6K1,RP11-403A21.2,RHOF,CYSTM1,OSGIN1,PTPLAD2
855,AP5Z1,ZNF787,MSRA,LSMD1,UCHL5,ATXN7,ODC1,DPM3
856,TMEM42,THOC3,DDX27,RUNDC1,NMD3,S1PR5,ZNF394,GGA1
857,EFNA4,AAAS,TSPYL1,MED11,THAP11,PCGF5,LRRC8C,UBC
858,KAT6A,RNF214,SRCAP,RRAS2,SAR1A,RAB9A,HSCB,COA4
859,AC079305.10,SP110,ITSN2,ERP44,PYHIN1,PTAFR,C7orf73,AP1G2
860,ARL3,E2F4,SLC20A1,TAPBPL,TRABD,SLC1A5,C19orf83,ABHD17A
861,LTBP4,RP11-290F20.3,HPS1,RPL30,RAD51C,ZNF10,ACSBG1,NAPA
862,SURF4,CC2D1A,NOP58,INTS5,RHOG,VMO1,FADD,PLEKHO1
863,TBPL1,ASPSCR1,TBXA2R,SPSB2,VAMP7,LATS1,C10orf118,ALDH16A1
864,PRKCA,PID1,SERTAD1,EHD4,ALG13,MED31,LRRC27,ARHGAP18
865,LRRC41,GOPC,KMT2E,TXN,KATNA1,CXXC1,MRPL34,TMEM55A
866,LRP10,MRPL4,PANK4,PRR7,ANGEL2,PTEN,UVRAG,TSR3
867,CDK16,BAZ2A,UBXN7,LONP2,APTX,DDA1,MFSD1,SEC61G
868,C14orf2,KLHL24,HADHB,B4GALT1,CHTF8,IFT20,KCTD17,SDF2L1
869,TYW3,NRG1,ZNRD1,C14orf142,TOM1,NSMCE1,CCT8,SUMO3
870,RAB33A,PITPNA,HTRA2,OFD1,POLR2L,C4orf48,SEC24D,PEBP1
871,HARS,GPR137,STAP1,C2orf47,ANKRD39,MRPL24,CPNE3,DNAJC19
872,CDK19,GRK6,EIF1AX,CDC23,PIGT,LLPH,DDX21,CENPT
873,UPF3B,OAZ2,ANKRA2,PSMD11,TMOD3,CCZ1,SP110,M6PR
874,SMPD1,DDOST,PYCRL,CHIC2,ST6GALNAC6,GTF2F1,SAT2,TOR2A
875,COMT,TMED9,FAM212A,SYNCRIP,SNRPD3,NANP,ZDHHC13,SPHK1
876,RUFY1,PPP1R16A,CTSA,MGST3,ADPGK,NUTM2A-AS1,EP400NL,BLOC1S6
877,TESPA1,PTPMT1,SLC25A42,RFWD3,SREK1,PLEKHF2,ASPSCR1,SUSD1
878,PIGF,WAC-AS1,NCF4,GLRX5,VTI1B,RTF1,KLHL5,TAF10
879,NIPAL3,HIBCH,KIAA0040,ILKAP,ZNF655,SNRNP27,KLF7,CDKN1C
880,HNRNPF,HRH2,MCFD2,C16orf54,MRFAP1,MOAP1,CAPZB,C17orf89
881,ZDHHC7,N4BP1,RWDD1,TMED4,DPM3,PAK2,TMEM69,MEF2BNB
882,C1orf228,UQCRH,SND1,F8,TRADD,EIF4H,MGAT4A,CXCL16
883,PDRG1,PLXDC2,STMN3,RP1-3J17.3,C17orf85,NCSTN,G3BP2,TRAFD1
884,TNFAIP8L2,EIF2A,GXYLT1,C1QBP,SYNGR1,PHF8,SRPR,TOLLIP
885,BCKDHA,CD27-AS1,ZNF91,TUBB,CLK1,COQ2,CPVL,ADA
886,RAB11FIP1,RASGEF1B,ATF1,RRP8,TMEM18,ANKFY1,UGDH,UPP1
887,C9orf78,SENP2,GGCT,PDIA6,RP11-589C21.6,PSMB2,DDX3Y,MRPS26
888,TRAFD1,CCDC91,ATP5F1,CDC25B,CLTC,GAPT,GLYR1,CD8B
889,SRF,YTHDF2,DMAP1,TERF2,CAPZB,BTN3A3,MESDC1,ATP5S
890,FRG1,GAS7,METTL4,BLOC1S6,LTA4H,CCDC86,MTRF1L,ASAP2
891,PIGH,EIF4A3,NT5E,TSTD1,CD99L2,CTNNBIP1,TRABD2A,C1orf43
892,UFD1L,EEF1D,CRBN,AMPD2,POLR2G,G6PD,PLRG1,TPR
893,CPSF7,RP11-262H14.1,GALNT2,GAR1,RPUSD3,SH3BP5,POLDIP3,AIFM2
894,AKAP9,NUP62,LENG1,RP11-94L15.2,TNFRSF18,DOK3,SH3BGRL,LRP10
895,DHRS7,FOXK1,NIPSNAP1,GLUD1,ENY2,UBL3,KCNMB3,ACYP1
896,SCAI,ZC3HAV1,INO80E,DUS3L,FYTTD1,TTLL4,SUSD1,PTK2
897,CLYBL,DDX42,RBM4,CHMP6,SLMO2,ERP44,CTNS,ITGB1
898,JADE2,NDUFA10,AGPAT2,ACAT1,YY1,ISOC1,FAM175B,LIPA
899,SYMPK,SEPT6,RBM8A,CBLB,GLIPR1,CNOT6L,SNAP29,WDR74
900,TBCB,TAGLN2,TRIP4,ABHD15,SEPHS2,RNF166,OPN3,MPEG1
901,THAP4,WNK1,SMARCA5,ERCC1,IP6K2,NABP1,C5orf24,MYBL2
902,NR4A1,ISCA2,ZCCHC9,SKAP1,PPP1R35,FSTL1,PLA2G16,MORF4L1
903,CTDSP1,PUM1,UPRT,TCF3,SMARCE1,NDUFS6,RBM17,IMPDH2
904,SURF1,TBCD,SIAH2,ARMC10,LMO4,WDR18,SMARCD1,BET1
905,PHF1,MED9,ATF7IP2,ACOX3,MED6,XPO6,PITPNA-AS1,PTP4A2
906,GPI,VTI1B,CCDC126,RSAD1,SP3,GNG2,ZDHHC7,FBL
907,NR4A2,TMEM41A,SUDS3,TAZ,M6PR,DMAP1,HRH2,NAA10
908,PARVG,NSMCE2,PTCD3,AGPAT1,LSM4,CAPG,ZC3H7A,TAL1
909,RP11-1399P15.1,STK24,SMCR5,PPHLN1,SH3KBP1,SNRPB2,COMT,TNFAIP8
910,MARCH6,RNASE2,ZNF277,LUC7L,AP5Z1,EMR2,TRAF2,CMAS
911,PMF1,RAB32,ZNF90,SNHG7,MANF,CFP,TMEM219,ISOC2
912,ACO2,STAG1,ATP5S,ABRACL,EHD1,CLEC4D,HSPA5,SLC44A2
913,ZNF628,NEDD8,ARF3,XPOT,PTK2B,EBP,TOR4A,TRIM16L
914,SF3B2,COX6A1,SFMBT1,GRK6,OAS1,GGA3,ACAA1,CDC37
915,HMGN2,SREBF1,NFX1,POLR2B,CAPN1,TOMM22,PLA2G7,CERS2
916,CTC-479C5.12,FGD3,POMC,B4GALT7,BCLAF1,C6orf1,GABARAPL1,SNX9
917,THOC6,KHSRP,CWC15,CWC22,PBDC1,GRASP,RSU1,HNRNPAB
918,SNX9,PDHA1,WDR74,NDUFB7,PQBP1,C5orf15,ZC3H7B,METAP2
919,FBXL8,CARD8,NOL11,ARRDC1,MRPL12,IFNGR2,VPS36,ADD3
920,N4BP2L2,TBC1D5,OXA1L,CYB561D2,RNF13,C7orf73,ZNF586,DNM2
921,ERV3-1,DNTTIP2,MED25,CIDEB,DHRS4,C7orf50,MARCH2,CHD9
922,MRPL40,OSBPL8,CHMP4B,STOM,SEC22C,FAM117B,POLD2,TSPAN33
923,C1orf63,RP13-270P17.3,ARRDC2,APPL1,RP11-81H14.2,ABHD6,RRAGC,ZFAND2B
924,FLII,PSMA2-1,RSF1,TKT,CD320,VDAC1,NCBP2-AS2,PCGF5
925,PELP1,HSDL2,PITHD1,CKS1B,NFKBIZ,PTMS,MYCL,TACC3
926,PNPLA6,SLC46A2,GRIPAP1,PTPRE,CDS2,HEXB,PGP,VTI1B
927,SUGP1,PHYH,NKTR,RANBP3,C1orf56,TMEM18,TTC19,LRRFIP2
928,ZNF302,UBXN6,WDR11,DDX31,ZMAT2,NDUFAF6,REPIN1,RALB
929,CEACAM21,RASSF7,DDRGK1,RCN2,WDR41,DNTTIP1,RPP25L,CARD8
930,CHID1,ACP5,TNFRSF13C,IMMT,LPXN,WNT5B,LARP4B,C7orf73
931,WDR46,KLHL36,ECH1,UBTF,BCL7C,ANAPC11,KDM4A,UQCC2
932,CASP1,CD68,RP5-827C21.4,YARS2,CCDC174,UBE2L3,ILF3-AS1,SYNGR2
933,WASF2,LGALS3BP,PSMD13,USP19,SDCBP,POMP,PRRC1,SELT
934,PSMB7,SUCLA2,UBE2I,KDM2A,CDKN2C,GNB2,KIN,TMEM128
935,THYN1,SENCR,AKIRIN2,PPM1A,ACLY,NIPA2,LRRC40,RPGR
936,PEPD,RNF113A,CCDC18,NQO1,LGALS9B,CEACAM3,RP5-882C2.2,DOK1
937,ATP2A3,MORF4L2,ZNF675,DR1,RHBDD2,SFXN3,ZBTB48,CEBPG
938,PARP12,RAB11FIP4,RP11-488L18.10,KAT8,PRPSAP1,ELF4,IRF5,TJP2
939,SLC35C1,DHRS4L2,MADD,NIN,CHMP4B,BIN2,CRLS1,HIST1H2AG
940,SLC25A16,PNRC2-1,KDM3B,WDR43,ASB8,GSN,CBX7,FGL2
941,MEA1,ADCY7,GMFB,BOD1,CANX,YIPF4,ADM,EBNA1BP2
942,CFD,JTB,MTMR4,PPP5C,FCRL6,CENPC,MZF1,SLC44A1
943,C5orf15,POLR3K,HMHA1,PSME1,RAB22A,WRAP73,EIF3A,IFITM2
944,PRDX6,PPP1R15A,RALB,CTBS,TBCB,APRT,PDCD4,SLC25A39
945,POP7,UBA1,NAPA-AS1,MTFP1,ZNHIT1,KLHDC10,ARHGEF40,TMEM256
946,DPH3,CTC-241F20.3,RBM33,EIF2B1,SH3BGRL3,IGBP1,SPON2,TSEN54
947,TAX1BP3,SUPT5H,MAGED2,LLGL2,EIF3E,KMT2E,ADPGK,PLA2G4C
948,FAM134C,FGD5-AS1,SPCS2,ARL2,MRPL43,IMP3,DNASE1,RP11-514O12.4
949,TDP1,ZFYVE19,AC027763.2,WIZ,PYCR2,WDR82,WIPI1,HK1
950,TNFRSF18,DAZAP2,ANKRD54,PSMC5,TERF2IP,NR4A2,FAM65A,ORAI1
951,HSP90AB1,RBM14,RAP1B,UTRN,KLRF1,SF3A3,RP11-500C11.3,TRIB2
952,RP11-109G23.3,PTGER2,SMC3,RBM34,AP3D1,ZNF621,PDDC1,FAM173A
953,DHX9,ZMIZ1,HECTD1,SRRM1,LINC00969,PHF1,STARD3,SYTL4
954,CD5,ATF6B,ZC3H15,PABPC4,DNAL1,GOLGA3,RASGEF1B,HADHA
955,SUPT7L,ZNF746,TLE1,SYS1,SCRN2,ATG13,MRPL11,IFIT3
956,RTN3,NIN,GNPDA2,SNAP47,EPG5,PKN1,NPC1,RANBP1
957,CTSO,CLIP1,C6orf89,DHRS3,STT3B,ARID3A,ALG5,UBQLN1
958,MRPS18B,HSPB11,NR2C1,HIST1H2BC,SLA,MTCH2,HNRNPA0,CD47
959,USP15,KPNA4,SLC5A6,NR1D1,ZNF580,ITGAL,PSMC5,G3BP1
960,DYRK4,MUT,RASGRP1,MCTS1,PSMD14,KCTD18,PLOD3,SNRNP25
961,TPRKB,PET100,PSMD9,RP11-413H22.2,RMDN3,RBPJ,UBXN2A,TAPSAR1
962,DLD,VIPR1,COX7B,RP11-734K2.4,NDUFS5,CEACAM21,C7orf50,ACVR1
963,HPRT1,SMARCB1,IRF2,SGSM2,MYNN,CFL1,PA2G4,MOB3C
964,PRELID1,CTD-2336O2.1,BTBD1,USP40,CALCOCO2,TMEM161B,QDPR,PTEN
965,DHX29,SHARPIN,SZT2,PSMB1,PSMC6,REV1,ATG13,ZMAT2
966,SREK1,COASY,RP11-220I1.1,PBRM1,PCYT2,SAMD9,GPX7,MTHFD2
967,CDC5L,SLC38A1,RAB7L1,SEC22C,SERP1,AC010226.4,DRG1,ZYX
968,NHLRC2,KLF13,RP11-403I13.8,MIEN1,DALRD3,DRAM1,SDR39U1,ATOX1
969,GGCX,PHF20,COA3,OBFC1,TNPO1,EFR3A,TNK2,ERBB2IP
970,ISCA2,BST1,PDE4B,CTA-211A9.5,PTRHD1,RRAGC,SHKBP1,TCEB1
971,COPS8,ERCC1,TTLL12,GSR,NSUN2,LDLRAD4,ERGIC3,CTSD
972,LIX1L,SDR39U1,GMPS,MYNN,JOSD2,TRAM1,SAMD4A,CSTB
973,MRPL1,CTBP2,TAPBP,USP20,FBXW4,IRF3,C12orf73,ATP5G1
974,PPP1R21,STYXL1,RP11-326C3.12,PSTPIP1,ERICH1,INO80C,RBPJ,TGFB1I1
975,ATG4D,CNIH1,MAD1L1,RP11-403I13.8,MICA,NDUFB5,PFDN1,TSEN34
976,OXLD1,GOLGB1,CCNG1,RNGTT,DIAPH1,HLA-DOA,CARS2,C17orf59
977,MAP4K2,GLI4,CD300C,CASC4,SEPT2,MKNK1,KLHL7,TPP2
978,POLD2,RBM5,GLI4,NT5DC1,TEX30,PPP2R5B,ODF3B,MAPKAPK5-AS1
979,RAP1A,ZADH2,USP48,IRF3,ZNF791,SHOC2,LENG8,TAPBP
980,GRSF1,NDUFB10,CENPC,RNF123,LTBP3,DUSP2,RLIM,BTBD7
981,DCTD,C14orf2,CCDC85B,SLCO3A1,CBLL1,NBN,WBP4,SVIL
982,IRF9,PRKAG1,ATP5D,WBSCR16,COMMD8,POLR3GL,MRPL12,ANAPC5
983,RAC2,TFIP11,LPXN,OSTF1,LIX1L,AKT1,CA2,C16orf91
984,NAE1,TOP1,CYB561D2,ZNF207,TMEM30A,NAP1L1,NUDT16L1,HSP90B1
985,COX20,TWF2,CASP6,TOB2,VMA21,FBXW5,SETX,RPA3
986,NIPBL,ZNF561,HDAC7,BRD9,AKNA,PARP4,TUBB6,NR1H2
987,RFK,HDAC4,LYRM2,NARF,XRN2,TMEM234,METAP1D,LGALS12
988,TMEM206,SRSF4,PTPN22,PGM2L1,ARID1A,WBSCR16,ERICH1,SEC14L1
989,FOPNL,CYFIP2,THAP7-AS1,TOR1A,NDUFA10,PINK1,SEPT7,SPSB1
990,FBXO25,GSK3B,C19orf25,ZNF639,NBEAL1,FAM117A,UFD1L,DCUN1D5
991,VPS45,UBE2E1,PGBD2,TMEM71,PRPSAP2,ZCRB1,CCT5,AKIRIN1
992,ILF3,WWOX,FAM211A,FBXO4,EZR,ADD1,ERGIC1,FBF1
993,TRIP4,CCDC101,UBE2Z,COMMD3,SERPINB9,FHIT,UQCRFS1,LY6G5C
994,EMC10,CARKD,HNRNPH1,IFI16,PTOV1,RUNX1,SELL,DPCD
995,CCDC88B,SIGLEC5,RP13-977J11.2,NTHL1,DAZAP2,MLYCD,HMGN3,CPT1A
996,SLC25A3,S1PR1,CARS2,NDUFV1,CATSPER1,MANF,AIMP2,RSPH9
997,PEX26,HAX1,YME1L1,WASL,NCALD,GOLGA4,OTUD5,RP11-359I18.5
998,SMYD3,ING1,WDR33,PWP1,FOSB,RRP36,JAZF1,SLA2
999,TTC1,RP11-110A12.2,MALT1,ZC3H15,ARRDC3,GPATCH3,USP9Y,RTCA
1000,AP2B1,RP1-241P17.4,PTGES2,C7orf49,TMED5,KCTD13,DNAJC21,CTNS
1001,EGR1,GBAS,ZMAT1,CMTM7,KRTCAP2,VPS51,PI4KA,SAV1
1002,SLC25A22,ADAM15,WDR83OS,GEMIN7,E2F4,SNAPIN,CCDC146,TDRP
1003,CD2BP2,APH1A,MARK3,NCBP1,SH2D3C,CD79B,FAM208A,ENDOD1
1004,CASP8,LSM4,DCP2,AKAP17A,CYTH4,SMG5,TMEM14B,NT5M
1005,RSRC2,PDSS2,ST8SIA4,CREBBP,DAZAP1,COPB1,OLA1,ZBTB7A
1006,MIF4GD,CWC27,HCCS,ARF4,PRKD2,DDX17,SLC39A3,MAPRE2
1007,GLTP,FAM65B,CREB3,ELOVL4,RAB1A,MBOAT1,PTK6,SPTSSA
1008,ATP6V1D,KIAA0930,RBM7,MAP3K7,CISH,UFL1,FOXN2,KCTD10
1009,IKBIP,CUL9,CRLF3,OGFR,MAPRE1,JAGN1,NIPBL,RTFDC1
1010,ZDHHC12,MRPL40,FAM96A,CCDC23,LRRC59,NKAP,RINL,DSE
1011,ZNF224,MRPS18B,RBM43,KDSR,NME4,CD8A,MS4A6A,MBD4
1012,TMED9,RP11-11N9.4,MYL5,CXXC5,TMED10,BAZ2B,MYH10,HMGB1
1013,TUBB,ADAP2,CRTC3,BRIX1,ANKLE2,EIF3I,TRAPPC3,DRAM1
1014,EXOC4,TUSC2,SNX29,DPP9,PPP1R2,SEPT7,RNMTL1,PKIG
1015,EIF4G2,ZNF592,ERCC4,C1orf123,HEXA,NFKBIA,ATG3,LRRC8B
1016,TNFAIP3,TST,PEF1,MFF,RBM38,TRIM69,TMEM9,TIMM8B
1017,ZNF253,SNRPA1,SLC50A1,METTL18,TSEN34,HNRNPA3,LTV1,TMEM175
1018,STX4,IFITM3,MPHOSPH9,SCAND1,GTF2E2,GDI1,SPG21,TOR4A
1019,SLC46A3,CHD4,MOSPD3,PSMD3,PRKCQ,C21orf59,TEP1,RP11-110A12.2
1020,SCAPER,KDM4B,PGK1,DOK1,PPP1R11,CCND3,TRIB1,AZIN1
1021,AKR1A1,STRN4,SP140L,C12orf75,MOSPD3,SNX19,HLA-DQB2,TSPAN5
1022,ISY1,STX4,CHD9,CXorf40B,COQ9,STARD7,FUCA2,XPO7
1023,MARCKSL1,MTHFS,ATP10D,SLTM,SHPRH,RP11-690G19.3,PRKCA,HIPK3
1024,RBMX2,ERH,TCEB3,NUP88,DDX19B,RPS6KA1,UBL4A,KLHL6
1025,RP1-39G22.7,TCTN3,WBP11,EVI2A,MANBA,XAB2,ZDHHC24,CHD2
1026,RFTN1,DAXX,CCDC82,TMEM223,BTN3A3,FANCA,CISD3,CDIP1
1027,SENP7,TBC1D1,RSBN1,MRPL20,HECTD1,ETNK1,TMC6,MZT2A
1028,NUDC,HBS1L,RP11-94L15.2,PDLIM5,CCT2,RBL2,IFI44,SAMD14
1029,ZFC3H1,IRGQ,C9orf91,ARL16,GADD45B,CHST13,MGMT,GPI
1030,NDE1,RABGGTB,ARHGAP25,LIN52,GFI1,DCAF7,URI1,ARL8B
1031,BCLAF1,PBRM1,FNBP1,RBM12,DENND1B,KLF4,OTUD4,SNRPD2
1032,AC016831.7,TMEM109,C6orf62,SLC22A18,FGFR1OP,FRY,GTF2B,CSK
1033,SSR2,NIP7,PAPOLA,EXOSC9,OSTC,NFKBIE,NRDE2,TAB2
1034,SUCLA2,RDX,USO1,SLFN11,IDS,RAB1B,MFN2,ISCU
1035,RNMT,SIGLEC14,ELMSAN1,CPSF6,EXOG,ARMC1,TAPSAR1,CTSL
1036,PREP,NELFB,POLR1B,TACC1,NIPSNAP3A,CEP350,BTF3L4,C11orf48
1037,CD68,STAT6,GOPC,WDR20,WDR61,SLC15A3,TRIM22,KIFC3
1038,ING1,CCBL2,SRR,OSBPL11,PPT1,ETV6,DERL3,UNC45A
1039,COPB1,RSBN1,RPL26L1,GBF1,GLIPR2,ENDOG,WBSCR22,EHD3
1040,LGALS3,COMTD1,PPP2R5C,USP9X,SLU7,ARL2,ADAM8,C19orf10
1041,VDAC2,ELMSAN1,TXNDC15,TRIM69,PREP,PARL,PAN2,CHCHD5
1042,LAMP1,CYLD,AP001258.4,NUCKS1,MAPKAP1,TLE4,TACC1,LAMTOR2
1043,C7orf50,RP11-1094M14.11,PER1,SH3BP1,RINL,SEC61G,C21orf59,ASAP1
1044,CTD-2228K2.5,KIAA1598,RTP4,RSL1D1,RAB7A,KIAA0922,PSMG4,STAG1
1045,ZBED5-AS1,AC005082.12,AL592183.1,CHD4,ZNF302,SUCLG1,C19orf53,ACN9
1046,GNB2,C7orf55,PLXNC1,CYB5B,PPP1R15A,RNASEH2A,KDM6B,KIFAP3
1047,FAR1,PSAP,RCSD1,B3GALT4,C6orf106,MAN1A2,GATAD1,CRKL
1048,CDKN2AIPNL,EFNB1,AK2,HSDL2,VCPKMT,CIRH1A,STAT5A,SEPT4
1049,EIF4EBP1,ZNF331,CSNK1G2,MTG2,EIF3A,SZRD1,NMD3,HEXIM1
1050,ACBD5,IDH3G,EIF5,KDM3A,PEX7,CYP20A1,PSD4,CENPC
1051,ARMCX5,C12orf57,TSC2,DNAJC7,UQCRFS1,GPR132,ARHGEF12,PTAFR
1052,EIF1AY,NQO2,PCGF5,ARHGAP27,RNF8,OTOF,PSMG3,PCMTD1
1053,SLMO2,ICAM1,LARP4B,XPO7,SLIRP,SLC29A1,C19orf59,MSANTD3
1054,SNHG9,NEDD9,WIBG,RFC2,CETN2,NUP43,CD86,SPG11
1055,JTB,PRCC,COX7C,PRPSAP2,MRPL28,PPM1K,PRPF38A,SYNCRIP
1056,CTBP1,CHCHD4,GBAS,BAG5,LMAN2,THG1L,PTPMT1,KMT2E-AS1
1057,THAP11,ZNF821,C14orf166,MZT2B,SCAF1,TGOLN2,SEL1L,HSBP1
1058,SEPT1,TMEM230,FAM3C,STK16,RP1-3J17.3,KDM2A,KIAA0226L,NPC2
1059,CIB1,COPS8,TBC1D25,MSRB1,STOM,STAC3,CCDC47,MAP4K5
1060,DIEXF,GLYR1,SNAPC3,NUDT21,KBTBD2,SERPING1,ICAM4,CSF1R
1061,YDJC,INO80,SYNJ2BP,CS,SF3A1,TTC19,NAALADL1,PRKAA1
1062,ZZEF1,OGFOD3,CD200,PRPS2,HSPBP1,SLC38A10,ADO,PLBD1
1063,COQ7,TSPAN4,MACROD2,KDELR2,AIFM1,GCFC2,MYO5A,LINC01011
1064,LGALS9,CHRNB1,FLII,C2orf43,FKBP2,VIMP,RP11-293M10.5,AKT1
1065,SPINT2,SP140,ARRB1,SPIN2B,ZNF394,OGDH,GSAP,MYH9
1066,NUP62,STK38L,CCDC53,SETD4,TOP1MT,CSAD,PACSIN2,UCK1
1067,PIK3CA,NEURL1,ARMC2,ZRSR2,PLD3,UBE2Z,SEMA4A,NT5C
1068,GDE1,TMEM9B,TMEM11,SATB1,LYN,EIF4A2,NDUFB9,PRDX2
1069,CCDC12,NUP93,HPRT1,GPR18,LMBRD1,HELZ2,VCL,HDAC5
1070,NDUFB9,FAM49B,PSMB9,POLR1E,HSD17B10,PPA1,TMUB2,SH2B3
1071,COQ4,PPIG,ARID1A,VAMP4,SNW1,NUCB1,NOXA1,EFNB1
1072,TP53TG1,PILRB,ISY1,ACTR3,C11orf58,ADK,PIDD,SEL1L
1073,SPTAN1,USP30-AS1,BEND5,TAP2-1,TBXAS1,DEF8,PADI4,TLK1
1074,WBP1L,BTN2A1,CYB5R4,CISD1,RAB37,RNF213,VPS29,RBM23
1075,APPBP2,XPA,PTDSS1,PLEKHA1,TMEM128,AARS,C16orf13,TBC1D15
1076,MRPS31,RNASET2,ATP6V0D1,TFB2M,AK3,CR1,SMCHD1,IGLL5
1077,SNORA76,TM9SF2,RP11-1143G9.4,DEAF1,SCAND1,LIPA,LEO1,CHIC2
1078,COX17,DTNBP1,PAWR,RP1-241P17.4,PRDX4,SURF1,DOK1,RAD23B
1079,TRIM13,CCS,DEF8,NCOA3,AL592183.1,GRAMD1A,CBWD5,RP3-395M20.12
1080,EIF1B,TRAPPC3,UQCC1,MCRS1,NFATC2,FAM78A,RHOT2,LINC00984
1081,ETFA,MRPL38,DHX58,TAPSAR1,YPEL1,NFYC,N4BP2L2,HRASLS
1082,SLC30A9,RNF187,ZNF561,CSRP2BP,SBNO1,HNRNPUL2,WDFY4,HIPK2
1083,SNX4,DHX9,WDR54,APOL2,ABCD3,EI24,TMEM55B,C12orf39
1084,ST3GAL2,ARHGAP25,NDUFB1,RP11-285F7.2,TMEM160,ZNF136,INPP1,MAPKAP1
1085,RNF7,IL1RN,CYTH1,BTN2A1,DTYMK,TECPR1,CCT4,LINC00877
1086,DDT,YEATS2,EDC3,RAB4B,ABI1,FUOM,ITPR3,HCAR3
1087,C5orf28,VSTM1,EPM2AIP1,ZNF518B,C1orf43,HECTD1,FAM122B,CACTIN
1088,MRPS27,CHMP6,PI4KA,ELP4,RBKS,RASGRP4,DUSP23,CNST
1089,ACAA2,RGL2,TELO2,ACP5,SF3B3,UBA3,TAB2,ZCCHC17
1090,MAST3,SSR4,SEC14L1,CLIC1,LCNL1,MRPS7,UBL7,KDM6B
1091,SUV420H1,SNORD3B-1,SUPT16H,ADIPOR1,NME1,FOXN2,RAB32,AKAP9
1092,KIF2A,MOSPD2,CYP20A1,SMIM19,NOTCH1,APOBEC3G,TMEM138,GOLPH3
1093,ZNF830,KRT7,IFI16,ADD1,SSBP3,UBE2O,SF3A3,SARNP
1094,INPP5D,TNPO3,NAA10,CDKN2A,HCLS1,USB1,CLN3-1,TAF3
1095,SUB1,NDUFA4,EHMT1,IL4I1,DUSP12,ARL16,INIP,RNF5
1096,ATP6V1H,FURIN,CRYZL1,PPARA,XRCC5,MRPL48,H2AFJ,EGFL7
1097,PRKD2,PMVK,XRN2,NCK1,JADE2,VAV1,PRMT7,SH3BGRL2
1098,NOL12,RAB27A,LRCH1,AAMDC,PKN1,PPP2CA,KLHL18,NDUFB2
1099,DEXI,SLC27A3,EXOSC10,PPP3R1,HSPA9,CRIP1-1,TBL1XR1,TNNI2
1100,MDH2,PJA2,MARCH9,ZNF44,PLEKHJ1,SMAD3,FN3KRP,SERPINB1
1101,DNAJC9,PRPSAP2,SNHG12,XYLT1,UGP2,DENND1C,SRPK2,COX16
1102,TOR3A,BCAP29,ZNHIT3,DHX57,IER3,ACAD9,RSPH3,HIST1H2AE
1103,NINJ2,C12orf66,SF3A1,KCNQ1OT1,UBXN6,MIS12,KDM2B,WDR54
1104,ZNF839,EBAG9,OAT,UBALD1,L3MBTL2,PRR14,TM2D3,MBP
1105,RPS26,PSMD8,NR1H2,UEVLD,USP47,NCK1,STAMBPL1,SSFA2
1106,RSAD2,FBXW8,NCL,CD28,KCTD6,LSM3,MICAL1,TBL1XR1
1107,PLEKHJ1,NISCH,TTC9,FUT7,CHPT1,CASC4,PES1,USP22
1108,VCP,ZMYM2,IQCB1,CCDC82,PCMTD1,SRSF6,HIP1,FAM118B
1109,FGFR1OP2,CLDND1,AC022182.3,BRAP,NUTF2,ACSL5,TREM1,GDI1
1110,MRPL2,CSNK1D,GTF2H2,MED20,CYFIP2,IER3IP1-1,DNAJC15,KLHDC3
1111,KLRC2,UBAC1,DPH5,VAPA,FAM162A,GNS,TMBIM6,RGS3
1112,RP11-752G15.6,SNRPE,MRPL42,PIM1,NELFE,DUSP11,SYK,MIR142
1113,ARPP19,PRPS1,LRRC59,FRYL,DYNC1H1,GLOD4,SDF4,SORD
1114,C12orf45,UVRAG,LDLRAD4,MRPS5,MRPL10,FFAR2,RRAGA,CGRRF1
1115,RHOH,LGALS9,PRDX4,PPAPDC1B,TPD52,RBM39,RBBP6,YDJC
1116,ANAPC7,RITA1,CD83,CREB3L2,CENPL,RP11-680A11.5,RETSAT,RPUSD1
1117,MBD3,PCBD2,SMUG1,DHRS12,EFNA4,FGD2,MCOLN1,XPO6
1118,CDK5RAP3,MRPL47,AEN,RABEP2,PPP2R2D,VPS28,C12orf75,EIF5B
1119,TASP1,SCRN2,PCBP1,ZNF800,PPP1R10,SLC35E3,TXNDC17,FAM214B
1120,CCDC104,C10orf118,NOC3L,TRAPPC4,VPS37B,GFOD1,RARS2,SPPL3
1121,MFHAS1,IFI35,TRMT1,AKR7A2,FADS2,LINC00094,PHLDA2,LSR
1122,MEMO1,MORC3,MARCH6,HSP90AA1,PDGFD,NCAPD2,ANKZF1,TUBB6
1123,PCYOX1,LILRB1,EID2B,YIPF1,IRS2,STAT5A,LYSMD4,DERL1
1124,GCSAM,RALBP1,HSBP1,CCDC64,VEZF1,ATF1,WDR60,LEPRE1
1125,SKA2,PPIF,TADA2A,BZW2,GNAS,HNRNPM,ITPR1,FAM13B
1126,KRAS,HIP1,RPS28,MNAT1,STARD3,CDK12,TCEA2,CFLAR
1127,PDE4DIP,AC062017.1,RNPC3,CCT8,DCPS,MAP4K3,C1orf52,NFKB2
1128,GFM1,FLI1,WDR13,IPCEF1,NAGK,SLC31A1,TMEM242,ZNF217
1129,RBM22,BAD,HNRNPA0,DDX18,API5,PPP2R3C,FAM101B,FAM3A
1130,ARFGAP2,PSMD3,COIL,TACO1,NIP7,OTUD5,DEK,FAM192A
1131,MLLT10,EIF4E3,DUSP11,UBN1,CALU,SEPT1,KLF10,G6PD
1132,LMAN1,VRK3,JADE1,SLC35B1,DSTN,C11orf31,SNX20,EIF5
1133,RHOC,PAFAH1B1,LOH12CR2,NAA10,EXOSC9,DUSP3,GAPT,ANXA7
1134,TRIM33,STX18,RP13-1032I1.7,ZNF430,SFXN3,PPM1B,HNRNPUL2,CDC42
1135,TMEM106B,ST6GAL1,PJA2,WBSCR22,CDIP1,STX2,MDH2,RIPK2
1136,NBR1,PNPLA8,TMEM222,WDSUB1,LSMD1,RNF139,IKBKB,MAN2C1
1137,RNF5,MT-ATP8,C14orf142,PCSK1N,EXOC5,PHYKPL,NSF,AMPD2
1138,CRELD1,FCGR2B,MESDC1,ABCF2,RWDD1,GART,EXOSC3,PNRC2
1139,AIM1L,SRD5A3,RIPK3,BMS1,PCED1B,CLINT1,PPID,ADRB2
1140,CNPPD1,WWP2,SFR1,ZNF550,RAB33A,P2RY13,CNPPD1,SSB
1141,ZFAND3,ZFAND2B,RNF139-AS1,CMIP,SNRNP35,IQCG,AP1S3,ARCN1
1142,DLGAP4,ZFYVE20,RELB,XRCC6,TAGLN2,PREB,FCF1,COA3
1143,PRCP,CDNF,PHF6,CXorf40A,ZNF281,NDUFS4,FIS1,ZBP1
1144,TAF12,PEX16,UVRAG,HCFC1R1,SNX20,FAM136A,ELAVL1,AC092295.7
1145,SQRDL,PRR24,SERP1,PRKDC,LAT,CTDSP2,GGNBP2,NPEPPS
1146,RGP1,PDZD11,TMEM14B,UQCRC2,BCKDHB,NHP2,CTA-29F11.1,SNX18
1147,CCR6,KLF7,TMCO1,ARL6IP6,SNRNP25,ZBTB24,MAEA,UXS1
1148,LASP1,RAB18,PRKD3,SUPT3H,CEP95,ICAM4,DHRS3,MYEOV2
1149,TSC22D4,SSB,MEF2D,LSM10,MARCH5,NMRK1,ZRSR2,ETV6
1150,CLNS1A,HSPB1,WIPI2,TCEA2,NDUFB4,JAK3,TRIM38,INPP5K
1151,RP11-44N11.2,MAP3K8,TBC1D10C,FAM127B,RNF34,MIR4458HG,CXXC1,SUSD3
1152,DDX19B,ARF4,SLFN5,RP11-664D1.1,ELOF1,PRR19,ZNF580,STRADB
1153,SFXN3,RP11-258F1.1,PRDX1,AKAP8,EIF2S3,VPS54,CACNA2D3,ENO2
1154,CHERP,UBE2G1,ZNF24,CTD-2521M24.9,DLST,FAM221A,CETN2,PLP2
1155,TIMM10B,AIFM1,CCDC43,MED29,IGSF8,CRIPT,CUL3,PPM1A
1156,ARID5A,FAM98A,RSL1D1,C21orf91,PDE4DIP,RAB22A,LOH12CR2,CTR9
1157,TPMT,ARMC7,RP13-188A5.1,HAR1A,FBXL5,RP11-78O7.2,DCTN3,MS4A4A
1158,PPM1M,TCF12,AK3,BLOC1S5,KIR3DL1,FLT3,CD99,GNA15
1159,RAD50,SLK,WDR34,KATNBL1,NOA1,SIGLEC9,GNAS,IST1
1160,SNX6,MFSD1,DAXX,PPA1,AP1S2,C11orf48,CAMK4,COMMD4
1161,RING1,APBB3,CEBPB,TSN,C6orf62,ZBTB40,PLCB3,SIAE
1162,PRKAR1B,DLGAP1-AS1,SC5D,SRI,STX10,OMA1,UBE2R2,DGCR2
1163,CCDC71,DHDDS,C12orf23,ID1,SNHG15,MDH2,RBM42,PNN
1164,SRSF2,SLC7A6OS,C1orf228,SYTL1,GMPS,SASH3,PLCD1,TMEM167B
1165,MAP3K7CL,PNKP,RP11-1017G21.5,SMYD4,HPGD,RAF1,AC011893.3,GADD45A
1166,NDUFB5,TP53,PIKFYVE,MGAT2,TMEM9,UNC119,ACADM,NUMB
1167,STAU1,DUSP7,USB1,UNC119B,CLOCK,PMAIP1,CCR2,PIK3CG
1168,MICALL1,TEX264,CDK5RAP3,B3GNT2,PSMD6,LSM4,TNFRSF21,AC007879.7
1169,ABR,CORO1C,SCAF4,GNB1,CCNG1,CIR1,SNN,MEST
1170,PREB,CHID1,TAF1A,MT-ND1,INSIG2,THAP4,SLC30A5,FAM45A
1171,ACTB,AP1S1,WDFY2,SLC25A10-1,HCCS,SETDB2,ACOT2,RPL22L1
1172,PARP11,KIAA0368,MDM4,ST13,C1orf35,HINT1,SMARCD2,LTA4H
1173,ACOT7,DBI,RHOT1,EHMT1,ARHGEF9,PSMC5,ANKIB1,SLC25A24
1174,GALE,EAF2,NDUFA10,C19orf48,MIR24-2,DNAJC3-AS1,TRAF7,WRB
1175,ADPRHL2,TFEB,APEX1,CEP63,EIF4EBP1,IQSEC1,RPUSD3,PAK1
1176,WRAP53,BRWD1,NDUFA13,DCTN5,SLC27A3,PLEKHB2,BAX,DNAJC15
1177,PRR12,RPP21,RANBP2,USMG5,SLC11A2,FASTK,DAP,SIN3B
1178,B9D2,ZNF226,COG4,RNASEH2C,GBP5,ACTN1,TATDN3,CCDC90B
1179,TCTA,RP11-418J17.1,RP11-212P7.2,IRF1,FAM110A,RP11-119F19.2,EIF5AL1,LRRC8D
1180,COPS5,FAM217B,DDX1,METAP2,RELA,EHD1,STK38L,UBE2E3
1181,MSH3,SRCAP,MRPL50,PET117,RP11-1094M14.11,HYOU1,EMC8,MINOS1
1182,PPM1N,WASF2,ZNF335,TENM1,NCAM1,DNAJC27-AS1,SUPT3H,ARHGDIA
1183,NCK2,PTRHD1,RNF170,SLAMF1,SLC30A7,ATP6V1D,CHIC2,PTPN1
1184,CSGALNACT2,MIOS,ACBD4,GCH1,MLC1,NUP88,CALR,RNF149
1185,PPP6C,C2,EHD4,OSBPL2,ALG2,MITD1,AKT2,CHST2
1186,MICU2,MOGS,SMIM4,IL15RA,SNRPB,MAPK1IP1L,RRP9,C15orf26
1187,RCBTB2,INPP4A,CD1C,ZNF439,HPS4,TMED7,MRPL15,USP10
1188,UBXN11,PRPS2,COQ10A,CYB5R3,PPP1R7,CBWD2,RP11-354P11.3,ACAT1
1189,APP,LRRC42,PTPRN2,ZBTB16,RABEP2,ZNF92,FXN,TBC1D5
1190,ESYT1,RP11-76E17.3,UBE2V2,TM9SF3,SLC25A39,FCRL3,LPCAT1,MEPCE
1191,MKNK1,FARP2,CLDND1,MOB3C,ZBTB20,CYP4V2,SMARCE1,FCGRT
1192,HAUS4,SLC39A8,COBLL1,SQSTM1,PPM1G,UBA5,RIPK2,FAM46A
1193,LYRM9,DDAH2,HADH,CD300A,MTERFD3,EHMT1,NFAM1,VPS35
1194,SEPT6,AMICA1,TOR2A,ZMYND11,MKLN1,RRM2,ARSD,COMMD1
1195,SPRYD3,ZNF611,MECR,MT1E,PSMG1,GSTM4,JKAMP,HDDC3
1196,SSBP3,PHACTR2,OSBPL9,NEIL2,FAM104B,RRAS,FLOT1,PPIG
1197,RP3-325F22.5,HEBP2,HDGFRP2,LRMP,GALNS,HEATR5A,CTD-2521M24.9,LSM7
1198,POLR3D,PIGT,CCDC109B,PPIB,ZNF48,IPO8,MITD1,NDUFA12
1199,TRAPPC6A,AL592183.1,AAMP,EIF2S3,LFNG,BTBD9,ERN1,CORO7
1200,ICA1,MXD4,NOLC1,HYI,TRAPPC4,NFS1,DAPK1,PDK1
1201,RPL39,L3HYPDH,ABTB1,SLC39A10,MAT2B,FAM122C,ANKRD10,GABARAPL1
1202,SNX14,LRRFIP1,MTHFS,FAM50A,TBRG4,MTFR1L,VBP1,PXK
1203,TMEM14B,ACADS,JTB,GPN1,WASF2,RCSD1,PSMB5,TIMM10
1204,AIMP1,PRDX4,CRY2,JARID2,RP11-400F19.6,USF1,KRT18,HPCAL1
1205,TMEM30A,GTF2H1,ZNF227,KBTBD3,EDEM2,SNRPC,USP39,SPG20
1206,BTLA,ZNF780A,ITFG1,LARP1,CACYBP,SCNM1,KIAA1429,TBPL1
1207,OXR1,STK4,PHACTR1,SLC35B3,CTDP1,USP32,TRAPPC2P1,PPP1R14A
1208,YTHDF2,VOPP1,FAM114A2,CRTAM,RAB11FIP1,CASP2,EXD2,IFI27L2
1209,MMAB,JOSD2,NCBP1,DCAF5,TRAPPC10,ATP2B4,MCMBP,SMYD3
1210,GALNT10,FAM102A,RRP7A,AP3S2,GBAS,BIN3,LRFN1,AP1S2
1211,DDX54,ESF1,GTF2F1,ZSCAN16,HIST1H4C,KIAA1147,NDUFS4,VPS26B
1212,COMMD7,CSTA,CREB1,HTATSF1,ATP13A1,SSBP4,UFC1,RHOBTB1
1213,OXSR1,PISD,RHBDD1,SLC16A1-AS1,IER5,GLB1,HEXDC,WNT11
1214,UBA2,RNF141,RP11-488C13.5,DCTN1,MT-ND4L,MRPL17,RASD1,PBX1
1215,BMPR2,MEA1,CYSLTR1,DENND1B,CXXC5,TCF25,SF3A2,PDHB
1216,ETV7,MIR24-2,TCERG1,ZADH2,CDKN2D,PACSIN2,RPL7L1,ZNF778
1217,RNF19A,EXOSC7,RP11-22P6.2,PSMB6,ZNF720,MSRA,PCYOX1,KLF3
1218,RP11-66N24.4,IMPA1,PNPLA8,TMEM99,DGKD,PCBD1,GORAB,ORAI3
1219,PRMT10,POP4,B3GALT4,TRAPPC2L,BBX,TOR1AIP1,STARD7,COPE
1220,APEX2,MTR,POLR3D,MAP3K2,INPP4B,LSM12,CHPF,RIC8A
1221,YIPF5,FBXO9,PIGH,TOMM5,HOTAIRM1,PURA,CCDC101,TCIRG1
1222,CTB-31O20.2,FGFR1OP2,ASH1L,CPSF4,DYRK4,LLGL2,REXO4,BANF1
1223,TRIM8,EXOC3,SMIM15,MLKL,RNF114,MMAB,EIF2B3,MOB3B
1224,NGRN,BLOC1S2,ZMYM6,SNHG10,CIAO1,CAMK1D,RPL37A,TSPAN18
1225,SP140L,C4orf48,SARNP,TMEM261,USF1,IL6R,SNX5,TANGO2
1226,NMI,C1orf43,PXK,STK24,UBA3,LRRC45,KPNA2,RALY
1227,FAM195A,ECSIT,MED22,PITHD1,AAGAB,GNPTG,NXF1,DNAJC4
1228,ZNF143,MOB4,ZNF641,GNB5,ANKRD28,RBM3,GALT,TMSB4Y
1229,CDK4,PIM1,EMC3,ST6GAL1,PFDN2,CD86,FBL,PARL
1230,AGPS,APBB1IP,TRAF7,DNAJC21,MICU1,EFCAB13,SPG7,GUK1
1231,SDE2,SLFN11,RAD21,RP11-196G18.24,USP4,EIF2S1,PCMT1,F11R
1232,FAM195B,AP5B1,SSBP2,PFKM,PAXIP1-AS1,IMPDH2,AURKAIP1,APOPT1
1233,MITD1,MAP7D1,MT-CO2,ACTR1A,CDC42SE2,SLC9A3R1,FAM43A,CYB5R4
1234,CD59,C9orf69,C1orf56,TXNL4A,MGAT2,CD4,EIF4G2,TMED9
1235,TTF2,SFXN5,NPRL3,HDHD2,MOB4,LYPLA2,PHF3,RBM42
1236,RP11-936I5.1,FAM89B,C11orf35,NHP2L1,IL16,LYRM2,RP11-413H22.2,PANX1
1237,PRPF31,ARID4A,ARHGAP19,SMARCD1,RAB18,CCDC50,AL139099.1,SULT1A1
1238,MBOAT7,FKBP2,NFKBIA,PGM1,CPSF3L,TRMT61B,SSB,LSM4
1239,STRADA,ZBTB43,TSTA3,PBX4,LIAS,OGFOD2,SMAD3,SYK
1240,SH3BP2,TBL2,BNIP3L,SPOP,C16orf13,ABR,TCF3,XAF1
1241,CLUAP1,ACTR10,ASB1,FAHD1,MRPS15,SON,ZFAT,MIF4GD
1242,DDHD2,FARS2,APOBEC3C,TTC37,FAM126B,FAM127B,HLA-DMB,CCT7
1243,TTTY15,GNPDA1,LSM5,CTR9,ARHGAP9,MAT2B,SLC25A37,EPS15L1
1244,SECISBP2,C17orf59,TMLHE,DHRS4L2,KPNA4,CPSF3,WNT10A,LGALS8
1245,MED19,ITPR2,FOXRED1,MLF1,LYAR,SNX13,EIF2AK2,CDK5RAP2
1246,FXYD2,SUGT1,HN1,PCYOX1L,IMPAD1,ARHGEF3,EIF2B5,ROCK1
1247,EXD2,TMEM258,CNIH1,CLCC1,EOMES,MRPL10,POLI,RP11-349A22.5
1248,IMP3,YTHDC1,SAR1A,SLAMF6,EIF2A,GATAD2B,RABL3,HSPA9
1249,NCOA4,E2F6,ALG13,COIL,OSER1,DCP2,SRGAP2,TBK1
1250,ACSM3,C10orf11,TSPAN33,MRPL3,SLC35E1,SIGLEC10,GCLC,SLC38A10
1251,HSD11B1L,EAPP,MFSD6,ZNF813,RBM5,ARSD,SH3D19,UBN1
1252,AP1G2,SUN2,PYGB,MAN2B2,LZIC,APOPT1,ARFGEF1,TACC1
1253,VIM-AS1,ALAD,ZNF582-AS1,LIMS2,CALCOCO1,SPPL2A,RHOF,NELFCD
1254,TECPR1,SFR1,CAMKK2,STX17,PSMB1,RPL15,WRB,TXN
1255,CYTH1,IFIT2,RHOQ,EBP,SLC10A3,SNX12,CXorf38,GK
1256,USO1,CD300E,PTK2B,ZDHHC8,TIMM17A,N4BP2L2,PCTP,ZDHHC5
1257,JAK3,MAP3K2,PLRG1,TRMU,DCAF10,MAPKAPK5-AS1,ATP2A2,TBC1D9B
1258,CWF19L2,BCAS3,KRIT1,CDKN2AIP,PPID,DOK1,ATPIF1,TSR2
1259,PSD4,SF3A2,PCBP1-AS1,NDUFB5,GPX4,ZNF766,PLEKHG2,COPS5
1260,SFSWAP,CLEC11A,KIAA2026,PROSER1,PLIN3,HNRNPDL,HPGD,NDUFA3
1261,THAP3,DDX55,RP11-817O13.8,ADRB2,AGK,MTMR11,PRKRIR,TP53TG1
1262,SLC25A40,HERC3,CCS,GPN2,RPA1,GSTA4,SNHG10,KCTD18
1263,TMEM11,FOSL2,RP11-353N4.4,MCM5,SRP68,ERMAP,CHMP1A,RIN3
1264,ACTR1B,UHRF2,NRBP1,KPNA6,TCERG1,TMEM110,GPR108,ILF3-AS1
1265,WDR61,CAPG,NTHL1,YRDC,VPS37A,TMED2,LYSMD2,MYD88
1266,ZNF236,STAT4,STRAP,LINC00847,C19orf25,RSRC2,ITGB1,JKAMP
1267,CNOT11,PARVB,RP11-69E11.4,MAP3K13,C10orf32,IFT43,COX6C,RASSF1
1268,SPATC1L,ATP11B,NXF1,FAM63B,C11orf54,ABHD2,ABI2,NPPA-AS1
1269,THUMPD1,PELI1,SIRT1,IMPA1,VHL,SYF2,EHBP1L1,RASA3
1270,GPR82,LAMTOR2,RNASEH1,GMCL1,TAX1BP1,ZNF622,APOBEC3C,CDC25B
1271,MRPL11,C9orf89,ARHGEF6,PEX11B,DGKZ,FAM60A,HMGCL,PDIA6
1272,NUDT2,GLIPR2,RRN3,UBXN2A,EXOC2,SMIM19,NAT9,TFDP1
1273,PEX14,PROSC,TP53BP2,TMEM192,APBA2,NAA15,STARD3NL,PRPF18
1274,RCCD1,CD8B,SLC35A4,TIPARP,COPE,HEBP1,IL18,DTNBP1
1275,AKTIP,APOBEC3C,TBC1D20,MED21,ATG2A,RAB5A,GMPR,RCSD1
1276,HLA-G,C17orf49,NEK8,GID8,BCAP29,CCDC71L,CMSS1,GLS2
1277,NSMAF,RPL38,MTG1,PSMG3-AS1,CD160,NECAP2,FBXL17,NOL8
1278,NPC2,SMPD1,DDX3X,LTA4H,STAT3,MAFG,ARMCX3,SYPL1
1279,PLIN3,ECH1,FAM136A,DENND4A,THAP9-AS1,SWAP70,OSBPL9,EML6
1280,ROMO1,HMOX2,ZSCAN2,CREG1,UFC1,RPS6KB2,TRMT10C,RFWD2
1281,CLTA,DENND5A,SAMD9,NSUN5,ACTR3,KIAA0513,KCNQ1OT1,RILP
1282,SYF2,ETHE1,CPSF3,MVB12A,CTBP2,POLR3C,BRIX1,C12orf76
1283,NUP54,ZNF428,SGPP1,MTMR3,WDR37,PYCR2,ZNHIT3,ZNF841
1284,RABGGTB,DR1,IFRD1,ATRX,TTC1,EML4,C1orf61,CIB1
1285,VAMP7,POGK,RP11-37B2.1,MAP7D1,HMOX2,CBX7,ATP2B1,HNRNPU
1286,ZCCHC11,RP11-87C12.2,C6orf47,BAD,PSMB10,TRIP6,ATP2C1,SERINC1
1287,INADL,MPV17,DIDO1,SLC25A24,ARRB2,MAP2K4,COG5,FLNA
1288,HKR1,IKBKE,COASY,PAAF1,HIGD1A,ARHGAP27,SPEF2,PCIF1
1289,C22orf46,KPNB1,CENPT,KANSL1,ATG9B,LCP2,CMPK1,SPIN2B
1290,PIP4K2A,RAB11FIP1,COPS3,CCAR2,TMEM14B,IKBKB,ZMYND10,MRPL9
1291,SETD8,RP11-108M9.4,GNS,CCDC61,CCNC,CIDEB,MCC,CASP6
1292,RP11-196G11.2,TOPORS-AS1,KIAA1407,PDCD5,UBE2B,GGPS1,NUDT17,TSPAN15
1293,CA5B,RNF40,EXTL2,RGS14,PIGH,GFER,LCNL1,HNRNPUL1
1294,PTBP1,PARP9,ABCF1,VPS33A,MARCH8,GCHFR,CTB-55O6.4,RPL24
1295,PAQR8,SLC9A3R1,MIOS,ABCE1,PI4KA,DCLRE1B,POLR1E,STIM1
1296,PACS2,ITGB2-AS1,ZNF512,FBLN7,PPP1R3E,ASRGL1,GATSL3,TNFSF10
1297,NFKBIZ,PNO1,FOXJ3,FAM76B,MRPL50,AKT1S1,AKIRIN1,TRPS1
1298,BAK1,MLTK,RPS19BP1,HDLBP,RP11-545I5.3,BANK1,DOCK3,MRPS22
1299,KIAA0020,UXT,PDCD10,TCEAL3,ETS1,TRAPPC5,FAM58A,RNF187
1300,HERC1,DNAJC2,ADAP2,TSFM,OSBPL8,C2orf42,AK9,FLII
1301,PLAUR,EMR3,ZNF567,ODF2L,ELOVL1,MAGOH,LRRC46,LAPTM4A
1302,ACOT13,DDX27,NEK1,MLLT6,RBBP4,UBE2D4,IZUMO4,ANO6
1303,USP24,NDUFC2,SMARCD1,ACN9,CINP,NSRP1,RP5-914P20.5,CATSPER1
1304,DKC1,TMEM60,ACSS1,ZNRD1,SURF2,IFNAR1,AC073283.7,TMOD3
1305,FBXO22,MTG1,UQCRQ,SUPT16H,ZFAND2B,ASB8,CASZ1,MSH6
1306,CENPT,PTP4A3,SLU7,HIAT1,TIMM9,TBCC,EHD4,DCAF6
1307,STK38L,SLC25A38,CBX1,HMGXB4,PXN,RSL24D1,CYHR1,PMS1
1308,IFFO1,RPP38,SLC25A37,CRADD,ERN1,BDP1,METTL7A,TRAPPC5
1309,PARP1,TREX1,SRPRB,ASMTL,UBASH3B,RPS6KA5,RP5-1068E13.7,ZFAND5
1310,CMTM3,TRIM39,UBAP2L,BCL11A,NIF3L1,EMR1,ZSWIM7,ERLEC1
1311,PAK2,AL591479.1,DUSP22,FAM98C,TAF6,PIWIL4,TLCD1,PSMD9
1312,FZR1,PRKAG2-AS1,NDUFAF7,GNL3,SRSF7,NTMT1,SNTA1,PYGB
1313,RRP1,LRRC58,TRIAP1,AMZ2,ARF4,MRPS17-1,SLC23A2,RNF114
1314,FAM207A,FAM114A1,MOB1A,WBP11,FAM58A,CRK,NAMPT,LNP1
1315,PHKB,ATF3,KLC1,BCL9,ZSCAN16-AS1,ZBTB8OS,SLC39A8,TTC30A
1316,SFXN1,FBP1,MRRF,NFATC3,NUB1,NOP10,RP11-215P8.3,PBLD
1317,PMS2,FBXL5,NOL8,MYBL1,R3HCC1L,KMT2B,RP11-288H12.4,RAB6B
1318,UTP11L,LSM2,RAB11FIP3,PDCD10,CHEK1,CSTF2,TAF7,ODF2
1319,FHL1,ZNF292,PRCC,EXOC6,DCAF13,TTC5,MB21D1,RNF130
1320,BNIP3L,ATP2B1,SPNS3,WDR24,ARFIP2,PRMT2,RP1-241P17.4,PPIE
1321,B4GALT4,TAF12,LRRC8A,NCKAP1L,CD79B,RPP30,NUP50,CEP290
1322,RP13-1032I1.7,SUPT20H,RP11-349A22.5,H3F3B,DIP2A,DLST,IFT52,CDC42BPB
1323,PNO1,TSHZ2,RP11-533E19.7,PGS1,VAV1,NASP,CLDND2,LY6G5B
1324,TUBGCP2,GPATCH8,CNFN,GMEB2,NXF1,DDX60L,RP4-773N10.4,THBS1
1325,CISD2,PPP2CB,PIAS4,WNK1,TMEM150A,DCTN6,BRICD5,DCAF8
1326,ACSF2,OSGEP,NUAK2,IFRD2,HIGD2A,LCMT1,CCM2,NUCB1
1327,GART,SETDB1,UBE2H,SDF2L1,COQ5,AMMECR1,NUP155,NAPG
1328,ZNF383,KIAA1143,ATG2B,TUBA1C,LINC00667,EIF3M,EIF6,CLASP2
1329,FCRLB,ALAS1,EXOC4,TMSB4X,SYT11,ARPC4,CCDC124,HOMER2
1330,DYNLRB1,TARS,CHERP,NUTF2,AKAP10,SETD1B,HENMT1,UHRF2
1331,VAMP3,RBM10,RBMX,SIN3A,MED17,ASAP1,PILRB,EYA3
1332,BACH2,AKAP8L,RGS19,CCPG1,TMEM223,NUCB2,F12,ATP6V1E1
1333,WRAP73,DEXI,INTS6,UCKL1,CYTL1,NSF,ZNF789,FGR
1334,METTL21A,HERC1,CDKN2D,TRMT1L,FAM60A,SUGP2,RNF126,PTPRJ
1335,ATP5EP2,EPC1,HDAC3,CRK,HERC4,PUSL1,TRIP10,AK1
1336,PDCD7,MAPK8,STUB1,UQCRQ,CTNNB1,AP1M1,THUMPD2,HIP1
1337,PIGX,ARHGAP18,TIPIN,SLC25A33,APOL6,LINC00667,SLC25A29,MTMR2
1338,FHIT,MBOAT7,TMEM258,MLF2,RBM33,KAT5,ATP5J,CMTM6
1339,CHRAC1,RRBP1,ZNF609,MRPL41,CREBRF,PRADC1,C19orf70,ZNF185
1340,C7orf55,HERPUD2,TCEAL4,SLC4A10,AATF,EIF4B,PAPD4,PHF3
1341,MRPL24,PIM3,BLOC1S6,UROD,UBE2J1,BHLHE40,TEN1,C14orf2
1342,GFPT1,RP11-111M22.3,SEC11A,SNORD3D,RALGAPB,NME1-NME2,SLC9A3R2,CAMK1
1343,DDX52,ALDH3A2,SRBD1,MED10,ZNF559,NCOA4,MEAF6,GMEB1
1344,TMEM2,NR3C2,GOLPH3,LRPAP1,RP11-473M20.7,S100A11,MTIF2,CTSZ
1345,ATP6V1F,ASXL1,ARHGEF19,RPA3,C1orf27,STAMBP,AP001816.1,SLC2A11
1346,STAT5A,SLC20A1,ACSL5,UBE3A,DDOST,PITHD1,PRDX4,USP12
1347,TFB1M,SFSWAP,SH3D21,IKBKB,PIGU,KIAA0930,HEXA,MTHFS
1348,RPL26,RAP1A,HRAS,FBXO32,PPP2R2B,MESDC1,CALCOCO2,TAX1BP1
1349,PNRC1,BANP,RNASEH1-AS1,LINC00861,TWF2,HNRNPR,MARCH8,GNA13
1350,C22orf39,E2F2,RB1CC1,PEX16,USP36,CLK3,IRF2BP1,SHMT2
1351,SRSF6,BMS1,INPP5B,ENSA,RAD23B,WDR4,LRRC42,CTDSP1
1352,ZNF263,TPPP3,MAPKAP1,RPL31,CNOT4,CDK2AP1,IGFLR1,MAPKAPK3
1353,VRK2,ADAT1,USP11,ABHD3,PHF19,TMEM126B,NAGK,SOCS2
1354,JMJD1C,AC026806.2,MKRN1,HNRNPH2,IFIT5,CYB561D2,C3orf17,RC3H1
1355,WDR5,GPRC5C,SDAD1,ASPSCR1,DAD1,STK16,CMTR2,C7orf31
1356,TMEM183A,UBE2B,MYL6B,MICAL2,LTB4R,INPP5D,ABHD15,FBXO3
1357,ING4,SUGP1,CCDC130,TGDS,PRKACB,CACNA2D4,NAA40,NINJ1
1358,TOP1,FKBP3,RBM15B,ZZZ3,RP11-412D9.4,C7orf26,TM9SF1,TNFRSF14
1359,SRA1,TCEB1,DYNC1LI2,RP11-345J4.5,MZT2B,ARNT,ERBB2IP,ATF6B
1360,CDK13,TBC1D23,FAM217B,GPR89A,KLRB1,SEC11A,ARMC10,SAT2
1361,SYNRG,RHOT2,UFM1,SPG11,SNRPB2,RAB6A,AMBRA1,GPN1
1362,FBRS,CATSPER1,RP11-403A21.1,MAFG,IRAK1BP1,EXT2,RP11-356I2.4,EMD
1363,GMPPA,APAF1,PTK2,MDM2,MAU2,MRPL53,IDH3B,PSMA6
1364,LPAR2,UTP14A,ZBTB24,RPUSD1,ACOT7,STYX,RHOBTB3,ZNF414
1365,NSL1,S100Z,MFSD2B,PURA,AC079922.3,UBAP2L,RNF168,POLE4
1366,NEDD9,SCIMP,CDCA5,BATF,TOLLIP,DSTN,NDUFA4,TMED3
1367,CHAC2,MPDU1,RP13-753N3.1,LTK,FUT11,MTERFD1,PRKCD,GOLGA1
1368,CLK4,MR1,PKM,NUDT3,SAFB,METTL5,RHBDD2,SMCO4
1369,RASSF3,ASH1L,TFEC,ARSG,PCIF1,MPDU1,NIPA2,PUM2
1370,FAM104A,PSMA6,COL19A1,AASDHPPT,FAM149B1,PLEK,CDC42SE1,PTPRC
1371,C17orf89,GNL1,TAPT1,TFIP11,ARHGEF7,ST3GAL1,RER1,TRIB1
1372,LIPT2,CTC-250I14.6,FBXO45,CCDC28A,LIM2,RPF2,UNC93B1,SMPD1
1373,PDCD4,GM2A,CMTM7,PTTG1,VCPIP1,PPP2R1A,GNGT2,FGFR1OP2
1374,PDZD11,ATF5,SERPINA1,GLB1,DNAJA2,TMED8,ITPKB,WARS
1375,TCTEX1D2,HSD17B4,PPP1R7,RP11-473I1.5,KIAA1429,NT5C3B,BCL2,CLN8
1376,CACYBP,H1F0,ETS1,UPF2,CREBL2,DPM2,MED22,MAFB
1377,PPP1R35,CCT3,PCOLCE,STX10,GBP1,TRMT10C,HOXB2,CD81
1378,RAB27A,PPP6R1,MED24,TBC1D2B,GGT1,FAM177A1,STK11,PTGDR
1379,ESD,RNF167,ZNF688,RTFDC1,CDK4,IFT52,BEX4,PLEK
1380,CNOT1,CTNNB1,MARCH7,PLIN2,TGFBI,ALG5,TRIM35,RAB3GAP2
1381,TIAM2,SF3B5,POLR2F,ZBTB38,UBE2E3,TOMM5,SMYD3,LEPROTL1
1382,RAD9A,ZC3H13,MTO1,RP11-353N4.4,HSPA14,FKBP5,MAD2L2,NDUFA1
1383,SFT2D2,FEZ2,RP1-40E16.12,CD1E,EGLN2,ARHGAP30,GTF3C6,EIF2B2
1384,CEBPG,EIF3A,KANSL2,EIF2B5,PYROXD2,TRIM4,ACTR2,IFNGR1
1385,PI16,C1orf159,CENPE,PPT2-EGFL8,IMPDH2,TRIM26,ATP6V1H,THEMIS2
1386,C2orf68,EXOC5,ZDHHC17,HDAC3,PHF6,GOLM1,SHARPIN,PRR24
1387,FKBP11,ECI1,GNL3L,P2RY11,XXbac-BPG252P9.9,RBM43,GSDMD,COPA
1388,ZNF136,ZEB2-AS1,MYO1B,PPP6R3,LINC00339,PET117,LAIR1,MADD
1389,PIGP,HTATSF1,CD9,CCDC34,ST20,UNC93B1,MAMDC4,C18orf32
1390,LINC00954,MAPKAPK3,PLAC8,SBF1,VPS4B,MEPCE,VPS45,GPCPD1
1391,NIT2,FAM120AOS,METTL8,NDUFV3,ERCC3,BRMS1,TMEM14A,BRE
1392,INTS4,UBAC2,ATXN3,HVCN1,NUP43,ERLIN1,PNP,HES4
1393,SNRNP35,NUDCD2,UBE2R2,TGFBR3L,USPL1,FDX1L,SLC8B1,VRK3
1394,RNF181,IL8,SCARB1,DYNC2LI1,STRIP1,EID2,UBE2J2,CYB5D2
1395,NFAT5,DNASE2,CNTRL,ERLEC1,GBP2,MOV10,LIPA,CRAT
1396,UBIAD1,AAGAB,DTYMK,LSG1,SNAPC3,LAT,DBP,COX19
1397,ATXN10,ZNF668,ATP6V0C,CCDC78,ARID5A,DDB2,SERPINF2,EBLN2
1398,ACSL3,KRT10,EML4,PROSC,MRPL36,TMEM229B,WWP1,ELMO1
1399,PPARD,NDUFS1,PTPRK,DYNC1LI1,PPP5C,DOCK8,DTX2,EIF2S2
1400,ANKH,MED18,SYT17,NCBP2,CPNE1,PXK,ZNF174,HSD17B4
1401,DCTN2,PDCD6IP,IL10,CCNF,ZNRD1,NDUFA7-1,PRKAR2A,ATL1
1402,ISOC1,MLEC,VGLL4,ST3GAL4,APOBR,SDHAF2,CLEC12A,P2RY12
1403,UNC50,RUFY2,ZCCHC11,MC1R,TRAPPC6B,PIGX,C11orf31,RP11-215G15.5
1404,MMD,SLC35B4,RPRD1A,MGAT1,TMED3,TDG,NDRG1,PCSK6
1405,TMEM120B,LPP,FAM98C,VWA9,AASDHPPT,TMEM33,FOPNL,PDE2A
1406,ZNF655,CYC1,KLHL17,CBX3,MPP7,PHF11,HADH,RP11-559M23.1
1407,HSD17B12,MTO1,INTS10,GPR108,VDAC1,SLC43A2,TMEM5,CCDC26
1408,PAICS,DUSP12,MB21D2,MRPS23,C19orf70,RP1-39G22.7,BRPF1,DGKG
1409,MBD1,CREBL2,EIF3M,REV1,SAMD3,BARD1,CCS,HCFC1-AS1
1410,USP5,TRIM33,YIPF4,RNF145,PPP2R4,DNAJA2,DLG1,DNM3
1411,SDHC,YKT6,GEMIN7,SLC2A8,SOAT1,ZSCAN29,GALNT11,STON2
1412,SMG7,FXYD5,PDIK1L,A1BG,LRRC48,ABL2,MIR142,CTB-133G6.2
1413,AP003774.1,ATRN,TAZ,SLC35F6,EMC10,VHL,SLC7A5,DENND2C
1414,ZNF16,H2AFV,CTA-384D8.35,DNMT1,JMJD4,CTCF,SLAMF6,RP11-96K19.5
1415,SCML1,BSG,TRIM56,PDCD2,RIC8A,ARID5A,TOLLIP,AC005944.2
1416,PIGL,TPD52,TOP1,DUSP7,TMEM140,GGA1,PSTPIP1,ZNF367
1417,SIGMAR1,GAPVD1,SLC27A5,TNFRSF1A,EPB41L4A-AS1,DDT,PARP8,BZRAP1-AS1
1418,RTCB,CTD-2017C7.1,API5,PRIM1,GFOD1,NUDCD1,MED13L,TRIP10
1419,CNPY4,ID1,FARP2,CHD1L,SRSF10,CCDC112,FLNB,GPR55
1420,CRLF3,ACBD5,DAG1,ATG2A,UQCRB,RABEPK,TMEM42,BATF2
1421,C3orf17,TPK1,DTX1,ENOPH1,TLR1,RPS19BP1,NDUFAF1,OTUD7B
1422,APOL3,HPS6,UHRF1BP1L,ACACA,TSR3,SELL,EMILIN2,CCNJL
1423,ORC2,HSPD1,PUS7L,GALC,DOCK9,CCDC92,IFI27L2,CDKN2B
1424,RP5-1180E21.5,LCLAT1,FDX1,BECN1,KDSR,MPLKIP,MAT2B,KIF5C
1425,RP11-727F15.9,NNT-AS1,FOXRED2,TSPAN32,RRP7A,DECR1,AC006129.4,RP11-734K2.4
1426,DSTN,NUDCD3,C11orf82,BLMH,SOCS2,ARL6IP6,AGPAT3,POMK
1427,RRAGA,EEPD1,TSPAN17,OR2A1-AS1,LYRM4,MDP1,PANK2,DAPK2
1428,BCL10,MEF2C,DHPS,C4orf32,RIN3,MRPS10,KIAA1586,TMEM163
1429,OARD1,APPL1,RCE1,DAK,NUP153,TMEM230,VAC14,CTC-246B18.10
1430,QRICH1,LTA4H,REPS2,ABTB1,NDUFS1,SIGLEC1,CD2AP,SCARB2
1431,FBXO9,NTAN1,MIEF1,COX6A1P2,C1orf122,SLAMF7,ZNF331,AFAP1
1432,TMEM102,CASC3,NFATC1,LINC00324,PRAF2,DUS1L,TOMM70A,IGF2BP2
1433,TRAPPC6B,RYR1,RRP8,DCP2,GADD45A,HACL1,IL15,SCP2
1434,MRPL13,C6orf226,LIN7A,CCDC57,NMUR1,TOR3A,C1orf35,POPDC2
1435,TAOK3,CDKN1B,AMDHD2,GTPBP1,FDX1,SLC39A1,UFL1,SLC35E4
1436,SLC12A7,SNRNP40,RP11-809N8.4,RLF,ZNF259,RNMTL1,RIF1,ATP6V1D
1437,PPIP5K2,DNAJB14,DOCK8,SRSF10,ATP6AP2,PSTPIP1,KIAA0020,NCKIPSD
1438,PAFAH1B3,GMPR,CAMTA2,FAM126A,TTC16,MAPKAPK2,RAB5C,RP11-589P10.5
1439,NACA2,PEX7,BTLA,PEBP1,SEMA4D,SLC35C2,ACACA,WDR19
1440,HINT2,STK17B,RP11-861A13.4,DHX16,PML,AP2A1,MRPL49,MRPS12
1441,ARL1,HERC6,SH3TC1,SNRK,ATP5O,RPS17L,KAT2B,CCDC134
1442,PANK2,UPF2,SRSF1,PRKAR2A,RHOT1,CAMK4,SIRT7,CENPJ
1443,MRPL10,TMED4,ASNS,ZNF346,PTDSS2,UNC45A,MRPL24,WIBG
1444,TPGS1,PTBP1,RP11-505K9.1,ODF3B,HMGA1,RFK,DDB1,KLHL17
1445,ITGA5,TOP3A,NOS3,KLHDC4,RNF181,SNRNP48,RSL1D1,RP11-98D18.9
1446,TTF1,UIMC1,EAPP,KTN1,RP11-354P11.3,ZDHHC7,MICA,UBAP1L
1447,FAM208A,C12orf5,IFIT1,FADD,C4orf33,MTG2,ARIH1,PKP4
1448,SGK1,TMEM104,NT5C2,TMEM115,ACOT4,AP2A2,HIF1AN,ABI1
1449,ANXA7,ACTR1B,AAED1,ZNF468,ARHGAP1,FAM216A,LACTB,HOOK3
1450,PHRF1,BNIP2,NDUFV1,FBXO18,ZDHHC24,STK32C,ZNF563,IFI27L1
1451,ZNF22,TMBIM4-1,MAGIX,ATP6V1C1,MRPL45,ARHGEF10L,SMARCA2,SLC39A14
1452,LINC00665,CCDC93,UBE2Q2,ING3,AKAP9,WDSUB1,XPC,EFHC2
1453,DTX3L,GOLPH3,INPPL1,ABCF1,AK5,FAM219B,KMT2D,RP11-672L10.6
1454,PCMTD2,WIBG,SSSCA1,KRTCAP2,C1orf174,ITFG2,ATP8A1,GFOD1
1455,ZKSCAN1,NCOA1,HMBOX1,TARSL2,ZBTB16,KHSRP,KCTD18,PPP1R13B
1456,KIAA0196,PEPD,RP5-1136G13.2,C2orf49,DPP8,EP400,ACAD10,SNX25
1457,AZIN1,TUBGCP2,BRF1,GNL1,LOH12CR1,RPS10P7,RC3H2,ELL2
1458,CEP135,CHD2,SHPRH,VAMP5,PLA2G1B,ZNF143,SCFD2,MSANTD4
1459,RP11-468E2.4,TXNDC17,APH1A,KDM5D,AUH,IGF2R,PLAUR,DCLRE1B
1460,EDEM3,PCOLCE,GLS,PSMD12,CSNK1A1,TRAPPC3,MORC2,MOB1B
1461,NAA35,USP14,C19orf38,ISOC2,CAPN12,DDX3X,DNAJB11,AC147651.4
1462,TBC1D23,IWS1,TMEM179B,HNRNPUL2,C1orf131,TMEM134,COL18A1,CTD-2341M24.1
1463,MAGEH1,UPP1,UBE2F,GGNBP2,SAT2,RNF169,BSG,TRIP6
1464,ANAPC4,MTMR11,TRPS1,HMGCR,RPAP2,NOL12,ADAT3,DDX24
1465,PQBP1,CHP1,BHLHE40,ZNF212,VPS72,TMEM129,RP11-109G23.3,ZNF117
1466,XRCC1,IFIT5,PPAPDC2,AC120194.1,MAFF,SMURF1,MAPKAPK2,RAB38
1467,MAPK13,QRSL1,SUCLG1,PLEKHG1,ZNF142,PDE4C,RASSF2,PPM1L
1468,C4orf27,CACNA2D3,IKZF1,CCNK,NDFIP1,COMMD8,FGR,MED26
1469,RAD23B,IL18BP,R3HDM1,ZNF140,C6orf203,CTAGE5,IFNAR2,CEP76
1470,EIF1AD,EMD,ARMC8,NDUFAF7,NASP,ATP5SL,DOHH,SDCBP2-AS1
1471,STIM1,TWISTNB,FAM159A,C8orf59,ACYP1,CCDC43,CLTC,MCU
1472,TLE2,PTDSS1,CWC22,UFSP2,LSM3,UQCC2,SSR2,NAA60-1
1473,ANAPC15,ITPK1,SUSD3,EIF4A2,RSRC2,PROSER1,IPO9,FAAH2
1474,ZFR,POLR3A,MCAT,FLNB,PSTPIP2,SH3BP1,AGPAT1,JHDM1D-AS1
1475,INF2,HAUS5,TMEM25,FOXN3,KCNAB2,RELB,HEXB,HIVEP1
1476,ZBTB7B,EDEM2,SLAIN2,POLR2H,TNIK,SPHK2,RAP1GAP2,CRYM
1477,SNAPC5,FKBP1C,RP11-16E12.2,CIR1,COL6A2,RGL4,TOX2,LINC01137
1478,RNF214,SH3BGRL,RAP2C,KIAA1430,VWA5A,OSM,GCC1,PIP4K2B
1479,WDR37,SDE2,ATF6B,ACYP1,FANCM,EIF4EBP2,HSDL2,TBC1D17
1480,PDHA1,DICER1,ANKRD40,FAM103A1,PNN,MIF4GD,FOXO1,ZNF485
1481,UBA52,ZNF205,NAT1,TUFM,ITGA4,RP11-22N19.2,SCYL1,CTD-2541M15.1
1482,DPYD,TRADD,RP11-385D13.3,ORMDL2,RHEB,TOP2B,IBTK,XRCC4
1483,RAB20,PHB2,EIF4E,SEC13,PSMG2,LRCH3,XKR8,SDCBP2
1484,ZXDA,CTSD,RFX7,HYLS1,CIC,PFN1,RWDD1,MROH6
1485,RP11-1398P2.1,MPP1,SLC38A7,RER1,WAC,ENO3,FEZ2,PGLYRP2
1486,SUDS3,SLC24A4,ATE1,ZNF266,TPI1,TOMM40L,LYRM7,ZFAND2A
1487,TAF3,TMEM43,MCPH1,PDE12,UQCC1,SDHAF1,WDR5,BMP2K
1488,DNAJB1,XRCC1,CHMP1A,BTBD1,SENP5,PLD1,RABL6,VPS9D1
1489,PIK3R5,MARCH5,RIPK1,FAM175B,ATG16L2,POLR2D,ORMDL1,RP4-781K5.2
1490,C6orf1,CALR,BDP1,CTD-3214H19.4,BRE,TLDC2,C10orf11,IGF1R
1491,IDE,CTBP1,WDR35,CTD-2562J15.6,RSBN1,ZNF19,QTRT1,ZNF182
1492,PDE4B,LYRM4,ZBED5-AS1,TAX1BP1,CRYZL1,VSIG8,ESYT2,GPR65
1493,ATXN2L,SOS2,SESTD1,ZNF362,MRS2,ELP6,PGD,CNTD1
1494,PAN3,GDE1,CCNG2,S1PR5,RP11-1143G9.4,CBX5,CMKLR1,KLF16
1495,TRIB2,EXTL3,TET3,MVD,RTCA,RP11-452L6.5,TRIM25,BCOR
1496,SLC52A2,AC000003.2,DOT1L,TES,GNAL,ASH2L,TAF15,TSPAN13
1497,KDM6A,FAM126B,NAA20,SEC24A,OSGIN2,SNAPC3,UQCR10,TMEM260
1498,SEL1L,PRRC2C,MFSD12,EFR3A,TYK2,ZNF324,HIST1H2BN,C16orf86
1499,USP22,CTSB,CDK2AP2,FAM175A,MTERFD2,TNIP2,FBXO42,MYO1G
1500,GTF2A2,CWF19L2,TSR3,FAM134A,ABHD6,HNRNPUL1,IDO1,ANKAR
1501,POLR2A,RBL2,NFKB1,G6PC3,ZNF436,SLC27A4,ATP6V0D1,TTLL12
1502,MTMR9,AIMP2,ZNF195,USP30-AS1,G3BP1,DCAF13,XRN2,GRINA
1503,C17orf67,MCUR1,PPP1R8,BROX,TRNAU1AP,GPCPD1,SLC30A1,MFN1
1504,SRRM1,SSU72,TGS1,WDR81,LUC7L,ZNF267,NDUFA6,CKAP5
1505,CD4,PLBD2,VWA9,ANXA4,SAE1,ABHD8,NRD1,MAN2A2
1506,PI4KB,DLAT,PCF11,ALOX5AP,EBNA1BP2,AURKB,FBXO8,MCTP1
1507,NMRK1,FAM160A2,NBPF10,RAD23A,RP11-326I11.3,SMC5,LRRC25,ZNF25
1508,BAZ2A,USP34,MAP2K3,IPO9,MRPL39,CDC34,BTBD10,FXYD1
1509,POLD3,ARHGAP15,HCG11,MXD1,CHD6,ASTE1,PRRC2C,RP11-468E2.5
1510,COG3,USP36,PITPNB,TPO,WRB,MZT1,GPR114,KAT6A
1511,PSMB4,POLR2F,SYF2,DPH2,PPWD1,TP53BP1,ATP5A1,RP5-882C2.2
1512,BCAT2,CCDC22,ADNP2,CAPN12,MTMR6,DMTN,ALG13,PRMT2
1513,LGALS8,RAD54L2,KIAA0753,LINC00987,MAST3,UBE2E2,IQSEC2,KDELR1
1514,TMEM50B,CEP63,AKAP9,CNOT10,IL4R,GNB1L,DDX41,SIK2
1515,LAPTM4A,LITAF,NBPF1,PAPD5,TAF15,RP11-598F7.3,FRMD4B,FRMD4B
1516,RNF44,CTD-2031P19.3,WIPI1,ZNF721,PDCD2L,SLC7A5,APOPT1,MUT
1517,HERC5,CDC42EP4,FAM107B,TMED5,RPA2,ECI2,PBRM1,BTRC
1518,HAUS8,LBH,SOS2,SNX30,FNBP4,PUS1,CLPX,TULP3
1519,CHI3L2,EIF2S3,MTOR,GTPBP6,RAB11A,SIRPB2,EMG1,TMEM107
1520,ZC3H7A,IFI16,ADM,SPTLC2,IL12RB1,ZEB2-AS1,HLA-DOA,BTBD11
1521,MAD2L1,WDR70,PAK1IP1,ENDOG,NFRKB,ZMPSTE24,OSBPL8,EHBP1
1522,TRIP12,CDC37,RHOT2,RPUSD3,C14orf119,IFNAR2,DPM1,RAPGEF2
1523,KIAA0430,RNF125,CCDC23,PSTK,CXXC1,SNX27,RPS19BP1,SMDT1
1524,C1GALT1C1,RNF13,TAF1B,ZNF677,PCNP,CCL4L1,LMAN1,UQCRC1
1525,LILRA2,DDIT3,RP11-1094M14.11,OSGEPL1,CTDNEP1,PRDM4,SLC27A3,RHOQ
1526,TTPAL,RCE1,SH2D3A,TERF2IP,AP2A1,ZNF253,CAPN7,IFT74
1527,SMCHD1,DHRS7B,SPG21,KCMF1,AKAP13,CERS6,DDX10,C20orf194
1528,CAMKMT,LARS,MRPS7,TSPAN13,EPRS,TMA16,PI4KB,C5orf30
1529,CDC123,C4orf32,FXR2,CUL1,SYAP1,PCNP,KIAA1715,YIPF2
1530,GNAI2,H6PD,VPS37C,MPZL1,RP11-489E7.4,C19orf33,SNX19,VIPAS39
1531,VPS13D,ZZEF1,MEX3C,TARBP1,DIEXF,PEX10,CD40,PIK3CB
1532,SF3A2,KATNB1,JHDM1D-AS1,MTPAP,AK1,PPP3CB,SAMHD1,KANSL3
1533,CCR10,CORO1A,CSNK2B,ZBTB17,CLASP2,POLRMT,CLPP,DOCK5
1534,KLF7,IER3,TMF1,GSK3A,CTD-2210P24.4,VPS37C,KIF3B,MIR22HG
1535,C1orf131,RP11-386G11.5,CCDC142,DMXL2,STX12,PLP2,SETD3,RASGRP3
1536,TMEM127,CDK11B,COMMD9,GOLGA4,WDR4,AL354822.1,PAPD5,TTC9
1537,STUB1,GSTT1,LATS1,THOC5,CYP2R1,CLPTM1,FYN,MON2
1538,ZNF574,ERP29,AC195454.1,CKS2,ZNF567,COPG1,FECH,PCGF3
1539,FAM117A,C20orf24,AFF3,PCF11,TRAPPC13,PHF6,SLC7A6OS,GSTM4
1540,RBBP4,CHORDC1,APOLD1,RASGRP1,IGBP1,MUTYH,GPBP1L1,SNTB1
1541,TNK2,RASGRF2,REV1,PHPT1,PLCB3,UTRN,DNAJC9,ZNF668
1542,TARBP2,GRB2,MINK1,GSAP,HENMT1,SLIRP,PHPT1,NECAB3
1543,TGFBR3,HMG20B,P2RX5-TAX1BP3,RBMXL1,CCDC146,PRPSAP1,FAF2,FN3KRP
1544,MCEE,TRMT2A,POLR2I,TOR2A,MCEE,DKC1,PGM2L1,DUSP7
1545,PRPF6,TMUB1,KBTBD11,FUT8,OGFOD2,LRP10,PLCG2,ABCC1
1546,MRPL22,CCDC69,MAP3K13,ZFAS1,AP2M1,KLRG1,LSM6,TPRG1L
1547,CNOT7,SLC25A20,MRPS2,RP11-356I2.4,C4orf47,UBE2Q1,ZCCHC10,ANKIB1
1548,ST13,PTPN4,NFAM1,TRIM24,C17orf59,GPBP1L1,UBA2,TNFAIP8L1
1549,LTV1,PPP3CB,PCNXL4,VPS4A,TRIM32,STK40,MTERFD2,POC5
1550,DCUN1D5,KNSTRN,MT2A,CHMP1A,ARMCX4,PIDD,KLC1,RABL2A
1551,UBE2V1,TUBA1C,DBNL,PPP1R2,SPATA13,POP7,PTRHD1,PATL1
1552,TRA2A,TMEM205,TACC3,RFC4,SIAH2,LYPD2,PRR14,AC093673.5
1553,IL6ST,CYB5R4,ZNF667-AS1,NDRG3,OSGEP,UNG,ZNF22,LXN
1554,NELFE,SSRP1,ZNF721,ATXN7,STX11,MAPRE2,MRPS25,SIRT1
1555,TPRA1,FAM172A,YIPF2,AP3D1,GUF1,SLC16A5,ATP2B4,PFKFB3
1556,RBM26,EIF2B4,C8orf59,XAB2,ARHGAP30,GAA,ZNF692,HIGD2A
1557,ATF7IP2,SUPT16H,RIC8A,DBP,HMGN3,USP48,CNOT10,EML3
1558,FBXO31,TAF15,NXT2,CCHCR1,FIGNL1,SUDS3,HSPB11,FADS3
1559,TRIM52-AS1,AC093323.3,MAGT1,C6orf136,NTAN1,NUDT6,RTCB,AXIN1
1560,MIAT,RBM17,TMEM106B,NCOA2,TAF1,CTD-2186M15.3,ZNRD1,CUL2
1561,COASY,SYS1,CPM,PRMT3,STARD9,OGFRL1,PLEKHA3,GRK5
1562,ASH1L,DNAAF2,CRTAP,PAG1,PSMA4,SERINC3,BASP1,KIF3B
1563,RPA1,MRPL27,SERTAD2,ACAD8,METTL17,TYSND1,GBA2,ARID3B
1564,WDR44,PARN,VHL,KLHDC3,PYGB,GCH1,PRDX1,ZNF615
1565,CLN5,TYK2,JDP2,RTN4IP1,NUDT2,C11orf57,NLE1,TVP23B
1566,TMEM185A,FOXJ2,NLRC5,RGS3,ATF1,HAT1,DIS3L2,CD36
1567,REC8,SERPINB9,GTF3A,CHMP7,C3AR1,RBM38,AP001469.9,ADAT1
1568,RBL2,PAQR7,HSF1,TGOLN2,IBTK,LINC00685,CA13,FAM76B
1569,UBE3C,LDOC1L,ZNF599,IPO7,RP11-23P13.6,PDCL3,GCSAM,SIGLEC14
1570,WDR82,SETD5-AS1,E2F5,KIAA1191,PDE4A,SLC12A9,DIS3L,FBXL4
1571,AKAP10,MGST1,HMOX2,PGM3,TRIM41,CERS5,TM9SF2,PTPN12
1572,FAM227B,FHOD1,FIBP,NLK,PARP8,OGFOD3,HELQ,ZNF446
1573,TRIP11,POLR1A,MICB,DPP3,DHX29,MAST3,JMJD4,RP11-65J3.1
1574,HSPA1A,RPL39,KCNMB1,ZNF160,REC8,KIAA1033,CHN2,JUP
1575,TMEM167A,RFC4,MTERFD2,IL12A,CHST11,AP001055.6,LSM7,C16orf58
1576,PPME1,STT3A,ZYG11B,DDX21,CTD-2267D19.2,PBDC1,ZBTB11,NCOA3
1577,IVD,CHD6,DERL2,RP4-612B15.3,GTPBP8,PGLYRP2,PHIP,CD99L2
1578,RPL39L,FAM192A,KRBOX4,C21orf2,OAS2,MGST2,SLC43A2,ST7
1579,RANBP1,PREX1,BCL2A1,C20orf96,PAK1IP1,NDUFS3,SRA1,WDR81
1580,IRF2BPL,CTC-378H22.1,MTMR14,TFCP2,RBM18,MRPL44,PRKAA1,ZNF821
1581,RRP9,SIDT2,MLLT6,TPRG1L,TBC1D7,TM9SF3,POLDIP2,ARRDC3
1582,RP4-583P15.10,TXNDC16,ZNF580,SEC23IP,FBXO33,CEP152,MVD,RP11-356I2.4
1583,RP11-383C5.4,VPS33A,HIPK2,TRIM14,ERCC6L2,PPP1R16B,XPA,HDAC6
1584,MUM1,NUB1,PLA2G12A,IVNS1ABP,EIF3K,JARID2,FAM175A,CTD-2267D19.2
1585,TSPYL4,UBQLN4,SSR3,RNF125,NFKB2,MRPS35,C1QBP,SNX2
1586,LINC00426,OTUB1,NIPAL3,SMKR1,MYADM,TM2D1,TUBGCP2,YIPF3
1587,DYNC1LI2,PLGRKT,ZNF33B,NTMT1,FEM1B,SLC25A37,CAPN10,BLZF1
1588,TRAF1,ZNF350,ALDH16A1,PIK3R1,SP100,PPIL3,CMTM3,SP2
1589,MRPL47,GPR155,ATAT1,PON2,BEX5,CD180,LCLAT1,ZNF431
1590,STAT4,RPS6KB1,UBL7,LINC01004,TOX4,INTS9,IL23A,KIAA0368
1591,CUL2,FANCM,ROMO1,STK40,PLRG1,RBM15B,SCGB3A1,PHF10
1592,KAT5,RAB33B,CLN5,CCDC163P,HBQ1,ATP6V1E1,SDCBP,PLXDC2
1593,RARG,MTDH,TMED4,CCDC134,CLPTM1,ILF3,RMND5A,SLC39A10
1594,STAT5B,ARPC4,LLGL1,VMAC,CNOT2,PRPF8,TMEM141,POLB
1595,LIN7B,METTL10,STIM2,TNFRSF10B,SH3BP5,DDX21,TMEM39B,PRR11
1596,C11orf80,AURKAIP1,R3HDM2,ZNF846,LEO1,STX3,ZNF688,POLR3K
1597,RP11-867G23.8,DHRS3,MRPL32,OAS3,SGTA,ITCH,MKL1,RSU1
1598,FUNDC2,ABHD14B,NIT2,SUMF1,CXorf40B,KLC1,NXPE3,TLR1
1599,IFI35,CERS2,ARV1,MAT2A,PFDN1,PSME1,WDR41,TMEM87B
1600,LINC00863,TAF1D,TMEM87B,CREB3,TCEA3,STRN,SLC39A4,SEC22A
1601,ITPR1,TNFAIP3,SFI1,CHD6,CSTF2T,TP53I11,ZNF430,AK5
1602,RXRA,STK11,POLR2M,LAMP3,WDR48,TOM1,USP3,SLC24A4
1603,IL2RA,TERF1,SUGP2,RPF1,CCZ1B,NRBF2,PAFAH1B3,TOR1B
1604,ZMYM2,HEXIM1,VAV3,IFITM1,TRIM39,MRFAP1,FAM173A,UBE2Q2
1605,SLC2A4RG,RP11-52J3.3,C14orf119,IER3,SERPINB6,RP11-664D1.1,BAZ1A,MNDA
1606,CLASRP,PSMC3,PCBP4,CCNB1IP1,FAM114A2,PRKCDBP,PRKACA,FADS1
1607,VPS16,SLC38A2,NUS1,RUVBL1,POLD2,KDM5A,SERP1,TIPARP-AS1
1608,EML2,RP11-131L23.1,LGALS9,SLAMF7,MROH6,CMPK2,METTL10,PIK3C2A
1609,ZNF592,SNUPN,MTHFR,YAF2,PLCXD1,TMEM128,NIPSNAP3A,BRCC3
1610,MTX1,TMPO,SEMA7A,GNPDA1,ARHGAP5,PSTPIP2,BHLHE40,ANKRD26
1611,RPS27L,LAMTOR3,SLC25A25,VPS52,SLC6A6,HDAC3,POM121,AP3S2
1612,COPS7A,YTHDF3-AS1,XYLT1,DROSHA,B4GALT4,ALKBH4,SNUPN,ARIH1
1613,EML3,MRPS5,CHSY1,ALDOC,MAGED2,SMEK2,CTC-479C5.12,ADORA2A
1614,TTLL5,OXR1,FANCF,PTMS,B3GNT2,PABPN1,AFF1,CNPY4
1615,ZNF528,PABPC4,TMUB2,CCL28,MRPL40,LOH12CR1,DDA1,PTRHD1
1616,UTP18,MED16,LMO4,SHFM1,GATAD1,ULK2,MKKS,INTS6
1617,VPS13C,TGIF1,METTL10,PCGF6,UROS,DHRS7,IMMP1L,SCN1B
1618,CBR3,A1BG-AS1,UCKL1,NFYC,FAM217B,RHNO1,TPCN1,KDM5D
1619,FLYWCH1,SESN3,COQ2,CTA-384D8.35,MPST,RP3-402G11.26,AKT1S1,BOD1L1
1620,RMND1,ELOVL5,DUS3L,SLC25A13,SPTSSB,SERINC1,PXMP2,RNF24
1621,AC027763.2,SDHB,ACP1,ERI3,SMIM7,SLC22A4,LPP,HS1BP3
1622,FAM200A,PFDN1,ZNF492,NDUFA9,REEP6,BASP1,ZNF428,C4orf33
1623,RNF11,AARS2,AKAP10,ZFP64,HDAC5,ZCCHC8,C12orf43,TPRA1
1624,UPP1,RBM7,C15orf40,UBA3,SMS,TTC39C,PTP4A2,FCGR1B
1625,ODC1,ZNF514,ATP6V1E2,ARHGAP4,NUP160,P2RX4,P2RX1,TMEM127
1626,RMDN2,ATE1,MX1,CNOT3,INADL,HSP90AB1,SOCS1,WDR20
1627,TYW1,FAM213B,KLF8,RP11-690G19.3,NR1D1,SFXN4,EIF3G,CTA-445C9.15
1628,ETFDH,HYAL2,DNAJC3,PANK4,TLE4,CEBPZ,PPP6R2,RASGEF1B
1629,CMTR1,FCGRT,PHF3,DHX35,LEMD2,HGS,ATP6V1A,GAPVD1
1630,ZFYVE28,MAGED2,PCMTD2,HSD17B7,TBCC,ABHD11,ASCL2,NEURL1
1631,GAPVD1,RAB13,ELOVL4,ZNF277,DUSP28,DPY30,SMPD1,C14orf28
1632,SPEN,RELT,CTNNB1,RP11-139H15.1,RP11-166P13.3,DDX52,KLF3,IL15
1633,LSM2,MTMR14,SMEK2,ADPRM,TCEAL1,MVB12A,SLC37A1,JAK1
1634,SEMA4D,VPS36,MAP3K11,HMG20B,CHD9,PDE12,KRI1,TEX261
1635,TRAF3IP2,KCTD15,QSOX2,ETS2,UBR7,POLR1B,FEM1B,SLC9A1
1636,RPS21,NAA10,EGLN2,RICTOR,NCAPH2,TMEM214,ITSN2,FBXO32
1637,SAMD9,MXD3,CTD-3184A7.4,HMGCL,TNFRSF1A,PPP1R35,RELA,CIC
1638,SLC9A8,SULF2,SPRTN,TRAK1,CMTR2,APBB3,CYLD,FAF2
1639,REEP4,CDK19,ZNF766,FAM105A,NOL12,M6PR,MILR1,AFG3L2
1640,ASXL2,SLC50A1,COPRS,GPAA1,ZMAT1,SELPLG,B4GALT7,EEF1D
1641,SGSH,MGEA5,OSCAR,MAP2K5,MIDN,AGFG1,PAFAH1B2,C9orf37
1642,C11orf83,APOO,RP5-1028K7.2,LAGE3,ATP6V1D,ZNF146,C6orf211,ZNF267
1643,DNAJC2,RRAGB,GAK,ARGLU1,TMLHE,GPANK1,PABPN1,RFX1
1644,CCNT2,LMNB2,FOXK2,TBK1,DNTTIP2,SMARCE1,TMEM206,JAM3
1645,COLGALT1,EAF1,SNAPC1,DEK,FIP1L1,DLG1,NKAP,MMRN1
1646,XKR8,CREB3L2,KRR1,MBNL1-AS1,WDR55,CDC25B,SLC25A45,REPS1
1647,UBQLN1,CSNK1A1,DNAJC13,CSNK1G1,PPCS,ENTPD3-AS1,SFT2D1,AASDH
1648,AKIP1,SPRYD4,HSD17B11,RHEBL1,RP11-119F19.2,CRTC1,ARID5A,GNPDA1
1649,THOC3,MED28,DBN1,THOC2,C17orf49,ATR,MPG,NPC1
1650,TAF9B,TMEM176A,LETM1,BIVM,GUSB,P2RX1,ENDOV,HYAL2
1651,WNT7A,SLC35A2,INSIG2,QTRT1,OAZ2,TXLNA,SMC3,MCF2L
1652,PIM3,PIGK,AC009403.2,RP11-513M16.8,RARS,TMEM115,CAPRIN1,HDAC10
1653,ZNF770,PCYT1A,NSMCE1,GALNT11,FAM117A,RP11-400F19.6,ACOX2,WEE1
1654,FAM53C,THOC1,MAPK9,RP11-727F15.12,ATG12,CBX6,TIPARP,MAU2
1655,POU2F1,ARPP19,AC006129.4,ISYNA1,MRPL42,SLC3A2,HIGD1A,RHOB
1656,CERS2,ACOX1,XPNPEP1,HDGFRP2,NARS2,RAB11A,CLSTN1,PSRC1
1657,FAM179B,CPNE1,SEL1L3,CCT7,SMYD2,EPRS,SNRNP40,MDM1
1658,NUP205,MARS,SLC4A7,ZNF275,ITGAM,PIGN,ABCB8,DCAF12
1659,ARL4A,SBNO1,IMPAD1,ATP6V1G1,NLRP1,NMT1,NRIP1,MYO9A
1660,CD6,LRCH4,ZBTB4,EIF5,ZNF319,PTX3,KPNB1,UBE2D2
1661,SDR39U1,IGSF8,RANBP3,CCDC25,CPSF4,RP11-156E8.1,C14orf64,RP11-378A13.2
1662,TRANK1,ITGAM,BACH1,ANKRD13A,AC113189.5,IGFLR1,AC005523.2,TTYH3
1663,TMEM184B,WIPF1,PELI1,MRPL4,GDF11,FBXO38,RNASE1,COMMD7
1664,C4orf46,AGPAT3,DLGAP1-AS1,DHRSX,PSMD4,WDR92,EID1,AGFG1
1665,USF2,FAM3B,GPSM3,ABHD17A,SH3BP2,BCKDHA,NDUFA5,CYBB
1666,CISD3,ZNF335,SNF8,TCEAL1,KHSRP,GABPA,GARS,LRIF1
1667,C14orf64,FTSJ2,NCOA5,PABPC1L,LAMP2,CERK,PLXNB2,UIMC1
1668,TLR4,NPEPL1,RBBP4,ICA1L,FAM120B,NUP85,AGPAT6,MAN2B2
1669,CTA-217C2.1,MRPL46,SNAPC5,ATP2C1,KLF3,HMHA1,GAS7,ZNF628
1670,ZNF331,NARS,TRMT112,CDT1,FAM46A,ARFIP1,SLC29A1,BACH1
1671,C15orf40,RNASE6,PPIE,CPSF2,SLC4A10,FAM65A,HSBP1L1,RP11-647K16.1
1672,OASL,IQCB1,GFM1,DHX36,TAF7,DHX37,CARS,AC093818.1
1673,ZNF831,FAM127A,TFB2M,RNASEK,CHPF2,CRTC2,MEX3C,WDR11
1674,VPS36,C22orf39,KLF13,PIP4K2B,UBXN7,ZNF385A,SSU72,AMIGO2
1675,UBR4,CTDSPL2,MED12,LRBA,SH2D1A,YME1L1,RRP1B,HSBP1L1
1676,CDCA4,KMT2E-AS1,SPINT1,TMEM182,VPS33B,STXBP3,SLC2A6,ATF2
1677,MTRR,LINC00937,LIMD1,GEMIN8,VPS25,AKAP7,ABHD12,UPRT
1678,RFPL2,TBL1XR1,TBC1D12,PHAX,CCT6A,EMB,CDKL3,PTCH1
1679,DNAJA3,NPM3,MRPL36,ZNF548,ZC3H15,THAP1,ACO2,AGBL5
1680,SESN2,IFI44,C8orf44,UBAC1,DYNLT3,GTPBP3,SLC5A6,ZBED5-AS1
1681,CLSTN3,COQ6,WAC,DDX27,TRIM26,RBP7,TMEM204,DPY19L1
1682,DUSP10,NAT10,SYTL1,GMDS-AS1,APITD1,ARV1,BRAT1,KIAA0195
1683,INO80C,SLC30A1,FASLG,NOP16,NCKAP1L,SDHA,TMEM170A,C16orf62
1684,CYTH2,KCNA3,ING4,PNP,CHRNB1,RDH13,RNF24,C9orf3
1685,WDR45B,WDR77,MAP3K4,TMED2,RPF1,KDM5B,FAM129C,C19orf55
1686,TMX3,USP19,OTUD1,ATPAF2,TECR,HMGN1,SLC41A3,ARMC7
1687,ZNF586,EXOC7,C7orf26,RP11-412D9.4,CARD8,MCM5,ZNF259,USP21
1688,C12orf42,PML,VCPKMT,TRIB3,CTD-2037K23.2,FAM96A,WWP2,PLCG2
1689,CDC27,DCAF11,XPO5,TP53I13,FCF1,RBM48,DMXL1,POLL
1690,RP11-138A9.1,C14orf80,CLEC7A,TMEM9,SNRNP48,SF3B3,RBM15,SPG21
1691,PTGER2,PPP1CB,WARS2,SERINC3,PPM1B,RAN,FCHSD2,PPP1R15A
1692,RMND5B,RP11-190C22.9,PPP2R5A,FMR1,BRIX1,SLC30A7,GMIP,LPCAT4
1693,FPR1,DRAM2,EPHB6,ZNF622,PAPSS1,OXSR1,RUFY3,TTC9C
1694,ARCN1,CTC-378H22.2,LSM3,TBCE,TOR1AIP2,TIFAB,TMEM259,NR4A1
1695,GSPT1,MRPL37,OGG1,ENO2,IVD,PITPNB,MIF4GD,MBIP
1696,TP53INP1,MIR4435-1HG,NECAB3,SSR3,CAPN15,NT5C2,FUS,LPP
1697,IFT57,SYNJ2BP,ZNF844,ZNF587,DDX1,ETV7,MAZ,E2F3
1698,RP11-427H3.3,USP24,TNFSF12,SDCBP2-AS1,LGALS9C,UBR5,RBM23,HK3
1699,FOXP1,HBP1,FPR1,NMD3,NCBP2,RILP,CSNK2A2,RAP2C
1700,ZNF573,SSBP2,RP11-164H13.1,PPID,THUMPD1,ZNF254,ANKRD39,PSAP
1701,MGAT4A,SLFN12,FAM24B,SNRNP70,RAB6A,MAP4,JOSD1,PPP1R3E
1702,RP11-169K16.9,RPS6KC1,XIAP,COLQ,RBM17,ASCC2,ZNF426,CDK11B
1703,PTCD3,TMSB4Y,PIK3AP1,RERE,ACAT2,TRIM66,IKBIP,CDR2
1704,KEAP1,ITPA,KCTD7,ANKRD26,SKAP2,TRIM27,CDADC1,STAM
1705,DNAJC4,HS6ST1,BCS1L,MAPK3,SNAI3,RP11-351D16.3,TMEM8A,PNPT1
1706,DNAJC5,ISY1,ERGIC2,KIAA0319L,ASCC3,MED25,SCAF11,C2orf68
1707,PACSIN2,ATP6AP1,IL2RA,ST6GALNAC4,EI24,UBE2I,LPXN,LIAS
1708,POLM,PGGT1B,NPEPL1,MEPCE,CTC-524C5.2,TYW1,CROCCP2,DYRK1B
1709,KIAA0100,SUPV3L1,UBA7,KIAA2018,PTGER4,METTL6,KDELR1,MEF2D
1710,H2AFY,LARP1B,RPS6KA5,RP11-111M22.3,ARFGAP2,RILPL2,KAT6A,HAUS7
1711,POLDIP3,N6AMT2,UBE2N,C9orf69,CBFA2T2,PPM1N,SURF1,CASC4
1712,FEM1B,IPO11,MTHFD1,NDUFAF5,PHIP,NAT1,ARHGAP9,USP47
1713,RALA,PRAF2,AC084018.1,TMEM62,BLZF1,KLHDC3,TP53BP1,RAB31
1714,RDH5,KCTD5,UGCG,URB2,SMIM19,GIPC1,MNDA,CCNY
1715,RAB37,CAPRIN1,NEU1,RNF168,MRPL16,CAPN7,C19orf66,ASXL2
1716,SH3D19,NUP98,HLA-DQB2,RAB3GAP2,PELI1,C8orf31,EBNA1BP2,C2CD5
1717,NAPEPLD,KCNE3,VRK3,EMB,TSGA10,SLC37A1,RNF115,TM6SF1
1718,KCTD6,OLFM1,USP30-AS1,STMN3,DMXL1,CD36,RP11-1070N10.3,IL17RA
1719,TIGD1,SNORD3B-2,EDEM2,C12orf44,TRAPPC2L,SPHK1,PAK1,USP38
1720,LIAS,NDUFA9,ZNF354A,ANKRD16,RP11-445H22.3,CTSD,AKR1A1,GNAI3
1721,TGS1,KIAA0141,SLC35E2B,RAB8B,ZFAND4,AP2M1,TUBA1B,ZC3H7A
1722,ACTR10,CCAR1,AP4B1,PYROXD2,HIF1A,MAPK3,POT1,FUBP3
1723,UQCRFS1,FAM174A,PPP2CA,C1orf51,SPATA2L,CCNT2,CHCHD3,MAN1A1
1724,JAZF1,FCRL1,ACTR8,NINJ1,MXD1,SIK1,SRGAP3,SNX11
1725,C1RL-AS1,WDTC1,PPP2R2A,ATP13A2,HYLS1,CD40,COPZ1,KNOP1
1726,MFNG,CCDC157,XPO7,ALMS1,MAPKBP1,SURF4,CMPK2,SAP18
1727,BCL2A1,CECR5,KDM6B,HSF2,GOLPH3,CD244,BBC3,IP6K1
1728,ZNF599,NELFE,PDE7A,HCG18,RP11-65I12.1,RFX5,DENND4B,INSIG2
1729,SLC35A2,PLEKHM1,FBXW11,YTHDF3,CTD-2035E11.3,PGM2,STMN1,LIPT2
1730,XIAP,ZNF224,H2AFX,DIDO1,ARFRP1,SREBF2,STYX,COQ2
1731,MT-ND6,RMDN1,FPGT,RNF213,CNDP2,GSK3A,RECQL5,DBP
1732,ACVR1,MICU1,EARS2,DDX49,MAPK8IP3,SLC35A4,NUP43,CD226
1733,DPP7,LINC00969,DDX42,FCHSD1,CTC-378H22.1,MEGF9,ORAI3,CAPZA1
1734,MYD88,SCLT1,LCOR,PIAS1,MPHOSPH9,RP11-468E2.4,TTC7A,TMEM68
1735,CEBPZ-AS1,CCDC28A,NECAP1,BPNT1,ZFYVE16,ARFIP2,RAB31,DDX42
1736,DNTTIP1,ZNF791,SLC44A2,HECTD4,AZI2,PIGF,ATP6AP1,TRIP11
1737,SLC4A7,C1orf85,GSPT1,C4orf48,TMEM214,QDPR,SNCA,AGTPBP1
1738,RNPEP,INPP5B,GLB1,ZNF195,ROMO1,CAPRIN2,AKIRIN2,PEF1
1739,AKAP7,SEPT8,CNIH3,SYNE2,MCM3AP,DTX3L,EGLN2,FAM195B
1740,PRKX,DSN1,CMTR1,TSPAN2,PITPNB,PARS2,FCGR1A,FBRS
1741,THAP1,ENOPH1,ATXN7L3B,PER1,CHMP7,DNAJC5,HCG18,PI16
1742,RPUSD2,MED17,SLC39A9,NPRL3,ENPP5,FRAT2,PPP6C,L1TD1
1743,MAGOH,ATG2B,FNTA,BAZ1A,TMEM175,TRAPPC12,PRKAG1,PLXNB2
1744,RAP2B,RCBTB2,KCTD12,AC092295.7,TMEM57,RP11-545E17.3,SLC35C2,ATP2B1
1745,MAML1,RAB14,TROVE2,ITCH,GNB1L,NOL8,UBE2I,ACOT8
1746,RAF1,TRMT6,MMAB,IL18R1,KLF4,TRMT1,AGPAT2,AMFR
1747,MCM3AP,ERAP2,DDX43,LRR1,CWC27,FNDC3A,SNX9,TGFBI
1748,FAM213B,CCNL1,AC009133.14,DNHD1,ANAPC5,LEO1,SAMD8,DCLRE1A
1749,HELZ2,SNAP47,CENPH,ANKS3,IPO11,CTU2,OGFR,DNAJB14
1750,PHF23,SFMBT2,CAPZA1,PAK4,STK39,PDCD4,RP11-611E13.2,NCOA1
1751,WAPAL,APEH,HSPA9,CEP41,RNF125,MGAT5,MDN1,MRPS21
1752,PDLIM7,ZNF276,BCKDHB,PRCC,ANKRD12,GPR162,LIAS,UBXN6
1753,CKMT2-AS1,SNHG7,CYB561A3,MARCH9,URI1,SYNRG,ETV6,UBE2E2
1754,CAMK4,NUDT9,SF3B3,NFE2L1,TSC22D2,RUSC1,PLS3,PDE3B
1755,DDX59,EML2,PIGL,CYB5R1,NFIC,CLEC4G,MEA1,GPR137B
1756,ZNF274,AHCTF1,SOX7,MRPS15,ATG9A,BAK1,HUS1,A1BG
1757,ZNF600,NR2C2AP,COPB1,ZNF576,PPP4R1,UPK3A,DNM2,ANKRD49
1758,NUDT22,TBC1D12,MGRN1,VDAC3,BLOC1S6,C1orf35,AC079305.10,HADH
1759,AC093627.10,DCAF17,YIPF5,SMURF2,GTF2H5,TMEM259,PEA15,HCAR2
1760,KLHL36,TEN1,PLGRKT,SNX10,ATOX1,SMAP1,NUDT16,SFSWAP
1761,SIL1,FAM63B,ABI1,AUP1,FEZ2,RNPEP,ZC3H8,ZNF703
1762,PEMT,C10orf88,TRPM7,EIF4A3,AC091729.9,HNRNPLL,STX16,NBAS
1763,MYL12B,ZNF160,GANC,FKBP15,NR1D2,NFKBIZ,FAS,TMEM189
1764,CSNK1A1,TM9SF4,COPB2,ZNF689,CHMP1A,CXCL16,C8orf82,PTRH1
1765,B3GNT1,CMC1,ZBTB7B,LINC00662,GPATCH8,TRUB1,BPTF,KLHL22
1766,NPAT,KRI1,PPP1CB,RSPRY1,GATAD2B,RHOT1,RALY,LCOR
1767,RP3-395M20.12,PDK2,ZNF568,EDEM1,XRRA1,CIPC,CCAR1,SERINC3
1768,CBX4,ERGIC1,FAM126B,MTHFR,SIRT2,FN3KRP,CBX1,QRICH1
1769,FUBP3,WDR81,LIN54,CRIPT,FES,DLG4,PIK3CD,MEIS1
1770,TMEM254,ATP5F1,CSGALNACT2,RIPK1,RNF146,CALML4,SLAMF7,SMEK2
1771,C10orf128,ZFP36L1,DOK3,THUMPD3,CEP104,ATXN7L3,PDCD11,VDAC1
1772,GALNT2,ELMO1,RNF19A,ZNF202,GMEB1,TUBB4B,CRLF3,SCIMP
1773,IL27RA,AHR,ATG4A,GPR155,ZNF443,CBLL1,CPSF3L,MSRB3
1774,ZFP14,ACAP2,LRBA,ZBTB14,DNAJC14,CCR5,MCM6,MAGEF1
1775,EIF4EBP2,FAAH,TMEM170A,TANGO2,TMEM69,DAGLB,ACOT7,SH3GL1
1776,SUPT6H,CYB5D2,METTL18,NPHP3,RP3-325F22.5,URM1,NFE2L2,BAP1
1777,FAS,RP11-20B24.5,PANK2,SIRT6,C12orf23,MTRF1,VIM-AS1,GPANK1
1778,NRAS,ZSCAN5A,ADAMTSL4,PPP1R15B,PRKRA,MTDH,NOC4L,CDC45
1779,DAGLB,HOOK3,ERP29,MALSU1,CGGBP1,YIPF3,FAM98C,AC004069.2
1780,OSM,SPNS1,FBXO3,SUGT1,RENBP,NBEAL2,PON2,NUDT11
1781,PYURF,RP11-884K10.7,POLM,ATP2B1,ZNF439,CD300LF,WAS,HADHB
1782,RBM4B,ZNF33A,FAM115C,PSPC1,MECP2,TRAFD1,BMS1,HIST1H2AM
1783,FAIM,DNAJC4,HTR3A,GABPB2,COX5A,ARHGAP10,TCF4,POU2F1
1784,UBE3B,CXorf65,VPS41,RP11-473M20.9,EIF4E2,NDST1,PRR24,AHCYL1
1785,NASP,SEC14L1,UBE4B,CARD16,TMEM71,LPCAT3,MYO1G,CDK16
1786,TBC1D5,PLK1,GATM,CASP3,ADPRHL2,RNF6,OAS1,SLC9A9
1787,WDR5B,SLC2A13,TMEM134,RAC2,NPEPPS,VPS13B,RPN1,MGST3
1788,B9D1,SLC41A2,MUS81,C5orf45,ZNF593,RNF207,ALOX5,NPAT
1789,GBP3,SEPT2,MCOLN2,PGBD3,MTHFD2L,ZNF512B,FAM105A,MAP1A
1790,EPHB6,RP11-804H8.6,CTC-209H22.3,PLAGL1,TBCA,AQP10,DHX29,PDGFC
1791,UGP2,TFDP1,STX12,FAM58A,CRIP2,FXR1,SH3RF1,THUMPD1
1792,TSPYL1,C1orf27,C21orf33,FAM204A,RRAGC,MPRIP,YPEL5,ARID4B
1793,SEC24B,HEG1,NSUN5,NMT1,BTG2,PADI4,SMIM11,METTL7A
1794,FDX1L,CCNH,ADSL,GCLM,MRTO4,ZNF326,GPBP1,ACCS
1795,NDUFS4,BNIP3,PIGA,MPG,SMAD5,MARS2,GOLGA4,DNAJB2
1796,UQCC2,SRPK2,MAP3K12,ZCCHC4,HYOU1,ECHDC3,TBCB,C19orf38
1797,TIMM23,RP11-347P5.1,TEX30,ZNF287,CD2AP,TNPO1,CLN8,ACOT13
1798,SNRNP27,CUL4A,GPBP1,VEZF1,REV3L,CCAR1,RPN2,ITGAM
1799,BOLA1,UCHL3,TMEM42,CLPTM1,DNAJB2,RP11-362F19.1,RP11-473M20.9,AC145212.1
1800,STX12,HAUS2,CNR2,EID2B,B3GALTL,PPP1R13L,USP10,DGUOK
1801,TSPAN14,RNF216,PEX2,GP1BA,TRIM52,TRAK1,TMEM129,CTSC
1802,RBMS1,CYTH2,MYCBP,CBX7,TIMM22,RAB3GAP1,HS3ST3B1,RNF34
1803,SLC25A6,VEZF1,ATG9B,GRN,CEP44,CTC-425F1.4,CDKN2AIPNL,NDUFA9
1804,RPA3-AS1,NPAT,ADRB2,MED31,CDK10,ATXN7L3B,E4F1,APH1B
1805,OMA1,ATP6V0E2,HNRNPU-AS1,MGA,SRP14-AS1,HCFC1R1,TIA1,BSCL2
1806,NLRC5,TPCN1,PEX16,FAM214B,C16orf87,RETN,SNRNP25,ACO1
1807,TSR2,TIMM22,ZFAND2A,CARS2,NME1-NME2,AC074117.10,ZBTB45,TBC1D25
1808,ENTPD5,TESC,ZC4H2,ARMC7,AGTPBP1,AC002116.7,MPI,DHX30
1809,NOL11,GPRIN3,BAZ2A,NCAPD2,ALKBH8,MCFD2,TAOK3,LUC7L
1810,AP2A1,ILK,PLEKHO1,SF3A1,DGCR14,U2AF2,SLC30A6,MRPS7
1811,MOB4,KMO,GPRIN3,IFNGR1,MZT1,RP3-329E20.2,ZDHHC4,ZHX1-C8ORF76
1812,MDS2,CIITA,BEX2,PPP1CA,ZMAT4,SPATA33,MAP1LC3B2,MINK1
1813,SPATA5L1,SPATC1L,HIST2H2BE,TAOK1,PSMG4,TNFRSF10B,PDCD6IP,RP11-538P18.2
1814,MRPL46,IREB2,SETD2,NFYC-AS1,GTSF1,LAMP2,SLC43A3,TSPAN2
1815,RP11-452F19.3,IPO5,FBXO38,BCL2L11,NEU1,SMCR5,TAF12,PLAGL2
1816,SPATA2L,GMDS,LRRC41,FAM102A,CAPG,MICU1,RAB21,TRAF2
1817,DPP8,TRIM56,AC147651.4,SH3BP5-AS1,YBEY,RBM27,BET1L,MOCS2
1818,AC093642.3,CPQ,SOCS5,CYHR1,RPN1,ZXDC,CTDNEP1,AOAH
1819,RTP4,DUSP28,SNRK,RIT1,FAM185A,SNRNP40,MAGEF1,FAR1
1820,PGAP3,NDUFAF3,OARD1,ECT2,ABHD17A,AP3S2,PNKP,NELL2
1821,SRP68,LTB4R,SAAL1,ZNF354A,FXR1,MEN1,TPK1,SORT1
1822,TRRAP,THBD,SMARCC1,MOB3A,DCAF17,CRYBG3,C18orf8,B4GALT1
1823,AC093818.1,TMEM121,RP11-166P13.3,RRM2,EMC7,KDELC2,PRR12,RAB30
1824,EEPD1,TMCO4,MTMR12,PHF10,FAM111A,UBE2K,UCKL1,OGFOD2
1825,SPIDR,SPATA2,DPH7,AAGAB,DIABLO,PSMG4,DUSP2,RP11-773D16.1
1826,C20orf24,ZNF814,MRPL44,PIK3CD,DENND1C,ATG16L2,RABGAP1L,CTB-55O6.12
1827,METAP1,RNPEPL1,ZNF852,COX6B1,STX7,CDC42SE1,TMED1,HNRNPLL
1828,FAM76A,RNF19B,CTA-29F11.1,TMEM87A,ARHGAP4,MILR1,RNF113A,ARMC5
1829,USP42,DHCR7,PWAR6,SLC25A44,HERC2,MYLIP,FABP5,SYTL1
1830,MRS2,BBS4,FCGR3A,BLOC1S2,EBAG9,TP53RK,SH3BP1,CAAP1
1831,WARS2,RWDD2B,STAT5B,GPR68,RAB11B,HCCS,RP11-400F19.6,CDK2
1832,PTP4A3,PPAPDC1B,COQ4,PSIP1,ARSD,SLC25A35,NOC2L,GON4L
1833,ABCD4,SLC12A7,NEIL2,ALKBH1,TGFBR2,ZNF302,TTC3,WDR82
1834,GOLPH3,PCM1,FBRSL1,FRMD8,MR1,SNRPG,FAM118A,MRPL41
1835,THOC2,PFDN4,KLK1,PVRIG,GTF2H2,POLE,CEP57L1,ARFGEF2
1836,DENND4B,FLOT2,DENND4B,ME2,ADI1,NOMO1,MAN1A1,TSPYL4
1837,KIR2DL3,PPIL1,HSP90B1,CACNA2D2,PDCL3,TBK1,ABCF1,C6orf62
1838,TNFSF12,SLC11A2,TAF6,POLE,POLR2F,C22orf29,MAN1A2,CPNE3
1839,FIG4,CHD1,SLC30A7,FAM192A,MLEC,B4GALT7,ARF4,KLF11
1840,OTUD5,ZNF320,CTC-378H22.1,SNRPD1,TTC27,TEX261,SCAMP4,RFC1
1841,STYX,SERINC2,NBN,PTPN22,TPD52L2,RASA3,SNX13,ALPK1
1842,RMND5A,MAP4K2,AGO3,IGFBP3,GDAP1,MED4-AS1,KIAA1033,PHACTR1
1843,ATL2,PRMT10,NFKBID,UBBP4,HSBP1L1,PXMP4,CSGALNACT2,CREB3
1844,AP4B1,GRIPAP1,C17orf59,SLC41A3,RAB34,MPHOSPH8,VRK3,KDM3A
1845,IKBKG,RCC1,GHITM,RNASEH1,RNF165,RBBP4,ZFPL1,HELZ
1846,DDRGK1,GBP3,TMED3,CECR5,SDHAF2,DCXR,NAGA,KAT7
1847,TMEM177,TRA2B,MIER1,FOXO4,TMEM256,AGAP6,FPGS,CNOT10
1848,GOLGB1,TRPV2,AL928742.12,VPS11,BNIP2,GSTZ1,SLC25A36,AAED1
1849,BCAS4,AKIP1,IPO4,EMC9,USE1,SFXN1,DYNLT3,HPGD
1850,MPLKIP,CD19,MGME1,ARHGAP35,BCCIP,PRKRIP1,GNA15,ATP5L
1851,UBE2D4,SMIM20,TP53RK,MRFAP1,CERS2,SLMAP,KIAA0226,CRK
1852,GPX4,ATP11A,PTPN1,EIF2S1,UBE2R2,GAR1,RP11-390E23.6,POP5
1853,U2AF1L4,POP5,SUGP1,CUTC,TP53TG1,NFAT5,FRMD8,SYAP1
1854,CTD-2015H6.3,FHL3,ZNF775,ESRRA,AFF1,CCNG1,ENOSF1,TBCK
1855,BRF1,TTC37,FUCA2,hsa-mir-8072,PDE6G,KLHL12,HAGHL,ZNF143
1856,CSNK1E,SP1,DHRS12,HEATR3,MTHFSD,BRF1,NF1,PCK2
1857,BAZ2B,LAMTOR1,NUPL1,LYRM7,FKBP4,SLC25A36,RBM33,USP20
1858,DIABLO,LINC00342,COX17,GIPC1,IL10RB,EID1,IKZF5,MTMR10
1859,ATOX1,PAXIP1-AS1,TMEM115,AP001816.1,TRIM21,ACSL1,MRPS9,TRRAP
1860,H2AFX,TXNRD2,RUNDC1,SEPT11,ATG4B,NCOA7,TMEM50B,SPATC1L
1861,SYNGR2,COX16,USP15,RIOK2,CPSF1,WDR26,NUFIP2,SIDT1
1862,PDCD4-AS1,KDM3A,TBC1D2B,SGPL1,C15orf40,NOA1,CRELD2,RYBP
1863,TLE3,RFC2,YKT6,TBL1XR1,POLR2H,TPST2,UBALD2,RARG
1864,MFAP1,IGF2BP2,AGA,UBXN7,RP11-977G19.11,RPA3-AS1,GMPR2,NCSTN
1865,NOTCH2NL,SLC39A10,RSPRY1,RUFY2,MAPK7,USMG5,IL10RA,EIF2AK4
1866,ASB16-AS1,ASB1,OXCT1,ZNF329,ZNF33A,DYM,SAMM50,BPTF
1867,CXorf65,MAFK,ATAD3B,STX1A,PHTF1,CD84,HP1BP3,BTN3A3
1868,ZNF507,REST,AP003774.1,SAFB,SLC7A6,COQ9,INTS6,YTHDC1
1869,SIN3B,MED14-AS1,BCOR,NDUFB6,FBXO44,HSPA1A,MTMR9,MAP2K3
1870,PTPN9,SDCBP,DMD,SLA2,MARCH9,ABHD16A,LRRC61,TMA16
1871,YIF1B,CTA-217C2.1,MORC3,POLL,STX8,DCPS,HAUS1,ASL
1872,SLC30A5,SULT1B1,MED14-AS1,HLA-DRB5,AP1M1,PDE5A,TRAPPC4,TTC17
1873,PDK1,LINC01011,FAM118A,SMCR5,ECHDC2,COMMD4,TAX1BP3,MCTP2
1874,E2F4,TRIQK,WDR25,NFKBIE,MRE11A,MARCH7,TFAP4,RNF170
1875,TMA16,CTD-2571L23.8,ZFAND1,ZC4H2,TRIM8,RIN1,CARD8,RFTN1
1876,SPRYD7,SETX,MGEA5,ARAF,DAB2,RP11-162A12.2,SEC22C,MICU1
1877,LSM5,VPS72,PDLIM5,CREBRF,RBM42,PSMD5-AS1,SYNGR2,WDR11-AS1
1878,TBC1D17,LRR1,GPCPD1,SLC39A8,KIAA1328,SYNCRIP,PSMB7,CALD1
1879,KIAA1033,EXOSC6,RARA,RP11-793H13.11,EPT1,FMNL2,DNM1L,ARMC1
1880,EIF4E3,CIZ1,MRPL54,C10orf54,ZNF799,POLR2K,TFAM,PAPD4
1881,SNRNP40,SAV1,ZNF431,LSM4,CASP10,USP7,ROBO3,RAB13
1882,ARHGEF37,LIPN,IFRD2,RBM12B,RPS6KA1,SNAPC5,NUP160,C19orf70
1883,KRI1,TIMM17B,ZNF785,TRAP1,MED22,MBNL1,FKBP11,STARD3NL
1884,C6orf106,LMNB1,SF3B2,PSMD5-AS1,TNFSF12,RNF121,C7orf55-LUC7L2,TCF7
1885,CDK5,KAT6A,ANKRD16,XXcos-LUCA11.4,PRR3,AC016629.8,SLC35E1,PPP3R1
1886,TM7SF2,CYCS,RP11-296O14.3,LPCAT4,TMCC1,PPIH,PTEN,SWAP70
1887,RIN3,OPN3,SLC22A18,RP11-511I2.2,EPB41,SKA2,DCAF11,MAP4K2
1888,RECQL,SMG7,PPP6R3,NDUFAF6,MFSD11,UQCRC2,USP16,RELB
1889,KIAA1143,AC006129.2,CASP3,NABP2,WARS2,DBNL,DNAL4,LCP2
1890,C12orf73,EDEM3,ZNF429,WDR4,SMIM15,FRA10AC1,NUPL2,EHBP1L1
1891,MAP1S,AHNAK,NRROS,BABAM1,BRAF,DPH3,MACF1,THAP9-AS1
1892,RXRB,CLEC12A,AGPAT5,BCL2L13,GNL2,WIPF1,SLIRP,RP11-290F20.3
1893,MIDN,ADCY4,MTX1,DDX1,SMC3,MAP1LC3A,INTS6-AS1,TRIP4
1894,RELB,THAP9-AS1,NSMAF,BMI1,PTPN12,NDST2,SCO2,TRIP12
1895,BAG6,PPP3CC,LINC01003,NPRL2,KBTBD4,WDR6,PTGES3,MGAT2
1896,GSPT2,IQSEC1,COPZ1,MARS2,TC2N,PRKDC,CLASP2,ABHD2
1897,LMF1,MLLT10,CFD,GTPBP3,SNORD3B-1,CNOT7,FAM32A,REXO4
1898,C10orf54,UBL3,NUDCD2,RP11-299J3.8,RNF5,PSMB7,RNF139,TRIM22
1899,IDH1,TCEB3,DCAF15,HIST1H2AH,RAB28,DIS3L,UGCG,MTIF3
1900,GLYR1,ZBED5-AS1,PDE4DIP,GS1-251I9.4,PLCL2,TMBIM6,NDUFAF2,C6orf211
1901,SLC25A12,BOLA1,EBF1,CBX1,ACTR2,EIF2S3,MSH2,CARS
1902,TRIM16,ETFDH,CSTF3,THAP9-AS1,RPAIN,NCOR2,EIF4H,GNL3L
1903,GPR183,IDNK,TNFRSF10A,TFDP2,HEXB,ABTB1,NME1-NME2,ZNF274
1904,LYRM4,ECD,PYURF,ANAPC1,RALY,SNX22,AKR1C3,CEACAM3
1905,WDR7,SCML1,KLF11,CYCS,RAB5B,MRPL55,PTPLAD2,ZNF688
1906,CD2AP,HIST1H4C,RP11-325F22.2,HSBP1L1,HELZ2,ZNF581,FOXN3,FLI1
1907,TBP,RP11-644F5.16,UGT2B17,RP11-103G8.2,LAX1,SCAPER,SDHC,CETP
1908,ARL6,RP11-544A12.8,EMB,COQ6,FBXO2,FBXO8,RBCK1,NUP160
1909,MTMR14,GADD45A,SHMT1,NOM1,NOL9,TMEM216,TMEM38B,XIAP
1910,DUS1L,XRCC4,CXorf56,RP11-485G4.2,HMHA1,SECTM1,PRPSAP2,CMPK2
1911,GIGYF2,FAM120A,CNTNAP2,MLH1,RHOBTB3,BCL2L12,RNU12,RABGGTA
1912,GTF2H1,PHF5A,HIAT1,SKP2,MORF4L2,C10orf54,PDIA3,PCED1B
1913,WDR53,COPS2,CBFB,RAB11FIP4,FCRL3,C18orf32,SEL1L3,ARMC8
1914,MANEA,CREG1,GCC2,FAR2,MAP4K4,NRROS,CCL3,DLAT
1915,ZNF260,SLC25A40,PIK3C3,ZBTB2,MLLT3,C14orf2,TES,FAM103A1
1916,ALDH16A1,YIPF6,ARFIP2,SRP54,APH1B,ADAP1,HAUS3,PRADC1
1917,BCAS2,GTPBP1,NAF1,TSHZ2,EPS8L2,IRF7,HTR3A,TBC1D13
1918,MRPL37,MRPL22,EXOG,HNRNPD,ADIPOR2,EMC1,SRRT,PCNA
1919,PPP2R1A,AC023590.1,IFNGR1,TRDMT1,RNF2,GATAD1,FYTTD1,BNIP3
1920,KCTD17,CD83,ACYP1,ACTR5,RNF11,CRAMP1L,CRYL1,TCP11L2
1921,NAGA,LGALS8,HSPB1,RP11-79P5.9,TRIM33,YTHDF1,C19orf25,GFER
1922,CD58,TNNT1,C12orf42,KLHL24,KLF13,ZNF174,CCDC22,CAPZB
1923,MAD2L2,ARHGAP35,PDE2A,RNF185,AHI1,ARRDC1,ECHDC2,RAB14
1924,BLCAP,DYNC1H1,RRM1,QKI,SERINC3,GPR137,RNF187,ZNF302
1925,PSMA4,RBP7,RP11-53I6.3,AEN,SURF4,L3MBTL2,RP11-468E2.5,MARK3
1926,YBEY,TCEAL1,PARN,ZNF134,RBL1,SKP1,SLC35B1,MRPS24
1927,CDIPT,JADE2,FAM134B,ICK,COPG1,PRKACB,SRP9,KLHL28
1928,FBXO11,CDKN3,CERS4,RP11-407N17.5,DNMT3A,TPCN2,CLIC2,DDX3Y
1929,TMEM14A,CTD-2228K2.5,CDC34,PAPD4,PRPF39,LAS1L,SERINC1,RP11-1398P2.1
1930,ACAD10,PLEKHG5,UTP15,MCM3AP-AS1,APOPT1,MS4A14,RP4-728D4.2,C18orf8
1931,CMSS1,CRYL1,RPL36A,PRPF38A,MICAL1,EZH2,GPATCH11,PRKAR1B
1932,H2AFY2,DRG2,JOSD1,CCDC65,GNPTG,RWDD4,GALNS,STK3
1933,PSMB5,MX2,CCDC94,EFTUD2,XPNPEP1,PIK3CA,ELOF1,COX5A
1934,TRIM4,FAM105B,PDE3B,SYTL3,HUWE1,MGLL,SLMAP,LRBA
1935,RAB30-AS1,TM2D2,UBA1,MKS1,NCR1,GTF2H5,DNAAF2,AFTPH
1936,SMC2,LMAN2L,BIK,NDRG1,FOXJ3,ZCCHC9,MIA3,ATPAF1
1937,HN1L,ZBTB4,PPP3CA,CNIH3,ZCCHC6,STAU1,CLDN23,VPS33A
1938,MDFIC,JPX,MPHOSPH6,BNIP2,MTERFD1,SSBP3,TAF6L,TDP2
1939,ADK,TOR1B,EIF4G1,TMEM169,BAG1,OSBPL2,MSL3,B4GALT4
1940,DUSP4,C19orf24,C16orf54,SPNS3,SLC35C2,SAYSD1,IL27RA,FAM127A
1941,RP11-535A5.1,USP20,LAMTOR5,LPIN1,ANKHD1-EIF4EBP3,MAEA,ALG12,CD55
1942,PERP,DNAJC17,METTL7A,AC004893.11,XPC,MICA,LILRA1,CLTC
1943,C3orf38,GLRX5,PPP1R10,NDUFS4,NDUFA7-1,C2orf49,HOXB4,CYTH2
1944,PTPN7,ATP10A,CHMP3,ACTR2,HDAC7,AC040977.1,ARGLU1,TFG
1945,CHUK,TACC1,YIPF6,TRAPPC2P1,CTDSP2,CCDC94,AAGAB,MYO5A
1946,ANO9,LAMC1,PACSIN2,PDGFB,FAM89B,ARMCX3,RALGAPA1,NME1-NME2
1947,TMEM204,LPIN2,PTER,TTC32,DDAH2,LINC00984,SLC1A5,FIP1L1
1948,AL592183.1,FFAR3,TREM1,NELFA,ITFG1,PMPCB,P2RY6,CISD2
1949,NF1,RB1,FAHD2B,THEMIS,PLCG2,BCOR,MTM1,CMTR1
1950,CYP4V2,C7orf43,ZSWIM6,HK2,LAP3,MT1F,PPWD1,PNKP
1951,TM2D1,GOLIM4,ZNF232,C7orf73,C14orf159,UBA2,RAB11A,FAM134A
1952,IMPACT,LINC00998,POGZ,ATXN1,TP53BP2,RP11-10L12.4,TNFRSF4,PRKACA
1953,RP11-223C24.1,CNTROB,ARHGEF3,YEATS2,COPS7B,FN3K,RNF138,MYO1C
1954,RASA2,KDM7A,ZFAND3,ACYP2,C5orf24,SNX5,HECTD1,MTG2
1955,PCYT2,ARHGAP17,TUG1,FBLIM1,WDR82,GLE1,WDR43,GUCY1A3
1956,TRMT11,ETV2,UBXN11,LETM2,PRADC1,TMEM63B,PCNT,EXOSC4
1957,TLK1,MTF1,DHX30,RBM42,PDHX,XPC,MAP7D1,ING2
1958,RABL2B,KCTD10,PUF60,ZXDC,TXNL1,ARID1A,CHTOP,LINC00493
1959,C6orf25,RPRD1B,NAPRT1,LRRC8B,KIFC2,GALR2,SDAD1,UBE3A
1960,CELA1,NOG,BRD9,CNP,SRI,SSSCA1,WDR48,INTS10
1961,ZCCHC3,TMED1,IFIH1,MIB1,POLD1,RHOG,PIAS1,RENBP
1962,ERCC6L2,DLGAP4,RP11-379H18.1,HRSP12,GLRX3,GALC,STAT2,PPP2R4
1963,CREB3L4,KIAA0100,LIN7C,XPNPEP3,MRPS2,PNPLA2,CASC4,CDK9
1964,SRPK2,SMS,TTC38,C2CD2L,C16orf45,HSPA13,NDUFV1,ATHL1
1965,ZNF496,UTP3,RNF214,PITPNA-AS1,HELQ,HUS1,NAGS,CTC-479C5.12
1966,EIF2B2,IKZF3,ADD1,CEP290,MIAT,ZNF444,RNPEPL1,RASSF3
1967,IAH1,SCFD1,UBR7,AKT1S1,SCD5,RAP2B,DTNB,RNF216
1968,CHTOP,SERINC5,AAAS,THUMPD2,ARHGAP26,MYCBP2,RHEB,F2R
1969,SRSF11,EHBP1,ARHGAP5,UAP1,CAMK1,SYK,NELFCD,CTD-2336O2.1
1970,ARL2BP,SRD5A1,CYB5RL,TXNRD1,SCAF4,CMTR2,NUTM2A-AS1,C1GALT1
1971,C7orf43,PTPN7,SCCPDH,PJA1,MVP,GADD45B,CREG1,OTUB1
1972,HTT,CDK6,SCAP,RP11-611L7.1,DDX18,VWA9,PTGDR,SEC61A1
1973,CLDN7,IP6K1,BASP1,SYK,SYK,NME4,PHKG2,ARRDC2
1974,DCAF12,PIP5K1A,BCL7B,PAM,YWHAG,FBRS,GAK,SH2B1
1975,KCNN4,RP11-81H14.2,PARP9,RLTPR,LAIR2,SMYD5,ZMAT2,MDP1
1976,C9orf156,OXNAD1,TP53,CA13,NABP1,TOM1L2,PCF11,TCTA
1977,SEMA4A,AC027763.2,RASGEF1B,ADCY7,MTMR10,EHD4,ZFAND1,CSNK1G2
1978,RBKS,CTC-428G20.6,RP11-146F11.1,RNF220,MESDC2,ZC3H6,CDIP1,C8orf76
1979,RAB33B,INPP5E,AC062017.1,SMARCA5,LANCL1,NFKBID,RNF41,MRPS34
1980,UBFD1,SMARCC1,PET100,TCEB1,ICAM1,RPP21,MGST2,DNASE1L1
1981,PHB2,SNX20,ZEB2,TAF6L,MARCH7,BCAS2,MAP3K11,SNX14
1982,TTC5,KB-1732A1.1,C5orf45,RP1-187B23.1,ACTL6A,GABARAPL1,ITGB3BP,HLA-DQA1
1983,MED1,LRRFIP2,ARL5B-AS1,CTD-2341M24.1,CCNL1,AC003075.4,P2RY13,MAPRE1
1984,IL17RE,DSCC1,TBL3,RUNX3,LGALS3BP,CD300E,ADAM28,MEG3
1985,PYROXD1,CTC-503J8.6,DERL3,ZNF845,FAHD2A,FBXO33,ZNF24,KMT2D
1986,ZNF350,CASP2,RPS17,TRIM16L,MTX1,TRAP1,FRYL,CCDC28B
1987,RN7SL832P,RUFY1,MBLAC1,DLGAP1-AS1,SIK1,NME2,DDX54,TRMT1
1988,RNF2,RP11-424N24.2,CTA-211A9.5,MINK1,WRAP53,RSL1D1,CENPH,FTSJ2
1989,MCAT,KIFC2,MRPS5,AFTPH,PLEKHG3,LTBR,TERF1,PLIN3
1990,TMUB1,ZNF362,ALG12,FAM168B,CDC34,VAT1,TFDP2,LMO2
1991,DAAM1,ORAOV1,RBMX2,EIF3J,CADM1,GPR65,UQCRH,PRRC2A
1992,ELP2,LINC00116,ASB16-AS1,LINC00526,TUBA1C,C7orf55-LUC7L2,RP11-1191J2.5,CEACAM21
1993,PRADC1,FZD3,PHF8,MAP4,MED25,FAM120B,ZNF846,VOPP1
1994,SP3,LINC00324,FUT8,MARCH5,B3GAT1,MLXIP,MYPOP,NCF4
1995,ZNF90,CEP164,ZNF569,PDPK1,MTMR12,RP1-40E16.12,RNF13,UBAC1
1996,PHC1,ZNF574,PTGER4,VPS41,ITPRIP,MEAF6,COX14,GMPPA
1997,HAUS2,TOR1A,RNF41,RIC8A,SETD6,CREB1,PMP22,ST3GAL5
1998,FBXO48,LONP2,SH2D1B,RPS5,PRDM1,DNAAF1,ARRDC1,MTG1
1999,MAP4K5,XXbac-BPG299F13.17,DDX50,RITA1,CLEC7A,OS9,ZNF124,BCAS4
2000,LLPH,ANKRD42,ZNF689,ZNF182,MRPL35,MECR,PRR11,DCP1A
2001,BID,ZNF529,CTB-31O20.2,HIBCH,BTG3,SEC23B,PRPSAP1,GCLM
2002,ZFYVE20,RP11-135A24.4,TANGO6,SIRPB1,CHST7,C1orf21,YY1,KIAA1551
2003,UBE2Q1,NOB1,IARS2,IKZF1,CCDC97,HIGD1A,BCCIP,RAP2B
2004,RPS23,MTMR3,KLHL2,NXT1,FUS,FOXO3,DARS,CSNK2A1
2005,ACSL6,RP11-110I1.13,CELF2,NFIA,RUVBL1,SREK1IP1,UPF1,TAF11
2006,DERA,UTP18,CTC-338M12.4,RPL7L1,HERPUD2,PSMD13,CDC123,IER5
2007,RPS6KC1,MSRB2,TMOD3,ZMYM1,UBE2Q2,D2HGDH,PCBP2,ASGR1
2008,POLG2,RP11-51J9.5,RP1-3J17.3,PGAP1,STK40,CARD11,RP11-802E16.3,PSMA4
2009,ECI2,GS1-251I9.4,RP11-111A22.1,BDP1,TNFRSF11A,NDUFA6,CNP,NMD3
2010,SNN,RBM41,RP11-486G15.2,DRG2,WWOX,MRPL18,COLGALT1,UBE2J2
2011,INPPL1,ZNF185,RNF2,RP11-197P3.4,EIF3J,INPPL1,TANGO2,RNF4
2012,ACTN1,TMEM80,SLC35C1,TRIQK,EXOC7,PCTP,CAMK1,SOS1
2013,RAB5A,HMBOX1,MED11,GABARAPL1,CKMT2-AS1,KIAA1191,NASP,NUTF2
2014,MARK3,RP11-83A24.2,SETD5,ESPN,SFPQ,RANBP2,KCNQ1,CLEC4A
2015,PNPLA2,ZNF525,HRASLS2,HSDL1,WBP1L,BRCC3,SIPA1,PNP
2016,NSRP1,CAMP,KPNA1,ORC3,ZNF92,EP400NL,SCRN3,ZFYVE21
2017,NT5C3A,TNRC6C,JAK1,POLR2D,GNL3,WDR77,CLK4,MIS18A
2018,COX5A,CDADC1,LINC00998,NUBP1,RFXANK,USP5,SECISBP2,PDCD6IP
2019,PGAP2,SLC25A11,SPOP,UBASH3A,LY6E,BAZ1B,RANBP9,LIG3
2020,FYTTD1,PATL1,SH3BGRL,AGAP6,RIPK2,MRGBP,LRRK1,UFD1L
2021,BNIP3,TAF9,UNC50,AKIRIN1,ZNHIT2,ELP3,ANKLE2,TMEM55B
2022,WDR91,C11orf48,CHAC2,EMC6,CYBB,DCP1A,ETV3,OAS3
2023,METTL25,FAM204A,ZNF718,PORCN,ARL8A,LYRM9,COMTD1,TMEM176B
2024,PRKCI,PINX1,ASCC1,ZNF501,DRG2,MUL1,STX11,TNIP2
2025,GALNT3,RPAP3,SCRN3,PRKCZ,SLC17A5,RAB1A,C2CD3,UGP2
2026,HMOX1,CEP57,HLA-DOA,COX11,TM7SF3,PSMD2,SCAMP2,RNF2
2027,TMSB15B,COX10,PIP5K1C,ALKBH2,RP5-827C21.4,MTL5,DIP2A,U2AF2
2028,WDR33,TPR,NEK7,CTD-2260A17.2,GPR65,ZDHHC12,MTA1,PTP4A3
2029,NEK7,SLAIN2,EP400,ARHGEF2,ACSL6,QRICH1,CHCHD5,DAZAP1
2030,ST3GAL5,PACS2,DNAJC2,PHKG2,IVNS1ABP,IFIT1,SEPHS1,SFI1
2031,FAM89B,NDUFA3,KMT2E-AS1,INIP,STRADA,AP3S1,RUVBL1,VAPB
2032,GPS2,PLP2,ST6GALNAC4,PPP1R14B,RUSC1,METAP2,CLCN3,LTBR
2033,STK32C,CENPW,PDAP1,C14orf159,LARP7,MIB2,RSL24D1,STAT5A
2034,ZCWPW1,TOPORS,TCF12,RP11-398K22.12,SCCPDH,GBP5,SPATA20,ITGAL
2035,FAM115C,PIK3CG,SSPN,KLHL22,TOMM7,NUDT22,BCL6,DNAJB12
2036,ARV1,LIN7C,PRR5,MRPL52,TMEM117,NMNAT1,UBE2B,DDT
2037,COG1,ATL3,FAM122C,XYLT2,SYVN1,HSPA9,ZNF100,NDUFAF4
2038,HMGB1,TCTA,MTIF2,AC131056.3,SP4,UBR2,RP11-345J4.5,RRAGC
2039,NIPSNAP1,PCNA,ID3,NSUN4,SUPT20H,SLC25A22,VIPR1,LINC-PINT
2040,RBM5,RP11-274B18.2,WDR77,ZBTB44,SLC5A6,DOT1L,GSS,ADCK3
2041,CD300E,ZNRF1,PI4KB,YIPF2,TASP1,NBPF10,NME2,DUSP6
2042,ORAI3,SH3BP5L,RAB3GAP1,SRSF5,SGCB,AC008964.1,OCEL1,CDS2
2043,TLR1,GUF1,RP11-66N24.4,NECAB3,SDSL,UQCRQ,TTC1,ANKRD28
2044,NUB1,DPYD,SCARB2,WTAP,FAM43A,NAA38,UBE2V2,NDUFS1
2045,ZNF264,PPARD,LY9,C9orf85,PLCB2,ZNF460,RP6-91H8.3,IFI16
2046,U2SURP,CDKAL1,CHRAC1,PPIL2,NDUFAF2,ARL13B,ALG14,URM1
2047,TRPT1,CAMK1D,HIBCH,IRF2BP1,UBA1,MRPL15,ENDOG,PDHA1
2048,CCDC174,CPNE8,DMXL1,U73166.2,MED27,ACSF3,GPR84,RELT
2049,ITGA6,HYPK,LRRC8D,BHLHE40,KARS,SDF2,CIC,KDM2A
2050,KIF20B,NRBP2,ZNF827,TIRAP,GRIK4,ESCO1,MOB3A,MRPL45
2051,GOLGA7,CTPS1,RAB31,CRNKL1,NCOA7,IRF8,MINA,GSAP
2052,CTC-524C5.2,CD52,ZCCHC17,EIF4G1,TPGS2,ANPEP,NSDHL,OGFR
2053,TAF1,ZBTB7B,PLD2,COMMD2,RP11-222K16.2,ZNF524,RPPH1,NIPA2
2054,FABP5,ICA1L,POLR3B,EIF2AK2,SF3B4,MYO19,FHIT,HSD17B12
2055,INTS6,CMC2,HDHD2,SLC35C2,ANTXR2,C1D,PCGF5,C3orf38
2056,HSPH1,TPRKB,KIF22,CBWD5,IRAK2,ARPC5L,SBNO1,RNF217
2057,AKT2,FLAD1,TMEM175,DARS2,FUNDC1,KIAA0319L,ATF6B,UBE2C
2058,CCND2,CLYBL,MTMR2,OGFOD1,DTHD1,TDRD3,RFC1,RPS6KA1
2059,ZNF771,MOSPD3,TAF4B,GRINA,BEX4,RFTN1,FKBP5,PRCC
2060,SLC38A5,SMC1A,FASTKD2,MVK,RAPGEF6,ENSA,OGFOD2,NFE2L2
2061,ZNF737,BTF3L4,COG3,TMEM185B,RP11-97C16.1,SEC24D,BAZ1B,PTPN4
2062,AIG1,DTD1,MSL1,NME7,ZNF317,PI4KB,CAMSAP1,MGRN1
2063,C20orf112,INO80E,UBA3,NUPL1,PUS7L,YPEL2,RPP38,NLRP1
2064,SLC29A2,MTERFD2,TMEM182,IMMP2L,CPEB3,NEXN,HDAC2,PGS1
2065,RP11-640M9.1,IQGAP1,USP34,MYCBPAP,ZDHHC6,CNTLN,BLCAP,MAP1S
2066,ADNP,LINC01135,SRP72,AL645728.1,CHIC2,EMC9,DERL2,HDLBP
2067,CDKN2D,CNTD1,ZKSCAN1,SIDT1-AS1,EPS15,TMEM255B,TAOK2,ORMDL3
2068,TRAPPC3,RBM26,PPP1CA,SMIM13,CMPK2,GLIPR1,CIB2,TBC1D7
2069,TNPO3,ASB7,NOC2L,PDIK1L,BCL10,NDUFV1,ATP6AP1L,VPS13C
2070,ZNF609,OAF,PPP5C,ERAP2,SEC24B,RP11-849F2.8,DECR2,ANKRD11
2071,ADIPOR2,TMC6,ITFG2,APOBEC3H,STXBP3,PFKFB3,CRYM,AGTRAP
2072,SH2D3C,AGGF1,TP53TG1,KIAA1919,ANP32E,TMEM183A,G6PC3,KPNA4
2073,MAZ,MPZL1,SUPT7L,ZFP1,DPH5,PREP,RP1-244F24.1,LIG1
2074,PIK3CG,FAM111A,DENND5B,LRRC57,EXOSC7,ABCD4,CLECL1,C1orf122
2075,LARS,PDE6G,CNN2,MPHOSPH9,PLXND1,CCNC,HESX1,SPPL2A
2076,IL23A,TMEM160,THG1L,BCS1L,PIK3R4,PQLC2,DACT1,USP14
2077,TRAF3,CCNY,NCAPD2,MAPKAPK2,ING5,MPPE1,CCDC62,TROVE2
2078,PIBF1,GTF2H2,GNG3,KIAA0232,MIS12,RFWD3,RTN4,CYB5A
2079,PSMC4,CYP27A1,SMIM20,STAU2,GTF2F2,SETD3,RP11-73K9.2,PBDC1
2080,VPS39,TSC1,ARID2,MORC3,ASF1A,SKIV2L,NME8,CUTC
2081,FAM118A,MARK4,ZNF135,CDK7,TIMM8B,TRAF5,RP11-14N7.2,LASP1
2082,LONP1,PRKAA1,MYLPF,FCRL6,CHAC2,TCF3,PRPF6,SLC31A2
2083,TIAM1,ADTRP,CTD-2228K2.5,ABHD2,NDUFA6,NAP1L4,RP11-1000B6.3,TMEM204
2084,HDAC5,GFOD2,SIRT6,ATG13,GNB2,CHST14,CNOT1,CMC1
2085,DCAKD,RP9,STAG3,FAM3A,ZNF268,NRF1,PSPN,MVP
2086,CHD1,POGZ,NUDT18,TMOD3,ANKRD37,RECQL,PMEPA1,RAB18
2087,SLC8B1,ZNF493,MPND,DERL2,PIK3R5,HIST1H2BC,FICD,AUP1
2088,RFXAP,ILF3,VTI1B,NSMF,ERAP1,POLR2M,TXLNA,OSGEP
2089,LYPD2,FUT11,LINC00657,ZNF623,RAE1,MRAS,FAM179B,ELF1
2090,RABEPK,KHK,ZHX1,MTMR12,FARSB,PRR12,PDE6D,PLEKHF2
2091,CTD-2162K18.5,C7orf60,CD27,EXOC8,KLHDC3,CLCN6,ACER3,TRUB2
2092,PRDX1,MAP2K5,TSEN2,SMAD3,ZNF641,RNF144B,SLC22A18,CAND1
2093,PITRM1,MSMO1,SENP2,PTTG1IP,TMEM179B,C12orf39,HEATR2,TRAP1
2094,TBRG1,LEPROTL1,CCDC66,ATPAF1,GPS1,GSR,S100A5,NDUFS4
2095,UBE2M,RNF144B,NMD3,DESI2,ZMYND8,S100B,TTC24,RNF135
2096,CDC14B,TGM2,TMEM41A,DENND6A,CD55,SLC41A1,RP11-532F6.3,ITGAX
2097,CD36,CISD1,ZFYVE27,SPCS3,SLC25A35,AGPAT4,SP140L,CD46
2098,ZHX2,TXNDC15,CCR6,RABEP1,MAEA,CD38,RFXANK,HCFC1R1
2099,ALYREF,CDK11A,ZNF318,PEX1,IRAK1,CPSF2,NRP2,GCC2
2100,XRCC6,MEF2BNB,ATG4C,RP11-538P18.2,METRNL,TMX3,PITRM1,CAMK4
2101,RP11-386I14.4,SLC9B2,NIPAL2,ILVBL,CHP1,AAR2,NOP56,RNPEPL1
2102,AK5,MED1,ACD,ZNF121,TMEM186,TCF7L2,FIZ1,FAM127B
2103,SERTAD2,MBOAT1,PLEKHJ1,ZNF671,BACH2,LIMS2,P2RX4,SLC30A5
2104,PXK,NLRP12,TBCD,NRL,ERGIC2,TATDN2,GSTM2,ARAP1
2105,TCEA3,SELO,MYOM2,MAFK,TUBD1,PPP1R12C,DOCK2,STX16
2106,LPCAT3,TBRG4,NUP160,CROT,CREBZF,RP11-98I9.4,CCDC71,CRTAP
2107,EMD,CDK8,ABHD5,TGIF1,HIPK2,NBAS,ZSCAN9,ZNFX1
2108,SHARPIN,B4GALT4,TIPARP,THOC1,ZKSCAN5,FGD6,ABHD16A,CHD1L
2109,HELB,DNAH1,HMGA1,ECE1,C12orf4,ZNF691,ZNF74,ORC4
2110,SLC25A46,UBXN2A,MSL3,LMBRD2,EIF2AK2,RP2,ABI1,CMC2
2111,VARS,MAP6D1,ZRANB1,TAPT1-AS1,ALKBH5,SPECC1,N4BP2L1,CBWD2
2112,TAF4B,CHSY1,EIF4H,BBS10,CNP,PRPF6,POLR2J3,C11orf83
2113,TADA2A,MPP7,MED13,FAM135A,NCLN,ARSB,AD000090.2,IGF2BP3
2114,PLEKHB2,FLJ27365,MRPL38,RAD51AP1,PPIL1,RP11-427H3.3,USP33,ATP13A4
2115,MCTP2,VARS,NONO,CIZ1,SCO1,RNFT1,SPRED1,TBCA
2116,AC132872.2,MDFIC,RAB14,GAMT,ALDH3A2,GPR75-ASB3,ATP6V1D,BEND2
2117,LRRC28,RBMXL1,LRRC58,UNG,STAP1,UBN2,WDR18,PAFAH1B1
2118,TOLLIP-AS1,NUDT3,TNPO2,RNF20,MAP3K5,HPS1,NUP133,LAMP5
2119,CLASP1,PARP12,ARMC6,MBD5,SDHC,TRPC4AP,PACSIN1,BRWD1
2120,SLC25A17,SEC63,PTPRO,TPCN2,FAM102B,DAPP1,ARL8B,NFKBIB
2121,AC006129.2,GOSR1,C7orf31,FAH,FARS2,PIGV,KATNA1,BLVRB
2122,PRKAB2,PIGG,LRRK2,NUDT18,EPS8L1,ZNF707,SLK,MRPL17
2123,ITFG2,NDOR1,FAM122A,ZNF71,ZNF207,FAM110B,SNORD3B-2,INPP5A
2124,LYPLAL1,USP13,DDX19B,YWHAE,NGLY1,RAB11FIP2,ASCC3,MBOAT2
2125,MED27,ZNF131,ANGEL2,CRBN,PRKCD,NCOA2,NPIPB11,RP11-159D12.2
2126,TWISTNB,ING3,OPA3,STK11,C7orf73,C14orf1,PASK,PRTFDC1
2127,ZCCHC17,C1orf131,C1orf122,TRIM22,IDNK,ATOX1,KIAA0141,CLIP2
2128,PPP4R1,TMEM175,ZNF644,CCNA2,PEX14,GPBP1,NDUFB4,STX4
2129,EZR,TMEM106A,LACTB2,SLC2A1,IDI1,PAN3,ZNF672,IRS1
2130,PSAP,EIF4E,PLCG2,DNAL4,RDX,METTL22,CTB-55O6.12,CCDC91
2131,SLC16A3,SNX4,TUBB2A,LRRC14,CDON,RHOH,LTC4S,HBQ1
2132,CCNT1,MAML2,DIMT1,GTF2B,RP11-106M3.3,SDCCAG8,MAPKAP1,DPEP2
2133,NFXL1,SIK2,IMMT,GLTSCR1L,POLR2J3,GALK1,POLR2H,LEPR
2134,ALS2,ZP3,SLC25A17,CDK20,GBP4,CD151,CYFIP1,PPP1R26
2135,GPAT2,AGPAT6,COMMD6,RP11-138I1.4,R3HDM2,TRMT13,SRP14-AS1,CPAMD8
2136,SIVA1,THUMPD3,ACP2,RP11-500C11.3,PRPF6,TMEM101,HNRNPA1L2,MIDN
2137,ENDOV,CTC-524C5.2,HUWE1,EPB41,PPM1M,LNPEP,ABCF3,SF3B14
2138,PQLC3,SIGLEC9,C19orf48,VGLL4,H2AFV,AAED1,DPYSL2,CLDND1
2139,FAM98B,TXNRD1,ZMIZ1,DBN1,A1BG,HRAS,TRNAU1AP,BLOC1S1
2140,RUNX1,COPA,SLC35E3,HNRNPDL,ARMC8,FBXO34,CTDSPL2,PIBF1
2141,PEX11G,RPRD1A,DAK,AGER,DENND3,RPUSD3,CCDC25,PRR14
2142,C16orf62,RP11-63P12.6,FAM120AOS,EIF3K,MCAT,ARAP3,C10orf76,RP11-712B9.2
2143,FAAH,TNFRSF14,BUD31,AKR1B1,C8orf76,COMMD9,CAPN15,SMIM1
2144,ELMOD3,RBFA,UBTF,C8orf76,ZNF211,OSER1,AEBP1,PDK2
2145,TFEB,MRPS22,MLH1,DYNLT3,CAMK4,TRIP4,LHFPL2,STX12
2146,TMEM168,HSPA14,UBE2W,PHYH,MMP23B,TIMM23,SLC25A19,EPN1
2147,MTF2,ANKDD1A,FAM153A,SUSD4,CDK5RAP3,ASNA1,MAP3K5,MARK4
2148,SOS1,PRRT2,PPME1,PGRMC2,DNAJB6,DDB1,SAP18,PHF2
2149,GDF11,THAP7-AS1,PTP4A3,MMGT1,CEBPG,ARHGAP31,COQ3,DAG1
2150,ZFP36L1,STRADA,KNOP1,PFKP,LRRC8A,SNHG9,ARCN1,TMEM199
2151,CAPNS1,CSTF1,EBAG9,CD226,APEX1,CDKL3,SIRT3,NCL
2152,DNAJC10,C15orf57,FRYL,SLC25A42,SPATA20,RAB20,CCDC106,ZSWIM7
2153,SCAMP1,THAP2,RETN,DDX43,UBE3B,GNG10,KIF16B,DBN1
2154,FNDC3A,ARFGAP2,CDK12,HIST1H2BD,RPP14,AFF3,DLGAP4,ACO2
2155,C6orf57,TANC2,PLIN3,PRKCH,TMEM183A,UBALD1,EIF3D,COQ9
2156,C9orf41,C14orf142,MICAL1,ATG10,SLC35E3,SCGB3A1,LRMP,RP11-218M22.1
2157,GSKIP,MBP,KPNA4,SLC35F2,SP2,SKAP2,KB-431C1.4,FGD5-AS1
2158,RYK,SLC35A3,KLHL5,UBL7-AS1,TUBG1,DEF6,SNRPG,COA5
2159,PLA2G15,SMG6,ME2,TTC33,ISCA1,TBCA,ZBTB41,EPRS
2160,IL10RB,ZBTB1,MAPK1IP1L,RBM19,LGALS8,IKZF5,DSN1,RFX3
2161,SYTL2,TRIM11,TXNL1,CYSTM1,CHFR,LINC01003,TRIM56,SIRT3
2162,TRIM35,LRPPRC,NCOA2,ASB6,SFR1,EZR,MINOS1,TCF19
2163,EGFL7,SARNP,ARHGAP1,RAB39B,MVD,PPP1R12A,UTP15,SLC38A6
2164,HMGCS1,PTER,PRKRA,BRE,DNASE1L1,SGPL1,TIAL1,CHURC1
2165,UNC13D,LRRC8D,IMMP2L,CABIN1,H2AFY,PCSK7,NUMA1,LILRB2
2166,TMEM256,PIP4K2A,KIAA2013,GBA2,SSRP1,THOC7,DBN1,PET117
2167,PPIL1,GEMIN7,NSUN3,WDR92,CSGALNACT2,CTC1,GANAB,NRIP1
2168,XRCC4,LTBR,SLC25A45,PLCG1,TOB1,OTUD7A,ACSS2,TRAF7
2169,TTC9C,NEK8,TRA2B,SSBP2,LGALS9,EID3,TBC1D31,ISCA2
2170,IFI27L1,PTBP3,LIPT1,N6AMT2,CCDC43,NDFIP1,PROCR,ZG16B
2171,PMM1,CNOT11,PMF1,ABCB10,ATP13A2,KLHDC2,GSTK1,PCED1A
2172,WDR11,TCEANC2,ZNF106,ZNF500,SLFN13,CLCN5,TSR1,SCYL2
2173,ZNF775,TSPAN31,TIMM9,EAF1-AS1,LSM5,CXCL9,XPR1,AASDHPPT
2174,DLEU1,RP11-1399P15.1,C1orf131,MOSPD1,EXOSC4,RP5-1057J7.6,DET1,SLC25A26
2175,MAP3K1,EIF2AK2,RALGAPA1,ETV6,MKNK2,TOMM20,GTF2A2,PNPLA6
2176,TANGO6,CYSLTR1,RITA1,RNF113A,RABL6,COX17,TCEA3,PDHX
2177,ZDHHC18,C16orf13,UBR5,PTPLAD1,SLC12A2,NUDT4,PAFAH1B1,RP11-220I1.1
2178,KB-1208A12.3,RPL14,RP4-798A10.4,BDH1,MPC2,EFCAB4A,CDR2,GPD1L
2179,QSOX1,HSD17B14,NAALADL1,RP11-152N13.5,ACP2,SCARB1,GMDS,LPCAT1
2180,NFATC2,MRPS23,DPP8,AP1S2,MOSPD1,ATAD3A,NAIP,MTHFD2L
2181,AC002467.7,GSTM2,CTA-384D8.34,CLIP1,TRPT1,MTHFR,ZNF600,PGD
2182,NAGK,GBA2,HERC6,DDX60L,KIAA0100,TPRG1-AS1,NBPF12,GYG1
2183,GOLGA1,MAP2K6,ARAP1,ZNF527,USP42,RASA1,RUSC1,SEMA4D
2184,CD151,BCL11A,TAPSAR1,ELK4,LDHA,IQCH-AS1,FNTA,TMEM104
2185,ZNF618,RP11-468E2.5,STAG2,ATP11B,ZMYM2,EFNA3,SMNDC1,ATP5G3
2186,HPS5,CHCHD3,GCAT,HGS,MDN1,IMPA2,CCZ1,FBXL8
2187,FAM120A,HSPA6,C7orf60,LAPTM5,MDFIC,CCT8,PER1,EMP3
2188,UBQLN2,RP5-1073O3.7,TTYH3,CECR1,MEX3C,CDK13,CCDC152,CCDC92
2189,YLPM1,MFF,ORAI1,PLEKHA7,SUMF2,KLHL8,KDM1B,SCRN3
2190,LPIN2,LETM1,C1QTNF6,SAV1,GAMT,AKT2,METTL1,REXO2
2191,MYO9B,MKL2,FBXO18,SHMT1,SPDYA,ERICH1,AC007880.1,SCAND1
2192,MCM6,COQ10B,SF3B14,PTDSS1,C7orf26,ZNF614,YIPF1,ZDHHC12
2193,PIK3R4,RAB35,MGAT2,CNOT2,SETBP1,NUP160,LNPEP,MPPE1
2194,SLC11A2,ZNF317,WDR70,SMAD7,SIK3,RP11-802E16.3,PPIH,SEPT6
2195,RP11-418J17.1,CTSC,TUBE1,POLR2C,NCR3,DNMT3A,TMEM208,LPAR5
2196,GCHFR,STX6,ETF1,ZSCAN2,JAZF1,CYSLTR2,PPIF,NIPSNAP3A
2197,PDSS2,PIGU,LINC00665,ANKZF1,CDK2AP2,KMT2C,RPLP1,TTF1
2198,TULP4,MCM3,SLC11A1,BANP,GNPAT,GSS,UAP1,EXOSC1
2199,KANSL1-AS1,LCOR,ANKRD52,ENTPD4,HSDL2,ZFP69,RP5-821D11.7,RBM4B
2200,RAD17,CHAMP1,PUS3,PILRA,ROCK1,ECHDC2,ZNF419,SPRYD3
2201,BCCIP,PEX11G,MIR4458HG,SMPD4,TRIM65,PARP3,MGST1,LRRC23
2202,P2RX5-TAX1BP3,PLB1,CEP164,C8orf33,SYNCRIP,PIAS1,KRR1,SNRPB
2203,FAM122B,ARHGAP26,ALKBH3,DNAJB9,CCDC65,CXXC5,ZNF260,MAST4
2204,L3MBTL3,DOCK2,MARCH3,RPGR,ALKBH6,PURB,EHD3,TRAT1
2205,ERGIC2,FZR1,RBAK-RBAKDN,C19orf12,PRPF4B,CWC22,XPO1,TMEM116
2206,C11orf30,CPT1A,TAF15,UBA6,PRKAR1A,RPE,ADAR,WBP11
2207,UCP2,TMEM164,ISG20L2,AGAP2,PDAP1,NMRAL1,FAH,ACTR3B
2208,SLC39A14,LSM14B,RFTN1,CDK5RAP2,CDC42,HELZ,CCDC28A,ZCCHC2
2209,RUFY3,ANG,KIAA0355,SLC37A3,IFT122,SUZ12,RARS,POU2F2
2210,ELF4,BAZ2B,LYPLA2,CDKL3,UBE2L3,ARHGEF2,CPT2,TP53RK
2211,PCNXL2,CCR10,RINL,HAX1,TKTL1,RRM2B,FDXACB1,TSPYL1
2212,RP11-820I16.4,WDR86,TMPRSS11E,SIK3,PEX11B,C9orf66,C5orf30,SCAMP3
2213,OTUD6B,SLC25A43,PPP2R4,MTFR1,ZCCHC7,UROD,KLF8,KPNA1
2214,SLC40A1,PPP4C,LRPPRC,AP003733.1,INO80,MAML1,SMAD5,RNF145
2215,MAN2A2,SATB1,TM7SF3,TRIM28,PAM16,CHIC1,LINC00936,TMEM115
2216,AGA,LINC00657,TMEM50A,ELP2,MCFD2,LYPLAL1,TFPT,CCDC124
2217,CTD-2336O2.1,TRMU,SOWAHD,RP11-302B13.5,BFSP1,KLHDC7B,CSTF2T,TMEM87A
2218,LINC00685,GTF3C3,RPP25L,SLC7A5,ERCC8,BCL2L13,PIP5K1C,SLAIN2
2219,MBTPS1,THOC2,RUVBL1,NIPA2,UBE2S,APOL3,FAM174A,NFIC
2220,BRMS1,MRPS14,ITGA5,GLIPR2,TM2D3,ENTPD1-AS1,PMS1,ATXN10
2221,PECR,hsa-mir-1199,HSPBP1,IGSF8,SWT1,CCDC77,RUVBL2,PCBD2
2222,VCL,FAM71D,FAM110A,STIM2,PRRC1,GNAQ,FAM20C,C11orf24
2223,GTF2E2,CELF2,HDHD3,UBAP2L,RPP21,USP47,MED14,RP11-660L16.2
2224,PISD,HAUS3,PARP2,CIPC,DAXX,ASB6,CCDC132,GPR137
2225,ATG4C,UBTD1,ASXL1,TXNDC17,CREG1,SH3D19,NIT1,PAPOLA
2226,SMARCA2,CHURC1,GSTCD,ZC3H7B,MIS18BP1,NELL2,MAML3,RP1-39G22.7
2227,ZRANB2,FAM185A,DMTN,B3GAT3,MPC1,RECK,SYVN1,ACTN4
2228,AC020571.3,BUD13,PPP1R15A,GNPTG,RP11-644F5.11,ZNF568,PPCDC,EIF3I
2229,SART1,ADAT2,PAAF1,RP5-1007M22.2,AHCY,SRPR,MCUR1,SP4
2230,SAYSD1,TRPM4,TSTD2,NUTM2A-AS1,EIF4EBP2,IL10RB-AS1,ST6GALNAC4,IVNS1ABP
2231,ZNF652,FBXL15,DDIT3,RAB6B,PKNOX1,HSBP1,ERLIN2,LACTB
2232,KIAA0226,ABCF2,ZNF281,RUNX2,MTG2,FAM63B,POFUT1,PRR7
2233,KMT2B,RERE,SFSWAP,UNC119,ERO1LB,PPP1R21,C15orf48,GTF2A2
2234,EXOC2,P2RY8,CUL4A,POLR3F,CFP,ZNF655,FAM46A,ANXA11
2235,C20orf27,FKBP15,GDAP2,ZNF180,NONO,LMBRD1,RABGGTA,AKTIP
2236,ZNFX1,HIC2,BARD1,R3HDM1,AAMP,IGFBP6,EIF4EBP1,KANSL1-AS1
2237,INTS10,SYF2,CDC16,NPEPL1,CANT1,IFIH1,DGCR6L,CNEP1R1
2238,DPH1,C11orf71,CNPY2,TXLNA,SIGLEC7,MITF,SEH1L,KPNB1
2239,C2orf42,KIAA1586,IKBKE,JHDM1D-AS1,HNRNPAB,APOL6,TNNT1,ARHGEF40
2240,ELP5,CCNA2,PDE9A,SPAST,HOXB-AS1,CACUL1,RP3-402G11.25,CIRH1A
2241,ZMYM5,GNAI1,PFN2,RGS9,PTS,ERCC3,C11orf49,ARFGAP2
2242,PBX2,FASTKD3,SRSF11,HYOU1,FTSJ3,MRPL39,PPP3R1,AKR7A2
2243,CTAGE5,GLYCTK,APOO,NPLOC4,KIF1B,NEDD1,P2RY14,SMARCA2
2244,SRSF10-1,FAM45A,VBP1,GMFB,NUP62,PKIB,FBRS,JMJD1C
2245,NAA16,SS18L2,AXIN1,TMEM237,HDHD2,SLC25A38,GNB1L,BRD2
2246,FAM178B,TXNDC11,KCTD5,MAP4K1,PARN,ZBTB38,RASSF3,FAM49A
2247,SOAT1,SIRPB1,PYROXD1,GSTZ1,PARP4,KDM4C,SSFA2,C1orf85
2248,RAD51C,CCNDBP1,NPIPB11,TMEM199,ZMAT3,FCGRT,GPR107,LENG8
2249,HIP1,RBM4B,DIS3,GABPB1,LDB1,PCID2,TMEM187,LAMP1
2250,TIMM8A,TM6SF1,LXN,WDR83OS,MAPK9,MKRN2,ARID2,ATP5J
2251,PSMA6,PLEKHA8,RP11-423O2.5,GARS,TCHP,PRDM1,LMO2,MFSD6
2252,AC005523.2,PGM1,GLUD1,EIF2B3,MSMO1,METTL17,DGKD,ARPP19
2253,RC3H1,DNAJA3,ITFG3,CXCR6,TSPYL1,GTF3C6,ATPAF1,ASRGL1
2254,FBXO42,MIS18BP1,CIITA,RP11-108M9.6,MVK,KB-431C1.4,USP32,FCGR2A
2255,OPA3,CGGBP1,TREML2,MTMR2,ICT1,C19orf12,GRSF1,AIG1
2256,RASD1,C19orf10,BRD2,POMGNT1,NRIP1,SYNE3,CORO1C,HSDL1
2257,CAMK2G,LAT2,C9orf85,LFNG,MRPL19,SOWAHD,ARF1,SSBP2
2258,TATDN1,MKL1,TMPO-AS1,ERCC8,BRD3,KPNA2,A1BG,STX8
2259,CCNDBP1,ABHD13,ENDOD1,AARSD1,SLC25A11,G2E3,XRN1,TIMM9
2260,TMEM167B,FBXL20,CCDC180,ALAS1,TBC1D25,TUFM,EMC1,PLAUR
2261,TCERG1,NSUN6,HNMT,RP11-385F7.1,IRF2BP2,CDK16,USP5,CHMP4B
2262,FAM84B,TOE1,VRK1,PIN4,SAYSD1,LARP4B,LANCL2,XXbac-BPG299F13.17
2263,RP11-544A12.8,ATP5D,DUS2,C17orf58,OARD1,EFTUD1,VPS13D,NDUFB6
2264,ZNF530,ARRDC4,GRSF1,SPAG9,MCM2,TIAM1,RLTPR,NUDT16
2265,TMEM107,MTHFSD,EGR1,PHB2,SAP18,MAGOHB,PLEKHB2,UFL1
2266,MTO1,USP8,AFTPH,ZMAT3,C9orf37,EXOSC9,FLVCR1,KDM7A
2267,CREBL2,SBF2,NADSYN1,PCTP,USP18,OARD1,CITED2,MIR24-2
2268,CASP6,EBPL,NDUFA12,ARMC1,STARD4,ZFYVE1,MYO19,MRPS5
2269,HNRNPL,DPP8,SLC2A6,ADRBK1,GTPBP10,FIBCD1,WAC-AS1,ING4
2270,PTPRN2,RRP8,PDXDC1,ZNF584,RSBN1L-AS1,CCDC117,SPA17,RNPC3
2271,ETAA1,HECTD4,TXNL4B,MESDC1,COL4A3BP,RP11-119B16.2,C10orf32,MAP3K8
2272,GTSF1,KDM1B,MRPS26,RGS16,EOGT,XRCC6BP1,LRRC8B,SLC39A4
2273,ZNF568,SLC12A6,HRK,SAFB2,ATAT1,MRPL45,ZNF581,SLCO3A1
2274,HMGN5,MYL5,RP1-197B17.3,SPG7,FAS,PDE8A,FRG1B,SAMD9L
2275,SEC31B,ATXN2L,GPN3,MEI1,NARFL,PRNP,NUDT18,PDZD11
2276,IL6R,CCDC137,C14orf2,PNRC2,IFI35,AKIRIN2,HMGXB4,KCNE3
2277,EFCAB11,TTC39B,GNPDA1,NUMBL,KATNBL1,TP53INP2,RSF1,EIF3J
2278,HAVCR2,NSUN5,AMPD2,RP11-539L10.2,NAP1L5,MFAP1,ARHGAP15,CD2BP2
2279,DNAJC17,PSMD12,DDAH2,PM20D2,CUL1,NOTCH2NL,ZDHHC3,MARCH6
2280,DUSP5,KIAA0232,YPEL1,AREL1,MRPL11,PTGS1,MGAT2,ACTR10
2281,SH2B1,ABHD5,NELFA,ASAH2B,CCDC91,B4GALT3,RPGR,GID8
2282,LZTFL1,PLK2,METTL20,UBE2S,C19orf68,RCN1,STIM1,MAP4K1
2283,ANAPC10,VPS53,DUSP16,VNN2,FBXL3,CBWD5,B9D2,SCPEP1
2284,MAGT1,OSR2,FAM222B,ANP32A,KDM4C,WDR83,MARK3,NDUFB11
2285,CAMK2D,CLEC4E,SIDT1-AS1,FAHD2B,RFXAP,UQCC1,RAD21,ST7L
2286,ERF,DCAF12,DTX3L,RHOH,ADA,SCN1B,SUMF1,ATP6V1B2
2287,ZNF81,UBFD1,SART1,APOBEC3D,PARP10,AARSD1,THAP7,CHRAC1
2288,MTERFD3,GPN2,CTD-3185P2.1,RLIM,WSB1,CCDC6,RIOK3,ADSL
2289,DYNLL2,RP11-542M13.3,ZNF652,ZNF687,EVL,PTPLAD2,CALCOCO1,CUL1
2290,UBA7,EPHB2,AFF4,COLGALT2,PNPLA8,HIPK1,TBP,STK24
2291,TIFA,TMEM99,C19orf73,MIOS,TAF11,EMG1,POC1B,TC2N
2292,ALG3,SLC35F6,CTC-241F20.3,NKRF,AL590452.1,CROCCP2,HSPA13,ATP1A1
2293,RAB10,NCBP1,NUDT14,JOSD1,GEMIN7,SLC26A6,PSMD8,GMPR2
2294,SLFN13,GRWD1,CCT2,ARHGAP17,FUBP1,NDUFAF5,CEP170,SOX4
2295,TROVE2,C12orf4,CYHR1,LINC01135,ARV1,NUDT7,ADAM19,APIP
2296,SELO,FAM126A,CRKL,FAM21B,MOGS,DPP7,COX19,IL10RB
2297,SAP130,OPA1,AP001055.6,POP4,TMEM185A,NGLY1,ATG4D,CENPP
2298,PPIE,PSMB1,FAM73B,MAN2A1,EIF2B5,TPRA1,RPS6KA3,ETHE1
2299,FAM211A,NPM1,RMDN3,E2F3,TARS,RALGAPB,USP25,FTSJ1
2300,MRPS22,TTYH2,SLC25A26,CTC-241F20.3,FAM45A,DHX30,C1orf54,CHMP2B
2301,CAPN15,MCPH1,HAUS8,HSPB11,DDX56,FAM199X,CRIP3,SEC23A
2302,EXO5,ZNF117,FIP1L1,UBE2J1,STX17,SAP30BP,C10orf2,TRAPPC9
2303,UQCRB,XRCC6,SETBP1,ACAD9,HMBOX1,C2orf76,U2AF2,STARD4
2304,NME6,TADA3,TRMT61B,NUFIP2,OCEL1,TMEM189,AK3,NRBF2
2305,THRA,ISCA1,PHLPP2,LL22NC03-75H12.2,SPTY2D1,DEAF1,AHCYL2,UBE2A
2306,TAB2,EGLN1,TLR1,LLPH,SMARCD3,PIN1,MYO1C,ACADM
2307,FAM172A,CXorf21,CCDC65,CYB5D2,CCDC130,N4BP2L1,UTY,SETX
2308,VTA1,LPIN1,YTHDC2,SMCO4,RP11-796E2.4,PRKX,STK11IP,PRPSAP2
2309,PSME4,RABEP2,RFFL,RP11-349A22.5,GINM1,BCAT2,LLGL2,PTK2B
2310,LRRC27,MAP3K13,FBXL4,AFF3,KIR2DL3,DYNLL2,FBLN2,PSMG3
2311,BRWD3,USF2,UEVLD,CDR2,FEZ1,DYRK4,FAM122C,DDIT3
2312,SPATS2,DDX60,HPS5,CCR2,TTC31,ZNF783,OAF,ITGAE
2313,SYNJ1,NAA30,PDPR,DCLRE1C,GTF2I,ATXN3,LINC00493,SBNO1
2314,TOPORS,RP11-298J20.3,TMEM161B-AS1,FN3KRP,EIF2D,NDRG1,TP53BP2,BHLHE40
2315,BEX5,TBC1D17,RP11-317N8.5,AGPAT3,DNASE1,RNF4,COA6,CIAPIN1
2316,METTL4,ARSG,ZNF181,N4BP1,RP11-10L12.4,ALKBH6,AP1M1,PASK
2317,LINC00944,HPSE,PHF12,FCN1,ZDHHC13,GFM1,LYN,CD63
2318,SPERT,ATP6V1B2,FGD2,CD164,SLC30A1,SEC31A,SLC2A8,CBR1
2319,PCIF1,MDM4,HSPB11,RNASEH2A,C3orf38,GIMAP5,TRIM39,RP11-1094M14.11
2320,ACTR6,ABT1,AC074289.1,HPS6,HSD17B4,RAE1,RP11-140K17.3,FAM105A
2321,ALOX5,TAMM41,SETDB2,BOD1L1,RPS6KA3,ANAPC1,ECI2,NFATC1
2322,SBNO2,EPM2AIP1,EFCAB11,C16orf80,TRAT1,PKD1,MDM2,CDIPT
2323,BBX,RANBP10,FAM86A,ATP6V0A1,DYM,MSL1,UFM1,TES
2324,KRIT1,STK38,HYOU1,HAUS6,RPL17,SIGMAR1,WDR20,C12orf10
2325,RAB13,TIGD1,TRMT10B,C12orf43,PHC3,ZNF575,HUWE1,NIPAL3
2326,PIGU,TDP1,PRIM1,RP11-89K11.1,PSMC2,MAN2B2,CD59,PIH1D1
2327,COX7B,UAP1L1,NFKBIB,PIGG,MED19,SESTD1,COMMD7,TMEM64
2328,ARPC4,WDR48,LDB1,BANF1,PRKDC,PCMTD2,GIMAP1,FNTA
2329,RBM23,NAA35,PLD6,MRPS26,EPHX2,FAM101B,N4BP3,RNF6
2330,RAP1GDS1,RP11-410L14.2,BZRAP1-AS1,PARN,ELAC2,ELAVL1,SMARCC1,TMEM14C
2331,USP9Y,ZBTB44,HERC4,LRIG1,ETFDH,RNF220,AC005076.5,PPP6C
2332,MCOLN1,FBXO21,SMC2,UCK2,CCDC152,LRPAP1,ZFYVE19,AP003068.23
2333,CORO1A,MIS18A,CDK10,PDCD7,SYNGR2,RBBP8,CD151,RP11-94L15.2
2334,ATP6V0E1,IRF4,RDH5,TRAT1,SFXN1,TMEM106B,KAT5,PILRA
2335,DAPK2,COQ4,TTC13,CCDC84,NFKBIL1,RARS,MTF1,SMAP1
2336,UTP14A,NDUFA13,CLK4,C15orf41,CBX4,CTDP1,GLRX2,CDKN1B
2337,RP11-390E23.6,BRD3,VEZF1,NAA25,UBE2V2,NFE2L2,NGFRAP1,OSER1-AS1
2338,SETD2,TRIO,CLEC4A,FLOT2,SLC35B4,RP11-455F5.5,ATG4B,RNF144B
2339,RRP12,PWWP2A,CDK2AP1,NUP210,FAM134C,U91328.19,ATF1,NME4
2340,TMF1,EVA1B,RNF10,STAT4,BLCAP,CASP10,PTK2B,GMIP
2341,AC093673.5,MRPS18A,GLYCTK,CEP250,MRPL48,EIF1AX,RNF20,CREM
2342,ITK,SBF1,CTD-2037K23.2,CPPED1,C1orf86,PRKCE,TMEM106A,TTC7A
2343,ORMDL1,WDYHV1,PDXK,CHGB,PHTF2,CCNT1,UBE2J1,CANT1
2344,ABHD16A,CLINT1,CCDC93,SLC25A20,AHSA2,PDXK,NDEL1,CCDC109B
2345,MRPL54,PHF20L1,PSMD6,HARS2,SPG20,NOL9,LY86,IFI44L
2346,SMAP1,KIAA0586,CCAR2,SLC39A7,BAALC,COPS7B,MOB1B,SRSF1
2347,CCDC7,ATP5G1,ZNF622,CACTIN,TSPAN14,ADAM17,C2orf76,MOSPD3
2348,SUV420H2,LIN7B,FAM134A,HLTF,XRCC6,PPP2R5E,MED8,RFC2
2349,CDC34,PICALM,INTS1,PRMT5,TTC5,ITPA,LRRC41,HLA-F
2350,DGKA,SKP1,SCAMP2,HEATR2,RTN4,KLF12,RAB11FIP1,PEPD
2351,PPCDC,EBNA1BP2,SS18,ANTXR2,PIKFYVE,SNX14,SMYD2,NUB1
2352,CENPC,BAG4,FAM63B,IRS2,RNF216,ACOT2,ENTPD4,SPSB2
2353,FAM188A,FAM104A,AMN1,USP34,CRTC3,CDKN2AIPNL,TBL2,PSMC6
2354,C6orf211,SRF,FIGNL1,LIPT1,NLRC5,ZMYM5,NSUN3,SIGLEC10
2355,GABPA,OSBPL3,DENND6B,APEH,TNRC6B,LAPTM4A,POLE3,POLR2C
2356,RALGPS1,FAM168A,ZNF43,PITPNM1,DDT,PIM3,CPED1,PTPN11
2357,TP53BP1,NIPSNAP3A,AVL9,KDM2B,ZNF226,PDS5B,MPLKIP,ACYP2
2358,RNF135,LIMD1,PPP1R15B,MBD4,PACSIN1,SYNE1,SH2B1,CHMP4A
2359,MAPKAPK5,BLVRA,KCTD6,CSNK1G2,GPX7,ZRSR1,RAD50,TRAPPC12
2360,SMIM1,ZYG11B,C9orf72,C10orf2,SYNE1,NADK,CDH23,TSPAN14
2361,HIST1H1E,FAM219A,TUBB1,S100PBP,ZNF566,PIF1,LAPTM4A,MRP63
2362,TMED7,PEX14,GSAP,WSB1,TTLL3,YIF1A,TLE4,ANKRD13A
2363,CLEC17A,KLK1,CDKAL1,REPS1,MB21D1,DENND1A,LSM3,WDR26
2364,SPSB2,C11orf31,PHKA2,SERPINB9,NBPF10,SLC10A3,ATF4,UCHL3
2365,PAPSS1,PNP,CTU1,GAS7,RNASEH2C,RP11-109G23.3,RALGAPB,ETS2
2366,CCDC122,ZNF280C,OSTM1,SWSAP1,ST8SIA4,LINC00649,RP11-499P20.2,SRI
2367,ANKRD28,IKZF1,ACAT2,UHRF1BP1L,PER3,POLD3,WDR3,LYST
2368,GFOD2,PPP3CA,USP40,BLOC1S3,PTPLAD1,HNRNPL,CTNNBIP1,RNF185
2369,GALM,ATPAF2,PLCE1,JPX,ZNF880,C10orf76,NCOA7,MRPL32
2370,COX18,ALDH6A1,CDCA4,DPP4,FNDC3B,CMTM2,GLTP,AGPAT2
2371,INVS,IGBP1,SPTSSA,RP3-477O4.14,FXYD7,HAPLN3,SIRPA,FIS1
2372,SMARCD3,CTB-133G6.1,COG5,CDK5RAP1,TOMM40L,ZNF337-AS1,EFHC1,ATL3
2373,C7orf55-LUC7L2,TSC22D2,ZNF439,JADE1,AIDA,ANXA7,BRE,SMIM13
2374,CLCN7,MAP3K6,BDH2,RHBDD3,FAM168A,PDS5A,CCDC112,CLASP1
2375,DHX34,C17orf80,PTTG1,PIFO,TUBGCP6,RP11-277B15.3,C1orf86,SDR39U1
2376,PODXL2,NBPF14,IDH1,ENTPD1-AS1,RP11-254F7.2,ALG3,OGDH,ERH
2377,RBM28,RBM12,C1orf86,DYNLT1,USP33,KB-1507C5.4,STK17B,NAGK
2378,FAM69A,ZNF563,CNOT4,FBLN5,SRFBP1,STEAP3,PRMT10,NAE1
2379,PLEKHA8,P2RX5-TAX1BP3,STRADB,DUSP16,ASAP1,TEX10,TBCE,PEX26
2380,RP11-379K17.12,TACC3,PHF21A,TAMM41,BAG5,HDAC10,DAXX,SERPINB9
2381,ARID1A,FOXJ3,RPH3AL,SRPK2,CHMP1B,GNL3,COX5B,TOMM40
2382,RP11-798M19.6,ZNF43,EIF2AK3,CCDC14,BCL2,DNAJB2,MGAT4B,SEP15
2383,TSPAN31,DENND4B,TBC1D5,BIRC5,ENGASE,PROSC,SAE1,ZFYVE19
2384,C3orf62,CNPPD1,TP73-AS1,MIS12,ZNF254,PRKCA,EXOSC5,SNX20
2385,SIGIRR,DCUN1D5,CLP1,TYMS,SERTAD2,SOGA1,ELK4,COPS3
2386,TNRC6A,SACM1L,RIT1,MAP6D1,CCDC77,GTF2F2,IGFBP7,UNC119
2387,RNU12,METTL14,RP11-498P14.5,ZNHIT6,E4F1,THOC5,HECA,LILRB1
2388,SLC7A6,RMND5A,ADAM8,PLD2,ZMIZ1,SEC16A,CORO1A,PICALM
2389,RAB2B,MRS2,DCTN5,ZNF410,RORA,TP53TG1,GTSF1,RAB1B
2390,HCG27,TBC1D2,CBLL1,PRR24,ITGAX,LMBR1L,CNOT3,MEF2C
2391,SLC9B1,UTP20,USP27X,LARP1B,IKBKB,ZNF839,HAVCR2,POLR2M
2392,RMDN3,ANKRD11,PRC1,AC069363.1,RNMTL1,EXOC1,CES4A,VAMP7
2393,RWDD1,RP11-65J3.1,ZNF418,BRD4,HSPA6,MCCC2,SYNCRIP,CLCN3
2394,TMCO6,NOLC1,ZNF41,L3MBTL4,CDYL,RP11-611L7.1,SLC39A7,CLN3-1
2395,TUBD1,C1orf213,RP11-111M22.2,AC104820.2,NAA40,FAM173A,POLR3E,C6orf136
2396,HIP1R,NUP210,STAT3,ACTR3B,GTF2F1,NUMA1,HIVEP3,COX17
2397,MACROD1,NDUFAF4,TOP1MT,SEC24D,IL18RAP,ATRX,CHD7,SFT2D1
2398,ANKRD13D,CPSF3L,NFRKB,SNAP29,PLK3,KCMF1,PYROXD1,RAB5A
2399,NT5E,MPHOSPH6,AK8,FAM174A,FAM120AOS,MFSD2B,FAM129A,EMC8
2400,CCNB1,TET2,CAB39L,GTF2H3,SDF2L1,CES1,ANKFY1,RICTOR
2401,KYNU,GTF2H2C,BRCC3,GSTT1,NGDN,C19orf73,SP2,CPVL
2402,BBC3,RNF10,ZNF7,LRIG2,HERC3,CHN1,RHBDF2,FADD
2403,KIAA1109,TBC1D2B,LARGE,CEP152,SDCCAG8,SYTL3,NTAN1,UCHL5
2404,CCDC137,SNX29P2,OAZ2,FOXK2,TRMT61A,ZNF12,GTF2IRD2,CALU
2405,GALNT6,RFC1,LIMS2,BCKDK,FBXL18,RP11-849F2.7,CMC1,GGA3
2406,DGCR2,AMPD2,AC012358.8,ZNF638,PABPN1,KRTCAP2,IRF9,PPIP5K2
2407,AP2A2,EPB41,RP11-58E21.3,MAN1A1,LRRCC1,CAMSAP2,TUT1,BLOC1S2
2408,FLVCR1-AS1,TRAF3,TBC1D24,ZNF783,PPM1F,USE1,ACN9,POLR3C
2409,H2AFV,DPYSL2,PEA15,XRN1,CHD8,ZNF263,ACOT13,FAM204A
2410,EIF2D,NABP2,USP36,CNRIP1,ABHD14A,ATF7IP,APOL2,DPY30
2411,VILL,THUMPD1,DYNLL1,MTPN,TXLNG,VIPAS39,TMEM53,RAB33A
2412,FLJ27365,PPOX,CYB5R3,PHLDA1,UCKL1,RCOR3,ARL2,CDC5L
2413,MTX2,NMNAT3,SNRPN,DHRS1,TMEM87A,URI1,ZNF780A,CDC16
2414,DPEP2,WDFY2,FAM214A,CSRP1,YEATS4,RNASEH2B,LINC00324,CSPP1
2415,DCP1B,TMEM87B,PATL1,C12orf65,RELB,TNFSF13,DDX23,RFK
2416,TMEM160,ZNF518B,REV3L,AIMP2,PECR,ANGEL1,MLX,ST3GAL1
2417,FAM168A,GNS,SMG9,MRPS28,KMT2E,RARA,SESN1,LRR1
2418,CCDC6,GGCX,ZNF480,C5AR1,C1GALT1C1,SEC22C,HPS5,SMAP2
2419,CERS5,SNX1,REPIN1,KIAA1671,KCTD11,TOMM34,SEZ6L,SPCS1
2420,PTPLAD2,U2SURP,HUS1,RASSF1,MAP1LC3B2,TMEM138,CHD9,PPT1
2421,ZFYVE27,TUBGCP3,KCNAB2,AC006369.2,CRAT,MFSD7,PSMG2,TNIK
2422,TOMM70A,TSFM,UBE3C,MIB2,SMG7,RP11-353N4.4,RP5-1125A11.1,AP1M1
2423,CHCHD1,PPCS,RP11-661A12.7,FAM8A1,PRR4,ETS2,CWC22,TREX1
2424,RP11-611E13.2,NDUFC1,UBQLN2,CEP85L,SRBD1,RGS3,FAM211A,CDC6
2425,EMB,PVRL1,PIK3CG,ARFGAP1,MYO6,TTBK2,LOH12CR1,MCM10
2426,UBQLN4,GPR141,RP11-102N12.3,TSPAN17,SDE2,ARMCX4,ASPHD2,FOXM1
2427,RUSC1,ZNF384,DNM3,SLC25A53,ZFYVE27,SH3TC1,FOSL2,UCHL1
2428,TMEM69,IQSEC2,PLEKHM2,MVB12B,GALM,FAM134C,GNB4,PKMYT1
2429,LIG1,OCIAD1,PARP15,TM2D3,BAZ2A,MTA2,RAD54L2,ESCO2
2430,AC093323.3,XKR6,CHD7,GLG1,C12orf73,HINT3,CAT,GPR61
2431,ANKRD10,RP11-463J10.3,C21orf49,SBK1,BCL2A1,RP11-5C23.1,HINT3,AC015971.2
2432,LENG8,JMJD4,UNC93B1,C3orf33,EIF1AD,GPATCH2L,NT5C2,ZNF625
2433,ADH5,C17orf75,C11orf83,SRCAP,PMPCA,REC8,NSRP1,DNAJC9-AS1
2434,BPTF,CDC37L1,SNAI3-AS1,VPS51,SLC35A2,GPR108,FAM96A,AC004540.4
2435,CYP2R1,TRUB2,FNBP4,LENG9,FAM208A,AP003733.1,DENND1A,RP3-466P17.1
2436,ATXN7L1,GANC,TRIM23,YTHDF3-AS1,RPA3-AS1,HSPA4,MAN1B1,CCDC3
2437,ARFIP2,AFTPH,TMEM261,GTF3C1,LCMT1,AURKAIP1,NT5C,RP11-531A24.5
2438,PIAS4,PKP4,MAP1LC3B,MAP9,ANKRD35,FAM86A,ATXN1,RBL1-1
2439,NDUFS7,PSMD2,FGD3,NSUN6,USP16,RAD51C,TWF1,OSR2
2440,GPRIN3,TCP11L2,NAA35,RHOT2,SUCLA2,NFYB,DTD1,CTD-2541M15.4
2441,LINC00938,PPFIA1,RAB30,GNAO1,DUS1L,NIT1,DENND6B,SKA1
2442,TPM3,HSD11B1L,PATL2,ENTHD2,SC5D,SLC35A5,CHCHD10,SHCBP1
2443,RP11-108M9.4,DNAH6,RAB30-AS1,HEBP2,PLA2G6,INPP4B,ATRX,C1orf61
2444,CCDC101,TMEM256-PLSCR3,DLEU1,MECP2,GTF2B,DOCK11,TXNDC5,GPR125
2445,S1PR1,CCNF,CD70,CRYZ,RANBP1,PLA2G7,TBC1D7,NIPAL1
2446,CDK6,PRRC1,POLE3,BLVRB,RP11-63P12.6,SLC1A4,RELT,RP4-684O24.5
2447,DUSP18,KIF16B,DARS,NPL,GPATCH2L,PAQR3,THOC3,ZGPAT
2448,RP11-298J20.3,INPP5K,FAM46A,ATF7,SIRT5,PPM1F,THYN1,ADIRF
2449,HAPLN3,RP11-1299A16.3,UBXN2B,DTWD1,RAB5A,LGALS8-AS1,ZHX1,RASIP1
2450,COPS4,ZNF775,RTCA,UTS2,SRSF11,PPP2R5D,SRPRB,RP11-347C12.1
2451,ATP11B,RAB3A,CTSL,RNF144A,FAM76B,IMMT,ARMC2,PAPL
2452,SLC16A7,CBX4,SCAF11,STAT2,COA1,C3orf58,KDM5C,KIF18A
2453,ESYT2,CHTF18,ENTPD1,RAD18,ATXN7L1,RIPK3,ARRB2,SAPCD2
2454,PPP6R2,CTD-3088G3.8,STK38,ADH5,IRF2BPL,CDC73,ELAC1,RP4-798A10.7
2455,VPS37B,CPT2,RP11-219B4.7,CD70,PTCD1,ZZZ3,HYI,AL590822.2
2456,PLA2G6,BMF,RBL1,CPD,SH3PXD2A,ITPKB,FAM122A,RP5-1142A6.2
2457,TMEM161A,DNMBP,NFAT5,SARS2,WDR70,AP000769.1,SEC23B,CELSR3
2458,CARD16,GIMAP8,FAM126A,SARM1,CTD-2302E22.4,CNRIP1,SMCO4,RP11-138P22.1
2459,TXLNG,SSH1,SIDT1,NAT10,FLII,DUSP18,ATPAF2,AF127936.7
2460,ANKRD13C,OSGIN2,C12orf76,KIF21A,UGDH,POLK,UBE2E2,RP11-314O13.1
2461,RANBP6,CAT,C4orf3,FAM129A,NFATC3,CCL3L3,TMEM214,RAB15
2462,HOXB2,AC131097.3,TMEM106C,SH2D1A,MRPS23,HK2,DPH7,SLC12A5
2463,ATP11C,CTDSP1,ZNF701,LETM1,NDEL1,SIPA1L3,CBX5,PLIN5
2464,EXOC3,ZNF37A,TTC9C,LATS1,NDUFB6,SIN3B,B3GALT6,ARHGEF10
2465,PSMD2,NSFL1C,DDX60,C11orf57,KRIT1,GPALPP1,BCAS4,CTC-459I6.1
2466,EIF3A,ALKBH2,ZNF296,EDC4,SPECC1,POM121,ST3GAL6,DHDH
2467,XPC,MEAF6,LINC01013,DCBLD1,C19orf35,HEATR3,VPS72,TRIM60
2468,SLC9A9,EXOC8,DYNC1LI1,KHK,TMEM38B,AC084018.1,IARS,PSMA8
2469,KRT18,KIF13A,RP11-493L12.4,TMX4,CACUL1,FEN1,TYW3,OPLAH
2470,FAM127A,ANKRD27,ETFDH,STYXL1,NSA2,ATP13A1,LINC00528,RASAL1
2471,COQ5,UAP1,VAPB,IWS1,GTF3C5,CD99L2,ZNF251,RP11-264L1.4
2472,CMPK2,PTPN11,ATP1A3,AP001055.6,CREB3L4,FBXO28,ID3,ZNF724P
2473,CCDC22,RAP2C,ERO1L,LYAR,ESD,HDDC3,ZMYM3,KIF9-AS1
2474,CLEC16A,AC073283.7,RMDN1,TLCD1,CSNK1G3,RP11-420G6.4,LZTFL1,SEMA4G
2475,SLC36A4,ZNF641,LARP4,RNF212,GLCCI1,MAP2K2,STX3,COL4A4
2476,CACNA1C-AS2,PCNX,AP4M1,ZNF337-AS1,MCTP2,B9D2,ATP9B,GTF2IRD1
2477,RIT1,CDC16,LINC00996,IL8,EHD4,B3GALT6,ARHGAP27,LOXL2
2478,INSIG1,ACOX3,KBTBD3,FBXO44,TRMT2A,ASGR2,TMEM150A,RP4-784A16.5
2479,WDR18,BCL2L13,NOTCH2,FOXK1,RAB11B-AS1,ADRBK2,SIAH2,ZNF709
2480,RP11-950C14.3,SYK,MIER3,RPS27L,NSUN3,HMGN3-AS1,CMAS,AASS
2481,LIN37,CSNK1G2,FAM185A,TCF12,MALT1,PRR14L,RBM15B,TRIM31
2482,DESI1,NDC80,MSH2,RSRC1,ULK3,ADCK4,MAP1LC3B,VPREB1
2483,DNPEP,APOBEC3F,TPI1,FUCA2,KDM6B,CTD-2267D19.2,UPF3B,RP11-305K5.1
2484,RP11-127B20.3,CABLES2,VPS35,C5orf63,CAPN2,RNF38,TMEM179B,RP4-583P15.15
2485,DPH7,ZFR,SEMA4D,E2F6,TFAM,AKAP17A,CD1E,RP11-56G10.2
2486,DUSP12,CA13,F8A1,AC004951.6,C7orf60,MALSU1,PDHX,CABLES1
2487,PCNX,PAPOLA,ESD,TRAPPC2,MCM8,USP33,AC010883.5,RP11-6F2.5
2488,C16orf80,RP11-448A19.1,EBP,HMGB1,PDCL,LETM2,LINC-PINT,SCARA5
2489,GDI1,ILVBL,DALRD3,MEF2A,PDCD6IP,NOTCH2,CEP41,RP11-532F12.5
2490,DNAJC8,MINK1,TCTN1,CLCN6,UBE2G1,FBXL15,MAPRE2,NUPR1L
2491,MDM1,PCBP1-AS1,SNHG8,POM121,NDFIP2,MFSD5,AIM1,DOCK4
2492,CCNT2-AS1,WDR45,CEP57,INSIG1,SLC3A2,GGA2,ACAP3,SOX12
2493,MARS,LYNX1,MAP2K2,PLBD1,MCUR1,SIK3,TGDS,ATP8A2
2494,PRIM2,PTPLB,POR,SASS6,MIR22HG,NEK6,NDUFAF3,RP11-260M2.1
2495,MRPL19,GPR137B,IER3IP1-1,LIPA,MED10,DBR1,KIAA0907,CECR6
2496,GPM6A,FAM91A1,SLC2A1,ANKHD1,ATP6AP1,FAM114A2,GOT2,RP3-486I3.7
2497,ESF1,PTBP2,MRM1,NCKAP5L,RRBP1,TTC16,RAB39B,KB-1507C5.4
2498,ABCG1,DHX57,VWA8,DMKN,TMEM60,C9orf72,GIPC1,RP11-661A12.12
2499,NPDC1,SELPLG,FANCE,SLC35B2,OSBPL2,CLN8,EEF1E1,RNF222
2500,PFAS,RFESD,AKT3,CEP78,SMCO4,TTC14,WDR74,ZNF280B
2501,KIAA0355,NFIL3,BTN3A1,NCOA1,DYNLT1,TRAPPC1,FADS3,SUN3
2502,FAM122C,SMIM12,DNPH1,AGPAT4,RNF121,CCM2,SPNS1,KLB
2503,RP11-138A9.2,TMEM91,RALA,RASAL3,RHBDF2,AC093818.1,NSL1,RP11-10C24.1
2504,TATDN2,HIBADH,POLG,ZSCAN32,RRP8,WDFY1,FNBP1,MOK
2505,PLCL2,POMK,MS4A7,EXT2,NICN1,ATF4,RCC2,DLG5
2506,CCND3,ABAT,SMIM7,RANGAP1,SNIP1,TIMM44,TAF1C,PTRF
2507,TCEAL4,PPM1L,ASNA1,MED24,NRDE2,EIF2B5,CHST12,MAP1B
2508,NAPA,CBWD6,TMEM218,RPRD2,ETV2,AC069363.1,CCDC59,FGF14-AS2
2509,LCP2,BCKDK,SLC7A7,IFT27,SRP54,NOTCH4,C6orf47,AC137934.1
2510,RBM27,AHSA2,ZXDA,HIST1H4H,RNF113A,PDGFD,RP11-169D4.2,RP11-429E11.3
2511,AP001372.2,NIF3L1,PRDM2,SCNM1,PYROXD1,NUP153,ACAP2,AC004540.5
2512,BTAF1,EVI5,TM2D2,DTNB,RNASEL,CAPZA1,MFSD8,FNBP1L
2513,FXYD1,DNAJC14,INTS9,DBF4,UBBP4,RP11-799D4.4,IL18BP,ZNF252P-AS1
2514,TRMT5,ZNF207,PRAM1,ATL3,AC018816.3,GSPT1,ARMC5,CACNA1C
2515,CCRL2,MBIP,TSSC4,KCTD2,ANKRA2,ITGA3,RPIA,MYO10
2516,TRIM11,ALG12,CAPN12,FECH,FAM50B,FCGR3B,PIN4,ZACN
2517,TNKS2,RIPK2,ZNF273,SMARCA5-AS1,ABCD1,ATXN10,IFT27,RP4-548D19.3
2518,PWP2,ZNF589,HAUS6,MINPP1,IST1,TRIP11,DUT,WNT2B
2519,KHSRP,ANAPC2,RWDD2A,REEP3,VDAC3,ENG,CMTR1,RP11-458D21.6
2520,SAP18,TLR2,EIF2B2,TTN,RP11-355B11.2,ATMIN,TBC1D23,MEX3B
2521,ZNF451,MACF1,FXR1,MYC,DNAJC8,SLC37A4,GTPBP4,AVEN
2522,NBPF10,ATF7IP2,RCL1,ACADSB,ZNF426,FUT7,POP5,RP11-1079K10.4
2523,C10orf88,TWF1,TTC19,FAM169A,ITGB2-AS1,SIN3A,FLT3,C9orf24
2524,RP11-326C3.11,LINC00528,ODF2L,BRD2,TYSND1,ARL3,CDH1,ZBTB8A
2525,DNAH1,PPP1R3F,RFC2,LINC-PINT,SLC38A10,IFI35,BCL2L12,SLC23A3
2526,NCALD,NR2C2,MPPE1,FAM71D,SIPA1,DNAJC1,SS18,QRICH2
2527,SAE1,TMEM127,SGK1,LY6G5C,HAT1,CCDC41,FUBP3,TRIM54
2528,TNFAIP1,PIK3C2A,LEPROT,IDS,GIGYF2,HSPB11,UBE2V1,AC137932.1
2529,ATP5B,MARC1,LTBP4,NBN,MAN1A2,GDPD5,CDK4,RP11-361D15.2
2530,NUDT7,CPT1B,TDRD7,GLMN,SAP130,BRD7,ANKRD17,RP3-477O4.16
2531,C4orf29,TAF4,FAM46C,ZNF425,LILRB2,DCAF6,MVB12A,RP11-265P11.2
2532,GCC2,VDR,RP11-876N24.4,C17orf75,SCLT1,CCDC9,FAM50A,RUNDC3B
2533,SMG9,HMCES,TRAP1,TRPC4AP,VPS26A,SNX8,CDKN1A,PLA2G1B
2534,REM2,PCMT1,CYB5R1,CHCHD6,MRPS10,CD58,FLOT2,RP11-317J10.2
2535,ANKRD36,PRKAB1,AC013264.2,ASUN,ASH1L,RARRES3,RP9,ZNF396
2536,INTS8,AC093495.4,CTB-55O6.12,ZNF708,SPRYD7,LY6G5C,BOLA1,C1orf204
2537,AARS,HOXB4,MVD,AC005076.5,TK1,ARRB1,NRBP1,FGF9
2538,MAST4,HMGXB4,ARMC7,POLK,ARL6IP6,ARSA,RNF166,FRMPD3
2539,SNRPD1,ZBTB20,ATF7IP,IQCB1,C2CD3,PSEN1,PPARA,PRDM10
2540,RP11-211G3.2,NOL10,PLOD3,ZC3H11A,MUC12,SUMF2,IFT172,RP11-540O11.6
2541,USP39,SARS2,CCDC174,NUDT4,SPATA41,MEF2D,NFYB,CRHBP
2542,FAM63A,LINC00909,SLC25A53,CORO7,SFXN4,NUDT5,VPS13C,ALDH4A1
2543,RP11-344P13.6,AP006621.5,CTC-378H22.2,GNB2,SNRPG,IPO7,AXL,LIG4
2544,RAD51D,PIAS3,P2RY14,LZTR1,PDZD4,RP11-403I13.8,GRK5,COL17A1
2545,SDR42E1,TFRC,MBNL1,KXD1,CYB5R3,ZMYM4,SRP72,GNA11
2546,MARCH8,AC040977.1,TMEM251,CHST11,POLR1C,COMMD10,SLC52A2,DPEP3
2547,INO80B,ASCC3,RBM18,ABCB1,SNAPIN,DAG1,HSF1,YY2
2548,DDX26B,RPS27,SESN1,FBXL16,TMEM8A,NOL6,DTD2,RP11-46J23.1
2549,LINC01136,C16orf52,RNF187,HMCES,ARHGEF6,RAPGEF2,IFIH1,CTA-407F11.8
2550,DEK,SVIL,AEBP1,MTOR,CXorf56,PRIM2,DGKZ,RP11-417F21.1
2551,IGFBP6,TMEM116,GBE1,TAF1C,ITGB7,DCUN1D4,RILP,PARK2
2552,FNIP2,CHD1L,RP11-629O1.2,CHD3,CD5,LENG1,OAZ2,C19orf77
2553,NFYC,NACA2,FRA10AC1,LINC00657,BRMS1L,TCAIM,ABR,LRP5
2554,NAALADL1,ANKRD37,CUX1,ADAL,SHOC2,FAM160B1,SLC35F5,C4orf47
2555,LENG1,RP11-158I9.5,ZC3H10,GAA,PRKACA,MICB,NEDD1,ANKHD1-EIF4EBP3
2556,DYRK2,YLPM1,TMEM223,GOLGA7B,PHC1,SYNGR1,PCGF3,LA16c-358B7.3
2557,CDAN1,PITPNC1,BCL2L11,ARNTL,MTHFS,CHKB-AS1,PKN1,RP11-477N3.1
2558,TAF6,ATG5,C4orf47,HBS1L,FBXO31,ERLIN2,CD180,LRRC37A2
2559,DNAJB12,ADIPOR2,NUMB,RASSF7,LPAR6,JTB,NFRKB,TMEM254-AS1
2560,RP11-474G23.2,HIATL1,NTAN1,MYO1F,CXorf24,APOM,LIN52,RP11-849F2.7
2561,PSD,TAGAP,FARS2,ATG16L1,PPP2R5D,RP11-304L19.5,ST14,AP003068.9
2562,R3HDM4,ZER1,FBXL15,SS18L2,ZC3H18,SEC24A,M6PR,ANKRD31
2563,TMEM242,IRAK1,RABL5,ARPC4,ACOT8,CTD-3154N5.1,MYO9A,KLHL23
2564,KIAA1147,GLMN,ERCC3,HDAC8,HOMEZ,DCAF8,MDP1,RP11-212I21.4
2565,TTC27,AP001053.11,ASB6,AC104532.4,WDR54,HPRT1,KPNA3,RP1-151F17.1
2566,ALG10,MGAT4B,SIKE1,RALGAPB,GPM6B,ATG4A,UBE4A,RP11-403A21.1
2567,BCL9L,TBC1D9B,RFXAP,FDFT1,TTLL12,APOL2,DST,FAM47E
2568,HHLA3,HSF1,RP11-862L9.3,PPIL4,PRPF18,SYT17,NEIL1,KTN1-AS1
2569,IKBKAP,CAAP1,B9D2,AP1S3,SLC25A33,RP11-936I5.1,ATF7,PKN3
2570,TXNRD2,CCDC126,LYRM4,HIATL1,DPF2,MAN2A1,MOB4,CTD-2532N20.1
2571,FAM107B,NUP37,VAV3-AS1,M6PR,NSMCE4A,ITPRIP,HLX,RP11-362F19.3
2572,UHRF2,IL1RAP,MAPK3,ADARB1,EAF2,HMGXB3,ASF1A,C15orf52
2573,DXO,ZNF777,HOMER1,PPP4C,UMPS,UROS,FAM76A,LINC00865
2574,CCDC30,GSE1,GYPC,CXorf24,RABL5,YRDC,C11orf54,RP11-206L10.9
2575,C19orf55,TIMP2,MAP2K7,LUZP1,SNAPC5,YIPF5,ELP3,FAM228A
2576,SNUPN,KIAA1467,ZXDC,SLC4A2,YARS,SCGB1C1,UBE3C,SLC10A1
2577,AMDHD2,SPTLC1,ICOSLG,TM7SF3,TMED7,DPH7,ZNF480,AC008174.3
2578,FUOM,FBRSL1,TMEM19,KIF19,CDK5RAP2,YTHDF3,MAN2B2,AC099850.1
2579,LCLAT1,HES1,MAGED1,NCAPH,RAB1B,ZNF280D,ARMCX1,PODN
2580,ZBTB41,POLM,C12orf79,RPL39,DERL3,TAF11,PRKD2,ZNF208
2581,TUBB4B,TMEM44-AS1,KDM4C,NUP85,RGS9,WDR37,IL16,CTB-113P19.5
2582,CHPF2,TRIM52-AS1,FADS3,CPVL,ELMSAN1,ZNF792,SERTAD1,TMPRSS3
2583,CMC4,CHD9,ANKRD17,TAF2,AHSA1,TRERF1,ASL,RP11-707M3.3
2584,ZFP90,ALG14,NUDCD1,LL21NC02-1C16.2,NT5C2,FOXN3,TOMM34,GCNT4
2585,FAM160A2,TBL1X,SKAP2,MCF2L-AS1,TNFAIP8,EFCAB4B,LMBR1L,RP6-206I17.1
2586,USP53,NOC3L,GM2A,NAAA,HMG20B,LASP1,IFI27,RP11-305L7.7
2587,SLC39A4,CTSO,PPP2R1A,CHIC1,PPA2,KIAA1468,RP11-467D6.1,KLHL29
2588,DDI2,IMMP1L,SNN,CHD2,FUT4,IRF2BP1,RP11-156E8.1,RP11-252C15.1
2589,CTC-301O7.4,WIPF2,MT1X,TIMM44,DPEP2,U2SURP,MTMR1,RP11-33O4.1
2590,C4orf3,TNNI2,MRPS28,TMEM191C,DUS4L,GOSR2,ZMYM5,SGPP2
2591,MIS18A,JMY,ZNF146,FPGS,RP11-78A19.3,DPEP2,CCT6A,TMEM63C
2592,PRRC2A,NUSAP1,ZNF770,FANCF,BTBD6,NEK4,HNRNPU,FBXL22
2593,ZFY,HYAL3,SYNRG,ZNF595,ABHD8,PXN-AS1,TMIGD2,RP11-513M16.7
2594,ASAH1,TMX2,PSKH1,HADHB,PHAX,IMPAD1,LTB4R,PDE5A
2595,BRCC3,KIF1C,ST6GAL1,RABGAP1L,TM6SF1,CDV3,MOB3B,RP11-279O9.4
2596,ABHD12,MPI,FAM169A,BZRAP1,GPR137B,UTP23,GTF2H5,CTD-2054N24.2
2597,FAF2,BECN1,TRIM14,LIMK1,APC,INPP4A,C21orf119,CTB-47B11.3
2598,AFAP1L2,RP11-533E19.7,OXT,ASNSD1,KIFAP3,ACBD6,MAPK9,GPM6A
2599,HOTAIRM1,EFCAB2,C1orf174,TCTN2,RP11-326C3.15,CHST7,FANCA,EFEMP2
2600,ALDH3A2,RP11-372K14.2,CCR7,MDP1,LTA,TCP1,ATL2,IL12A
2601,AGO3,PIAS4,FAM50B,PEMT,SKI,TMEM63A,RP11-85F14.5,RP11-95P2.1
2602,APIP,PDE7A,SLC24A1,IMP3,THBS1,EEA1,ASRGL1,NEB
2603,KMT2D,TMEM185A,CLN6,SRPK1,C16orf52,ZC3HC1,NME4,LGALS8-AS1
2604,SSR1,ZNF230,PPM1B,LIPE-AS1,CENPP,PAPSS1,SH2D1B,ZNF219
2605,KLRK1,RP11-727F15.9,TMEM214,ME1,NRF1,ARHGAP29,TCEAL3,TIMD4
2606,TMEM150A,CHST11,ATP6V1G1,MCPH1,RNF7,RP11-820I16.4,BIN2,RP11-362K14.6
2607,HAUS3,CFH,ABHD10,UBE4B,HIRIP3,DDRGK1,HOMEZ,BRSK1
2608,CHCHD3,UPRT,TMX2,ECHDC2,P2RY8,S100PBP,PSMD10,RP11-624C23.1
2609,TBL2,CALCOCO1,G2E3,CCS,FAM76A,NME6,GAPVD1,RP11-498C9.2
2610,AC083843.2,PI4K2B,FAM19A1,TNFRSF14,UBR2,R3HDM4,ATAD2B,CTC-507E2.1
2611,PCBD1,EDEM1,ZBTB44,MRPS17-1,IMMP1L,MTFMT,SNHG12,GPR157
2612,RBM33,AGO1,ARL2,ZNF222,PCMTD2,NCAPD3,LINC01004,C4BPB
2613,DDX6,LRRC14,ATP11A,CAMKK2,THAP3,PHF12,RBM4B,CRIP1-1
2614,MCCC1,ZNF585B,CBLN3,RP11-713P17.3,AVL9,CCDC104,DUSP3,RP11-793H13.10
2615,GSTM4,TMEM64,PCCB,TK1,WDR83,MEMO1,SLC25A4,RP11-111J6.2
2616,COQ10B,PFKFB4,SPTBN1,TPGS2,AREG,SUSD1,AGO3,TMEM238
2617,FANK1,CTD-2302E22.4,RP11-473I1.5,NOA1,TRIM69,UBR4,ATG16L2,KRT8
2618,FAAH2,REXO4,INIP,ZNF286A,PLCG1,ZNF487,PURB,RP11-774O3.3
2619,CECR1,DGCR2,MFN1,RP11-141B14.1,PROCA1,C16orf91,RPE,SLFNL1
2620,FAM104B,CES4A,URB1,ZCCHC9,SMAGP,TATDN1,GPX4,TCEAL2
2621,PIP5K1B,PPIL4,QPCT,HIC1,GCC1,DHODH,SECTM1,CNKSR1
2622,ZMYM3,CERS4,CWF19L2,NUFIP1,ETV5,TAF1,NISCH,UBXN10
2623,GSTM2,NUDT14,PELI2,TRAPPC12,RP11-385D13.3,TMEM150A,GGCX,BTBD19
2624,PDDC1,INTS6-AS1,BPNT1,AC016683.5,TBC1D19,FNIP2,AK5,CERKL
2625,CTD-2037K23.2,BRIX1,ADAT1,RP11-22P6.2,ACTR1B,CDC37L1,SEC11A,KRT73
2626,PRELID2,CLTC,MIR940,KCNE3,EPC2,C16orf72,D2HGDH,MINOS1-NBL1
2627,DENND4C,HIST1H4E,DKC1,NUDT16,NDUFAF3,HDHD1,WDR55,ADAMTSL5
2628,NARF,PRMT5,BRI3BP,GMPS,RP11-1017G21.5,LRRC7,GHRL,RP11-56B16.4
2629,DNAJB2,AC116366.6,B3GALNT2,VPS13C,AGAP2,TYMP,ZDHHC5,TSC22D4
2630,ERP27,ATG4D,ITPKB,WDR76,DENND5A,NPL,MYLPF,RND1
2631,OAZ1,KCNMA1,PNMA1,KIAA0101,TMEM194B,ZNF420,DEDD,CTD-2085J24.4
2632,PPP3CA,UBE2J1,CLK3,UHMK1,DROSHA,WASF2,RBM26,MYO1B
2633,PIAS3,ATOX1,GIT1,HRASLS2,TEX261,VPS13A,NOL12,ZNF284
2634,C1orf56,TFEC,UTP18,FAM133B,CHID1,FDFT1,ALG1,ABCC6
2635,GOLGA3,TJP2,ACSL3,ZNF692,PLEKHO2,TRAPPC6A,RSRC1,SYCP2
2636,USP3-AS1,FSD1L,MAN2B1,QTRTD1,MARK2,GM2A,FOCAD,TMEM52
2637,SIRPB2,FAM168B,ATG16L1,MEX3C,AP3B1,BOD1L1,GSE1,RP13-131K19.2
2638,PDIA6,GPATCH4,CENPV,NAMPT,LEMD3,CETP,PIGH,RP11-392P7.6
2639,HNRNPAB,PDE4DIP,HIPK3,TRIM56,MAPRE3,ADAM10,NLRP3,ALPL
2640,RP3-475N16.1,MDH1,ARL6IP6,UBR5,ZBTB38,RAMP1,ST3GAL1,AC124944.3
2641,TTBK2,NHLRC3,CACFD1,NSD1,RP11-356I2.4,SPNS3,GMPS,CASC5
2642,WAC-AS1,TMEM223,KPNB1,WDR13,PPP2R3B,SCAP,PDS5B,RASA4B
2643,PRR14,SURF2,HNRNPD,DENND3,NF2,OAS3,PEX11B,PTPRM
2644,NIFK-AS1,CD2AP,PAPSS1,ATP9B,THG1L,NRDE2,SOGA1,AC007285.6
2645,RANBP10,RALGAPA2,GCFC2,RP11-110A12.2,DOHH,CBLB,MED10,GP5
2646,TERF1,NUDT5,CHKB,CUL3,TPCN1,IBA57,TSG101,FRMD4A
2647,OSTM1,ARL8A,FZR1,AACS,ATHL1,RALBP1,ZNF133,ADD2
2648,IRF2,COPS3,RPP40,RP3-467N11.1,CYB561A3,JAK2,ASAP1,CTD-2319I12.2
2649,KLC2,MXI1,UTRN,ELF1,PIP5K1C,RBBP7,TRADD,CTD-2659N19.9
2650,TCIRG1,FAHD1,NAGA,AC016629.8,CTA-292E10.6,RP11-128M1.1,ATP13A2,ARC
2651,TNFAIP2,USP42,KCNN4,TP53,DGCR6,PRPF4B,ZSCAN12,SCARF2
2652,BUD13,RP11-44N11.2,PIGK,PLEKHO2,MRPS22,C5orf30,USP38,RP11-13P5.1
2653,PIK3C2A,PLXNB2,CYB561D1,GSDMB,TTC21B,MEF2A,TRIM13,CELSR1
2654,FLI1,LATS2,PSD4,GID4,ACAP2,BRD8,GLOD4,TMEM262
2655,KNOP1,VASH1,FAM199X,NUDT8,GOLGA3,LRRK2,CHKA,SUGCT
2656,MTR,IL27RA,LPP,WRB,ZNF395,NAB1,FAM35A,AC009950.2
2657,DDX47,EXOC4,AHI1,CRYL1,GPRIN3,CKAP4,ACAD8,RP11-137H2.4
2658,SIDT2,RNF170,PCMTD1,IDH3G,TYMS,TRMT5,ZNF398,C1orf115
2659,RANBP2,ST7L,E2F4,MT1X,CAND1,MBLAC2,TMEM44-AS1,OTUD7A
2660,PIGV,HIF1A,MEPCE,EBLN2,SFT2D1,ATP5L2,CDK2AP2,RP11-930P14.2
2661,GOLGA8A,GSKIP,ZCCHC10,RP5-1068E13.7,ZFY,ZFYVE21,JOSD2,RP11-552D4.1
2662,VKORC1L1,ZNF81,DEAF1,TBC1D24,NUP93,RP3-475N16.1,COX16,RP11-114O18.1
2663,AC009133.14,HSPH1,FAM127A,METRN,COG4,MRTO4,DAPK3,AC007228.5
2664,SF3A3,ULK3,DNTTIP2,SLC43A1,BANP,COIL,TMEM159,GAS2
2665,PPWD1,SCAMP2,C11orf24,C17orf70,HNRNPC,FECH,SSRP1,SV2A
2666,FAM89A,FNBP4,KPNA5,RABGAP1,FSD1,TIMM50,ZNF395,B3GNT9
2667,AMBRA1,SH3GL1,RP11-115C21.2,AKT3,ABHD16A,LIAS,ITFG2,GDPGP1
2668,CCDC112,OAS3,PRPF6,FAM73A,DPM1,BNIP1,RAB7A,AP001610.5
2669,ERCC5,IVD,AIG1,HSD11B1,RARS2,CTU1,MIIP,CEBPA-AS1
2670,ZNF211,JMJD6,XRCC6BP1,THEM6,GPANK1,PCK2,P4HB,FAM132A
2671,C1orf186,SRP54,CCDC141,NOP2,RAF1,TASP1,HIVEP2,BCL2L15
2672,ABI2,ESRRA,ZNF266,GEMIN4,GATA3,TFE3,TTLL5,CD1B
2673,PEX2,CHD3,TRAPPC5,MSH6,ZNF775,TIMELESS,FUZ,C5orf54
2674,FAM201A,CENPP,CHD1,RP11-244H3.4,TIMM8A,CBR1,MRPS27,RP11-764K9.1
2675,ZBTB32,TMEM245,ZC3H11A,CEP104,WBP1,TOB2,CAPS,AC024940.1
2676,PANK3,DMXL1,CTD-2576D5.4,C6orf226,FOXO1,CEP89,DCK,RP11-677M14.7
2677,EIF3M,STUB1,MYO1E,CALM3,C21orf2,ARL5B,PML,FKBP9
2678,NR2F6,DNAJC13,POLR2A,IGFBP4,FOXRED1,AC009506.1,RBM47,SLC16A10
2679,GCNT2,NUDT15,FAM53B,ATMIN,DMKN,ADSSL1,VASH1,PANK1
2680,MAPK8,SMPDL3A,PIGB,NAT1,TCP1,SDHC,MRPL39,AC012074.2
2681,LTBP3,TLR5,DPYSL2,PIEZO1,LINC00925,SLC9A6,PARP10,NPAS2
2682,CTD-3074O7.5,NBPF12,DCAF4,ZFR2,KIAA1598,ZMYM3,PRKAR1A,CTC-550B14.7
2683,CLUH,ANO10,U2SURP,ITGB7,ABCF2,MED6,GALM,RP11-173M1.8
2684,PRSS57,KCNC3,TIGD1,TMEM87B,DUS2,FDPS,NUP37,RP13-131K19.7
2685,RP11-489E7.4,PHACTR4,GPS2,NUBPL,CYP4F35P,PNPLA6,ZC3H11A,RNF157-AS1
2686,ADAM17,FAM120C,ANKRD32,CCDC15,RP11-660L16.2,PHF23,SIRPB1,SRRM5
2687,KLHL3,MMGT1,RPL7L1,SGSM3,C1orf50,MSN,TSPAN3,KLHL25
2688,GNA15,AGA,AAR2,PDCD6IP,CREB1,FLII,SMUG1,AKR1CL1
2689,SPTBN1,BMP2K,DOK7,RBMX,ZNF772,AC137932.6,ZNF224,RP11-23P13.7
2690,ZNF296,ADCK1,MCRS1,GSK3B,ABLIM1,ZNF333,ZDHHC6,USP27X
2691,TSC22D2,RPL35A,UBE2S,RP11-262H14.3,STK17B,TLR8,DYNC1LI2,RNU11
2692,PCED1B,RCAN3,PSIP1,CHCHD3,SNX6,SHISA4,PRPF40A,KIAA1107
2693,TNF,KIAA0196,USP22,FBXL15,ACAD8,HSD17B7,MRPL10,SLC19A2
2694,C19orf66,CDKN2A,TMEM254-AS1,ZNF256,ACSS1,ATP13A2,TRPC4AP,RP4-536B24.3
2695,RP11-46H11.3,ANGEL1,TRRAP,HSPA9,TM7SF2,MLLT11,SUV420H1,SLC45A1
2696,SKIV2L,RNF14,SIPA1L3,GPR65,TMEM14A,RBM23,EFCAB14,SUMO4
2697,BBIP1,DCP1B,PCIF1,G0S2,AC093609.1,CEP104,PPP1CB,RP5-1042K10.10
2698,HIST1H1B,SLC36A4,SLC12A9,TWF1,EXOSC3,NOXA1,ATG4A,SIPA1L2
2699,ZDHHC17,ACER3,DTX2,SPARC,TMEM115,MINPP1,RP11-386G11.5,TVP23A
2700,LRWD1,SAP130,ZNF280D,RP11-973H7.4,BIN3,STAT5B,PNKD,ZFP2
2701,SLC20A2,NMB,COCH,FBXO38,PIK3CA,GLS,NTPCR,LATS2-AS1
2702,SMIM8,TRAPPC9,PLK2,FAM13B,RP5-1050D4.3,MSL3,ALCAM,RP11-379K17.4
2703,UBE2O,TUBB6,SLC39A10,COPB2,TAMM41,CLCN3,ELK3,C1orf101
2704,INTS1,TFPT,FBXO42,KAZALD1,RRN3,TRIM22,YTHDF1,CRIM1
2705,CTDSPL2,SSNA1,TTC21A,OXCT1,PPAP2A,C17orf75,XPNPEP1,LINC00656
2706,GOLGA2,DGKA,RBM48,RAP2C,YPEL3,QTRTD1,CD28,RGPD2
2707,STXBP5,MON1A,CDK9,CCDC18,RNF6,PAK1,ZYX,C5orf27
2708,FMN1,HIVEP3,MAML2,TPD52,APOL2,GPA33,MAP2K1,RP11-317N8.5
2709,FAM228B,CRIPAK,GNB4,FOXD2-AS1,RP11-58E21.3,LINC00339,CLNS1A,ZNF449
2710,HIVEP3,RP11-8L8.2,ISCA1,WDR75,SKIV2L,C5orf24,SNRNP27,TPO
2711,INO80E,ASAP2,TMED1,BBS7,TAOK3,KBTBD2,POGK,COX6B2
2712,MTX3,KANSL1-AS1,SMN1,ST7,SAMD8,IQGAP2,VAV3,SEZ6
2713,SPTSSA,CMKLR1,DTWD2,RP11-66N24.3,ACBD4,ATAD5,NR2C2AP,RP11-11N7.4
2714,GAPT,LCMT2,GCNT1,YY2,ANKRD13A,DYNC1LI2,SCYL3,SPR
2715,HSH2D,ACTA2,PKNOX1,CCL4L1,ZNF106,SRPK1,POLR2F,RP11-161M6.3
2716,LRP2BP,SNX18,CTDSP1,RNF24,SLC29A3,PRKRA,COX7B,MLLT4
2717,ZNF780B,PDE4A,MYO7B,SLC9A7,MZF1,CTDSPL,ASB2,C1orf213
2718,CTNNA1,PPP2R2A,PDE8A,KLF13,ARID3B,GTF3C2,NUP214,RP11-225H22.7
2719,TSC2,IFI27L1,DENND4A,SLC25A1,KIF9,RALGAPA1,PTGER4,ZNF541
2720,TACC1,KDM2B,GABBR1,ACADVL,LASP1,USP16,AC010642.1,RPL34-AS1
2721,TMEM216,GBP1,MAML1,TBC1D19,RCC1,C19orf10,MAPK8IP3,TMCC1-AS1
2722,COA5,SMARCA4,CROCCP2,ZCCHC2,MED15,INTS1,KIAA1143,ZNF286B
2723,DGKE,TP53I3,UBR2,RP4-673M15.1,CREM,DPH5,MXD4,RTEL1-TNFRSF6B
2724,RPE,SVIP,AC010642.1,POLA2,ZSCAN30,EIF2B1,SMAP1,CTD-2196E14.4
2725,PGLS,GATC,UBE4A,NFX1,ZNF266,KIAA1841,FANCF,RP1-257A7.5
2726,NIT1,PPAN,CIAO1,C8orf88,FUNDC2,BEX2,KLHL8,ZNF711
2727,RAB6A,NDEL1,DHTKD1,DCBLD2,CSRNP2,FUT4,IST1,CDH20
2728,BIRC2,DHX34,CCDC117,METTL13,FAM219A,SMAP2,SNTB1,CXCL9
2729,ING5,ADHFE1,MFSD9,RP11-104N10.1,DAPK1,RGS14,UTP18,TUSC1
2730,SYAP1,ABCA7,RP4-539M6.22,XPO6,DPH7,GDAP1,UBALD1,RP11-196G11.2
2731,FGD5-AS1,ACTR8,CD84,GALK2,IL1RAP,ANKRD36C,TTC14,COL6A1
2732,FAM21C,RABGEF1,CEP68,CD83,CYB561D2,ACAT2,CKS1B,MADCAM1
2733,PTRH1,SMIM13,SCAPER,CSTF2T,TNPO3,KIAA2018,C3orf58,CTC-518P12.6
2734,GAK,REEP5,IL7,HSBP1,SERTAD3,SENP6,ARSB,GAS8
2735,GEMIN2,STARD3NL,MRPS9,RP11-383H13.1,PIGS,IL3RA,TRRAP,LYG1
2736,KB-1507C5.2,DNAL4,ZNHIT2,CINP,DYRK1B,TMF1,TNS3,RP11-290L1.3
2737,NOMO1,UBAP1,PSTK,TMEM187,LRRC61,SPATA6,UBXN1,ABHD16B
2738,ING2,GGT1,ZNF419,RP13-580F15.2,COX14,TMEM218,PHF1,NHS
2739,SIGLEC10,GTPBP8,FASTKD5,AMMECR1L,MAGOH,UPF1,PDCD4-AS1,C9orf47
2740,COL18A1,SETD2,CROCC,MT-ND4L,GS1-124K5.3,ANKRD44,LPCAT4,MTCP1
2741,RP6-206I17.1,GSAP,SLC23A2,ATG16L2,SIPA1L1,DDX3Y,CTBP1-AS2,Y_RNA
2742,DDTL,RPL26L1,LRWD1,AGFG2,CHMP3,MRPL36,TESPA1,DUSP19
2743,RASGRP4,CAMTA2,RMDN2,DGCR14,RP11-319G6.1,PLCD1,JUND,FAM127C
2744,SLC25A4,MGA,KHNYN,PROK2,ZMYND10,PRRG2,CTD-2086O20.3,AC010894.5
2745,TIMM8B,RP11-334C17.5,TMEM161B,PCAT1,ABT1,ANKRD18A,PNPLA4,AC006547.15
2746,SLC18B1,AC009403.2,ALMS1,YBX3,CLEC16A,JAZF1,TTTY14,CTD-2353F22.1
2747,SLC6A6,KCTD21,PODXL2,TSPAN5,C21orf119,ROMO1,CDC42EP3,ACVR2B
2748,ACAP3,SLC39A7,TYW5,ARNT,UVRAG,TMEM102,FAM120C,CDON
2749,ZCCHC14,THADA,TUBD1,MAD1L1,GATC,RXRB,BEND2,FA2H
2750,CSNK1D,KAT7,AGFG1,LRRC45,HDAC2,ADORA2A,C12orf5,RP11-293A21.1
2751,RHBDD2,TTLL3,USP28,NAA38,PREPL,DFFA,NOL6,ABTB2
2752,RSBN1,RGS12,ALAS1,NOP9,EDEM1,PAGR1,SAFB,RP11-46H11.3
2753,RNF111,PPA2,GPR160,SLC16A11,ZNF700,ZNF675,EDRF1,CTC-209H22.3
2754,DNMT3A,KPTN,SEPT10,SMC6,HLA-DMB,CTD-2319I12.2,APOBR,GNMT
2755,PAK1,SMNDC1,TRAPPC12-AS1,PELI2,MT1X,SF3B2,SMIM19,AC104699.1
2756,MAGEE1,LINC00426,BMI1,ANKRD9,DCTN6,SOCS4,CDC34,RP4-794H19.1
2757,SEPW1,ZNF516,MAP3K1,AP000692.10,PARP16,KLHL17,OSER1,CTD-2083E4.6
2758,FBRSL1,ENDOD1,POLR2J3,FBXW7,TRMT2B,RP11-318A15.2,ATP5S,ENAH
2759,MRPS11,WDR61,TMEM194B,HMBOX1,PFDN6,CH25H,CYB5R1,OVGP1
2760,SAR1B,RNF123,SLC2A11,PSMC1,AC016629.8,CDC23,SLC2A9,LHFP
2761,AC005944.2,NXT1,GALNT12,SDF2,NLRP2,SAMD4A,RP11-46D6.1,RP11-830F9.6
2762,BACH1,RP11-343N15.5,IRF4,SUPV3L1,ZNF830,KCNN1,TSPYL2,RAPGEF3
2763,BRI3,MON2,DAAM1,CD63,TCEB3,SLC5A10,CHAMP1,DLC1
2764,BRD2,FIP1L1,NUBPL,SIRT5,CDKAL1,MXD1,KIF9,MUC20
2765,UBE2R2,CRISPLD2,LHPP,DHDDS,SH3YL1,RP5-899E9.1,SLC35A1,CTD-2516F10.2
2766,GLUL,RHBDD3,TMPO,SIRT7,CTD-2023M8.1,TRAK2,C4orf36,MYCBP2-AS1
2767,EIF3J-AS1,ZNF800,DBNDD1,ARHGEF11,EIF2AK1,CHRAC1,CSRNP1,AC123768.4
2768,ARL13B,MLLT3,LZIC,FANCI,ACTN4,ECE1,TRAPPC1,MCAM
2769,FOXO1,FAF1,PARP3,CCDC167,ZKSCAN2,TRAPPC13,NUP98,RP11-159D12.5
2770,ACADS,WBSCR22,MASTL,GTF3C6,SNX22,ING2,SLC25A30,RP11-292F22.7
2771,MIS18BP1,SCYL2,PMVK,DDX58,CTC-228N24.3,PGM1,CTPS2,RP11-302B13.5
2772,MAGED1,NSUN4,C11orf57,MROH1,RP3-395M20.12,DDX28,PXK,NLGN4Y
2773,ZSWIM6,ATG10,NAA15,KBTBD4,MTA2,HS1BP3,ACAT2,RP11-600F24.7
2774,RALGDS,ILF2,ARID3B,KIAA1731,SPIRE2,MRPS28,RXRB,ABLIM2
2775,VIPAS39,MARCKS,AGAP6,ARHGEF6,ZHX1-C8ORF76,GNMT,DHRS9,USP54
2776,TBC1D10A,H2AFX,FBLIM1,ANP32E,TMCC3,PRDM10,RP11-79P5.9,CTD-3064H18.1
2777,SF3B14,E2F3,SLC6A16,TMEM5,RP11-1114A5.4,CCR7,POLG,RP11-166B2.8
2778,CDC14A,AC011899.9,ELF1,ZKSCAN3,ZNF274,EMILIN2,GLO1,PLCH2
2779,BOLA3,WDR46,PHC3,PLEKHG3,RDH14,FTCDNL1,MSANTD3,CEP170B
2780,MIER2,TBC1D10B,B4GALT5,UBOX5,TRIM44,FUCA1,QSOX1,C10orf111
2781,CDKN1C,TK2,MAP7D3,PRIMPOL,KCNA3,CEP192,DTNA,RP11-511I2.2
2782,ARHGAP11B,SGSH,TCL1B,ELL,MEIS1,AP1AR,PPP3CC,ZFYVE9
2783,RP5-827C21.4,RP11-395A13.2,ZMYM1,ZNF699,TTI1,IDE,OGFRL1,CTD-2201I18.1
2784,VTI1A,UBE2E3,CENPK,CCDC41,MBIP,NLRX1,GEMIN6,CTD-2215E18.1
2785,GPA33,INTS1,GTF3C3,ZNF25,CNOT3,SPEN,DUSP5,KLHL11
2786,UBE2G2,TBCE,AC009404.2,HID1,MGRN1,B4GALNT3,IRAK4,HOXB3
2787,FLYWCH2,TRIM65,MRPS30,ZNF821,RASSF1,ELMO2,CUL1,RP5-1157M23.2
2788,NHEJ1,API5,PNKD,FAM178A,CPSF3,ICK,KBTBD4,RP4-789D17.5
2789,CDK10,ZNF134,RP11-421L21.3,AGPAT9,SLC46A3,FAM118A,MARCH6,RP1-100J12.1
2790,GPR171,MAP3K5,CRY1,DENND1C,RBM10,ERAL1,TADA2A,RP5-1043L13.1
2791,UVSSA,ST14,CCNK,CDK11B,ASB1,RINL,CWC27,MXRA8
2792,GK,NEK6,FEN1,DNM2,GOLGB1,PORCN,ACSL5,SEPP1
2793,ARL8A,ZNF124,PRRC1,CPT1A,TOP2B,SLC35E1,STX18,MAMSTR
2794,RP11-799D4.4,RP11-386I14.4,ZCCHC18,MAMDC4,PI4K2B,TMEM237,TXNDC11,SERINC4
2795,NDUFAF1,LRRC29,SURF2,PPAPDC2,CCM2,DDX59,TEX261,RP6-206I17.2
2796,USP38,RP13-582O9.5,RP11-169K16.9,TRMT2B,STXBP4,TAX1BP3,HMGN4,RP5-930J4.4
2797,SNX20,RGS1,CTB-133G6.1,CCNB2,LINC00893,HAGHL,YME1L1,TRIM74
2798,PRUNE,HARS,AC010226.4,MGAT5,PDSS1,P2RX7,CGGBP1,AC083843.2
2799,KLHL5,BRAF,CCZ1,AHCY,ANKMY1,SLC25A15,ZBTB21,TLL2
2800,ATRN,PPP4R2,FAM115A,PRPF3,MPZ,NDUFAB1,AC025171.1,NEK2
2801,TRMT12,SLC7A6,NOMO1,RP11-290D2.6,PLEKHA2,ATF7,CRCP,TMPRSS13
2802,POGK,CARD9,RBM45,BCL2L12,MLF2,ZNF714,HCG11,CTD-2555C10.3
2803,POLR3E,PGBD2,COG2,SLMAP,G6PC3,LY96,WIPF2,SERPINB2
2804,RIC8B,CLPX,MAPK6,LPHN1,FAM172A,C11orf95,POLR2A,LINC00630
2805,TRUB2,PLCXD1,SENP5,TRAF4,LINC00843,TRIM65,ETF1,PTK7
2806,LIG3,CCDC127,HELQ,MSH5,UBXN2B,FANCG,BCAT2,KNTC1
2807,PHF8,ZHX2,RNF169,TMCO3,ZNF143,MRPS9,ZBED5,ZNF57
2808,PPP2R5C,RP11-326K13.4,FTSJ2,NDUFB1,CUL3,CRLS1,R3HDM2,CTA-445C9.14
2809,NAP1L2,COX18,TPD52L2,CSGALNACT1,POLL,DHX35,PPP2R4,RP11-452H21.4
2810,RIF1,RTF1,DHDDS,TRIM47,RAP2B,CCL4L2,GART,HKDC1
2811,TBL1X,HIRA,ESF1,ZSCAN18,CHD2,GYS1,MPST,KHDRBS2
2812,ARL4D,AGPS,PTPMT1,FHL3,HCG14,HYI,KLF16,PFKFB2
2813,DDX11-AS1,EIF5B,RAB5A,SETD1A,GCLM,USP3,NDUFB6,RNF175
2814,TBKBP1,TMEM30A,EXOC5,NGLY1,CCNB1IP1,F8A1,CTD-2017D11.1,TEX12
2815,NUDT9,CELF1,YEATS2,MRPS9,SMARCAL1,SACS,C19orf12,CTA-293F17.1
2816,NUAK2,ZNF721,ZBTB49,ALG12,RP11-109G23.3,GNB5,TFIP11,RP5-940J5.6
2817,PRKACA,ARMCX1,DOPEY1,GUCY1B3,CAMK2N1,PCYOX1,LMAN2L,AC006129.1
2818,RP11-25K19.1,USP28,PNPT1,AC023490.1,LINC00662,GPATCH4,ALKBH8,HPD
2819,MAPKAPK5-AS1,UPF3A,MEF2A,CTD-3185P2.1,ORC5,EIF2AK1,ERAP2,KDELC1
2820,PSMD5,HAAO,CIPC,UBE4A,DGCR2,CNOT8,TFG,OTOA
2821,VAMP1,IMMP2L,HMGXB3,COQ2,KIF2A,PVRL2,ABCA7,DCHS1
2822,AURKC,NAA16,KDSR,GDI2,AP1G1,CARD9,YPEL2,RP11-863K10.7
2823,MCM3,PTGS1,ACSF3,ZBTB49,PPM1L,ZNF688,ADPRH,NRCAM
2824,TMEM65,TBCCD1,HEATR6,TM9SF4,H6PD,GGACT,TMEM86A,EPM2A
2825,ZBED1,PCGF3,PDZD11,RP11-468E2.5,SAMD9,MMP17,TRPV2,CTD-2540F13.2
2826,TMEM199,RP11-488L18.10,BCCIP,KIAA1009,ZNF415,ZDHHC5,CYP4V2,RP11-379F4.9
2827,PHF2,NGRN,NIPA2,PPOX,ENG,CYP2R1,RAB13,CELSR2
2828,TMX1,SEC11C,KBTBD8,ARFGEF1,RP11-134P9.3,FAM45A,ADCK2,C1QTNF4
2829,LRRFIP2,RAI1,EMC8,SEC22A,SNTB2,NPLOC4,PICK1,CRYGS
2830,BCAP29,FEM1A,RP11-588G21.2,CELF2,MRPL15,ECHS1,CASC3,SLC2A1-AS1
2831,LINC00402,FAM178A,LIMA1,GYLTL1B,CCNL2,MPHOSPH10,LIN37,MIR3615
2832,ZBTB1,RNF145,FXYD5,CTD-3138B18.5,VPS52,PPP1R17,HIF1A,OMG
2833,ABL1,FNBP1,CBFA2T2,NRM,DDX46,REV3L,CCDC53,CTD-2017C7.1
2834,CFDP1,SSBP1,ERCC2,NRDE2,ALAS1,MTPN,AC093673.5,ANKRD18B
2835,PTRH2,RARG,STPG1,HMBS,TRIM66,ALG6,ABHD13,PM20D1
2836,SMPD3,RSL1D1,ZNF566,DCAF13,GAB3,ZNF582,PHB2,FAM83G
2837,DFFA,EPHA1-AS1,GALNT6,MRTO4,CD40,YOD1,RPUSD1,EIF4EBP3
2838,ITPK1,RMND5B,ENDOV,PTPRK,ABHD5,ZNF576,MSI2,PLGLB1
2839,RP11-147L13.2,MRPL34,EML6,NR2C2AP,LYPLA2,PPP1R32,RFX5,MAP3K14-AS1
2840,LDOC1,DDX49,CEP290,LEKR1,FGFBP3,WDR24,ARHGAP31,OVCH1-AS1
2841,USP44,POLD2,PDE6G,PLCG2,BRI3BP,REEP3,ZGLP1,CCL3L1
2842,METTL15,KIAA1109,GOT2,CSPP1,NDUFS8,ZBED5,SLC46A3,PKD2L1
2843,KRT1,FAM35A,ELMOD3,CENPK,PMVK,PLEKHO2,SETD2,AP006222.2
2844,LINC00339,RBM22,IFNG-AS1,PLBD2,NAA50,ORC3,ICMT,CTD-2583P5.3
2845,EPS8L1,CBFA2T3,COQ5,RP11-182L21.6,CTA-445C9.15,NOP58,FTSJ3,DAB1
2846,KIAA1328,HIST2H2AC,NUBP1,AQP10,NAE1,GIN1,DENND1B,AC139100.2
2847,LRRC56,SAMD8,MAFG,SLC39A11,POLR3F,BTRC,CDK10,ZBED3
2848,CXCL16,HSD17B12,NFKBIE,EFNB1,POMC,AC002467.7,C18orf21,TMEM136
2849,HDGF,YARS2,PRRC2B,OPA1,DDX10,SNAPC4,RPA3,AC009501.4
2850,HMG20A,CCDC88B,DNM1L,UCK1,CWF19L1,SDSL,CDPF1,C9orf116
2851,TMED3,ETF1,CHORDC1,CDC42SE1,KIAA0195,UBASH3B,NFKB1,RP11-227D13.4
2852,CTD-2576D5.4,NARF,SUPV3L1,ZNF483,MAPKAPK3,FKBPL,DICER1,CNKSR2
2853,LINC00852,TMLHE,INTS2,LANCL2,VAPA,CISH,TNFAIP8L2,PYCR1
2854,HNRNPU,AQP9,WDR91,GHITM,ANKRD36,CTD-2256P15.4,GFM1,SNORD3A
2855,CDADC1,POLB,UBE3D,VSIG1,CXCR1,OGG1,CRK,VWDE
2856,MRPL44,RABL5,TMEM209,RINL,SIK2,ZNF25,F11R,RP11-571M6.7
2857,RP11-861A13.4,LZIC,ZDHHC5,IRF2BP2,SPIN2B,NCOA5,CD200R1,ERMN
2858,RAB40C,ZNF468,FAM206A,RAB12,RP3-477O4.14,TRIM41,N4BP1,AP000254.8
2859,FOXP3,CSE1L,PHYKPL,MCC,TXNRD2,FAM195A,FAM69A,KLHDC9
2860,EXOSC5,CROCC,RAB24,NUMA1,SLC25A12,UBXN2B,CPEB4,PPP1R32
2861,PYHIN1,TMEM184B,GALK2,BRF2,APOBEC3H,TFG,AK2,RP11-96D1.11
2862,TNPO2,JHDM1D-AS1,ZNF385A,PLEKHA5,DLD,BCL2A1,GSTM4,HIST2H2BF
2863,LMNB1,GCN1L1,MAPK7,UBE2H,C16orf98,FANCB,BZRAP1-AS1,RNF32
2864,FTSJ2,ZNF548,METTL5,CDKN3,TMEM79,RP11-154J22.1,TTC31,RP11-416N2.4
2865,HYPK,SMU1,GLTPD1,KTI12,MYH11,RARS2,PELI1,OXT
2866,SLC39A1,MRPL18,NELFE,DZIP3,YARS2,PAXIP1-AS2,RP11-192H23.4,EHHADH
2867,TMEM126B,HERC4,SELO,SLC39A6,C6orf136,TCEAL8,TOPBP1,DSCC1
2868,IST1,GLT8D1,ADPRH,ZNF674-AS1,HIST1H2AG,TMEM71,FAM3C,WNK3
2869,HNRNPU-AS1,FANCI,VAT1,CRY1,SPSB3,GLIPR2,SEPSECS,C14orf79
2870,PRPSAP1,OPA3,CDK16,POGLUT1,ZNF565,TMBIM4-1,COMMD10,CH25H
2871,CLIP4,XIAP,RAB1B,ZNF865,KDELR2,TNRC6B,BRD7,PIFO
2872,ZNF823,SAR1A,MAX,EPT1,KHNYN,ITGA6,OASL,ECT2
2873,SULT1A1,KIAA0226,ZNF626,CTD-2270L9.4,MPI,GALNS,FAN1,RBFOX2
2874,STAM2,STRADB,GBF1,RAB40B,PAIP1,RAB11B-AS1,MPDU1,RP11-525A16.4
2875,MTM1,TRMT112,FADS2,TBC1D9B,COMMD1,SLC9A1,TUBA1A,AP003774.4
2876,COPA,TVP23B,OSGIN2,ASMTL-AS1,SMAP2,FKBP4,AC000003.2,FAM167A
2877,PGAM5,IRF2BPL,ATF6,TSG101,KLHL12,AMT,TUBGCP3,CTD-2227I18.1
2878,TSTD2,QARS,NME4,ARHGAP10,LINC00174,YBEY,ETV5,FAM106A
2879,TMEM86B,TAF6,DGKD,MCCC2,FAM193A,ZNF211,MPHOSPH10,CRB1
2880,UNKL,C16orf91,CHI3L2,MTA3,LTV1,PRR5,MRFAP1,RP1-223E5.4
2881,RSBN1L,CIAPIN1,C21orf58,C6orf62,CEP120,TLE3,HDAC3,PLEKHM3
2882,PTPN18,NEK1,LINC00092,FAM53B,SCYL1,ZNF283,RP13-516M14.4,RP11-529K1.4
2883,PPP1R12A,FNDC3B,AAMDC,MLYCD,NXT1,ABI2,SLA2,ZNF223-1
2884,CNOT6,AC005523.2,WDR6,ATP8A1,ZNF675,CPSF4,ZC3H14,CASS4
2885,RP1-29C18.10,MTX2,KRTAP5-AS1,CNST,TWSG1,DUS2,NFKBID,CTD-2023M8.1
2886,TNIK,LBR,NUDT3,MCM3,HRAS,MED7,RNF31,RP11-656E20.5
2887,SLC30A7,SP140L,C6orf120,OSTC,FAM175A,FEM1B,SF3B4,RP11-381K20.2
2888,SLC12A6,ZNF696,CSF2RB,PAFAH2,AKAP11,RP1-90J20.12,PIGS,CHRNA1
2889,LINC00672,CD3D,PMM1,RP11-686O6.2,ZNF664,SPTSSA,PHC3,RP11-356C4.3
2890,MDC1,MIA3,ARMCX2,RFC1,TARSL2,ACAD10,FKTN,MYO5C
2891,SAP30,SPG20,EIF3D,KIAA1407,ZNF583,PLVAP,TMEM161B-AS1,CTD-2006K23.2
2892,MLH3,NUFIP2,CLASRP,RAB4A,ATPIF1,RP11-428G5.5,CMC2,RP11-106M3.3
2893,ZNF563,TTL,MAD2L1BP,PALB2,TFE3,C1RL,CSTA,RP11-442N24__B.1
2894,PAFAH1B2,RNF139,DPM1,ZFAND6,EMC9,AC062029.1,ST3GAL2,CLECL1
2895,VMO1,CD4,UBR4,RELA,NEIL1,SCGB3A2,MSH3,SCGB1B2P
2896,ZC3H12A,TADA2A,TMEM128,TP53RK,AGO4,CEBPZ-AS1,PRRC2B,IL1RL2
2897,APITD1,WASH4P,RP11-464F9.20,PHLDB3,LGALS8-AS1,TMEM140,MLYCD,RP11-656D10.3
2898,P2RY12,SETDB2,PDSS2,SPATS2L,KIAA0319L,PLD4,KB-1208A12.3,CTC-366B18.2
2899,HIC2,PPP1R15B,BATF3,TRAK2,GNL1,MAGEH1,ZNF749,DLL3
2900,BCL2L1,RDH11,FAM172A,CMAS,HOXA5,KIAA2013,JUP,PLVAP
2901,SPINK2,ZNF609,HLCS,TOPORS-AS1,RP3-467K16.4,MAK16,ASCC1,PLS3
2902,SSFA2,PLEKHA2,APITD1,RP11-804H8.6,MRPL27,PTPRJ,BECN1,RP11-36B15.1
2903,CLN8,TNFRSF25,NR4A1,SAMM50,ZFX,TCHP,MRPL3,TLR3
2904,TMEM101,RCOR1,SNAP47,MSL1,DCTN4,PTGDR2,EML3,CABP4
2905,TYK2,RP11-345P4.9,PSMD11,C11orf84,MAP4K5,MAPK8IP3,BET1,RP1-140A9.1
2906,NCOA1,PCF11,ABCB4,DESI1,CISD1,ZDHHC13,SLCO3A1,RP11-274B21.10
2907,NISCH,SEC16A,DNAJC5,MTRF1L,CCDC159,SRC,TFRC,PIWIL1
2908,SNURF,AP003774.6,ABHD3,IL23R,HSD17B1,MICAL3,PTPN1,HSPG2
2909,FYCO1,ALOX5AP,CEP128,SLC33A1,ADAT2,ANKRD52,GORASP2,ANKRD50
2910,ISCU,UTP14C,CCDC127,SCOC,MPEG1,ACP2,ZNF276,DTNA
2911,RAB5B,USP9X,SNRPC,SRSF1,AP5M1,ITPRIPL2,RP11-274B18.2,RP11-318A15.2
2912,RP11-296O14.3,DYRK2,CENPM,RP6-109B7.3,SESN3,EIF2B3,PCBP1-AS1,NPIPB6
2913,PRMT5-AS1,SPATA20,GEMIN2,CUL9,ABHD14B,ARHGEF6,GNB2,CTH
2914,TMEM39B,EIF2AK4,CDK2,BTBD8,ZNF398,CHST12,SNAPC2,GPR124
2915,PREX1,BRWD3,C12orf66,CAPZA1,RP11-315I20.1,ZCCHC6,CCNK,ABCA1
2916,PRKAB1,COPG2,ACTR1B,CBY1,MAP3K10,EIF1AY,PDE4DIP,DNAJC5B
2917,FZD3,CCR1,RAB10,DNM1L,UBE2E2,ZNF701,JDP2,PHLDB1
2918,IGHMBP2,PEX19,NFIC,TRABD,FAM220A,C21orf91,CTB-31O20.2,LINGO3
2919,TADA2B,LRRC28,LRRFIP2,HDAC10,ZNF91,KPNA3,LAX1,CYP2J2
2920,SH3GL1,ZNF90,TSPAN31,ZNF718,VILL,REEP5,MZT2B,TLR9
2921,ADI1,PRRC2A,SNX12,AC084018.1,MEPCE,PIEZO1,VHL,RP11-661A12.14
2922,ACTL6A,TARS2,SGSM3,CLMN,VASP,RNF41,LPAR6,ZNF492
2923,HMGB3,GEMIN8,HDAC5,RNF169,MAP7D1,ZNF484,FAM91A1,RP5-1074L1.4
2924,RIPK3,MFSD3,OSBPL1A,HMGN4,PCTP,TMC4,CSRP2,S100A5
2925,ZNF707,PDPK1,ZNF326,C16orf46,PNRC2,PPM1D,ITGAV,ADORA2B
2926,ANKRD34A,RP11-1191J2.5,KIAA0368,ZBP1,TMCO4,SENP5,LRRC48,RP11-379K17.12
2927,PIN4,DDX26B,SBF2,AGO1,RP11-66N11.8,LSM10,DEAF1,DYX1C1
2928,F5,MBNL3,BSPRY,CLPX,RP5-1028K7.2,SRGAP1,TSPYL5,AL020996.1
2929,ZFYVE21,FYTTD1,EPB41L2,PAK1IP1,AC013264.2,NOP16,BBS12,RP11-138I18.2
2930,CCT6B,C17orf70,RP11-166O4.6,TMEM8B,VAMP1,GATSL3,ADCK1,WNT10B
2931,R3HCC1L,SH3GLB2,MICAL3,SKIV2L2,NUP62CL,ATP6V1C1,FAM104B,CALCRL
2932,FEM1A,FRMD4B,VIL1,ERLIN2,KLHL15,NEK9,SUPT5H,SSC5D
2933,LAPTM4B,TPRG1L,GFM2,ASNA1,TSTD2,CBFB,SMAD7,TGFBR3L
2934,ZSCAN22,NDST1,RELL2,FLJ20306,RP11-57H14.2,GYG1,CSRP2BP,ARSE
2935,F12,RP1-111C20.4,GPR114,SNRPA1,UFM1,ATXN1,ORC4,RP11-206L10.2
2936,C11orf74,MTMR4,AKAP7,EIF2B4,SETDB1,PCCB,NCKIPSD,INHBA-AS1
2937,RP11-229P13.20,BACE2,AATF,STK25,COG2,GPSM2,TAB1,RP11-98D18.3
2938,PLCD1,MTX1,TLR9,DALRD3,XXbac-B476C20.9,RCC2,METTL3,HIST1H2BH
2939,MLYCD,EIF2D,GABPB1,PCMTD1,INIP,CNP,AGO4,RP5-899E9.1
2940,RAB24,DNAJB4,SSU72,ZNF354C,ZNF543,ZNF430,TMEM243,GRB10
2941,SCFD2,ATG2A,SMURF1,STK38,FICD,GTF2B,BEND5,PRDM11
2942,GNA12,CAMK2D,XPA,FASTKD2,SUZ12,NOB1,FARSB,RP11-66B24.2
2943,SPATA13,S100A13,GSTA4,RORC,ZNF444,MFHAS1,RNPEP,JMJD7-PLA2G4B
2944,AC009120.10,CCND2,ZDHHC1,KDM3B,BBS9,YIPF1,C5orf66,LINC00562
2945,RAB3D,SEC24C,SELK,ZNF493,TTC14,EXO5,PPM1F,RP13-317D12.3
2946,FCGR2A,SYVN1,SLFN13,ANKRD17,RP11-104L21.3,RPS9,TMEM167A,CTD-2410N18.3
2947,RARS,ZMYND19,MMP17,CEP89,PIP4K2A,HAUS1,TGFBRAP1,CTB-91J4.1
2948,MFSD10,LINC00886,RGS14,ALAD,ARCN1,ZBTB47,ZCWPW1,CTD-3203P2.2
2949,NDRG1,ZNF618,RASSF1,C1orf52,SEPT11,RP5-1043L13.1,PRDX6,RP11-996F15.2
2950,ABLIM1,UBE3B,RP5-1042K10.10,NNT,RP11-1407O15.2,NID1,RP11-1407O15.2,RP5-1057J7.6
2951,RBM26-AS1,POMC,KCNH8,METAP1D,DVL3,RNF217,SH3BP5,RP11-713P17.3
2952,ICOS,ZNF808,CEP70,C2orf74,S100PBP,MDM1,CTA-217C2.1,CKM
2953,MAP7D3,C12orf76,TOP3B,TYW5,LIPA,XXbac-BPG181M17.6,POR,MXRA7
2954,PPP1R16A,TTLL4,MSH6,UBE2Z,DPP3,MICAL1,CENPN,AC195454.1
2955,RP11-401F2.3,SORD,PRKX,PLA2G12A,ARL14EP,PTTG1IP,TCHP,LSM11
2956,SGTB,TSPYL4,SPATS2,GTPBP2,LYRM9,ADCK3,TRAPPC5,CTD-2571L23.8
2957,ZFYVE16,ETS1,ANAPC2,CASC3,RPL26L1,ZNF264,ANO9,CPA5
2958,MFSD12,GPN3,PPRC1,IFNG-AS1,COLGALT1,DPAGT1,SPINT1,RP11-641A6.2
2959,CPOX,SLC27A5,HBEGF,MTIF2,AC016586.1,SLC4A10,COA1,C9orf169
2960,CACNA1I,FAM102B,CHMP2A,ABCD2,ASXL2,CEP78,BCKDHA,RP11-20B24.5
2961,EXOSC1,CLN5,RP11-727F15.9,PDE6B,NME8,PEX6,NUP93,RP11-782C8.1
2962,TNRC6C,CWF19L1,EBI3,RP11-708J19.1,MED11,KCTD6,CCR1,RP1-261D10.2
2963,DVL2,FPR2,LONP2,POFUT2,RAB20,PRRT3,ZNF562,ITPKB-AS1
2964,PELI3,PTMA,FN3KRP,HAT1,ZNF224,OXA1L,COPG1,DPY19L2
2965,CD84,PLA2G16,RP5-1007M22.2,UTY,CDC37L1,CHN2,BCAS3,TAS2R30
2966,SUGP2,BCL11B,TULP3,TOX,PARP14,OSBPL5,LINC00402,RP11-46A10.5
2967,ERCC3,MYO9A,KIF5C,DCPS,RP11-407G23.3,WIZ,PIGB,ZNF547
2968,LSR,KTN1,KHDRBS1,SLC1A5,ZCCHC11,TLR2,CD300LB,CTD-2350C19.2
2969,RPS10P7,ICOSLG,LYRM5,AC005253.2,MTSS1,TMTC1,LUCAT1,ZNF415
2970,DYRK1A,TRAF1,OAS1,ZMPSTE24,CASC3,PLTP,UTF1,CCNT2-AS1
2971,PUS3,ADAM9,B4GALT4,TIMM17B,C1QC,VCL,PPP3CB,RP11-439L18.2
2972,DOHH,SMIM15,PCMT1,PPP2R5E,TAF12,PELO,C18orf25,CTD-2135D7.5
2973,CDYL,DROSHA,TOLLIP-AS1,PHF7,AC002117.1,EIF4ENIF1,WDR1,RP11-580I16.2
2974,FICD,NADSYN1,WDR89,LCP2,TNFSF13B,PLEKHM2,ZNF689,HSPB9
2975,MTFMT,NR2C1,PRKDC,PCED1A,APOOL,RP11-134P9.3,FUT4,CTB-96E2.7
2976,ZFAND1,PAPD5,SPESP1,CHSY1,CD27-AS1,TRMT10A,TMX2,C3orf52
2977,ZMYM4,ATHL1,PPP1R16A,ZNF793,MST4,RP11-319G6.1,BTN2A2,C5
2978,BCO2,ELAC2,VRK2,BRMS1,RP11-973H7.1,GOLGA5,WDR4,RP11-441O15.3
2979,C8orf44,TMC8,LAX1,RCHY1,BSDC1,SRSF10-1,KIAA0100,SCRG1
2980,UBR7,FAM122A,FOXP4,TTC12,MTF2,ZNF710,RNASEH1-AS1,DLGAP1-AS2
2981,SGK3,TMEM161B,HYLS1,PFKL,TDRD3,SUOX,TBC1D9,BDNF-AS
2982,KAT6B,EMILIN2,TMEM38B,IPP,OSBPL5,RNF146,ATXN2L,RP11-342I1.2
2983,SLC25A28,SLC8A1,MCTP2,RP11-798G7.6,ACO2,IGHMBP2,RP11-598F7.3,ASMTL-AS1
2984,DDX55,TIGD5,RP11-138I18.2,SH3BGRL2,PFKL,ST3GAL2,POLR1A,ZNF300
2985,ZFAND2A,MESDC2,RP11-4F5.2,BBS4,SLC35A1,FADS2,CHPF2,RP11-91G21.1
2986,ASL,CALU,TICAM1,SMC3,ZBED6CL,VPS25,RNF141,AC013449.1
2987,ERO1L,WBP1L,ADAM10,GOLPH3L,HIC2,RP11-254F7.2,ADCY3,TNFRSF21
2988,C20orf201,C18orf25,POLR3F,USP21,DGCR8,RP11-78A19.3,TTC26,USP12-AS2
2989,ATM,CDIPT,SNRPF,RP5-1125A11.1,NUDT11,LMAN2,B4GALT4,MRPL30
2990,MED22,CTD-2192J16.22,LIPE-AS1,PUS1,RFWD2,ALMS1,TTN,ZSCAN31
2991,ST8SIA1,L2HGDH,PDRG1,NXF1,PSEN1,ZNF266,RNF2,SORBS1
2992,MYOM2,EIF3E,RNF40,PXN-AS1,ARL4D,C2orf69,MATR3,C14orf132
2993,RIOK3,CHST15,ZNF576,RAB11A,REXO1,TAPSAR1,AGO2,CTD-3065J16.9
2994,DZANK1,DALRD3,LYPD3,RREB1,PGPEP1,FKRP,RP11-1398P2.1,RP11-558F24.4
2995,GNG2,TCEAL4,ARL11,WDYHV1,ZMIZ2,ABRACL,C10orf91,SPATA21
2996,ZNF513,OBFC1,WDSUB1,RP11-339B21.11,DNAAF2,GOLT1B,CDH26,TMEM144
2997,ALKBH3,KCTD1,CCDC159,CPNE1,SOD2,XYLT1,ATXN7,LTB4R2-1
2998,NCAM1,RAB10,COG1,MED8,LINC00092,FCHSD1,YTHDF3-AS1,LINC00968
2999,UBE2E3,AIM2,AGFG2,IGSF6,C6orf1,MGME1,TMEM183A,AP001046.6
3000,SLC11A1,TAB3,BTG3,DNPH1,TMEM97,TWF2,MYO15B,FOXN3-AS1
3001,UBLCP1,UBOX5,ARPP19,BCL3,TIPARP-AS1,SGMS1,KSR1,MTSS1L
3002,CLSTN1,ME2,SPINK2,NBEAL2,PRKRIP1,AC074289.1,AMPD2,FAM218A
3003,RBAK-RBAKDN,GNPTAB,C16orf98,LMBR1L,ERAP2,B3GNT8,SETD1A,RP1-224A6.3
3004,SLC23A2,PTPLAD1,SZRD1,ZNF675,PEX16,GRSF1,GCLM,FAM178B
3005,GTF2IRD2B,RP11-428J1.5,MAPK13,ZNF516,PISD,METTL4,RP11-727F15.9,SGMS2
3006,RNF139-AS1,MROH1,MIS12,CTB-133G6.1,CREB3,AIDA,RP11-159D12.5,TNFRSF11A
3007,DGKZ,SLC18B1,SNX16,HSPA13,SEPHS1,TARBP2,RP11-446E9.2,RP11-261C10.3
3008,SLC9B2,EHMT2,TMEM186,MBLAC1,ASTE1,BCORL1,SLC6A6,BMPR1A
3009,ZNF85,RP11-473I1.5,FAM173A,APOBEC3F,AC010226.4,KIAA0040,SFT2D2,CTD-2545M3.2
3010,MICA,DVL3,YTHDC1,ABI2,VPS13A,ANKLE2,FCHSD1,PARM1
3011,FAM216A,ASPH,RBM14,UBE2J2,KLHDC10,TGDS,SEPT2,LINC00304
3012,CTSF,SNRPD2,PKHD1L1,LEPREL4,RANGAP1,SNX21,RCBTB1,AC145110.1
3013,BTG3,DDX24,ITPRIPL1,CTNNAL1,LAS1L,IL15RA,SLC45A1,ADAM22
3014,SNTA1,AP1B1,OSER1,AC008964.1,INPP5F,TXLNG,CTSO,CIT
3015,EFCAB4B,TAB2,ABCE1,AGPAT2,ZNF473,NSUN7,GAB2,AC107081.5
3016,RP11-347P5.1,PTGER4,PITPNA,MPHOSPH6,SCO2,PTS,RAD9A,CLTCL1
3017,TMEM251,PAICS,ZNF720,DIS3L,CAAP1,SLC25A1,KCNN4,COL4A3
3018,DYRK1B,YWHAZ,ZDHHC4,GABARAPL2,OPA1,TYW3,MFNG,RP1-317E23.3
3019,C17orf103,ZC3H11A,TAPT1-AS1,DNAJC27-AS1,MBTPS2,THAP6,GDAP2,ZNF763
3020,CDK9,RFT1,DGCR2,EPS15L1,DHCR7,CYP2S1,ANAPC7,RP11-707G14.1
3021,RP11-294J22.6,BAHD1,RRP15,CTB-118N6.3,GBP3,SFXN2,RP11-147L13.2,CTD-2086O20.3
3022,PCYT1A,FPGS,SIAH1,CDK11A,RAD1,RSBN1L-AS1,ZBP1,KCNH3
3023,H1F0,MPP5,PSMF1,HMGXB3,RPRD2,CXorf40B,RP11-11N9.4,AC004463.6
3024,SLC22A5,ZNF274,INTS4,ZNF107,CSTF3,PRSS53,PDGFC,PGBD3
3025,PHACTR2,SLC22A15,RP11-108P20.1,MMAA,RCL1,CCDC24,POMC,GPER1
3026,HAX1,DHX36,CDK5,TMEM245,RASSF4,GDAP2,KLHL42,KRTAP5-AS1
3027,TIMM50,IMPACT,ZCWPW1,AKAP13,SLC1A7,NF2,ATP1B3,RASSF6
3028,SLC10A7,ABCB7,CEP95,TACC3,CTD-2162K18.5,RP11-54O7.17,GCSH,C2orf62
3029,CLASP2,NONO,FANCA,CENPM,NRBF2,CPNE3,SENP3,RBMS2
3030,STAG1,PTPN12,ZCCHC6,SPATS2,MEGF9,ZNF770,UBA1,PADI2
3031,ZMYND8,TIPARP,HS3ST1,CLEC7A,BBC3,AC104532.4,NUDT14,NPIPB3
3032,C14orf182,DCAF16,ZNF136,MALT1,PDCD11,OCRL,GANC,RP11-421L21.2
3033,WDFY4,PQLC1,C16orf80,TLR2,MTRF1,SNIP1,PHC2,LINC00880
3034,AC109333.10,ZNF337,CSNK2A1,PLEKHG2,IARS2,GALNT11,MDH1,RILPL1
3035,IGFLR1,ADCK5,RAB18,APOO,CCDC112,FASTKD1,PZP,TMOD1
3036,DCK,COX11,C1orf27,ZNF814,RP11-464F9.20,ARHGEF12,CCNT2,PPP2R3A
3037,BICD2,PDCL,ATXN1L,FAM219B,RP11-603J24.5,TFB2M,ZNF503,CTB-114C7.4
3038,ATP5A1,KIAA0226L,KIF20B,LRRC37B,ZEB1,CAPN10-AS1,CBLB,CTC-338M12.6
3039,DTD2,PLXNC1,LMBR1,SCRN1,ELF4,MRVI1-AS1,SMPD2,AC104655.3
3040,CAMK2N1,ESYT2,PAOX,RBAK,ACYP2,TMEM181,KIAA0947,SNX33
3041,PGM2,RP11-195F19.9,MFSD5,AC142528.1,METTL18,MAP1S,FAM220A,RP5-884G6.2
3042,TRAF3IP1,ZNF606,C1orf123,ARID2,COX19,TDRD7,PLEKHA8,DCUN1D3
3043,HEXDC,SLC35D2,CLIP1,RNPS1,CDK17,CCDC34,PDE4A,TEX14
3044,NT5C3B,TMEM131,CAPN1,ZNF226,SMARCD1,RP11-499P20.2,RAD51C,SRGAP1
3045,RP13-582O9.5,FHIT,NAPB,RNF121,MED12,SIRT4,KIAA0825,ITIH4
3046,GPHN,CCDC125,VPS45,ZNF585A,DEDD2,CEACAM1,YIPF5,RP11-134G8.7
3047,TWF2,MBTPS1,B3GALNT1,RPRD1A,RAB10,PPP1R10,NPLOC4,FAM47E-STBD1-1
3048,ZC3H12D,NUDT21,SPG7,GANC,BRCC3,BRI3BP,FAM26F,RP11-389O22.1
3049,ZNF276,GMFB,SAMD10,HPGD,LINC01011,HSD17B8,DLGAP3,PRR7-AS1
3050,SPAG16,DDI2,KAT7,KIAA0368,TMEM209,TSSK6,C3orf62,SPIRE1
3051,MGEA5,YWHAQ,CYLD,CCDC93,ZFR,DHX8,ACBD6,UGGT2
3052,RNF10,PGAM1,RP11-110G21.1,HDAC7,TOR3A,TMEM97,PPP1R12C,FOXD2-AS1
3053,ZBTB6,SMC2,NOL7,CCP110,CDC23,TMUB2,DCUN1D1,AC068580.6
3054,MYO16,AP1G1,UBL3,ZNF646,NMRAL1,TRIM21,CTU2,RP13-314C10.5
3055,CYFIP1,CLPTM1L,TGFBR2,MCMBP,PRIM1,RP11-849H4.2,PELO,TRIM61
3056,KMO,CCSER2,EIF2AK1,ZSCAN21,MTMR2,RPRD2,KIAA0196,HSF5
3057,IRAK1,LINC00115,RP11-796E2.4,KIAA0141,FAM120C,TMEM5,SRM,CTD-3093M3.1
3058,ZNF384,PHLDA2,IFNLR1,TSTA3,TFAP4,CEP120,NT5DC2,LINC01063
3059,CDS2,HSCB,RP11-147L13.2,C2CD5,SETD3,NUP188,TAPBP,LINC00482
3060,FAM159A,HDGFRP3,SMG6,EXOSC8,BDH2,ELAC1,PARVB,ZNF70
3061,STRIP1,ABCC10,UTY,APLF,RPP25L,STRIP1,TIAM1,YOD1
3062,VTI1B,TAF3,C9orf116,ACTA2,GRPEL2,NCKAP5L,EP300,CSRP2
3063,EEA1,BTAF1,ZDHHC9,FBXO28,ZFR2,SKI,ZBTB40,RP3-380B8.4
3064,ZNF414,PCYT2,MOSPD1,RP11-386G11.10,CBL,ABHD10,ZNF639,LZTS1
3065,RNF138,DPEP2,VPS13A,PHLDB2,PCNXL4,ZNF75A,CTD-2341M24.1,PRR22
3066,KTN1,NSMCE4A,AKAP1,PRPF40B,MFSD5,SLC25A24,ALDH18A1,CCDC78
3067,ARHGAP5-AS1,EXOC2,SLC16A13,MPZL3,CCDC92,PLA2G15,PNMA5,RP5-1112D6.4
3068,RCE1,DISC1,RP11-773D16.1,AGAP4,MALSU1,RB1,RNASEL,ARHGAP42
3069,MEGF9,C15orf48,CSNK1G3,RP11-542M13.3,GTF3C1,JMY,S100A13,TNKS1BP1
3070,ZFAND4,KIAA1432,PPIL3,SART3,ZNF30,ARMC6,MRPS12,NXPH4
3071,SLC27A3,RP11-815J21.2,RP5-1092A3.4,VPS26A,TNFRSF4,P4HTM,MRP63,RP11-15A1.7
3072,C5orf30,ZNF133,SDHAF1,B3GNTL1,HOOK3,HK3,ARL4A,LINC00511
3073,SBF2,PDE6D,TPRA1,NLE1,ZMAT5,C11orf74,TP53I11,POLN
3074,MAP1LC3A,SOCS6,PRCD,KDM1A,WDR7,EOMES,TRIM26,PSD
3075,ATAD3A,CEMP1,LINC-PINT,CTD-2256P15.2,ALDH5A1,ST3GAL6,KLHL6,RP11-566K11.5
3076,KCTD9,NCBP2-AS2,HACL1,TBC1D14,ELL,UPF3B,XXbac-B135H6.18,RP11-421M1.8
3077,RBX1,REXO1,TRIB1,ZNF764,RP11-140K17.3,LYRM5,PRKD3,RP11-60I3.5
3078,KLHL42,RPAIN,NFYC,EHMT2,LETM1,INTS4,MKL2,CLDN12
3079,AP000769.7,SRBD1,CUL1,CRYZL1,ZC3H14,CYB5A,AGA,RP11-560J1.2
3080,ZNF407,ASXL2,VAMP5,HARBI1,ELMO2,HEXA,AC147651.4,SRCRB4D
3081,PHIP,PDE4B,PPP1R18,RP11-318E3.9,RASGEF1B,FAM193B,SNRPB,GPR133
3082,AFMID,CPOX,ZNF707,DIS3L2,ARL5B,PRPF40A,TSPAN4,RP11-692D12.1
3083,ZNF571,SRSF11,PABPC1L,EXOC1,TBC1D14,CENPQ,LMBRD2,KIAA0895L
3084,LRRN3,SNAPIN,KLHL14,PELI1,SMIM13,BIRC2,ERMARD,RP1-234P15.4
3085,ENTPD1,C6orf211,ABCG1,TLDC1,TPMT,CCDC30,RMI1,LINC01119
3086,ZNF611,PABPC3,FAM162A,LRCH3,NUDT18,AL133245.2,NFX1,ZBTB39
3087,UQCRC1,FAM159A,POLDIP3,PTCH1,ZC3H12A,FGFBP2,SQRDL,RP11-126L15.4
3088,SOCS1,HNRNPH3,ADARB1,CFL2,TXNL4B,RP11-220I1.1,ZNF587,CLIC5
3089,CTU2,POLR2L,ZNF160,IPO5,FASTKD2,LBX2-AS1,ZNF879,ADAM12
3090,DSEL,ZNF322,TIMM13,FEN1,KMT2C,SMEK1,DYRK1B,RP11-89K10.1
3091,RAD1,ACTR6,ZFYVE21,MOCS3,PELP1,FAM133B,DYRK1A,CLCN4
3092,NAPB,R3HDM1,UPF3B,FAM214A,HS6ST1,TRIAP1,NINJ2,PRKAR2A-AS1
3093,ANKRD52,LUZP1,RAPGEF2,SURF6,LSM10,BBS9,SCARB2,TCAP
3094,ADHFE1,CTSF,RBM10,GOLGA8B,C10orf11,EPG5,ATG12,TMEM169
3095,FBXW11,TGFB3,TMEM241,SAMD8,ATG13,HES6,RPS6KB1,RHOD
3096,MSANTD3,MTOR,VAV2,USP37,NAGPA,RP11-261C10.3,SNIP1,RP11-336K24.12
3097,JAK2,CTD-2231E14.8,RP11-35G9.3,NUP35,CDK8,PGAM5,ZNF609,ACAD11
3098,PPP6R1,DDX39B,CEACAM21,WDFY1,MRPS18B,COL19A1,REXO1,CDH1
3099,NCDN,TTC17,DVL2,GPR174,NCBP2-AS2,MBNL1-AS1,CLYBL,NEURL4
3100,MTERFD2,TCERG1,CCSER1,HCG11,NCAPG2,HM13,FGFR1,KLHL32
3101,FAM47E,RFC5,PRICKLE4,RP11-544A12.4,ACADS,DTWD2,RP11-820I16.4,CA6
3102,NEDD1,SEPT11,HIST1H2AC,LZTS1,SETX,PHF3,RP11-386I14.4,KCNH2
3103,GS1-124K5.4,ANTXR2,RPA3-AS1,ADC,TMEM106B,CXCR5,TAF1A,PGF
3104,TIMM22,CCL2,ZNF670,TAF8,MAP2K6,CCDC152,PLOD1,PPIP5K1
3105,PDE6D,ST3GAL5,POU2F1,ALG1,RB1CC1,DAZAP2,ARHGAP22,CTB-129O4.1
3106,LOH12CR2,ARHGAP32,ORC3,PIGO,KIF3C,THBS3,GPANK1,C10ORF68
3107,DTX2,SKAP1,RP11-258F1.1,ALDH7A1,TIMM17B,TREM1,TRAPPC8,HDGFRP3
3108,ACOT9,MACROD1,C1GALT1C1,ZKSCAN5,RANBP9,TAZ,ZBTB20,RP11-89F3.2
3109,GTPBP10,FANK1,MEGF9,D2HGDH,DNAJC1,EPT1,MAT2A,PC
3110,NAA38,DGKZ,MSANTD2,RP11-362F19.1,NDUFS7,ACO1,IL1R2,BTBD3
3111,FAM193A,POLR3D,BICD1,ASCC1,GPR146,NUPL2,PGBD4,INTU
3112,ZFX,C5orf45,CAMK1,NFAM1,DLGAP4,UTY,PLK2,CABP7
3113,PCBP3,RNF144A,FLT3LG,SHQ1,TBC1D17,TBC1D14,TSC22D4,SLC4A5
3114,FSD1L,PEAK1,SIAE,ACVR1C,CARF,ST6GALNAC2,SCRIB,AC116614.1
3115,NME1,NUBPL,LINC00494,ZBTB33,TTC17,RETSAT,KCTD2,RP13-131K19.6
3116,ZNF398,LENG9,SREBF2,C1orf145,PSME3,SUV39H1,TMEM180,PTPN13
3117,WDR26,CYFIP1,FBXO33,OLFM2,BEND5,ZNF189,LHFP,C9orf147
3118,IPO4,PCIF1,VPS53,KIAA1211L,UROD,CHTOP,C4orf46,ADAM23
3119,AMMECR1,FAM63A,UBA2,IARS,EXTL3,KIF23,PAF1,C22orf26
3120,HIST1H4K,SKIL,WDPCP,ZNF710,TSHZ1,LINC00106,SLC22A4,TDRD9
3121,LOXL1-AS1,UBA7,CBX3,ATR,RAB40C,KCNE3,NOTCH4,BOP1
3122,RP11-326I11.3,RP11-327P2.5,ZNF860,GLTPD1,PDPK1,MED8,RP11-58E21.3,XXbac-B476C20.9
3123,ZNF621,EPS15,DESI2,FBXO34,PRDM4,WDR74,RBM6,LRG1
3124,TNFAIP8,IKBKAP,POLR3K,INPP5E,TCEAL8,AP4E1,DTWD2,RP11-277B15.3
3125,CALM3,C1orf86,ZFP82,RFPL1S,KIF20B,CEP97,AC079922.3,C19orf44
3126,NQO2,RPP25,GNPNAT1,APLP2,LACTB2,FAM134B,TUBB4B,CDK5R1
3127,TEX10,LRMP,GRK5,PPP1R10,PPM1D,TARSL2,CCDC96,GPR126
3128,HIRA,UBR1,ZNF493,KCNQ1,CASP9,TSPYL1,PEX1,VPS9D1-AS1
3129,ALDH2,ADAM28,ARHGAP6,STX18-AS1,KDM7A,SUPT6H,FBXL16,CTB-102L5.4
3130,BAIAP3,LDLR,ENDOG,SGK223,RP11-385F7.1,KBTBD8,NPIPB5,RP13-753N3.1
3131,PRDM1,MFSD11,POLR2K,KIAA0825,RP11-4F5.2,MAP3K6,LOXL1-AS1,C22orf15
3132,IDUA,GPR107,RAP1A,GMDS,DLL1,PCED1B,C7orf13,C6orf229
3133,NKD1,ZNF76,MRPL21,HPS1,DNAJC17,STAMBPL1,MUC12,CHGB
3134,USP25,MOCS2,RP11-660L16.2,RPPH1,PLAGL2,TBC1D8,SEC61A2,RP11-216B9.6
3135,LMF2,KRIT1,DESI1,FBXW9,ATG4D,GORASP2,PAPSS2,TULP2
3136,ACCS,PPARA,KIAA0947,HIATL2,FBXO8,RP11-728F11.4,RP11-220I1.1,KRT23
3137,SMC4,HGF,SKP2,SS18,CCDC101,SDR42E2,AC009005.2,DMD
3138,PHLDA2,HLA-DQA2,ZNF813,KIFC1,PAPD5,SWSAP1,GNB5,MFSD2B
3139,SPRY1,ZC2HC1A,PFDN6,PFN2,DDX20,CNN2,MKNK2,COLCA2
3140,GCLC,ARMC6,FAM63A,SMS,RASSF3,SMIM14,MRPS17-1,ACE
3141,SAMD1,EHBP1L1,UAP1,HSP90AB1,UBE2M,FNTA,LAMP1,PPM1J
3142,GLIPR1,MMS19,ZBTB38,ST6GALNAC2,EIF5A,LTA4H,LDLRAD3,CSNK2A3
3143,PHTF2,FBXL4,SPICE1,POLR2J,DYNC2H1,ARL6,RASSF5,SMCR8
3144,RASGEF1B,TMEM51,ARHGAP18,KANSL1L,IFIT2,GEMIN6,BAP1,C17orf51
3145,PATL2,ZNF282,CTC1,HIST4H4,NFE2L1,TRMT44,EIF1AX,ZBTB42
3146,AC009403.2,ERCC4,UBE2A,DIRC2,HCFC1,CTTNBP2NL,KATNB1,CDK1
3147,ZNF138,USP30,AP000350.4,BRD7,CLNS1A,SLC35G1,G3BP1,RP11-15H20.7
3148,RP11-849F2.8,BACH1,WDR86,COPRS,TLE3,EXOSC5,LDOC1,RP4-549L20.3
3149,MFN1,PRPF19,DPY19L3,RP11-87C12.2,FITM2,RP13-582O9.7,SMG7,FAM66C
3150,PBLD,SRFBP1,THOC5,RP4-728D4.2,THADA,RABGAP1,SELO,RP11-72M17.1
3151,RAB3A,CDK7,CTSO,KRR1,G2E3,FAM72A,GPCPD1,ASB9
3152,MIIP,RAB21,RNF220,UBE3D,ZNF626,NPHP3,TMEM143,NPR2
3153,RP11-467D6.1,DAK,DCAF10,ATG4A,PLXDC2,C1orf233,TNFSF8,C1orf51
3154,PRKCSH,MPG,PSMB4,SHMT2,ZNF582,DCAF15,TIMM44,LRRC20
3155,RGL2,LRRK2,LINC00342,FAF1,MYSM1,TMEM248,AC008964.1,ERI2
3156,CLEC2D,UFSP2,EXOC6B,PRRG2,SKA2,THOC3,MRAS,RP11-58B17.2
3157,LYG1,TNRC6A,MANEA,RCAN1,ADCK3,NDC1,AC007228.9,HIST1H2BF
3158,NCLN,TIMMDC1,MED31,SLC25A11,MKRN2,AGO2,KIAA1958,UNC45B
3159,CETN3,MAP3K7,PDIA5,RNMTL1,ZNF22,GSTM1,SSBP3,LRRC24
3160,RP11-425I13.3,RQCD1,NT5DC1,RP11-175O19.4,GSK3B,WDR89,STUB1,EML5
3161,LRPPRC,ACO2,LINC00115,TAGLN,RRNAD1,DBF4B,DLAT,RP11-513M16.8
3162,MPP1,RP11-398C13.6,L3MBTL3,GLI4,SDR39U1,STAG3,FAM72A,PNMA3
3163,GCFC2,ZNF169,AKAP17A,MCF2L2,DCAF8,PPP2R2D,LYRM5,LRRC1
3164,STRBP,GDPD3,PLEKHG1,ZNF763,TMEM19,COQ5,ZNF710,EPPK1
3165,ACPL2,GID8,TRAPPC4,CMTR2,CTD-3074O7.5,SAAL1,LIX1L,ZNF239
3166,KLHL9,COMMD1,SLC45A1,MTG1,CENPK,RP11-452F19.3,WAPAL,BEND4
3167,ELL2,EPHB6,SPPL2A,TUBGCP5,SETD5-AS1,LMBR1,TDRD3,RP11-80H8.4
3168,ZNF148,SYMPK,EEF1G,FMO4,TNFSF8,ZNF846,MFSD3,PHLPP1
3169,AP000350.4,ANKHD1,VPS13B,CCDC51,NUS1,BATF3,SNX1,ATP2A1
3170,UPRT,MTF2,MPZL1,ZNF720,WDR27,HCG18,SDCBP2,ZFP28
3171,TMEM116,NCLN,CAB39,ATPIF1,PSPC1,PAAF1,NAB1,AC004158.2
3172,TRAF2,RACGAP1,TCTN3,CLU,GFER,ATIC,TUBA1C,RP11-178L8.7
3173,RP2,VAC14,SESN2,FAM179A,RRM2B,LIMK1,TLK1,RAB23
3174,ZDHHC2,DNAJC10,AC145110.1,ATAT1,BRK1,SBDS,ARHGAP35,RP11-351I24.1
3175,CLEC2B,RASSF4,PPP1R11,AP3M1,ARNTL,TGFBR2,PPP1R10,CTA-373H7.7
3176,PTER,RASSF2,METTL13,PDP1,C10orf76,XXbac-B135H6.15,ZNF621,DACT1
3177,MAD1L1,AP000769.7,CHIC1,LINC00909,ZNF160,PPARGC1B,TMEM170B,ESR2
3178,ZNF837,RASSF3,ZNF202,RP5-1136G13.2,RP11-332H14.2,KHNYN,KAT2A,RP11-286E11.1
3179,KIF11,RDH5,PPTC7,SYNE3,FAM35A,NT5DC1,PBDC1,CAMSAP2
3180,USP48,C18orf21,MRVI1-AS1,DBT,PLCD1,TCERG1,AMDHD2,AC073115.7
3181,AFG3L2,ASL,PXMP2,GPR124,ABHD17B,SBF2,THRAP3,PRRT2
3182,MTA2,NAB2,CCDC24,NEK4,ADRBK1,NUPL1,RN7SL832P,C22orf43
3183,GIMAP8,DAPK1,RP11-383H13.1,AC097713.4,ALDOA,GLRX3,PCK2,CCL27
3184,MED14-AS1,ACPP,DICER1-AS1,PES1,TARS2,C19orf48,CHD6,RP11-282O18.3
3185,RP11-589P10.5,RNASEH1-AS1,AMPD3,RALGPS2,TRAF6,CLCN7,BLOC1S6,CAPN8
3186,MORN2,ZNF319,SNAPC2,F11R,ZBTB48,ZSCAN30,NAF1,KAZALD1
3187,RASSF6,TTI2,TMEM106A,SCARB2,MFSD10,VAV2,UBP1,MAGI3
3188,RFWD2,AC120194.1,IWS1,GSTM3,FAM13A-AS1,TMEM261,WRAP73,CUBN
3189,TMEM189,GAB1,RIOK2,LRRC61,FADS1,RP11-425D10.10,MRPL36,RP11-247A12.2
3190,PLXNA1,BRD9,NCF2,MRM1,TMEM185B,DMD,LINC00665,RP11-90D4.3
3191,RFX1,C2orf62,EHMT2,DUSP28,DLGAP3,BEND5,EIF2D,ESPN
3192,NPEPPS,CCDC57,FZD6,DDOST,RP5-886K2.3,TRIOBP,ULK4,RP11-213H15.1
3193,RRM1,COL9A2,MFN2,AC006129.2,CD1C,RP11-381K20.2,SCRN1,AC026471.6
3194,UBL4A,FIGNL1,NXPH4,TMEM194B,SNHG10,EIF2B2,TMEM120B,PDGFB
3195,AGMAT,MON1B,ZNF547,EDRF1,ERBB2,CTD-2538C1.2,DOPEY2,SLC35F3
3196,IPO5,CLPB,SSBP4,STK3,ZNF438,COPS4,SURF2,CTB-118N6.3
3197,CUL5,LTV1,PHF20,TBC1D20,RNF19B,RP11-206L10.9,ACTR5,C16orf46
3198,MRPL27,RP11-390E23.6,RHOBTB2,C1orf85,GBF1,MTFP1,TIMM50,RP11-755F10.1
3199,KCTD12,CREBRF,RCC1,NOP14-AS1,PXK,ZFAND6,RFX3,FBXO36
3200,RBM10,NRM,RFC4,ZWINT,ACAA2,FAM211A,TRIP11,JARID2-AS1
3201,HIST1H4C,ZNF200,BIN1,SAP18,SUSD1,FCHSD2,SNX24,CTC-428G20.3
3202,RPF2,AAMDC,NOL10,PPP6R2,GPR132,SHROOM1,ARIH2,TPBG
3203,PCM1,RP3-325F22.5,PPIF,TMEM156,RP11-403I13.8,NVL,RP11-22P6.2,RP11-46D6.1
3204,NRG1,LINC01136,AGK,SP2,RABEP1,DUSP5,EDEM2,RP11-1299A16.3
3205,SH3YL1,ERGIC2,CLEC17A,GPATCH2L,ABCE1,PRDM2,CLINT1,LAMTOR5-AS1
3206,PTP4A1,GORAB,LAMP1,LINC00925,ZNF784,LYPD3,BIN1,GRAMD1C
3207,CCDC90B,GSTM3,RP11-104L21.3,SULT1B1,NDUFA3,MFAP3,DOCK10,NUGGC
3208,RAB14,STAB1,HERC2,TMEM205,STK10,LRRC69,ANKS1A,RP11-473M20.16
3209,SLC4A1AP,ZNF830,RASA2,C1orf54,KIF13B,UBN1,ATG10,CYP4F35P
3210,RINT1,CHD8,HSPH1,ZC3HC1,WIPF1,POT1,NPTN,TTC4
3211,TRMT2A,PRKAG2,CCT7,BMPR2,MOB3C,FASN,HSPA1B,RP11-17M16.1
3212,MRI1,ZDHHC24,HINT2,RP1-111C20.4,NGRN,AKIP1,ITGAE,KIAA1211L
3213,ZNF584,ANKS3,PEX19,DHX33,CCDC142,FBXL3,MRGBP,ITGA1
3214,UQCRC2,PEX2,RNF34,TSPAN15,NUMA1,PDE3B,SPTY2D1,CCNI2
3215,RP11-372K14.2,RP11-195F19.5,MST4,RRAS,SNX12,FANCE,ADAMTSL4,RP11-156K13.3
3216,CAPS,GPX3,FAM35A,ZNF644,SOWAHD,GAS6,FAHD1,RP11-434H6.6
3217,KCTD5,ZNF300,S100A13,TOR1B,C7orf31,FYN,YY1AP1,NEDD4L
3218,C1orf159,NEU3,TPCN2,GIGYF1,PDE12,MIR22HG,NR2F6,AC016683.5
3219,DHODH,ADAT3,INHBA-AS1,TTI2,KRT86,ZNF546,AGFG2,RP11-326C3.2
3220,C17orf85,LACC1,ENOPH1,SMPD2,MAGT1,EXOSC8,ZNF782,CTA-14H9.5
3221,PANX1,TNFRSF12A,CDYL2,DAP,FAM204A,CEP57L1,NEK9,AD000671.6
3222,NTPCR,CTD-3093M3.1,GS1-251I9.4,CTB-58E17.1,OXSR1,CLN6,FANCG,PCSK4
3223,WHSC1,SFMBT1,MAP4K5,FTX,CYP20A1,BAG3,SLC2A3,ZNF365
3224,URB1,POLR3F,KATNBL1,ATP8B3,HNRNPUL1,SMPD4,CDC42EP4,RP13-270P17.1
3225,TXNL1,ARID3B,ARF5,SUMO3,FBXO11,MTMR10,LIMK1,DDTL
3226,BTBD11,VPS13C,CELF1,ZCCHC18,EIF5AL1,NSDHL,POLR1C,LRP3
3227,RP11-334C17.5,EEA1,SRRD,SMG6,SF3A2,ZNF77,IL10RB,PP13439
3228,SACM1L,FBXO4,ZDHHC20,RP11-265P11.2,TRAF7,EDA,SLC25A44,FAM92A1
3229,DIP2B,OLIG1,MOAP1,KRBA2,TAF1C,CD101,ZNHIT2,LRP12
3230,CNTD1,LINC00852,UBR3,NRROS,COG1,BEST4,AAR2,C12orf60
3231,LYRM1,FASTKD5,NHSL1,SH2D3A,FAM219B,PARP16,ZBTB18,SEMA6B
3232,ANGPTL6,PIGO,FER,APPL2,RP11-728F11.4,MBD1,SAMD4B,RP11-350G8.5
3233,TFAM,MYBBP1A,CFL2,WIPF2,NT5M,RAPGEF6,TSEN54,CCDC163P
3234,BARD1,KIF3C,ZNF397,PPP1R7,ALKBH3,IPO9,C6orf226,LRRC16B
3235,AC116366.6,MAFF,LIX1L,FANCL,NKTR,EAPP,TMOD3,AC109333.10
3236,CDK8,PPP5C,MAPK14,ADCK1,ANKZF1,C1GALT1,VAMP7,RP11-438L19.1
3237,RNF115,FAM118B,CNNM4,UTP14C,AC010761.8,DHRS9,ZBTB14,CTC-260E6.6
3238,NBPF14,ZNF681,CYP4V2,RABL6,SPRYD4,HIST1H1E,LMO7,SH3D21
3239,AMFR,UMPS,ZNF582,LYPD3,POLK,FZD1,USP11,RP11-379H18.1
3240,CXCR5,HIAT1,CHST14,THNSL1,TMEM120B,METTL8,CD40LG,AC022182.1
3241,GPD1L,AEN,PPAT,MYO9A,CLUAP1,METTL16,AMFR,AC129492.6
3242,METTL2B,AP4S1,DNAJC4,BCORL1,C11orf68,LPGAT1,TWSG1,ENKD1
3243,HINFP,QSOX1,PPP4R1L,LINC00264,BMI1,LIN7B,DHX58,ZNF578
3244,STARD3NL,MATK,FAM118B,RHOF,NOL10,PPIP5K2,GPATCH2,ZNF84
3245,PCCA,C12orf44,RP11-553K8.2,CHD7,PLXDC1,KLHL28,MICU2,GS1-114I9.1
3246,RP11-582J16.4,CDYL2,ZDHHC14,RAB1A,SYTL3,TNFRSF13B,PHF20L1,SLC22A15
3247,SYCE1L,KCTD7,RGMB,MUL1,PHACTR2,STRBP,HMG20A,RP11-312B8.1
3248,RNH1,CCDC97,SEPP1,ZNF540,DHRS11,PGPEP1,HNRNPAB,NRP2
3249,LRRC58,HDAC10,COX18,MED6,HAPLN3,PRICKLE3,GATC,CTD-3154N5.1
3250,ATP5S,BDH2,ZNF583,CCL20,ARL13B,PEX5,ARFRP1,C7orf25
3251,STX3,ETV3,C8orf82,ATIC,HAAO,GFRA2,BRI3,GEM
3252,GNPNAT1,ABL1,ANAPC10,FTO,FRAT2,ERP29,ARHGEF1,SSSCA1-AS1
3253,AC004854.4,AC007036.6,TRMT10A,ZBTB21,MIF4GD,PTRH2,TRAF6,PXDC1
3254,RP11-143J12.2,PHOSPHO2,NPHP1,TMOD2,MFSD6,ACD,C14orf159,KCNQ5
3255,SETX,EFTUD2,TRIM65,SNX11,PATZ1,TARBP1,CHP1,IL10
3256,MIPEP,SMYD3,LINC00910,CASC7,NPRL3,DNM2,NEK3,STS
3257,SLC2A1-AS1,PDCD7,CTB-133G6.2,ALKBH4,CTBP1,PHC2,TRPS1,LIME1
3258,RP11-110I1.13,MYL6B,NUCKS1,CPT2,ELAC1,FCHO1,TBX19,RP11-266J6.2
3259,RP11-554J4.1,OSM,HS2ST1,DKK3,RC3H2,LRRC27,POLG2,NCKAP1
3260,ALDH6A1,TOP2A,ENY2,E4F1,ZNF862,RNU12,MAP2K2,KCNJ14
3261,HEMK1,GPR18,NUDT12,ZNF330,MOAP1,C17orf85,DSCR3,NUAK1
3262,ASTE1,SENP6,PSMG1,TEX261,DOCK8,LPP-AS2,KLHL36,RP11-544A12.4
3263,PPP1CB,COLGALT1,ZFYVE16,SLC35E3,TWISTNB,ATG12,CIDEB,AC018755.1
3264,EMR2,SCAMP1,SMCO4,C9orf64,TUBA1B,TSPAN14,ZNF451,RP1-151F17.2
3265,SKI,GK,POC1B,DMTF1,RP13-582O9.5,METAP1D,ZNF613,OCM
3266,TLN1,PRKCQ,RP11-111M22.3,METTL14,ZFAND3,TTC32,ZNF576,FBXO10
3267,SLC35F5,NSMF,AC002117.1,ZNF354B,KLHL20,TRPT1,BMPR2,RP11-791G15.2
3268,SGOL2,MOCS3,CCT3,RP11-143J12.2,HEXIM1,ATXN2,WDTC1,AC004381.6
3269,RCN3,DOPEY1,ST20,AGTRAP,PADI4,TMEM70,RP3-510H16.3,RP11-356N1.2
3270,ADAM19,ARID4B,TRAF3IP2,PPP2R1A,C22orf39,AKTIP,SMS,AC018766.4
3271,KLF5,WDR54,RAD17,NNT-AS1,XAB2,RET,ELMO2,AL136376.1
3272,COG7,ZMIZ2,ZNF138,VPS72,FOSL2,HSPA6,MTFMT,CITF22-92A6.1
3273,ZBTB25,H2AFY2,POLK,RDX,LCAT,MAP1A,COA4,RP11-339B21.13
3274,ETV3,ACYP2,TEX2,BCAS3,TP53BP1,GAB2,ADCK4,RP11-484K9.4
3275,GRAMD3,ZC3H3,C1RL,TXNDC9,HS1BP3,COX6C,SERPINB8,SCIN
3276,JAKMIP2,ZNF865,NDUFAF2,HNRNPH3,RP11-421L21.3,TMEM39B,ZSCAN30,SEMA5A
3277,C6orf89,ANKRD6,C9orf40,RPL34-AS1,CARNS1,ADPRHL2,BTBD6,RP3-462E2.5
3278,CTC-523E23.11,ZNF585A,C12orf73,ARMC8,TSPYL4,AATF,PER2,LRRC16A
3279,BLVRA,MAMDC4,IDS,LRCH1,TPST1,NQO1,TRMT1L,RP11-582J16.4
3280,UBA1,C16orf93,POLE,VAC14,SERGEF,ZCCHC3,IFNG-AS1,ZNF304
3281,KDELC1,SAMD1,CLPTM1,FIZ1,POR,ABHD1,ZBTB17,SNORA40-1
3282,LINC01003,ZNF567,CRTC1,RP11-297N6.4,ARFGEF2,ZNF747,MFSD2A,RANBP17
3283,TTC22,STARD3,OCRL,SCP2,ZNF829,GLUL,TMED3,MIR378D2
3284,RFC3,EPHB3,PITRM1,ZNF449,CLSTN3,HERC5,CACNA2D4,RP11-54O7.11
3285,IFI27L2,GIGYF1,CDKN1C,ZNF250,LINC00944,EZH1,DYNC1H1,ATP6V0E2-AS1
3286,HEBP1,HDHD3,CLCC1,HM13,CCDC102A,B4GALT1,PDLIM5,ZNF805
3287,ANKS1B,LY9,C16orf86,TNFSF14,KRI1,RNASE3,FGD5-AS1,PRSS53
3288,RP11-732M18.3,SPICE1,ZNF487,BCL6,CLPTM1L,PI4K2A,CEBPA,EPN2
3289,C3orf14,RP11-803D5.4,ZNF324,TMEM44-AS1,IKBIP,PREPL,IFIT1,TNIP3
3290,LENG8-AS1,RGAG4,PRICKLE1,CNTD1,RP11-398K22.12,IPCEF1,BRF1,RP11-162A12.2
3291,GALK1,RP11-305L7.7,LINC01004,RMI2,ANKRD13D,RTP4,C19orf73,RP11-496I9.1
3292,SNX8,MGME1,AMMECR1L,DCK,VIPR1,GOT1,CSNK1E,CTD-2666L21.1
3293,CTC1,ZNF32,EXOC1,RPAP3,ILVBL,TPRN,NFKBIB,EFHD1
3294,AC015987.2,TSSC1,DDX6,ZNF341,FAM118A,SEC23IP,MOK,C8orf37
3295,COPS3,ZNF431,METRN,FBP1,PARP6,PLIN2,CIAPIN1,GPR63
3296,HIBADH,CD163,ZBED1,KIAA0753,RP1-197B17.3,PELI2,C6orf106,RP11-342M1.3
3297,ARF1,GALM,TAF8,GUCD1,PNRC2-1,APEX2,ZNF785,AF131217.1
3298,EPG5,TFCP2,KLHL12,SMC1A,CD151,FAM210B,ECE1,LAMA5
3299,AGFG1,MRVI1,CSRP1,RP11-463J10.3,SMARCAD1,RAB10,TMEM63B,CYP2D6
3300,CUX1,QSER1,CLPX,HEATR6,RP11-473I1.5,PAK1IP1,RP11-544A12.4,RP11-423H2.3
3301,TMEM64,MAL,ZNF506,PAXIP1,WDYHV1,PBX3,AGL,TEX22
3302,POLB,NOTCH2,CA5B,RP11-154J22.1,COLQ,C12orf23,C1orf56,TUBB4A
3303,C19orf70,SHPRH,TDRD3,BCDIN3D,SLCO3A1,INTS3,TMEM134,AC009473.1
3304,NUP155,ATXN1L,PGP,SCYL2,RQCD1,RP11-661A12.7,INTU,CTD-2210P24.4
3305,APBB3,POLH,ELOVL1,OVCH1-AS1,TMX4,MBNL2,KDM5B,CTB-129P6.4
3306,TAF1B,IL17RC,THAP4,SMARCC2,FARSA,ZC3H18,GYS1,RP11-83N9.5
3307,BRD1,HMGB3,PIH1D1,FUCA1,PIBF1,ABCB8,DMTF1,CTAGE9
3308,NLRP3,NOP14-AS1,RP11-872J21.3,CATSPERG,PHF21A,TBC1D7,PRMT5,STX16-NPEPL1
3309,TAF5,ZNF776,FAM216A,APOL1,PLEKHF2,BTN2A2,QRICH1,RP11-191L17.1
3310,FRY-AS1,HELB,RB1,NPDC1,HADHB,DMTF1,RECQL,GEN1
3311,SP4,SGCA,MLKL,MSS51,POMZP3,WDR34,CHEK2,SDS
3312,GDPD5,PAFAH2,LARS2,TRIM5,C14orf93,RCBTB1,COX20,ATP6V0E2
3313,GLCCI1,MRPS34,KIF1C,GATAD2B,RBFA,ZNF408,TRMT44,CTD-2162K18.4
3314,MZF1,DNAJC25,CASP1,MOGS,RP11-73E17.2,PLAGL1,C10orf105,POMT2
3315,TAF1A,ING4,PUM2,RTN4R,MTAP,DHX58,DCLRE1B,ZNF225
3316,AC025171.1,NCKAP5L,PPP1R13B,AMT,GPALPP1,JUP,PVR,SENP8
3317,PARVB,GS1-393G12.13,ANAPC7,ACTR8,MTL5,KLF10,H1FX-AS1,PLXNA1
3318,SLC10A3,PARP11,AC061992.2,ZNF33A,SPEF2,ZNF880,IPMK,HID1
3319,SSH1,SIRT1,TRAK2,DLEC1,SERINC5,ZDHHC16,AC093157.1,VPS13A-AS1
3320,SNRPB2,FCAR,KLHL18,IKZF5,MAST4,FBXO18,TBCK,RP11-390F4.3
3321,ZNF181,AMER1,ETFA,MAPRE3,TVP23B,ZNF83,CWC15,RP11-452L6.7
3322,STK33,C2CD3,ZNF528,ST7L,JAGN1,RP11-634H22.1,GNAI1,ZFP37
3323,RP3-508I15.19,STRN3,HIF1A,RP11-305L7.1,CUL2,ARIH2OS,SCRN2,DUSP8
3324,TBC1D31,ZSCAN18,WIZ,MED30,S1PR1,SLC38A5,OAZ3,UNC5CL
3325,GCA,RP11-309M23.1,MTRF1L,SEC31A,PDXK,CTAGE9,CARNS1,LIPC
3326,ASPHD2,MFSD6,MB21D1,NELFCD,TXNDC12,FAR2,MMP25,HAR1B
3327,GNL3L,STIM2,ELF2,SPNS1,EIF3B,RP3-462E2.5,ARSK,SEMA4F
3328,CSTF2,RP11-102N12.3,TNKS2-AS1,C9orf66,FLVCR1,MRPL50,GEM,RP11-803B1.8
3329,BRD3,SPIB,CHD1L,SLC12A5,NCK1,RP11-101E13.5,RHOBTB1,CTD-2651B20.3
3330,NUP133,S100P,SPDL1,CAPN10,TAPBP,TPP2,SPNS3,TRPV3
3331,RP11-522I20.3,MCM4,ACAA2,RYBP,SLC19A1,PTPN2,SWI5,ANKRD6
3332,EXOSC6,EPS15L1,SWT1,OIP5,QKI,ERO1LB,AGBL3,RBM12B-AS1
3333,POFUT1,TMEM53,ZNF548,KIAA0947,STAU2,DPH1,PLTP,CBWD3
3334,WWP1,TBC1D31,PBX2,ACSS2,NAPA,TRABD,TSNARE1,C10orf105
3335,KLHL15,ATP8B4,EED,EARS2,HOXB4,C15orf38,SCARA5,ZNF391
3336,ABHD3,RP11-490O6.2,L3HYPDH,ANKRD32,FER,G6PC3,PRKCE,TMEM105
3337,PTPLA,TRAPPC2P1,MAP3K3,RP11-343H5.6,TRAP1,REEP4,PEX13,AMZ1
3338,ZNF235,ALS2CL,AC009065.1,TRIM27,DIS3L,COG5,AARS,CCDC85C
3339,LINC01024,FGD4,ARMC1,IMMP1L,ATPAF1,KCNN4,SLC25A46,BFSP2
3340,SCLT1,DMXL2,RP11-498C9.3,PIF1,C16orf70,CCDC65,TOR2A,RP11-480D4.6
3341,CSAD,RP11-635N19.1,CASC4,LRRC34,SNAP23,SLC14A1,KTI12,DMPK
3342,NFS1,CBR1,PUSL1,KLHL14,UBN2,ACOT13,GTF3C1,ANKRD34B
3343,TIMM10,DYNC1I2,SNRPA,IL18BP,NDUFB8-1,AP3M1,SLC27A4,TIGD5
3344,MICAL1,IL18,FUNDC2,EIF5A2,DRAXIN,CENPV,KMT2A,RP11-805J14.5
3345,TTC19,FAM46C,CHMP7,APAF1,FMNL3,MED27,CCNJ,CTD-2047H16.4
3346,LPP,ZNF446,ASCL2,ACTR10,PMM1,AP001372.2,TOPORS-AS1,RP11-105N14.1
3347,VCPKMT,PSTK,CLDN15,XXYLT1,SMPD2,SNF8,EEF2K,RP11-483I13.5
3348,MANBAL,RP11-342M1.3,TBC1D9,ADCK5,ZCCHC8,DDHD2,RP11-582J16.5,CTIF
3349,RDH13,FUZ,NISCH,ZNF672,PRICKLE4,RNF25,MTHFD1,ZNF483
3350,TNFRSF10A,MB21D1,FMN1,TULP3,FARP2,GK5,SLC25A5,RP11-867G23.4
3351,INPP1,EPN1,RP11-126K1.6,ARRB2,KPNA3,THOP1,CEP85,RP11-77H9.2
3352,EIF2AK3,DCTN4,RP11-809O17.1,CLCF1,PDHA1,POR,USP31,SMTN
3353,RP11-473M20.14,NICN1,QTRT1,LAMTOR1,OTUD1,RP11-629O1.2,RASA1,RP11-279F6.3
3354,MCOLN3,KHDC1,SLC41A3,SCAF11,DOCK5,ANAPC13,ZBTB33,AP001412.1
3355,EPHA1-AS1,PDCD10,DHX16,CCBL2,MAGED1,RHOF,SMARCAD1,RP11-666A20.4
3356,RP11-545I5.3,PGPEP1,TIPRL,TMC4,ALG3,COG2,LPIN1,DYNC2H1
3357,ASB2,ABCG2,LY96,SERTAD3,KCTD10,VPRBP,CTU1,ZMYM6NB
3358,NARS2,RNF139-AS1,MANEA-AS1,HSPE1,ZNF175,ATP2A2,PHF11,SLC6A4
3359,CASP9,CTD-2020K17.1,RP11-658F2.8,RIOK3,EMILIN2,SCAMP3,CMIP,DVL1
3360,NFATC2IP,PRPF31,ALKBH1,HIST1H2AM,SLAIN2,CACNA2D2,ACO1,FOSL1
3361,ACP6,CPEB2,COQ9,BRPF3,ELP5,PFAS,DAB2,ZKSCAN7
3362,TMEM181,FBXO22,RP11-279O9.4,ZNHIT2,PRRC2A,MRPL35,CATSPER1,CTD-2033A16.3
3363,MED15,PITPNM2,ARHGAP11A,TUBE1,HSDL1,FMN1,SETD9,STEAP1B
3364,SLC35E2B,CMTM7,PGAP2,MBP,MED30,RP11-70C1.1,RP11-332H14.2,TTC30B
3365,ARRDC4,ARAP2,AMFR,ECE2,ZNF318,PRKCD,PGAP3,RP11-426L16.3
3366,C5orf56,WDR20,FBXO32,BET1L,NAALADL1,RP11-221J22.2,RP11-420G6.4,C1orf177
3367,NDRG2,RUVBL2,SERHL2,UBTD1,TRAPPC2P1,UBE2R2,RP5-1085F17.3,DOCK7
3368,MAPK6,FKBP9,KB-431C1.4,AKT1,PKN2,AGAP3,PAK1IP1,TMEM81
3369,WDR3,DRG1,WRAP53,CTNS,ZNF548,GIMAP1,ZNF700,RP11-728F11.4
3370,MTFR1L,POC1B,TXLNA,MYSM1,DNAJC9,CSTF2T,SRFBP1,RP11-77H9.8
3371,RNF40,UBL4A,DENND3,TMEM101,KATNB1,C1orf112,PPP1R3D,RP11-81A22.5
3372,SNRNP25,CD1A,GNG10,SEC11C,DPH6,MICU2,PARP11,RP11-157J24.2
3373,RP11-430B1.2,SARDH,RGS16,KIAA0754,ZMYM5,BRAP,ORC6,HHAT
3374,ABCB7,GLRX2,NME2,RNF41,MYD88,SLC35B3,AC016586.1,TMEM200B
3375,BTBD2,RP11-872J21.3,MTFR1,KLHL7,C2CD5,ZKSCAN8,RP11-297N6.4,RP1-265C24.8
3376,GALNT7,ZNF211,QRICH1,IPO13,SESTD1,KIF21A,PPP1R16B,RP11-359K18.3
3377,RP11-126K1.6,TRAF3IP2-AS1,ZNF37A,CHKB-AS1,ALDH18A1,POLR1E,MICAL2,ZFPM1
3378,TMEM229B,LINC00526,TLR7,AC062029.1,TMEM156,NFIX,AC023590.1,CACNA1C-AS1
3379,CES4A,CTD-3184A7.4,RREB1,MPLKIP,MDM1,TECPR2,CS,LINC00106
3380,GPR55,CD300LB,GPATCH1,VIM-AS1,XRCC1,TRNAU1AP,CKAP2,GREM2
3381,DDX56,SLC16A1,MYBL1,PRPF4B,GALNT11,C15orf39,TAF3,CNNM4
3382,XPR1,MTMR6,C5orf63,MAN2B1,C1GALT1,RP5-882C2.2,RP11-142C4.6,IGSF9B
3383,PPAN,IL15,WDR45,XPA,POLE4,NHEJ1,ATF5,GLIPR1L2
3384,AP5B1,AP1S3,COQ3,TMEM128,C16orf86,TRMT2B,PEAK1,TSKS
3385,AP1M1,RCN3,AC073072.5,DAPP1,C18orf25,ZNF630,DHCR24,SAMD12
3386,TSR1,FAHD2A,NT5C3A,TREML1,LRCH1,SHARPIN,ZCCHC11,P2RY6
3387,CFH,CHCHD7,TP53I11,FUT10,DOCK11,SLC35A3,PEX10,C10orf25
3388,GBP4,MSTO1,MON2,XXbac-B135H6.15,KANSL1,TMEM9,PPARGC1B,GAL3ST4
3389,PDSS1,SLCO4C1,RP11-977G19.11,ELAC2,PRR24,MRPS24,ZNF623,FAM151B
3390,SPTLC1,BTG1,PAF1,RASA1,SPATA33,XPO4,EVI5L,AC015922.6
3391,C1QC,POM121C,AIF1,MTBP,MED7,SLC25A14,UBAP1,RP11-805I24.1
3392,ANKRD46,DYNLT3,LIN52,NAIF1,XRN1,ZNF473,CAHM,C9orf9
3393,COX15,ZNF586,TMEM18,WBP5,RIC8B,CLP1,ITPR2,DNAJB5
3394,MPV17L2,SRSF1,SFT2D3,DEDD,SDR42E2,WDR19,CTD-2562J15.6,RFPL1S
3395,SUGT1,CLUH,INO80D,EZH2,RING1,MANBAL,RP11-138I1.4,CTD-2517O10.6
3396,NARG2,VSIG4,REXO1,GADD45A,CEP97,TDRKH,PATZ1,RP4-773N10.4
3397,STRN4,RP1-197B17.3,SUFU,ZNF443,RBMX,UBE4B,TMEM88,DTX4
3398,ACBD4,SNORA76,DAP3,GANAB,FAM213A,ANKRD26,URGCP,GNAO1
3399,RP11-496I9.1,RP11-480D4.6,IMP4,SPTSSB,ACTR8,RPS17,DNAJA4,IL27
3400,TMEM106A,IPO4,NAP1L5,ATP1B3,C20orf197,EPB41L4A-AS1,RMND1,HSPA2
3401,EPC2,SLC38A6,C11orf54,SLC12A9,SPATA2,RP11-285F7.2,KCTD15,CTRL
3402,FNDC3B,GIT1,LRRC47,DBR1,RBCK1,APPL2,TMEM2,GPR20
3403,SWI5,RICTOR,TRPT1,SAP30L,HMGN3-AS1,SLC9A8,GS1-124K5.11,CHN1
3404,ORMDL2,FAM167A,SELM,ABCA1,LIN37,WDR59,DHX38,AC103563.8
3405,STRA13,ARL11,BPHL,PHTF1,MORC2-AS1,NR2F6,CTSK,DOK4
3406,ACOT2,NFU1,ZNF446,INSL3,SMIM10,RP11-296O14.3,ZNF777,DND1
3407,ABHD4,FAM117A,MRPL1,SPAG8,ABHD11,ITGB7,TMEM80,WDR66
3408,AC011747.4,HNRNPA1L2,AMY2B,RP11-35G9.3,CMIP,IL23R,IFFO2,MANSC1
3409,AC002117.1,GNG7,PHB2,COPE,IGHMBP2,PGRMC2,SACS,SPAG8
3410,B3GALT6,SPOPL,EEF1E1,SVOPL,DNPEP,RP11-620J15.3,NAPG,UXT-AS1
3411,KIAA1586,RP13-977J11.2,HIST1H1E,IFNLR1,EPB41L5,RSPRY1,TPCN2,STEAP3
3412,PSMD6,NBPF1,GORAB,SCRN2,ARRB1,CEP70,C1orf50,CELF2-AS1
3413,SPECC1,FBXW4,C11orf68,ROGDI,DCP2,TIMM10B,SPATA24,RP11-643M14.1
3414,TYSND1,PDPR,PUS10,RELT,PDZD11,BROX,TMEM71,FAM72B
3415,TRIM21,CC2D1B,CETN2,ARF1,BOLA3,ACLY,MT1E,DUOX1
3416,PIP4K2C,KIAA1279,MYOM1,LONRF1,HARS2,BCL7C,CAP1,HLA-DQB1-AS1
3417,POU5F2,CYBRD1,LINC00969,SMURF1,RP11-446N19.1,C12orf75,KIF21B,PEX12
3418,SREBF2,RP3-399L15.3,TTF1,NME4,SHC1,TMEM86A,PHF2,HDAC11
3419,NAB2,WNT10A,PCCA,AKAP1,FAM65A,RP11-326I11.3,UBE2G1,TRNP1
3420,CRY2,TNFSF14,MMP11,SRD5A1,SNRNP40,C15orf41,NARS2,RP11-467P9.1
3421,LXN,DENND6A,BCKDK,UBAP2,ARIH2OS,FCF1,P2RX7,LINC00884
3422,ITPR3,AGPAT5,NIPSNAP3A,POLG,TOMM34,CLIC4,CLIC4,MMP14
3423,LSM6,PTPN9,ZNF699,VPS8,GGA3,FAM129C,JHDM1D-AS1,TXNRD3
3424,CWF19L1,SMARCAL1,KCTD11,CHP1,EVA1B,CDK3,PVRL2,AC092667.2
3425,AC074138.3,SPOP,TMEM181,ZBED6,GET4,NFKBIB,TRIM44,KDM4D
3426,IKZF3,RP11-15A1.3,ADRBK2,GCN1L1,FGL2,WDR5,PIGX,ZNF517
3427,CCR1,SKAP2,KAT6B,LEMD2,TBC1D10A,NADK2,SIRT1,CBX2
3428,VEZT,EP300,CCHCR1,RBM3,EIF4H,RNF126,IFFO1,GS1-393G12.14
3429,CD9,RP5-935K16.1,ZW10,ABHD17B,STAG2,PBX4,HIC1,RP11-517I3.1
3430,ERCC6,ZFP64,DYM,TMED1,KLHL17,ACSF2,SLC29A3,ABHD1
3431,BATF,TMEM69,SDCCAG8,RHOU,GSPT1,ANKS1A,ZNF823,PLD1
3432,ZNF551,GUCY1B3,PHTF2,C9orf72,GOT2,DENND5B,SCCPDH,AC090186.1
3433,NGFRAP1,SLC27A1,MYNN,DAPK3,RP11-359B12.2,ECE2,RICTOR,CCDC13
3434,PIGC,FCER1G,HIST4H4,ARL17A,IQCE,CXCL3,ASGR2,PTOV1-AS1
3435,CHCHD4,SS18,ALG3,CHPF,INO80D,CDKN1A,ARNT,RP11-407G23.3
3436,AC009299.3,FAM173B,CCL28,RWDD3,SNAP29,WDR45,DISP1,RP11-977G19.12
3437,CENPB,CREBZF,CREB3L4,USP7,ARFIP1,ATP2A3,LPCAT2,HYKK
3438,TBCK,KATNA1,SSH3,SSX2IP,LINC00685,CEP135,ACOX1,NUDT12
3439,B4GALT5,TRIB1,ZNF549,C19orf40,ALDH16A1,PIGH,PALB2,TMEM200A
3440,RHOD,CLK4,ZNF69,PTPN18,DCAF7,FBXO11,CD36,CD248
3441,KPTN,SEC23A,TXLNG,ENAH,MINPP1,SAP30L,ROGDI,CTD-2514K5.2
3442,RP11-433J8.1,C11orf54,GABPA,METTL12,PIGO,IRS2,C1orf27,RP11-101E13.5
3443,CARD8,FAM58A,SFXN5,PRRC2B,GCDH,PNPLA4,SLC35E4,RTN4R
3444,EME2,MOB3C,RAB11B-AS1,SRRD,MCM6,SLC19A1,PROC,RP11-402D21.2
3445,PLEKHO1,YY1AP1,SLC38A11,DYNC1I2,GLTSCR1L,WBP2,BACE1,ELMO3
3446,CDH23,UBE2J2,COMMD4,CMKLR1,ENTPD6,MED1,SP4,FANCC
3447,CRKL,RNASEH1,SEH1L,MAP3K12,TNFRSF9,PIGU,SPOPL,RP11-504P24.8
3448,CRCP,ZDHHC14,ZNF256,PPAT,CDK1,NXF1,CD160,GUCA1B
3449,RP11-1114A5.4,BTD,BRF2,MAP3K6,FAR2,TMEM57,SLC9A8,RP4-561L24.3
3450,FAM114A2,CHUK,CD163,SMIM4,AC108488.4,NDUFAF1,FAM102A,CMTM4
3451,GPR146,GARS,SLC25A28,LCORL,PDCD4,C8orf76,RIOK2,RP11-163N6.2
3452,CENPP,STK3,ADIPOR1,ARHGEF7,HDAC6,NOC4L,ACY1,RP5-1180C10.2
3453,LINC01011,AC091729.9,CHST7,SNX25,MORC2,GNL2,CD1B,RP11-110I1.14
3454,MT1F,RP11-117D22.2,PAXIP1,TIMM10,RANBP6,MAFK,CAMSAP2,FOXD2
3455,R3HCC1,CARS,CENPL,PFKFB4,FXN,GLCCI1,FASTKD2,RP11-388M20.1
3456,RP1-8B1.4,RBM18,SPTLC2,ENOSF1,CNOT6L,RP11-215P8.3,PRRT1,AE000662.92
3457,SEC16A,GTDC1,SLC35B3,AC022400.2,PTPLAD2,CD5,EPS8L2,TRIM59
3458,COA3,ICMT,ZNF717,TMEM258,GLT1D1,RP11-589C21.6,ZNF671,MTUS1
3459,ATP10D,C8orf59,CPSF1,SLC16A6,NPC1,DLEU7,NDUFA7-1,UBXN10-AS1
3460,NDUFA10,MNT,RAPGEF1,ALG8,USP39,IL6ST,SDS,RP5-1098D14.1
3461,PSAT1,PPP2R5D,OXR1,CCDC152,ATF4,SMAD5,TET3,RP11-242D8.1
3462,TTC31,IL16,MFSD8,STT3B,AGPAT2,CKLF,PAOX,KCNE1L
3463,TMEM55A,PYGL,KMT2D,RP1-92O14.3,AC159540.1,CD8B,GNPDA1,ZNF546
3464,RP11-620J15.3,ARHGEF37,GPM6B,PPP2R2B,PTPN23,RPS6KA3,ACRC,CTD-2544N14.3
3465,GOSR1,NFKBIA,CREB3L2,DCLRE1B,GSKIP,MED19,MIER1,CTD-2547L16.1
3466,FGFR1,OXSM,CKAP2,ARL8B,UPF2,C19orf52,RP11-758P17.3,RP11-732M18.3
3467,MFSD4,AGO3,RP2,CCDC90B,NR4A2,PHKB,RP11-214O1.3,KIAA1324L
3468,CARHSP1,ZBTB11,ACCS,NADK,CD86,RNF115,NDRG3,MMP25
3469,PSMC2,TSEN2,TAF2,PFDN4,MRGBP,CNOT3,SETD5,MID2
3470,PELO,NCOA2,RPP14,GTF2IRD2,ZNF582-AS1,MTRF1L,PLB1,TBX19
3471,CPEB4,AC015922.6,ATHL1,HIST1H1D,PARD6A,RABL2A,ZFP69B,C1R
3472,MIR4435-1HG,PRKAR2B,TRAM1,GGACT,PSMD11,FAM58A,MED23,DCBLD2
3473,LINC00309,EFCAB4B,EFCAB4A,ILF3,PRKCI,SPAG9,FCRL5,RP11-154H23.3
3474,RALGAPA2,PRKCI,GPKOW,ANKMY2,FAM69A,AC007246.3,PAQR8,MYO18A
3475,RP1-197B17.3,LMAN2,ERMARD,MAP2K6,TMCO6,AC104809.3,PSMC3,FSCN3
3476,MCF2L,MRFAP1,PBRM1,RP11-166O4.6,UBXN11,DDX10,GCH1,PMP22
3477,PIGA,DHRSX,ZBTB14,AC012360.4,KEAP1,CHKA,MBOAT7,NHSL1
3478,UBA6-AS1,ULK1,CDC20,TPBG,WDR60,PIGA,TRIP12,DNAH6
3479,MKL1,DIP2B,GPS1,RNF130,LAMTOR3,WRN,ZEB2-AS1,RP11-666A1.5
3480,WDR89,ANKRD28,BAIAP3,SNX18,CENPH,ZNF496,FAM214B,HSD17B1
3481,IL12RB1,NSG1,PRKAB2,CTRL,ZFAND1,UBQLN1,ZNF555,RP11-277P12.20
3482,DUSP3,CXorf40A,TOM1L2,ZBTB45,IBA57,SP3,MR1,C2orf27A
3483,PID1,ZNHIT2,RBM12B,CCL4,EAPP,CSNK2A2,TMEM216,RP11-472N13.3
3484,PGBD2,SEC22A,GPR82,CATSPER2,SNX4,PSMD5,IRAK1BP1,RP11-190C22.9
3485,MFSD11,SFT2D3,PNKP,MAVS,MED23,B3GNTL1,VILL,ADORA3
3486,PEF1,RP11-390P2.4,TSC22D2,GRK4,CARHSP1,GIGYF2,PPIL4,AC083949.1
3487,NKIRAS2,LPCAT2,PLCB2,RGS18,TBP,TBX21,EXOC1,RP11-385F5.5
3488,UIMC1,STAM2,KLHL24,TMEM170A,SMPD4,MTURN,ME2,COL13A1
3489,CTB-113I20.2,FBXL19,TARBP2,ELP3,RNF135,HLTF,SYAP1,POLE2
3490,RP11-327P2.5,HTT,ABHD16B,TLK2,TNIP1,RC3H2,OXSR1,POU5F1B
3491,MRPS12,CCNYL1,ITPA,EML5,NEO1,NIFK-AS1,IKBKG,ZRSR1
3492,SLC25A36,ARID1B,SYNE2,SDHA,SMARCA2,PRPF3,CCDC138,PVRL3
3493,RAB11FIP2,ANKRD32,PSTPIP2,CDCA8,HIF1AN,BTLA,RAB28,RBBP9
3494,PCGF3,ZSWIM8,STX8,GBP5,CENPQ,CEPT1,CEBPZ,KCNK7
3495,VPS33B,ABCC5,RP11-83A24.2,KBTBD8,RP11-301O19.1,HINFP,LPGAT1,CEP112
3496,NBPF9,CD164,MKLN1,DNAJC16,HN1,PARP8,RP11-345P4.9,GPR27
3497,TXNDC11,AP000783.1,TUBGCP4,ZNF184,SFMBT1,ZNF217,MAP4K2,RP11-327F22.2
3498,KMT2C,GORASP1,HEATR1,NEFH,CTD-2616J11.2,MTPAP,FOXN3-AS1,RP4-607J23.2
3499,BCR,MCM7,NUDT4,ABCG2,TBCCD1,XXcos-LUCA11.4,TMEM218,CCDC62
3500,PPP1R9B,MYO5A,DHX8,ANKRD27,TLR2,C11orf68,NDUFS1,SLC2A5
3501,C19orf77,TRAPPC11,JADE2,SLC38A6,DHODH,ESYT1,RPSA,ZBTB5
3502,MID2,VKORC1L1,CAST,RP11-452L6.5,DENR,GLTPD1,KIAA1430,TIGD7
3503,AKIRIN1,LGMN,CNOT1,BAP1,DPP4,TET3,IFIT2,CTD-2623N2.11
3504,METTL2A,RP3-402G11.25,FAM173B,ABCF3,WDR76,TLR7,C17orf70,CAND2
3505,CCBL2,RABL3,TMEM256-PLSCR3,ABCA2,IL1RN,KAT2B,SPTSSA,TGM2
3506,DTYMK,ZDHHC18,RPL39L,CDCA5,XXcos-LUCA11.4,XKR8,ZFP57,AC006994.2
3507,IFFO2,SH3YL1,DNAJC25,TTLL1,HADH,IFT57,LAS1L,MICALL2
3508,ACIN1,GNB4,PRKRIP1,AC003075.4,POLG2,FAR1,DOCK5,TCFL5
3509,ZNF319,SNX15,CS,GLT8D1,RFC5,YWHAG,CCDC86,GPR153
3510,KIAA1324,CCDC53,THTPA,WDR1,QSOX2,ZNF227,MIPEP,ZBTB26
3511,AAED1,BMPR2,LMAN1,IL21R,VKORC1,MTERFD3,AUTS2,PRDM15
3512,KIAA1841,CAND1,NRM,CDKN1A,SLC17A9,WDR75,RNF123,RP11-750H9.5
3513,PDZD8,TCEANC,BAP1,WDR19,MTG1,SNX11,STK40,PCBP3
3514,PLAGL2,TOMM40,RP11-509J21.2,RP1-40E16.12,AREL1,TERF2,PLEKHM2,RAVER2
3515,PLA2G4C,POLD4,EIF4EBP2,ZNF429,NLE1,TAF2,CHRNE,HTRA1
3516,SEC61A1,PNPO,FAM149B1,RP11-809O17.1,TELO2,SLC9A9,NREP,NRXN2
3517,GM2A,GGA3,STEAP1B,ALG1L,OXSM,PI4K2B,HMGCS1,RP1-90J20.12
3518,RABGAP1L,TRAPPC8,EXOSC4,MPDU1,GPR141,TMEM68,KANSL2,RAPGEFL1
3519,MDK,SERAC1,TRMT12,MT-ATP8,TIAM1,TAB1,DDX11,CCR9
3520,IFT74,MYO10,MAT2B,CRYBG3-1,IRGM,FAM195B,BCAP29,GALNT12
3521,RGAG4,GNA12,C8orf33,PDS5A,ELP3,HNRNPH2,ZMYND8,SEMA7A
3522,FAM126B,EPC2,TGFB1I1,CCDC94,PAQR3,MRFAP1L1,ATMIN,AC008443.1
3523,MKRN2,RALY,UBL4A,CD33,TAB2,FAM110A,SGMS1,LL22NC03-2H8.5
3524,DCP1A,COL18A1,SLC18B1,CENPO,TJAP1,VENTX,MKS1,AC008440.5
3525,FASTKD1,KLHDC8B,VPS4B,RP11-242D8.1,NUCB2,POMGNT2,TMEM220,IL17RE
3526,TMEM218,SELM,AL133245.2,C2orf88,RP11-108M9.4,ATG9A,ALDOC,RP11-446E9.2
3527,PVRL2,TUBE1,ZNF525,TBC1D32,RNU12,SENP1,UHMK1,RP3-465N24.6
3528,TRMT44,FAM131A,SMPDL3A,HBP1,MED4,PLK3,IBA57,LGALS4
3529,FCRL3,MAF,BCL10,SNAI3,ZNF652,NOL11,SNX22,KANK1
3530,NKIRAS1,SMIM10,RP11-73E17.2,TTC3,SCAP,DGKE,CENPB,RP11-511B23.1
3531,DICER1-AS1,TADA2B,CENPJ,MOB1A,PIK3C2A,TNFRSF14,ZNF669,MPO
3532,SMARCD2,RRP12,NEDD1,ZNF841,DOPEY2,NAP1L5,MAP3K3,RP11-391M1.4
3533,TMEM121,SLC39A4,LGALSL,IFT52,NCR3LG1,TMEM165,UTP11L,CTD-3088G3.8
3534,RASGRF2,FANCD2,ERI2,KDM5C,DNAJC3,COMMD2,FASN,PRRT1
3535,PCBD2,EMC6,PFKL,RP1-223E5.4,RP11-386I14.4,MTMR9,IQCH-AS1,SLX1A
3536,ENO3,TTLL12,WASF2,RP11-553L6.5,SS18L2,BCL2L11,ZNF765,CTD-2587H19.1
3537,ATP1B1,CTR9,HIST1H2AE,KCTD21,GTF3C2,ZDHHC2,ZNF33B,AC012360.4
3538,AMY2B,MTA1,MRI1,SNAPC4,LYSMD2,AGPAT1,MFN1,SELP
3539,SNRPE,FBXO42,MYO18A,LINC01119,ZFP30,ZFYVE27,C1orf53,RP11-275I4.1
3540,SLC26A11,TNS3,SGCE,TRIM7,GDPD5,C8orf82,DESI2,NRN1L
3541,WDR27,YARS,TOMM5,GAN,OSER1-AS1,SF1,GNG7,ZNF624
3542,HCK,ZFYVE28,NIPA1,ZNF404,NUDCD3,SKP2,FBXW11,RP11-203J24.8
3543,ZNF789,SMARCE1,ZBTB10,NADSYN1,ATP2B1,NMD3,C20orf96,ZDHHC23
3544,HECTD3,PPP1R12A,KDM5C,ZHX3,FAM213B,ZNFX1,ARHGAP17,IQCK
3545,RNF157,ZCCHC7,RP11-500C11.3,MMP17,RP11-693J15.5,RP11-401F2.3,SIGLEC7,CAMP
3546,LOH12CR1,AL441883.1,DMXL2,SH2B2,GON4L,PIN4,CTD-2555O16.4,C1orf186
3547,DOPEY1,RP11-138A9.1,TTL,ACSL4,RP11-14N7.2,ZFYVE26,NOP16,CTC-273B12.10
3548,RP5-1073O3.7,AC093627.10,KB-1732A1.1,UNC93B1,FAM3A,PIM2,TCF7L2,AC004893.11
3549,C19orf73,SLC35C1,UGT8,RP11-112J3.16,SEMA4C,EXOSC1,RPL26L1,VIPR2
3550,ZNF267,RC3H1,TULP4,ASF1B,FAM159A,CUL3,STK3,WNT16
3551,EXOC6B,GTPBP4,LMNB2,PPIL3,NADK,FBXO31,CDC26,RP11-1055B8.4
3552,RNF141,AMIGO1,TWF1,TMED8,AZIN1,LONRF1,GGH,CCNE1
3553,PPP2CB,NFXL1,RBM19,SLC26A2,RAD51B,RTN4IP1,TMEM161A,MIR4453
3554,MYO9A,GAK,FMO5,MMS22L,BPHL,MFSD8,MED4,RP11-457M11.5
3555,NVL,ADAM8,KB-1507C5.2,ARIH2,UBAP1,CSRNP2,CEPT1,SLC50A1
3556,RWDD2B,SRP68,NPAT,RP11-486G15.2,MYL5,RP11-140K17.3,MKLN1,GSTCD
3557,TTLL3,LINC01094,SEC61A2,FKBP4,KMT2D,SLC25A17,KIAA1467,HIST1H4A
3558,ARHGAP17,NAT6,CPNE5,MICU3,ZBTB10,OLIG1,RHBDD1,HSF4
3559,CTC-534A2.2,CNNM2,RP11-219B17.1,FGD4,RP11-305L7.3,CTNNBL1,DNAJB1,OSCP1
3560,ZNF701,MGAT1,C2orf42,RP4-575N6.4,NSMCE2,LYSMD3,RNF216,RP11-509J21.2
3561,CD300LF,KIAA0247,DNAJC30,FAM120B,RPS17L,PDK3,RP11-166P13.4,DPF3
3562,ANKRD49,PPRC1,SAMSN1,ZNF786,APEH,NPDC1,ECE2,NIPSNAP3B
3563,ALDH1B1,TNFRSF10D,CTC-250I14.6,UNC45B,LIG3,WDR25,RCHY1,ATP8B4
3564,RP11-326K13.4,MRPL13,RPAP1,LINC00341,IPO8,METTL25,MTIF3,LRRC56
3565,FAM19A2,PCNXL2,RIMKLB,TTC16,MMGT1,FOXP1,FBXO22,WDHD1
3566,CRIPAK,TLR10,LEMD3,RPP38,CC2D1A,MIEF1,PLAGL1,GATS
3567,TK2,PFKP,ACTR3B,FBXL6,RNF220,CDAN1,TMEM91,PLLP
3568,RAB3IP,PDIA4,SLC25A32,C12orf29,IGF2R,MAVS,RYBP,SIGLEC12
3569,CAMSAP1,HUWE1,ABCF2,ELMO3,OSM,RP11-1008C21.1,PPM1J,ZFP3
3570,WNT10A,HMGCR,ZNF254,RP11-890B15.3,TMEM39A,CLCC1,SLC12A6,SLC15A2
3571,SLC38A1,DHX40,ZNF44,LGALS3BP,GEMIN8,ZNF346,NHLRC2,LRRC37A
3572,CIAPIN1,TXN,RP11-752G15.6,RELL2,CEACAM21,RP11-467D6.1,ARMCX5,IFITM10
3573,RP11-23P13.6,C9orf47,XXbac-BPGBPG55C20.2,RP11-326C3.2,RP11-244H3.4,GBF1,TMEM14C,RP11-502I4.3
3574,IPPK,NETO2,PMS2,APBA3,MMP24-AS1,RP11-755B10.4,ACTN4,RTKN
3575,POMGNT2,MLST8,NSUN4,TTC9,MLXIP,SASS6,PPP4R1L,FAM209A
3576,DPY19L4,CTB-31O20.2,USP3-AS1,HDAC9,FAM208B,MAP7D3,ZNF117,RPS10P7
3577,ZNF664,C1orf52,ZNF34,NCOA7,RP11-326K13.4,FAM198B,SLC15A2,RP11-309M23.1
3578,ATP13A3,WDFY3,NSUN2,PTPRJ,BLOC1S4,TANK,DNTTIP2,FAM167B
3579,THOP1,HERPUD1,ZNF236,MKI67,TAZ,CCNE1,SAYSD1,TSSK6
3580,RBMX,CAMKK1,RAB40B,APOL3,NUDT15,CYHR1,SFXN3,ITGA10
3581,ST6GALNAC6,GALNT7,DHX15,ELOVL6,PLOD3,EPHX3,PRMT3,RHBDL1
3582,MTCH1,CXCR6,ABHD14B,VPRBP,RMDN2,SLC52A2,NDC1,CCDC96
3583,SFXN4,RBM28,C2orf69,GTF2IRD1,AAMDC,GPR20,EXOC7,PKD2
3584,RP3-402G11.26,SESN2,RP11-63P12.6,ZFP62,CNPY4,MICALL1,CUBN,RP1-92O14.3
3585,TIMELESS,USP18,LACC1,CAPN1,TUBB4B,FUT11,PTPLAD1,RP11-318C24.2
3586,BST1,MORF4L2-AS1,SLC38A10,ADRBK2,TAF13,SORL1,SLC11A2,RP11-326C3.11
3587,MKNK2,ITFG3,PPP1R17,NEDD4L,SLC26A6,C11orf1,MVK,MCOLN3
3588,SGPP1,RP11-178C3.2,FLNB,COA5,PMS1,TMEM55A,C15orf38,YPEL4
3589,ARL10,ZBTB47,MAPKAPK2,UTP15,LINC00299,RP11-126K1.2,RHPN1,BMP1
3590,LDLR,INPP5A,HOOK3,ALDH5A1,EFCAB2,FBXW7,OSBPL3,CTD-2630F21.1
3591,IMP4,PTAR1,ITCH,AP3M2,TSC2,TJAP1,RP11-206L10.2,RP1-191J18.66
3592,CENPH,SNRPD3,CLCN4,FAM210A,CYB5D2,IL16,PCYT1A,DOCK3
3593,LINC00843,MBD6,PRKAG2-AS1,ZNF740,NSDHL,INTS5,ZNF787,RP11-159H10.3
3594,KIAA0141,THAP5,FUNDC1,KPNA1,DPAGT1,FGGY,TLR6,RP11-16N11.2
3595,ZFP69,PDE1B,DGCR14,CPNE3,TTC22,LYRM1,MOB3C,AGAP5
3596,TRIP6,ELOVL1,TGFBR1,LIPE,MFAP1,AIFM3,EFCAB2,TET1
3597,WRN,STAU2,CTC-503J8.6,POLR2M,FXYD1,FOXO4,DUS3L,RP11-271K21.11
3598,TM9SF1,ANKRD40,C6orf203,CYB561,C17orf103,TLR1,COL9A2,ZNF486
3599,ZNF248,CCP110,DHX37,SNX2,SLC38A5,RP1-159A19.4,IMP4,RP1-202O8.3
3600,RP11-527L4.5,ARHGEF9,GGPS1,WBP4,ZWILCH,LEPR,RPL22L1,LRTOMT
3601,RFX3,CDKN2C,AP003419.16,CPEB3,GPR114,C6orf106,PFKFB4,AC022498.1
3602,KIF27,LZTR1,MPV17L2,NEK11,ATXN7L3,L3MBTL3,C9orf85,CTC-444N24.6
3603,CTSK,JADE1,RP11-324I22.4,FHOD1,ZNF277,KMT2A,ZNF384,B3GNT4
3604,RCN1,TRMT10B,COL4A3BP,ELMOD2,VEGFB,NECAB3,NAGLU,AIRE
3605,AC005082.12,PINLYP,DNASE2,CARKD,GSDMB,OFD1,VPS33B,ANKRD34A
3606,DRAM1,FMR1,RP11-124N14.3,AC016586.1,COPS7A,PELI3,NCL,RP4-803J11.2
3607,RP11-383J24.6,HS2ST1,KLHDC10,TIGD2,MAPKAPK5,RIC8A,COA7,NUP62CL
3608,MZT1,DNHD1,WNT16,CTSD,ACTA2,RBKS,EVA1B,RP11-382J12.1
3609,IMPA2,HNRNPH1,ZNF182,PSMB5,SUMO2,UBE3D,MAGED1,HSD11B1
3610,KHNYN,KLHL6,EPS15,SLC44A1,PIP5K1A,DOCK3,NSMAF,IFT81
3611,ATF6,CYB5R2,SRPK1,RALGDS,AEBP2,SNX29,MRPL9,RP11-504P24.6
3612,OPN3,C20orf112,U47924.30,PIGB,DHRS13,NDUFB4,C4orf27,REM2
3613,RPAIN,EXOC3L1,UAP1L1,TRIM59,MNDA,LCNL1,PIGM,AC096772.6
3614,EPHA1,NAF1,CCDC77,SLC35G2,SRD5A3,RABGGTA,ZNF141,RP11-290D2.3
3615,PRMT6,MSH3,MCCC1,LRRK2,SLC39A3,INPP1,C1orf216,SLC35G2
3616,TMTC3,ZDHHC3,NGRN,SLC43A2,C1orf54,RBMXL1,C11orf71,RNF219-AS1
3617,MCM7,SLC4A1AP,YIPF3,EID3,SERPINH1,SRPRB,C17orf85,SALL2
3618,EMC6,RBMS2,SS18L2,FANCG,EIF2B4,TFAP4,BMF,USP46-AS1
3619,TRIM37,RMDN2,C15orf39,PZP,TRRAP,HEXDC,FAM110A,CTD-2165H16.4
3620,RDH14,GCNT1,DHRSX,NUAK1,MKL2,ZBTB22,PANK4,AGAP1
3621,TUG1,RP11-439L18.2,PCBD2,PRKRIR,GPBAR1,DHRSX,KLC2,DDO
3622,LRRC7,MPHOSPH9,KCNMB3,C9orf24,AL592284.1,UQCR11-1,NSMCE2,SERHL2
3623,CAPZA1,POC1A,CSNK1G1,TRIM3,UBN1,FLYWCH1,RP5-1091N2.9,SLC27A2
3624,COX10,ENGASE,TLK2,MRPL12,GEMIN4,POGLUT1,AIG1,HSD17B14
3625,CBR4,PPP1R12B,SYT5,SEPHS1,POU2F1,UBE3A,PITPNM1,FBXO45
3626,FAM117B,RP11-876N24.4,TBPL1,ZDHHC24,ZFP69,FSTL3,MTF2,TGFB3
3627,ETNK1,MROH6,HDAC10,KLHL18,EEF1G,hsa-mir-8072,RP11-803B1.8,LINC01146
3628,ITGB2-AS1,ABCF3,ADCK5,EBNA1BP2,SLC35A4,CEP85,BLOC1S2,PPIL6
3629,EIF2AK4,KLRG1,VARS2,POP1,AC079305.10,OSBP,FAM209A,ZNF441
3630,AKAP8L,EIF4G1,RP4-575N6.4,COG8,RAB4A,ELL2,DHRS13,ENTPD7
3631,CCDC58,TEFM,MED7,FTSJ3,PARP3,WDR73,HS3ST1,RP11-259K5.2
3632,RACGAP1,PIGC,KIAA2018,PHF12,MSL1,MIER2,NFIX,PLEK2
3633,FLVCR1,FAM122B,CMSS1,ENTPD6,ZNF557,FAM160B2,HIATL1,HIST1H2AL
3634,PEA15,ACAD11,DDHD1,SOX13,SNX19,ZDHHC4,LLGL1,RP11-245J9.4
3635,HEATR5A,DYNC1LI1,ZNF672,MTHFD2,PRPS2,RPP40,RP11-8L8.2,PWAR6
3636,HDHD3,NACC2,P4HA1,SLC25A26,TFAP2E,MARK2,PCNXL2,FITM2
3637,MTHFD1,TRIOBP,DMTF1,TCF19,DSCR9,TM7SF3,BOLA2B,CORO6
3638,FRY,ATP8B1,TMEM184C,ZBTB43,ATRX,MED14,TNPO3,RP5-914P20.5
3639,UPF1,CARD6,VPS33A,MFAP3,THAP8,TNKS,NARF,AC005932.1
3640,RPRD1B,RP11-361D15.2,CAV1,DACT1,GTPBP4,HERC2,EXOSC2,CTD-3195I5.1
3641,BABAM1,INF2,LPGAT1,TMEM219,TOP3A,POLR2B,NUBP2,AC009961.3
3642,MFN2,BRAT1,DIRAS1,LYSMD3,ABHD15,RP11-513I15.6,PIK3R6,PLEKHA7
3643,RP5-882C2.2,GCLC,NOP14,FCGR2B,EFCAB4B,NDUFA12,DCAF5,AC016700.5
3644,CDK2,ZFAND2A,CTC-524C5.2,MAP4K4,POLR1B,ZSCAN16,TSPYL4,RP11-420A6.2
3645,PLEKHG5,ATP9B,ASPH,SH2B3,COQ7,HRSP12,AP2B1,PLEKHA4
3646,KLHL21,SLC25A25,AP003733.1,INO80,INPP5K,MTHFD2L,RASGEF1A,UPK2
3647,NFYA,PIP5K1B,ABCA7,SEC23B,EP300,RP11-146F11.1,CTB-32O4.2,PIK3R6
3648,RNF207,CTD-2547L16.1,IRF5,RP3-329E20.2,SLC25A17,FBXW2,RTN4IP1,RP11-415F23.2
3649,KIAA0040,ALDH1A1,KIAA0101,NUS1,XXbac-BPG181M17.6,APOLD1,SKP2,FAM154B
3650,C19orf54,GMIP,RP11-159H10.3,ZNF174,ZDHHC20,ZDHHC9,PELI3,RP11-110I1.13
3651,RNASE4,KIF13B,SLC41A1,SOCS5,PPOX,MLKL,FAM188A,AC011747.4
3652,NSMCE4A,GRAMD1B,DCAF16,ABCA7,AIP,POU2F1,SLC25A35,TMEM45B
3653,BRI3BP,TIA1,RP11-430B1.2,AC115618.1,TRUB1,NGDN,S100Z,ZNF205-AS1
3654,NABP1,RP11-522I20.3,ZBTB43,MSC,ADK,DOLPP1,ZDHHC2,RNASE3
3655,ZNF438,RP1-100J12.1,RAB28,RP11-504P24.6,SCRIB,E2F1,BRD8,OIP5
3656,NFIC,DMAP1,DCUN1D4,RP11-1407O15.2,PSMB2,AHR,RP11-127B20.3,RP11-456D7.1
3657,LMNB2,PPP1R14B,RP11-92K15.3,PAIP1,SEC63,CCDC28B,KIAA0753,PTK6
3658,DOCK9-AS2,LRIG2,SLC35D1,DYRK2,TP53RK,LRRC41,GATM,RP11-644F5.16
3659,LARP4,SLC16A6,ZNF14,MAML2,CTD-2555C10.3,STMN3,TCAIM,C11orf82
3660,DYNC2H1,CUL4B,ZNF85,NQO2,FAM160A2,IFRD2,ZNF552,H1FX-AS1
3661,EPOR,ARL5B-AS1,HSDL1,NAPG,GFOD2,METTL2A,SNAI1,RP11-92K15.3
3662,MYO5A,SART3,RELT,ZNF440,LRSAM1,TNFAIP1,ZNF467,HOXA-AS2
3663,MAPKAP1,SEPN1,ALAD,COQ10B,SLK,KDM1A,FASTKD1,RP11-175O19.4
3664,CDHR3,JARID2-AS1,SCAMP3,SHC1,FKBP15,DHX16,CXCL2,CNRIP1
3665,RNF146,RP11-166B2.8,TNFSF10,TP53I11,CPQ,UBXN7,NR4A3,RP11-338C15.3
3666,PSMG4,MAP3K7CL,IRAK1,ZW10,C1orf52,GMDS-AS1,GS1-124K5.3,EIF3C
3667,RP5-1112D6.4,NDUFAF7,GAR1,TRIM62,TCTN3,NARG2,ZNF844,KLHL14
3668,TBL3,FNIP1,SLC25A13,GAB2,ZNF337-AS1,ODF2,CDK2AP1,RP11-73O6.3
3669,RP11-1100L3.8,AGBL2,ZNF76,SLC25A51,SMDT1,SUMF1,ARF3,BNC2
3670,FBXL14,NRROS,C6orf106,CASK,KANSL2,CTD-3131K8.2,SETD1B,TCP10L
3671,CASP7,BBS7,TMEM216,C1orf198,DUSP3,RP11-640M9.1,RAB3GAP2,GLCE
3672,SMC5,C5orf22,UBE2J1,HTRA2,DCTN5,TMEM41B,CHM,SPTLC3
3673,RP11-252A24.7,RP11-1151B14.4,AKAP11,RP11-658F2.8,AC004951.6,SLC24A1,BAZ2B,MIR940
3674,C1orf174,SLC22A18AS,ELL2,DRG1,LGR6,COG1,TBC1D9B,ZNF665
3675,ZNF10,RAPH1,RUNX1,MTMR8,DSC2,C3orf14,TINF2,RP11-195F19.9
3676,RP11-617D20.1,FSD1,ZNF341,CNNM2,DMD,C20orf196,FAM13B,BBS12
3677,MICB,ARHGAP1,ZC3H13,HRAS,THOC6,PRRC2B,PRMT1,RP11-307C12.12
3678,ZNF317,HESX1,JMJD6,ITPR3,TUSC1,C1GALT1C1,CNPY4,LINC00852
3679,C8orf58,ZNF687,GINS3,PLEKHA2,PTBP3,IKZF4,DCAF6,RP11-536C5.7
3680,YTHDF1,TIFA,TMEM67,RASGEF1A,ANO10,GTF2H3,CNRIP1,SOBP
3681,CEP57,SPAG4,TLR4,LHPP,POLD4,CTBS,NAT14,HLCS
3682,ZNF717,ATXN7L1,AC002310.12,SLC5A2,ZBTB6,OXLD1,HARS2,AP000769.1
3683,PRPF4,ARL17B,ZSCAN21,SNX27,NSFL1C,SSR1,SOWAHD,MIR155HG
3684,WDR36,ZNF33B,ZFP62,RP11-649E7.5,POLM,SPSB2,CASP9,AP001058.3
3685,GINS2,CUL1,FNTB,RBM43,PCK2,AKT3,IVNS1ABP,CTD-2366F13.1
3686,SKAP1,RRAS2,RHPN1,SGTA,ZNF805,ALDH16A1,AGER,RP11-483P21.2
3687,NUP43,CHAF1B,FAM154B,THAP6,ZNF461,PTPRO,FXR2,ACACB
3688,KATNA1,RMND1,RP11-542M13.3,PIAS2,TMEM41B,TLR6,TAB3,TRIM2
3689,CA11,RPGR,C9orf66,TNIP2,ZSCAN31,MSANTD4,SZT2,RP11-89K11.1
3690,ASB13,MT1X,TNFSF14,PSKH1,TMEM200A,ZNF138,AVIL,CDH26
3691,SLC35E1,TMCC3,SKA2,GGT7,SLC38A1,RP11-672L10.6,CTA-384D8.36,RP11-423O2.5
3692,GOLPH3L,CHMP4B,SYNC,AIFM1,ZNF446,ITSN1,CCDC24,SPEG
3693,YAE1D1,FAM212B,CREBZF,NHLRC4,ITGA3,MAPRE3,DNAJC30,IKZF4
3694,ZNF781,SYNJ2,RNF157,ERAL1,ACAP3,NSL1,CEP135,CLDN23
3695,SESN3,C2orf47,SLX4IP,RACGAP1,ZNF124,APTX,SYTL3,RP11-393I2.4
3696,POMT1,KIAA1524,WDR7,GAK,RP11-212P7.2,KCNQ1,RP11-145M9.4,TMEM38A
3697,SREBF1,KANSL3,PKIA,C3orf58,SESN1,NDN,CDK18,CTC-523E23.1
3698,RP11-74E22.3,DGKG,DEDD,PDE4D,INTS9,MAN2A2,SWSAP1,RP11-314N13.3
3699,DPY19L2,PCNT,RP11-404F10.2,KLRC4,TNKS2,STS,CDKN2C,RAD52
3700,ZNF808,C21orf49,ERMP1,POLR3B,RCOR1,PAPSS2,LINC00649,AL353354.2
3701,BLOC1S4,AVPI1,PRR24,MTHFS,CROCCP2,DAP,SCAF1,C11orf63
3702,CRTC1,MDC1,RP11-359B12.2,MAP3K10,CERS4,KIDINS220,FERMT3,CTD-2547L24.4
3703,MED16,RP11-506M13.3,ZNF667,LACTB,SMARCA5,TMCO6,NAIF1,RP3-467K16.4
3704,ZNF562,BANK1,GCNT2,MUT,AP5S1,PTTG1,VPS18,AC009120.6
3705,MFSD3,RP11-46C24.7,MAP9,MESDC2,CAMSAP1,USP22,TPRG1L,LPHN1
3706,PKP4,THEMIS,TJAP1,PMM2,BHLHE40-AS1,PCM1,RP11-111A22.1,RP11-243J16.7
3707,RFXANK,RP11-649E7.5,ZNHIT6,R3HDM2,BRAP,GPR171,RP11-89K10.1,AC009005.2
3708,NDUFA8,RP11-317J10.2,CDIPT,LSM12,SLC39A9,PARP10,ZNF496,SYCP3
3709,CCDC97,KLRC1,ATAD5,FOXN2,SLC2A3,CFL2,DUSP28,STXBP4
3710,TOX2,KIAA1211L,SH3GLB1,LRRC8A,FBXO30,NDUFC1,ANAPC4,MB21D2
3711,DPM2,CXorf38,HILPDA,ZHX1-C8ORF76,CLK2,XBP1,CWF19L2,ALS2CR12
3712,ABCD3,DARS2,ZNF346,SNTB1,CASP8,DHRS13,ZNRF1,RP11-700H6.1
3713,C5orf55,ZNF720,FKBP4,POT1,MRPL38,TUBGCP6,DAPP1,DLEU2L
3714,MYCBP,GTF2IRD2,RNASEH2A,SMARCC1,HHAT,RP11-138I1.4,DHX35,MIR146A
3715,ETS1,PLCL2,LUC7L3,ZNF358,SH3GL1,LYRM7,PARP12,KRT2
3716,RP11-385F5.5,AFMID,TCEAL1,ACBD3,KIAA1147,ZNF426,SLC7A1,MERTK
3717,SCO2,CWC25,MRPS23,SLK,POP7,SLC25A28,PCYOX1L,RP11-95D17.1
3718,JMJD8,ZNF737,AC091729.9,INPP4B,TMEM63B,TOR1AIP2,DUSP19,RP11-661A12.5
3719,MYEF2,ZNF142,RP11-932O9.7,TNRC6C,PDZD8,RUNDC1,CITED4,THNSL2
3720,DCAF4,ZC3H12D,A1BG-AS1,GGT1,TM9SF2,LSM7,TBL3,LRRC3
3721,DDX28,ABCD1,ZNF709,FKBP9,FLJ27365,SMIM4,PDCD2L,RP11-422P24.11
3722,UBE2F,RP11-1055B8.7,CDKL3,RWDD2A,ATP5J,HDHD2,TMEM256-PLSCR3,CTD-2555O16.4
3723,GPD2,RP11-127B20.3,CDV3,RP11-536C5.7,ACOT13,NPHP4,STRADB,RP11-288H12.4
3724,RP11-712B9.2,SLC20A2,TCHP,MAPRE1,CCT5,NSUN3,RP11-1017G21.5,FCGBP
3725,RP11-354P11.3,RGP1,ARHGAP31,RP11-661A12.14,IMPDH1,PRICKLE4,RP11-536C5.7,RNFT2
3726,TLR5,NFE2L1,ZNF783,FXR2,PCYT1A,SIRT6,IDNK,CTD-2619J13.14
3727,CCDC183,RP11-589C21.5,XXbac-BPG252P9.9,RPP40,SOCS6,ZMYND10,ZFR,CTD-2012J19.3
3728,N4BP2,DECR2,RP4-647C14.3,SLC30A4,MTOR,CDC27,LENG9,DYNLL1-AS1
3729,DSE,DPCD,ICT1,GOLT1B,MBD5,RP11-309G3.3,ACBD5,RP11-339B21.11
3730,MEF2BNB,EID2B,ZBTB5,HIST1H2BG,SDAD1,RP11-416N2.4,HK3,FAM65C
3731,RAPGEF6,AMDHD1,TXNRD2,ESYT2,ZSCAN18,DSCR3,ALYREF,KCNN1
3732,FBXO33,STAP1,RP11-960L18.1,ABHD8,FAHD1,RP11-1070N10.3,PPFIBP2,RP11-348F1.2
3733,PUS7,RAB30-AS1,GTF3C2,ALCAM,C14orf182,TRAF2,CRELD1,SYNM
3734,TSPAN18,MFN1,TXNL4A,ABL2,PIK3C3,C1RL-AS1,LILRA2,HIST2H2AB
3735,GEMIN5,HCFC2,SNRNP40,RANBP9,ELOVL5,CAD,HOXA-AS2,LONRF3
3736,CTD-2630F21.1,ABTB2,DUS1L,EIF4G2,SETD1B,C6orf203,CAD,VSIG2
3737,XPO4,FLVCR1-AS1,AC104699.1,SYT5,C19orf83,ATL2,VPS39,DSCR9
3738,PRKAG2,UHRF1BP1,ZNF442,CPSF3L,VAPB,PCP2,GPR160,AP001046.5
3739,FAM185A,PCNXL4,RP11-755F10.1,FBXL17,ASAH1,RP11-996F15.2,UTRN,AZI1
3740,AP1S1,HIPK3,STAU2,RP11-261C10.3,ZNF17,JOSD2,XAB2,ANKS1B
3741,RP11-643M14.1,RP11-72M17.1,RBM12,EFHC2,ARMCX3,SUV420H1,NFKB2,RP11-761I4.3
3742,HIST1H2BJ,FMO5,RAB27B,RP11-483I13.5,RP11-439L18.2,RNASEL,SLC27A1,SDK2
3743,LATS2,TRA2A,TRMT2B,ITGA10,TOM1L2,SZT2,DHRS1,OTOF
3744,GPALPP1,TRNP1,SMTN,YY1AP1,DNAJC24,GAB3,NLRX1,RP11-466F5.8
3745,RP11-266J6.2,STARD8,RRM2B,ZNF780A,ZNF236,ADPGK-AS1,MAX,MCC
3746,BUD31,USP45,PXDC1,LPP-AS2,CCDC58,NLN,RTF1,ZNF629
3747,ZNF682,PRMT7,PRIMPOL,C15orf39,SNHG12,SYCE1,AC097500.2,RP11-385D13.3
3748,BAG4,RP11-163N6.2,PHTF1,TPM4,LRRC42,CAPN3,MPND,HOXA5
3749,NSUN3,PCSK6,MUL1,GIN1,ZNF487,KAZALD1,DRG2,KLRK1
3750,COQ10A,FOLR2,SUOX,C2orf76,SUMO3,PPP1R37,RP3-473L9.4,APBB2
3751,FLJ00104,SDS,SLC15A3,SEC24C,TRIO,MRPL12,RUFY2,ASAH2
3752,MXD3,AGTPBP1,7SK-2,CLP1,DNASE2,MKNK2,NPRL2,AC079807.2
3753,PDCL,RP11-443B7.1,TRIM16L,FRMPD3,RP5-1180E21.5,CRBN,GPR35,RP1-168L15.5
3754,RCOR1,RAB3D,FGGY,FAM65A,DUSP16,ITSN2,NBN,AC007036.6
3755,SLC35G1,P4HA1,EEFSEC,HPS3,SMAD4,DCTN5,SMOX,RAB11FIP3
3756,MAST2,MYO15B,EXD3,LRFN3,POLR2B,UBQLN2,CTD-2336O2.1,TMEM27
3757,AP1G1,SLC2A8,SRGAP2,TRAPPC9,ANAPC10,SLC39A13,DUSP14,C17orf107
3758,UQCC1,ZNF236,EFCAB13,SLC50A1,ZNF684,R3HCC1L,TOB2,U91328.19
3759,MAN1A2,RNASE4,PPFIBP1,C1orf109,NPIPA1,GOLIM4,MYBBP1A,FIZ1
3760,IL15,LRRN3,VIPAS39,ATP11A,KB-431C1.4,NEO1,NOL3,RP11-680G24.5
3761,KCTD13,EFCAB11,KDM2B,TBC1D31,MUTYH,PAQR4,RP11-386G11.10,BHLHE40-AS1
3762,IFNL1,CPSF7,PAXIP1-AS2,ZNF2,NIFK,CDC26,FLYWCH2,PROC
3763,KPNA3,RP5-943J3.2,WASH4P,ZDHHC9,AP1B1,DSE,RP11-152N13.5,RP11-294J22.6
3764,CERS4,ZNF768,MBOAT1,CSNK2A1,ANKRD42,TMIGD2,NAT6,CTC-454I21.3
3765,PRDM2,CDC42EP2,ZMYND11,VPS18,EEFSEC,E4F1,SNRPD3,PARPBP
3766,LINC00920,TTC8,RP11-297B17.3,PRKAG2-AS1,OTUD4,RP11-89K11.1,GALNT1,BOK
3767,ARID1B,MMP11,LANCL1,KIDINS220,SLC4A7,SLC46A3,TNKS2,RP11-498C9.15
3768,RARS2,ASB9,VEGFB,RAP1GAP2,STX18,ZC3H4,ATP6AP2,SCARF1
3769,MYBBP1A,MT1E,RNF146,TMEM209,UBE4B,RAD23A,LMF1,BBS10
3770,IL12RB2,JMJD1C,MLF2,PRR5L,KDM8,NCOA6,CWF19L1,FOXRED2
3771,GIT1,RFX2,ZNF708,PDPR,TRMT6,ZNF678,GDPD5,SHF
3772,WWP2,ANKRD17,ZC3H4,TSC22D4,PPP1R13B,ARID2,AHCY,CYTH3
3773,ZNF776,ARF3,TSGA10,RFX7,ELF2,AC005306.3,FCGR2A,RP11-8L8.2
3774,TBC1D2,RP11-863P13.2,DYRK4,GIMAP1,USP32,MRPL42,CNTD1,RP3-508I15.21
3775,ARHGEF40,RP11-13P5.1,SPHK2,BTRC,FAM192A,HDAC5,SMARCA4,AC073283.7
3776,MSRB2,SCAF8,CXorf57,MEF2D,IFI27L1,LAIR2,ABL2,MOV10L1
3777,RPS6KA5,STARD4,ASH2L,NAT6,LRRC45,ANAPC4,AFF3,ALDH7A1
3778,RP13-270P17.3,ZNF212,RP11-262H14.3,SPA17,TMEM161A,INIP,POU2F1,NTNG2
3779,POLR1A,SRSF10,STARD3NL,CLDN15,DNAJC27-AS1,CYB5R4,SH3D21,NPIPA5
3780,SAMM50,C5orf55,PINX1,GMIP,PHF3,SNORA76,TMEM62,AP000476.1
3781,FKTN,SLC44A1,ASTN2,C9orf3,IFFO2,RBAK-RBAKDN,SUGP2,SYDE2
3782,ZBTB11-AS1,C14orf93,VEZT,INO80C,LRRC37A,CPD,DHRS7B,ACRC
3783,BIN3,PALLD,RP11-432I5.1,ZNF580,CD2,ALS2,CMTM8,AP001469.9
3784,RBM41,NR1D2,ROM1,ZNF511,PTPN9,AGGF1,UBE2M,AXL
3785,NAA40,EBLN2,LGALS3BP,UVRAG,PPP1CB,DEDD2,C9orf147,ZNF620
3786,ZDHHC5,DHFRL1,COL4A3,WDR86,PPP6R1,FEM1A,OTUB1,RP11-221J22.2
3787,GOT1,RP11-773D16.1,ANKRD26,NDEL1,LEPR,C4orf29,EMC6,ANKRD23
3788,A2M-AS1,SUFU,DCTN4,HEG1,ZBTB4,IFT46,CCDC9,CUZD1
3789,ATG9A,CTSK,SCRN1,USP11,EID2B,ITLN1,ZNF432,LINC00894
3790,SWAP70,SLC5A6,ZNF134,ELAVL1,CNFN,KLHL2,ENTHD2,AC006116.20
3791,MYO15B,DIRC2,C12orf49,FAM217B,ZBTB9,C3orf62,ZNF470,MAP3K9
3792,SCYL3,EXD2,ZSCAN18,LACTB2,CTNNA1,SLC25A16,C19orf40,VANGL1
3793,GPX3,NCOA3,RNF8,TMEM129,PRKCQ-AS1,DENR,SMG5,PDK4
3794,MRPL50,PSEN2,GFOD1,NAF1,ACADVL,PRR11,PRKAG2-AS1,PAK3
3795,ZNF692,ZNF626,NUFIP1,MADD,TOPBP1,RP11-262H14.4,ARFGAP1,CEMP1
3796,GPSM2,UBLCP1,ITGB1,CALHM2,PPP4R2,MBD3,ZNF320,ABCD2
3797,LINC00861,SECISBP2L,GLOD4,AP003419.16,TECPR2,FOPNL,RFK,CCDC153
3798,C1D,TMEM150B,FAM227B,RP11-160O5.1,GNG5P2,POMGNT1,SGSH,AC005253.4
3799,DNMBP,NFYA,FRAT1,RP11-755B10.4,CHCHD5,VPS11,NPHP4,RP11-385F7.1
3800,HIGD2A,ANAPC15,GKAP1,NDC80,ENOX2,ZNF836,BAG6,IL1R2
3801,KNSTRN,RP5-1103G7.4,PKN2,KCTD10,HIST1H2AE,SOCS2,SLC26A2,PEX11A
3802,SMARCC1,RPUSD2,KCNQ5,KLF16,DOLPP1,PTGES2,MBD3,RSG1
3803,USP12,TBC1D13,UBQLN1,PICALM,KIFC3,DHX38,CTSA,GAB1
3804,SECTM1,ZNF213,CHST2,SCAF8,GNAI3,RP11-65J3.1,FAM134A,DIRAS1
3805,PCSK4,GHDC,SERPINH1,CEP19,NFS1,TRMT61A,C2CD2,TGM1
3806,SLC9A3R2,CTB-43P18.1,LMOD3,MON1B,CLN6,SETBP1,FKBP4,MDGA1
3807,NAA30,P2RY6,HSPG2,MFGE8,INPP1,RP11-727F15.12,TMEM199,FITM1
3808,UBR1,ACAA2,ZNF148,WDFY2,SLC15A4,TCEA3,TSPAN15,SGCE
3809,C17orf72,NSMAF,FCHSD2,JMY,ZNF793,METTL7A,PCGF6,KDM4A-AS1
3810,ABHD5,ASF1B,ZDHHC23,LDOC1L,RP11-799D4.4,PDK4,CPEB2,RP3-473L9.4
3811,LIN54,TRIB3,C17orf70,SMG1,RP11-452F19.3,KIAA1731,PPP1R21,AC104809.3
3812,LYAR,ELK3,PWP2,PRKCB,DERA,ZNF638,COPS7A,CYB5R2
3813,PIGN,MYO1C,COMMD2,POLR3H,CUL7,CLMN,SIK3,PPP2R3B
3814,C11orf71,PAXBP1-AS1,RP11-138A9.1,KLC1,RP11-713M15.2,ACP6,MMD,RP11-433J8.1
3815,PSMC3IP,POLR3H,RAI1,LMO2,RRAS,PMPCA,PIK3C2A,CCDC121
3816,HPCAL4,ACADM,AC011899.9,SNAPC2,ALG10,KCTD17,PDSS1,AC004447.2
3817,METTL12,SGSM3,STXBP3,LIMK2,TVP23C,SMARCC2,MAGEH1,GPT2
3818,GKAP1,C2CD2,ZNF836,ZSCAN25,TAF1B,FES,LINC00339,RAP2C-AS1
3819,ZNF714,ENO1-AS1,PDCD2L,PARP15,MBOAT7,PPP1R3E,RNF38,JSRP1
3820,SLC41A1,FAM109B,CTD-2162K18.5,FAM109A,RP11-727F15.9,BCS1L,RP11-876N24.4,ZNF532
3821,RP11-420G6.4,NLK,MANBAL,POLR1A,METTL2A,HSPBAP1,PIK3R5,KCTD1
3822,NUDT12,PTDSS2,INTS7,ASGR2,HMGXB4,CSNK1G3,MRPS16,NT5DC2
3823,NENF,DSC2,SLC9A1,TRUB2,AP001816.1,RP11-282O18.3,RTFDC1,RAD51AP1
3824,PCP2,CD40LG,MAN2A1,FOSL2,RAB8B,TNRC18,RP11-252A24.7,RP11-367J11.2
3825,SERPING1,AC113189.5,PCK2,USP46-AS1,SMIM12,SCML4,HSD17B4,ZNF433
3826,RNFT1,USPL1,MAP4,INTS2,RAB21,FCGR1B,SPATA5,SSTR3
3827,ZNF428,RP13-638C3.4,CCNC,TRAPPC8,EXOSC6,GABPB2,NMB,MBLAC1
3828,GMIP,NR4A3,UXT,TROAP,DHRS7B,ZBTB33,ZNF28,COL9A3
3829,LMAN2,ZNF526,GLT8D1,ZNF280C,GOLM1,SLBP,PPP5D1,LINC00959
3830,ALKBH8,MRPL53,PHC2,CCL3L3,ACTL10,FAM73A,RASGRP4,RP11-192H23.4
3831,AVL9,C6orf136,RP11-299J3.8,PRKD3,TCF20,SORT1,MAGT1,RP11-315O6.1
3832,YKT6,TIMM21,LSM12,CD200R1,KDM4B,ASPHD2,OSGIN2,RP11-404F10.2
3833,CTSZ,SCAF1,PPP2R5D,EEFSEC,UCK1,RP5-886K2.3,DDX26B,AC093157.1
3834,FKBPL,RP11-708J19.1,ITGA3,ERMAP,AP3S2,LINC00662,FGFRL1,ZCCHC24
3835,CCDC176,THAP8,SLC12A2,AFF4,WDR77,RNMT,KIDINS220,TMIE
3836,LMAN2L,BLCAP,ZNF790,DGKH,COQ3,CCDC130,EPS8,RP11-452C13.1
3837,MEI1,SETD7,SWSAP1,TRMT61A,SSSCA1,DNAJC2,PTDSS2,ZNF554
3838,LDLRAD4,SLC8B1,ZNF837,AP006621.5,SENCR,HELQ,DAGLB,ME1
3839,ALG6,FBXL18,ERCC5,DNAAF2,GPR75-ASB3,C16orf98,STRN3,NEUROD2
3840,SLC14A2,RP11-179B2.2,BAX,TET1,MXD3,CATSPER2,VWA8,CTC-428G20.6
3841,TRMT6,CCAR2,IL15,AC027307.3,RP11-620J15.3,ACSS1,RNF25,RP11-190C22.8
3842,RAPGEF1,DIMT1,ZNF257,COX19,EXOSC1,ZNF684,EPOR,DNAJC27
3843,SYCE1,COPS7A,BCDIN3D,ZNF460,ZNF668,LDB1,NPRL3,BAMBI
3844,METTL10,PHRF1,CKAP5,WDR62,CHORDC1,PARP6,WASL,FAM174B
3845,ZNF106,AGBL5,CLCN6,C8orf82,NHLRC1,AHCY,SSX2IP,AC016757.3
3846,BANF1,MSH2,PPP1R3E,MRPS33,ZNF496,ZNF740,CTSH,EPHA4
3847,CACUL1,CPEB4,GALNT10,ZNF564,WBSCR16,AC004951.6,EIF4ENIF1,ZNF667
3848,DNAJC1,SLC16A3,POLD1,KIF3B,HIST1H1B,PLOD1,RP11-563N4.1,PRPF40B
3849,VPS37C,GALNT6,C8orf58,RPL26L1,TMEM134,MAPK6,TIPRL,NEDD4
3850,MRPL15,ZNF583,NFYB,SERPINE2,RFX5,DLG5,TRIAP1,B3GNT5
3851,ZNF615,POLG2,SRSF9,SMIM14,TLK2,PDE8B,NKAPL,RP1-266L20.2
3852,KCNAB2,SNRPC,CABP7,HDAC2,GTF2H4,PPP6R3,SGK223,DDR1
3853,SPPL3,SPTBN1,SQLE,TUT1,OPTN,HOPX,GPX3,ST6GALNAC1
3854,UNC5CL,GTPBP10,RN7SL1,EI24,HDAC4,SLA2,USP46,RDH10
3855,SLC38A10,HOMER1,PPM1M,SPN,MFN1,KRT18,CCZ1B,RP11-553K8.2
3856,CA6,PTPN23,LINC00094,TMEM201,ARMC5,SEP15,ZNF383,CCDC149
3857,PLK4,BCL6,CAPRIN2,DCAF16,NBEAL2,WFIKKN1,NUCB2,RP11-350F4.2
3858,NAGLU,WARS2,REXO2,BAG3,FBXW11,POLD1,PLD2,AC108488.4
3859,MORC2,VEZT,RFWD3,C12orf60,PYCRL,WWP1,ADRB2,AC009120.10
3860,LINC00886,APOBR,ATRAID,TATDN3,BAK1,ERBB2,PPTC7,SLC45A3
3861,PTPRO,FAM8A1,C16orf87,FGFBP3,AC021860.1,CDKN3,PURA,AC022400.2
3862,MRPS25,PLEKHG3,TSPYL2,TESC,HELLS,CLCF1,RP11-545I5.3,ARHGAP5-AS1
3863,SETD5-AS1,GBF1,GOLGA3,GUCA1B,ZNF544,FAM214B,RP11-554J4.1,RP11-876N24.2
3864,POGZ,ZNF148,PPP6R2,ZNF117,SLC37A1,TP53BP2,GPR125,CASD1
3865,TOPBP1,FLOT1,RPA4,CAT,KPNA2,PLD2,SLAMF8,FSCN1
3866,EFCAB7,AL139099.1,GPN2,ARRDC5,LACTB,ANP32A,AP5Z1,CTD-2015H6.3
3867,ZC3H18,NDUFB3,MRP63,HSPBAP1,BCL2L13,USP39,LUC7L3,SKA3
3868,CDK12,ZNF628,ZNF514,TNK1,CTC-523E23.1,TRIM38,IL1RN,RP11-181C3.1
3869,ZNF511,TNFRSF18,KIAA1919,BTN2A2,GTPBP6,ERI1,C5orf54,KANSL1L
3870,LRRC25,SLC17A5,DISP1,BBS2,AP001462.6,PGS1,RP11-522I20.3,GPX3
3871,KIF13B,TRAPPC10,PRRT3,TIMMDC1,ACBD3,NPRL3,TMEM63C,ABHD4
3872,HDAC4,WDFY4,AL591479.1,GPATCH3,CCAR2,ZMIZ2,ABCD4,RP11-793H13.3
3873,HNRNPH3,NT5M,LRRC1,PLK2,FMO4,CD3EAP,RP11-35G9.3,VAV3-AS1
3874,ANKRD37,MCC,LSS,BTBD6,NFATC1,RP11-265N6.1,CALU,RP11-932O9.7
3875,ZNF622,TMEM55B,RP11-22N19.2,SHPK-1,DPH1,EMC3,NCEH1,EFCAB4A
3876,WDR55,RRNAD1,RPA3,QSER1,SMG8,NFKBIL1,ELK1,UGT2B17
3877,FBXO10,FAM228B,MORN4,C7orf60,SNTB1,ZNF577,CCDC93,PABPC3
3878,EVA1C,TOMM70A,CACNA1I,RP11-455F5.5,SIMC1,ZFP30,RETN,RP11-513I15.6
3879,ZNF606,CHMP7,CBR3,METTL3,MYBL1,ZFPM1,FAM177A1,CERCAM
3880,LINC01137,NAIP,TTC12,CSNK1G3,LINC00665,GOLGA1,PET100,AK4
3881,CCR9,KCTD3,NPIPB6,CD46,CS,PDE2A,RP5-894A10.2,GTSCR1
3882,MYO19,TANGO6,RYBP,PNPO,PIGK,ALPK1,SFXN5,APOA1
3883,STK35,C1orf53,MRGBP,SLC35E4,BNIP3L,KIAA0825,E2F2,TMEM171
3884,ZSCAN5A,RP11-575L7.8,ZMAT3,INTS7,WIPI1,RP11-403A21.2,RP11-1055B8.7,CADM1
3885,ERI1,CKLF,AC007386.2,AMN,AC062017.1,ORC5,CBX4,RCAN1
3886,NCF4,UBR7,RDH13,RPUSD4,GRAMD1A,CKS2,ALG8,AC097713.4
3887,AIDA,XXbac-BPG252P9.9,ZBTB3,KCNK12,RCOR3,NICN1,MFSD11,LRRC34
3888,NAPRT1,ANKMY2,FAM179B,MLXIP,SEPSECS,C12orf44,MBNL1-AS1,HIC1
3889,INTS6-AS1,PNRC2,TMEM126B,JMJD7-PLA2G4B,VAMP3,PSMD10,ACTL6A,ZNF587B
3890,SORBS1,ZC3H14,ZNF211,MYBL2,ETHE1,ZNF773,UNK,TNK2-AS1
3891,AGPAT5,CYB561D2,GOLGA4,IKZF2,ZNF267,RP11-379F4.9,ARHGAP12,RIMS3
3892,SSTR3,CAPS2,ZNF10,MT1F,ZNF510,ELOVL1,LAMTOR5-AS1,C1orf172
3893,RPS6KA2,ZC3H8,RP11-176H8.1,IPO11,PEX13,PHTF2,CADM1,TMTC1
3894,RP11-166P13.3,FAM24B,TMTC4,DNAJB4,KDM5D,GMNN,PDGFRB,PHYHD1
3895,CLDND1,ZNF273,CTD-2341M24.1,RP11-304L19.5,ENOSF1,VNN1,CABLES1,RP11-869B15.1
3896,AFF1,TBC1D15,RASL11A,SLC25A15,PATL1,NACC1,DUSP22,TTC24
3897,TPT1-AS1,AGRN,MYO1D,LARP4B,FAM26F,TRIM68,C14orf79,AC000003.2
3898,WBP1,DGCR8,CEACAM1,GPCPD1,TCF4,NAPB,KLRC4,RP11-973H7.1
3899,TMEM30B,C22orf34,RP11-67L2.2,RHPN1,PERP,DIS3,CELF1,TACR2
3900,RNPC3,BPHL,ACOX3,RP3-467K16.4,BZW1,RP11-85A1.3,THAP5,SUOX
3901,MORF4L2-AS1,EMP1,MTURN,AAAS,GGA1,FAM43A,RP11-126K1.6,CTD-3131K8.2
3902,HIST1H3A,CREB5,SCFD1,DCUN1D4,PTK2,INTS7,AC139100.2,RP11-890B15.3
3903,EPHX2,C9orf114,ZNF343,SLC4A1AP,ILF3-AS1,SART1,NHS,CTD-2288F12.1
3904,AHCYL2,SNX30,TRIM11,IL21R-AS1,EGLN1,DMWD,PTCH2,SGSM1
3905,DECR2,SLC46A1,MPHOSPH8,MDM4,INPP5B,MYCBP,PFAS,RP11-57H14.2
3906,HAGHL,TFAM,PSMC3IP,FRMD4B,SOX4,COG7,DYRK2,ZNF155
3907,C16orf86,SCYL3,RP11-389O22.1,ZNF414,NDUFV2,PPP1R11,RP5-1180C10.2,C10orf95
3908,LAYN,MAGED1,ABCB9,KCNA3,UBR3,MKLN1,RP11-815J21.2,FLJ45079
3909,RP11-634H22.1,PPTC7,SLC35B4,PRDM4,HLA-G,LRRC34,USP45,SNPH
3910,FADS3,LINC00954,ZC2HC1A,WWC2,SNORA40-1,RP11-582J16.5,RP11-452L6.5,SNAI3-AS1
3911,PAGE5,ALG11,GTF2IRD2B,SETD7,VPS13D,CRCP,FAM60A,RP11-884K10.7
3912,WDR47,SLFN5,CCT5,CTA-384D8.34,OGT,XPO1,RABEPK,RP11-90P5.2
3913,WSB2,PDSS1,LCORL,CALD1,UBE2Z,PER3,SPATS2,ZNF417
3914,JUP,CXorf24,FBXL18,DDRGK1,ITPRIPL1,KCTD11,RP13-131K19.6,CENPU
3915,ZNF280D,CLPP,MORN2,ZNF100,ZNF879,PRKACA,HSF5,RP11-258C19.7
3916,AC009065.1,TUG1,ZNF862,PINK1-AS,RRP9,FAM96B,RP11-54O7.11,ZNF470
3917,DOCK3,PTCHD3P1,PLCL2,SLC25A23,AAR2,BCL9,RP11-452L6.1,RP11-429J17.2
3918,RLN2,RFC3,SPRY1,HSPA6,HCG18,TRMT1L,RP11-388M20.1,MARC2
3919,TIGD6,PCNXL3,DTHD1,TRMT6,INTS8,TYW5,U91328.19,USP51
3920,SNRPN,RP11-214N9.1,ABHD6,C5orf34,NDST2,RP11-158M2.3,UST,RP11-452L6.1
3921,VSTM1,POLR1B,TEX10,SUV39H2,RP11-434C1.1,ZNF738,TFB2M,LRP6
3922,RP11-52J3.3,PDDC1,NUP35,ZNF570,ADIPOR1,KAT6B,SCAF8,SLC25A30
3923,DNAJC25,SESN1,MAP2K1,SLC22A17,CLSTN1,AC016586.1,PYROXD2,CCNJ
3924,ENOX2,RP11-245J9.4,GK,ADA,RPL37A,ORC6,RP4-758J18.2,ZNF630
3925,RP13-188A5.1,RP11-115C21.2,IFT27,ITK,IFI16,NKIRAS1,REPS1,RAB12
3926,RP11-78A19.3,PIK3R5,FAM219A,TTLL11,PEAK1,RP11-138A9.2,FAM117B,RP11-677M14.2
3927,TTL,ST3GAL4,POU6F1,RNF219-AS1,DAP,ZNF841,IL4I1,MST1
3928,EMP3,MOB2,EPC2,C18orf25,POLA2,LACE1,PTGS1,KB-1460A1.5
3929,WNK1,ZG16B,C14orf182,FAM161B,DISC1,SRP72,CHKB,GPR84
3930,CLECL1,WHSC1L1,STK40,MOV10,TBL2,HYLS1,DPP9,RP11-533E19.5
3931,MFSD8,CPEB3,ATR,KLF11,RP11-353N4.4,WRAP53,FAM3B,RP11-430H10.1
3932,ZNF75D,NFATC3,IQCG,C17orf89,REEP3,TMEM182,ZNF362,RP11-69E11.4
3933,PTPN23,CDH26,JPX,CUZD1,VIT,SURF6,GRPEL2,VNN3
3934,ZNF605,EPB41L2,RP11-761I4.3,TTI1,PER1,SMG7,RP4-561L24.3,CTSK
3935,ZBTB33,PHLPP2,P2RX7,TCOF1,ATP6V1G1,LINC00402,ATP13A4,CTB-55O6.4
3936,MR1,HACE1,HAUS1,DCAF15,SUFU,CTD-2270L9.4,UMPS,TEC
3937,KCTD11,NAA50,VPREB1,SCAMP4,SYNJ2BP,UTP20,ZNF554,BZRAP1
3938,VPS4A,ZNF197,IGFBP4,TRAF3,MAGEF1,CPSF1,SOBP,ZNF596
3939,SMAD4,MYNN,MED23,CTD-2017D11.1,ERO1L,SMARCD1,GLTSCR1,AL441883.1
3940,CTD-2231E14.8,GABBR1,ESYT1,MBD2,AKT2,RP11-1079K10.4,SLC9A6,AGAP4
3941,RP11-350N15.5,URB2,CAPN3,ELK3,USB1,QPRT,SYS1,THAP9
3942,SLC35F3,VRK2,MAP4K4,FUK,CTSH,KDM5C,IDE,RAB25
3943,NCR3LG1,TPRG1,GTSE1,SLC2A13,PDK3,SPRYD3,XPO7,RP11-297B17.3
3944,ENPP4,MPST,PANK3,DEPDC1B,SATB1,HDX,MTMR4,CTC-297N7.5
3945,CTB-152G17.6,CTD-3214H19.4,IKZF2,C16orf52,CDKN1C,BCR,TMEM70,NAA60
3946,RP11-517P14.2,ZNF584,C19orf68,LMBR1,CDC7,RP11-701P16.5,MTAP,SPDYA
3947,RP11-755F10.1,TIGD6,CREBRF,CCR5,FAM127A,MINA,MRPL47,MYO1D
3948,ZBTB24,ZNF629,AP001412.1,RP11-517I3.1,CSGALNACT1,ZDHHC17,ZXDC,CUL7
3949,CTSS,RAB37,RP11-126L15.4,CCNL2,OTUD5,RP11-867G23.4,PACRGL,AP000769.7
3950,CASD1,PM20D2,RP11-473M20.14,POC5,TTC33,BET1,RP11-258C19.7,NBL1
3951,GLRX2,KLHDC1,KIFC2,RP5-1057J7.6,ZNF736,RP11-525A16.4,ZNF440,DOK6
3952,CCR4,NREP,FBXO48,SLC45A3,CTSL,ZNF598,CDC14A,LINC00996
3953,ARL17B,CYB5RL,RWDD2B,PRKRIP1,MRPL41,RAVER2,KLF9,SLC9A7
3954,MRRF,EBI3,DPP3,RP11-73E17.2,HEG1,PSME4,ZNF397,RP11-568N6.1
3955,RP11-15A1.3,SFT2D2,ZNF687,B3GNT8,CCND2,C12orf65,SYMPK,PRDM8
3956,ZNF175,C16orf80,PTCD2,IL18RAP,ZNF227,TATDN3,VPREB1,FAM110B
3957,RRAGB,DCTD,BDH1,FAM208B,DHX33,GBA,ARFIP1,RP3-510H16.3
3958,BRMS1L,DNAJC21,AC142528.1,RPTOR,SLC12A6,DLC1,ZNF420,RP4-583P15.10
3959,RP11-325F22.2,DNMT1,TESK1,YTHDC2,UBA6,CCDC153,RP11-141B14.1,DIP2C
3960,RPAP1,HMGN4,RP5-1098D14.1,TTC4,GK5,SLC6A12,SDR42E2,RP11-61J19.4
3961,RAPGEF2,MAP2K7,PSEN2,EXOSC7,QPRT,TMIE,THAP6,LCNL1
3962,SNTB2,PWWP2B,ARHGAP17,SLC37A1,SELO,RP11-351I24.1,AFG3L2,HOXA10
3963,MEN1,CTA-384D8.34,KLHDC2,TIGD3,NFKBIB,EDARADD,CCDC134,TSPYL5
3964,RP11-635N19.1,MRPS33,C11orf95,AHDC1,UQCC2,ZBTB17,PIAS2,MFSD2A
3965,AC023590.1,WDR36,APOM,MAP10,SSR3,SLC2A9,WTAP,HOXA9
3966,STARD9,RP5-892K4.1,TFCP2,GNPAT,RP11-119B16.2,NTHL1,RAB11B-AS1,IFT172
3967,DCAF17,EIF3B,CSAD,TMEM184C,ATP5EP2,TNF,CTNND1,GRAMD1B
3968,ATP10A,BYSL,PIGU,YLPM1,ARID2,CD226,SLFN12L,RP11-758P17.3
3969,BPHL,DPH2,ELMO2,ZNF575,SIDT1-AS1,RP11-338I21.1,DLG4,FAM161A
3970,DNAJC15,NIPAL2,AC104655.3,PTER,EHBP1,ENTPD4,DUSP16,CASZ1
3971,ARIH1,RAB3IP,RP11-309G3.3,C17orf72,IK,OMG,FAM153B,FAM81A
3972,ATG14,RP4-673M15.1,SLC35F2,ICOS,ING3,PARP1,FAM221A,RP13-638C3.4
3973,RAB1B,WHSC1,GNE,WDR73,COG5,CTD-2085J24.4,ACPP,RPA4
3974,RNF8,C18orf32,AHDC1,RP11-395A13.2,C9orf40,CATSPERG,TBKBP1,VSIG10L
3975,ARRDC3,SLAMF6,B4GALT1,ZNF280D,ADAT1,CEP44,ALDH7A1,CDNF
3976,PATZ1,ABCE1,ENO1-AS1,GATC,ZNF550,TMPRSS11E,LY75,RP11-950C14.3
3977,ABHD11,NDRG2,ZSCAN9,C11orf35,PYGM,PINK1-AS,ANKRD36,FAM53A
3978,ZNF614,C2orf74,ARL10,MINA,SRRM5,AC025335.1,LDHA,P2RY1
3979,CCDC132,NFYC-AS1,ZNF594,RP11-488L18.10,NSMAF,PHGDH,BBIP1,LEKR1
3980,CHRNA1,TMEM8A,OAS3,CHN2,AC021188.4,ARHGAP4,SCAI,CTD-2256P15.4
3981,SCAP,C9orf91,TMEM194A,UGDH,MARS,RP11-17M16.1,INPP5E,HIST1H2AH
3982,HIST1H2BN,RP11-74E22.3,NME7,RP11-115C21.2,TRERF1,ITGA4,USP1,MEIG1
3983,SERPINB8,SLC39A11,LINC00685,PRPF4,MRPL46,USP40,LSM11,GPRASP1
3984,VAV1,TMSB15B,MDFIC,TNIP3,MYEF2,ZNF780B,EXOSC10,FCHO2
3985,CTD-2537I9.12,MTHFD1,LRP2BP,TLR6,SIGLEC1,RP3-525N10.2,RP11-304L19.5,SIRPD
3986,ZNF669,MALT1,ADCY3,C6orf229,IARS,RP11-66N24.3,DDX6,SLC5A2
3987,CLK2,RARRES3,MYH10,C5orf22,NIT1,CDK18,ZNF814,IFNL1
3988,ZWILCH,KSR1,ACPL2,LINC00998,DDX47,CHCHD2,RPF2,NPTXR
3989,ZNF76,TEX2,RP11-677M14.2,SMN2,CCSAP,RP11-977G19.11,NBPF9,AXIN2
3990,ABCC5,CDC14A,FANCL,ZNF773,ADAM10,GPR133,CTC-428G20.3,NUMBL
3991,RP11-254F7.2,RANBP2,INO80,KIAA2013,TGM2,RP11-761I4.3,EIF1AD,MTBP
3992,WDR70,SMARCA5,DSE,VCAN,COPB2,LRTOMT,ATP2A1,PUS7
3993,RAB21,SOS1,FKBPL,TMEM135,MGA,ZSCAN32,ZFYVE9,FAM21A
3994,NSMCE2,SEC11A,TRIB3,C14orf93,CTD-2630F21.1,PRKRIR,CDK6,AC073072.5
3995,MAPK8IP3,ARL4D,SUCLG2,RP13-977J11.2,TRPV2,BPGM,DDX31,DGUOK-AS1
3996,C14orf119,CDK14,RP11-110I1.14,ZBTB20-AS1,CITED4,RPL39L,CCDC66,RP11-73K9.2
3997,SAMD4A,FSTL3,DEGS2,PAPL,FBXO38,RP11-342K6.1,LRP12,INCENP
3998,MBTPS2,PLCB3,NUP188,MORC2-AS1,UPP1,RP11-446E9.2,FRY,RP11-486G15.2
3999,EIF4G3,UCP3,RP11-267N12.3,OSBPL3,ITCH,RP11-446N19.1,LRRC29,FAM13A-AS1
4000,RNF216,PIGS,CUL9,ATAD2,PLTP,HDAC8,NAP1L2,HRK
4001,SSSCA1-AS1,ITPKC,DENND2C,DNAJA3,HES6,FUCA2,ACOT11,MOCS1
4002,SNX16,MYLK,SLC25A12,AZI1,TCP11L2,TNS1,STON1,POLA1
4003,RNFT2,FOXRED2,COPG1,GPBP1L1,FAM109B,CHD7,RP11-66N11.8,ANKRD18A
4004,ZNF510,SIGLEC12,SCO1,VPS54,PHLDB3,RP11-930P14.2,NOP14-AS1,DDX11-AS1
4005,MED17,RANGAP1,DNAJC16,PSMG3,DOPEY1,ZSWIM3,ITGA5,BTBD8
4006,PAGR1,METTL15,PCNX,RANGRF,OTUD7B,TRAF4,FITM2,ABCC4
4007,CTD-2162K18.4,FCGR1B,RABGAP1,CAPN8,CNTROB,LANCL1,MYH3,GNG5P2
4008,RCC2,SIRPD,CD96,NMNAT1,ATP5D,TRA2A,SEC23IP,ZNF416
4009,RPUSD1,DTHD1,TRAK1,MDH2,AARSD1,RP11-750H9.5,AC074183.4,LAYN
4010,FBXL4,OSBPL1A,ANKRD50,HIST2H2AC,PAM,ZNF644,CUL7,MT3
4011,DOCK9,TTF2,PEX6,TRMT1,MVB12A,CTD-2537I9.12,HCFC2,RP11-16E12.1
4012,MRPL17,ZNF500,TMEM185B,TSHZ1,RGL1,LDLRAP1,MVB12B,C11orf84
4013,REV3L,PDGFC,RP11-77H9.2,ZNF680,CCDC25,GPR35,CTD-2616J11.2,AC025335.1
4014,PER3,CDC42EP1,TRMT10C,SECISBP2L,ATP5I,ZNF281,TMEM135,PPFIBP1
4015,TMPO,WRNIP1,GLMN,AASDH,METTL23,LDLRAD3,PSMC1,PAGE5
4016,LMTK2,CTC-507E2.1,PCGF6,CRAT,BNC2,MSC,PHKA2,KCNH8
4017,ARID3A,EPHA1,ZFP28,DICER1,UBQLN4,FAM220A,DTX1,ABCG2
4018,STK19,PCED1A,TTC7A,RBFOX2,AC124944.3,BZRAP1-AS1,CPSF4,LRRC26
4019,TFE3,VIM-AS1,SLC35F6,CKAP2,NDUFA8,SLC12A2,LRIF1,CCND1
4020,SOCS2,TNFAIP8,HNRNPF,ADSSL1,PRAM1,CUEDC1,ACSL3,NAP1L3
4021,ANP32E,SLC25A32,ATG14,TMUB2,ASUN,NCK2,FAM73B,ELOVL3
4022,C2orf76,EMC2,RP4-635E18.8,CLCN3,ANKRD27,C2CD2L,GSTO2,RP11-219B17.1
4023,MED7,ZNF677,MED1,BRCA1,KCTD5,CEP68,HFE,TFAP2E
4024,ZMYND19,UBL7,ZNF611,LARS2,RP11-47L3.1,ANKRD39,INCENP,ZNF829
4025,ASNSD1,AC004951.6,RP11-420A6.2,CEP72,MYCBP2-AS1,DNAJC24,TCEAL1,CACNB1
4026,DDX60,SERPINB8,GCLM,CDC16,TAOK2,SGCB,AC011558.5,RP11-452L6.5
4027,SRBD1,AKNA,CHFR,PRKAR2A-AS1,AGBL5,MYO1E,FAM49A,GSTO2
4028,NUP214,PWP2,ZNF433,RBM23,PAX8,XRCC3,CCDC41,RP11-367J11.3
4029,KIF5C,CSGALNACT1,AC097500.2,IRS1,ZNF81,FAM189B,ZKSCAN2,TMEM117
4030,ANAPC2,CCDC7,DNAJC27,DNASE1,KDM4A,ANAPC7,ZNF584,RP11-603J24.5
4031,MECR,CCDC151,RP11-713M15.2,FCHO1,PSMA3,PGAP3,TXNDC9,CTD-2035E11.5
4032,ZNF41,CDHR3,ANKMY1,LINC00094,HOXA9,CDC42EP2,VSIG1,SOX7
4033,PSEN1,SIT1,RP5-1065J22.8,KSR1,ZNF562,ZNF674-AS1,DHX33,RP11-1114A5.4
4034,TMEM164,CETN2,TCTN2,PYCARD,SLC25A36,ELOVL3,RP5-1021I20.1,RPEL1
4035,SNX15,RAPGEF1,MBD5,CASZ1,FNDC3A,PNMA5,ATF3,CMC4
4036,ZNF883,STK36,RNF145,SENP2,MOSPD2,PMS2,MACROD1,RP11-582J16.5
4037,STAMBPL1,TTC28,SCLT1,RFX5,GCN1L1,SNAPC1,LSM12,CHST10
4038,PJA2,DBP,SPI1,AHR,HAGH,PPP2R1B,FANCD2,SRXN1
4039,EFTUD1,ACVR2A,CWC27,ZER1,KIAA1377,FAM206A,DNAJB2,PLTP
4040,ZHX1,SLC25A44,SLC25A43,KIAA1324L,CEP89,USP21,DHX8,RP11-10K16.1
4041,CCDC136,RPP14,TEX22,HMMR,DIDO1,CDC123,TRNP1,RP11-425D10.10
4042,PUSL1,TCEA1,RRP12,EPM2AIP1,ABCB8,RHBDD1,NTNG2,RP11-315I20.1
4043,FKBP14,FAM3D,ATP13A1,RP11-284N8.3,AD000090.2,SRD5A1,CNFN,EFNA3
4044,SLC25A25,ARIH1,LINC00265,IRF5,CHCHD6,LPXN,PINX1,ZNF883
4045,TCEANC2,GZMK,GAS7,CCNI2,MORC3,PLEC,MRPL13,C11orf95
4046,ZNF18,XPO1,ZBTB2,PUS10,USP51,BCL3,IPCEF1,ZSWIM4
4047,VWA8,ZNF383,RP11-162A12.2,SQLE,CAPN10-AS1,MAP3K4,SLC12A9,ABCB9
4048,CTD-2288F12.1,GLTP,CCDC86,POM121C,CACNA2D2,DCLRE1C,PIP4K2B,RP11-443B7.1
4049,N6AMT1,TRIM7,CRADD,MTMR1,SLC50A1,RP11-407N17.5,LINC00959,RTTN
4050,AC007246.3,ABCG1,PILRA,BRSK1,ZC3H3,AGK,SMYD5,PKHD1L1
4051,PAIP2B,FAS,LRRC57,ERC1,MFGE8,AHCYL1,TSHZ2,IPO9-AS1
4052,RP11-293M10.5,TMEM65,RP1-102H19.8,RP5-1074L1.4,C10orf118,PLCXD1,MFSD12,RP11-488L18.8
4053,PAQR4,SIGLEC7,ESR2,RRN3,KAT7,OGT,FGFR1OP,WFS1
4054,TNRC6B,RP11-1149M10.2,AMACR,SYT11,UBAC2-AS1,RP11-532F6.3,ST6GALNAC3,ZNF619
4055,CERS6,RP11-809N8.4,GNG2,RP4-536B24.3,WAPAL,PTCD1,RNF145,METTL21B
4056,DNAJC3,HARS2,CTD-3065J16.9,CLEC4A,ZNRD1-AS1,ARHGAP21,FNTB,SVOPL
4057,KIAA0125,VCPIP1,BET1L,KIAA1432,C12orf61,PANK4,NADK2,AC093642.3
4058,PTPLB,PSPC1,MRPL46,ARF3,SLC38A11,NLRC4,PRKAR2B,C11orf35
4059,GON4L,FLVCR1,RND1,IDH3A,RASSF2,RP11-354P11.3,GSR,RP11-960L18.1
4060,EPS8,ZNF395,MTMR10,PSMD2,SYT5,CENPK,SMURF2,OSGIN1
4061,NFE2L3,CLEC4C,LAMTOR3,RP11-110G21.1,ZSCAN32,CRAT,AP4B1,KLHL3
4062,CAND2,ZNF7,ZNF780B,TCAP,ARHGAP35,ERLEC1,VSIG4,GPAM
4063,ARF3,RP11-544A12.4,RP11-560J1.2,SLC30A6,TCTEX1D2,SLC25A10-1,ZNF268,NEK11
4064,TMEM63A,BTBD10,FBXO44,TTC30A,N4BP2L2,ZFYVE16,TMEM126A,CTC-297N7.8
4065,TRAF3IP2-AS1,PLOD3,STK39,BDH2,APBB1IP,DDX19A,RNMT,FKBP7
4066,NUDT6,ACSS2,DNAJC5B,LCOR,DTX3,ZNF34,MTG1,RP11-112J3.16
4067,NLGN4Y,IRF5,ZFPL1,TAB1,CHD3,DTD2,ATXN7L1,ZNF653
4068,P4HTM,TMCO1,PINK1-AS,C8orf37,AMDHD2,RP11-36B15.1,PELI2,RP11-597D13.9
4069,TEC,KCNQ5,CHST11,RP11-50E11.3,ZDHHC14,WTAP,RBM34,RP11-42I10.1
4070,SLC35E2,CAMKK2,ABCB7,TBC1D13,SLC35D1,SLC36A1,SLC18B1,TMTC3
4071,SNORD3B-2,SPDL1,SGK223,PPP1R32,GPBP1L1,USP11,GRB2,RP11-97C16.1
4072,C16orf95,SCRN1,RP11-876N24.2,GDPD1,MAN2C1,OTOA,LXN,SMARCA5-AS1
4073,UTS2,UVSSA,ARRDC5,ACO1,MDGA1,SSPN,ACBD4,UACA
4074,TBC1D22B,IARS,PPIG,KIF2C,CLK3,PCCA,FAM161B,RP11-408A13.4
4075,MYB,PERP,CARF,TGIF2,B3GALNT1,CYP4F22,CCNYL1,C2orf44
4076,TMLHE,LINC00482,PNO1,STRA13,MAD2L1BP,CCDC61,FAM73A,ZNF502
4077,TPCN1,MED4,MTA1,SPAG1,PTPRN2,TMX4,CPM,RP11-158I9.5
4078,WDR48,URGCP,RHEB,PEX10,NUFIP2,RP11-505K9.1,THBD,RP11-388M20.6
4079,MIEF2,ATG14,CD274,TFDP1,GEM,AKAP1,KDELC2,CTD-2012K14.6
4080,SETD1B,RP11-1391J7.1,PIK3R2,LSM11,CTD-2047H16.4,RP11-244H3.4,ATXN7L2,SLC45A4
4081,CD320,EMB,ERO1LB,FGF9,RRP1B,ZNF23,CENPJ,RP11-252A24.3
4082,SPINT1,FAM19A2,ATG7,ACPP,MIER2,TTC22,MAST4,ZFP69B
4083,ZKSCAN8,ARSK,MANSC1,NME2,CBWD2,CCNJ,PRIM1,RP11-1055B8.7
4084,LINC00094,PAX8,WDR45B,CEBPZ-AS1,FPR2,PARD6A,CTD-3074O7.5,ZSWIM1
4085,C20orf196,NNT,OTUB1,ADORA2A,ARHGAP19,PELP1,PDCD7,RP11-159G9.5
4086,RP11-473M20.7,DESI2,CCZ1B,TTC13,PSMD6-AS2,AC012358.8,GMDS-AS1,RP11-566E18.3
4087,MPND,ANKLE1,GTF3C5,UNK,ZDHHC3,CTC-338M12.4,CLEC2B,SLC51A
4088,SEL1L3,SERPINH1,FCRLB,GPR171,HIST1H2BD,EIF2AK4,GSTM3,OAZ3
4089,PAN2,PSRC1,C22orf39,FAM153B,POU2AF1,RP11-452C13.1,RP5-1073O3.7,RP11-730K11.1
4090,SPATA7,NUP205,MAT2A,CTDNEP1,MAGI3,MGRN1,C9orf139,AZU1
4091,C11orf63,KIAA0556,MRPL39,DGKE,LDHD,KIAA1919,ZBTB5,HIST1H4H
4092,IFT80,ZNF48,RP11-410L14.2,NSF,ZBTB32,MCTP1,ZNF44,PDE1B
4093,NIF3L1,RP11-422P24.11,CAMKK1,LRRC23,RP11-680G24.5,PGM3,ITPRIP,NUDT17
4094,DNM3,FGFRL1,ST6GALNAC3,SCIN,YWHAE,PIK3R2,USP36,MTMR8
4095,DNAJC30,RP11-325F22.2,RP11-580I16.2,RP5-1021I20.1,TFIP11,DPY19L4,ZMYM2,AC015849.19
4096,HIST1H4A,NR1H3,MRPL27,GRASP,SNRPA,YIPF2,RP5-894D12.3,RGL1
4097,CTC-428H11.2,ZNF91,ZNF768,C6orf120,MED8,RAPGEF1,KLF11,STX18-AS1
4098,CEBPA,TAGLN,CDK17,TNKS,BRD8,RABEP1,NFYA,STK33
4099,TMEM91,EFHC2,RNF38,GNAQ,MEIG1,ATG9B,DCUN1D5,MEGF8
4100,ZNF419,NOP2,FAIM,TMSB4Y,MED1,PLIN5,MAFG,ZNF772
4101,FAM120C,SIRT5,TPM1,GTF2H2,ABTB1,RP4-647C14.3,RAB34,ALG1L
4102,PRR14L,PCYOX1L,CTD-2544N14.3,NCOA5,RP11-752G15.6,ALKBH1,OPLAH,HMGN3-AS1
4103,NCSTN,BHLHE40-AS1,ITPR2,SPAG5,HMOX1,PUS3,WDFY1,UBTD2
4104,TMEM173,C19orf47,ATP6V1B2,RAP1B,HIST3H2A,KLHL9,ZXDB,IRGM
4105,MARK2,ZNF816,C9orf169,AHCYL1,YTHDF1,RBMX2,TRAPPC12-AS1,ZNF594
4106,RP11-314N13.3,PIP4K2B,SPAG9,CC2D1B,NFKB1,ACYP1,RACGAP1,TPRN
4107,TOR4A,ENC1,SLC37A3,FAM60A,ZCCHC18,ALKBH2,TP53INP1,PTPLA
4108,MTHFD1L,LTBP3,CNN3,UBL4A,REST,EXD3,FAM118B,PDE4C
4109,ADCK2,PHC1,NQO1,SLCO4C1,TMEM241,CTB-61M7.2,LIMK2,AC131097.3
4110,MATN1-AS1,IFNG,ACADSB,ZNF320,CCDC157,NELFA,TMED8,ACOX2
4111,OCEL1,SRP9,WDR73,ZBTB25,ZNF800,INSR,MAP4,RP11-443B7.3
4112,SMN1,CLUAP1,RP11-504P24.6,WDR59,SETDB2,CENPB,ORAOV1,NRG2
4113,ATP7A,WSB2,LTK,PRKAG1,HLA-DQB2,STOML1,MPC2,RHOU
4114,PTGR2,C3orf38,NKRF,SLC9A1,PHLDA3,SIRT2,XXbac-B476C20.9,GRK4
4115,ABCA5,SIPA1,MBTPS2,PYGM,CIITA,EPS8,WDFY2,TRAM2-AS1
4116,KLHL20,MCM3AP,SRP68,EHBP1L1,C1orf216,APBA3,PTCHD3P1,FAM3D
4117,RP11-442H21.2,NAA20,NLRP3,RP3-400N23.6,TGM1,ADORA2A-AS1,YAF2,STXBP1
4118,AP001058.3,SULT1A3,RP11-313P13.5,MTMR10,PDE7A,TLK2,WDR47,AC116366.6
4119,SESN1,RP11-126K1.6,GPALPP1,SLC2A6,RRP15,TMEM186,ASB16-AS1,PYGM
4120,ZNF426,FAM214A,CKAP4,CYTH3,MRPL9,CTD-2215E18.1,LMO4,EFCAB7
4121,PSMD10,C1orf54,ZNF408,NSRP1,RSPRY1,PPP4C,ATG9B,ZFR2
4122,EFCAB2,UNC13D,ST3GAL5,FAM73B,SLC2A1,NTPCR,TMEM86B,PRR19
4123,PRICKLE3,EIF3G,HOXB3,ZNF747,RNF144B,DSTYK,MSH6,LINC00309
4124,MYH3,RN7SL1,TIMELESS,ZBED4,BBS2,PKIG,MARVELD1,HAS3
4125,ZNF624,RP11-169K16.9,FBXO5,EP400NL,PCSK5,ZNF414,C1orf115,FLJ20306
4126,ZNF653,BLOC1S5,LNPEP,ACY3,WDR25,ZNF837,CTD-2319I12.2,C6orf99
4127,PLEKHB1,HSDL1,RFT1,DCTN6,TNFSF10,PRRG4,CAB39L,XRCC3
4128,SEPN1,TUBG1,RBPJ,BACE2,TTC26,NBPF9,COX11,PDP2
4129,CEP44,TTF1,RP5-894A10.2,METTL16,AKAP8L,LPAR6,ATG2A,MITF
4130,HTRA2,TBC1D9,TMEM192,XPO1,TRMT61B,AC009961.3,MCTS1,ZNF80
4131,PITPNM2,VPS9D1,ZNF33A,RRP36,RP11-175O19.4,DCUN1D2,PLCG1,MORC4
4132,MARCH3,C1orf50,TNKS2,PPP2R1B,MIR4458HG,EIF4G3,SSC5D,LINC00299
4133,RP11-466F5.8,WDPCP,ZNF544,PSRC1,ALG1L,MUS81,SMN2,ZMYND10
4134,ZBTB4,SLC37A2,COPS4,ARSB,FMO5,MINOS1-NBL1,SGCA,TAS2R14
4135,SPECC1L,AC147651.3,FBXW4,GNE,ARHGEF18,BAZ1A,TMEM144,HSPA1L
4136,ACY3,HECA,FCHSD1,POPDC2,ZNF324,CTD-2619J13.14,NLRP12,CDK18
4137,KLHL28,ANKH,FAM208B,RNLS,TTC32,NLE1,AAK1,MMP28
4138,CHORDC1,CEBPE,COLCA2,RP5-864K19.4,C1orf198,PEMT,REM2,C12orf68
4139,OBSCN,RAB31,APBB2,ZNF567,MTPAP,FAM208B,SGMS2,TLCD1
4140,STIP1,SUCO,RNF31,ULK4,KDM1B,AP5M1,KCTD10,HOOK1
4141,CD86,SYTL2,RAD51D,FAM228B,MSH2,KAT2A,C6orf62,STON1
4142,CAPN10,PTGES2,ALDH5A1,ZNF7,TMEM80,RP11-701P16.2,KNTC1,U47924.30
4143,ATN1,NOTCH1,FBXW7,ZNF451,RP11-690G19.3,CTC-338M12.5,TFB1M,EPB41L5
4144,FLVCR2,ANO6,SACM1L,ANO6,MIA3,ACVR1B,EPS15,KCTD21-AS1
4145,ANKRD32,BAP1,MAPKAPK5,KLF12,ZNF33B,MTMR12,RP11-290L1.3,RP11-894P9.1
4146,RP11-6J24.6,RP11-339B21.11,PLD3,MIR4519,CRIM1,ATP6V1B2,SEC62,ARHGAP33
4147,OVGP1,CUL7,RASSF6,UCP3,HMGXB3,RP5-1125A11.1,FOSL1,RP11-215P8.3
4148,RP11-16E12.1,CLSTN3,ZP3,ZBTB1,UHRF1BP1,EIF1B,RP11-158I9.5,MAGIX
4149,OTUD4,SLC39A6,CCNL2,FBXW2,TNK2-AS1,NLRP3,RP11-191L17.1,ARL17A
4150,SCARB2,ABCB10,NKIRAS2,NANP,HDAC11,CXCR3,ZEB1,SLC46A1
4151,RP1-28O10.1,PUS7,C16orf95,RP11-218M22.1,TEP1,ACVR1,RRM2B,RP1-159A19.4
4152,PTGDS,ZFHX3,CCNT1,UMPS,STAT2,PDK1,PBX3,RP11-214N9.1
4153,SHPRH,PITRM1,AKAP13,PRPF18,AC009065.1,PPP2R3B,ELAC2,RP11-119D9.1
4154,KANSL2,KBTBD4,ZNF606,CSE1L,L2HGDH,PER2,AC006116.20,RP5-1024G6.7
4155,RRBP1,SERPINE2,RP11-379K17.4,RP11-386G11.5,GALNT10,RHEBL1,GPT2,EPHB3
4156,DFFB,TMEM79,CTD-2012K14.6,TRIM25,SP1,EML3,GPR34,EBI3
4157,TRAF5,F11R,KIAA1468,AMIGO2,PHF7,POLI,BANP,RP11-161M6.2
4158,MSN,TMOD2,RP11-446N19.1,LOXL1,FECH,ZNF18,PGBD3,GRIK4
4159,MSRA,PSMD14,SLC39A11,PLEKHM1,RFT1,RPL38,YIPF2,LMTK2
4160,SLC25A37,RPUSD3,RP5-1103G7.4,EML4,GRASP,C5orf51,SYCE1,TSTD3
4161,GRAMD1C,ZNF699,ZNF142,PCGF1,KANSL1-AS1,RP11-432J24.2,USB1,BGLAP
4162,CELF2-AS1,VAMP7,ADRBK1,MINOS1-NBL1,COQ10B,UEVLD,PFDN4,SCD
4163,ZNF268,BRICD5,TOP3A,UTP20,ARSG,CEP95,AC096772.6,C21orf58
4164,NEURL1,FAR1,TUSC2,RP3-477O4.16,PRRC2B,RP11-793H13.3,KRIT1,AC131056.3
4165,MICAL3,TNPO2,HNRNPH3,RP4-647C14.3,SUPT6H,C3orf33,RP11-98D18.9,SLC16A1-AS1
4166,NDUFB2-AS1,RP11-426C22.5,ATXN7L3,TBC1D8,PASK,PPM1J,C19orf35,TRIM46
4167,ITPKC,GCNT2,DHFR,SEPSECS,HMGN4,INO80B,PRR4,CCDC122
4168,TMEM60,CXorf56,GTF2H5,CTC-428G20.6,KDM5B,WASL,NEDD4L,TLDC2
4169,LINC00544,TANGO2,PGGT1B,GTPBP4,UFSP2,CSNK1G1,PHLPP1,ZNF490
4170,PEBP1,ZBTB48,RP11-385F5.5,KRBA1,FBXO21,SLC22A5,RDH14,RP11-1060J15.4
4171,HABP4,HIST1H2BN,ZMIZ2,KRTCAP3,SAMD10,CENPO,FBXL5,TCTN2
4172,ZCCHC10,TIMD4,INPP5F,CASC5,MIR497HG,USP31,RP11-16N11.2,ME3
4173,FCER1A,MED23,DHX57,PEX3,EML3,OSBPL11,AC015849.19,SPIRE2
4174,RNF26,ALDH9A1,WDFY1,SIAH1,ATAD2,FAM13A-AS1,AF127936.7,TEX2
4175,ZNF441,TMEM209,AC093642.3,RP11-588G21.2,TOPORS-AS1,LIPE-AS1,ZDHHC17,LINC00694
4176,ASB7,PPID,ZNF543,BBS9,RMND5A,ZNF672,TTC21A,ABCA3
4177,MED9,CCDC149,TMEM177,RP4-816N1.6,BTBD10,DNM1L,CLOCK,PLEKHG4
4178,AC040977.1,DAPK3,ATN1,GNPTAB,ZNF606,GLT1D1,AIFM3,FBXL14
4179,ZNF37A,KCTD20,COX15,NFATC1,NAT14,GAL3ST4,HSDL1,RP11-440L14.1
4180,MOB1B,CBY1,CDK14,KDELR1,PSMC3IP,IRAK4,SYCE3,RP11-787I22.3
4181,NOG,AC022182.1,C10orf2,FAM111B,TRAM2,PUS10,TEX14,FZD6
4182,RECQL5,TIGD7,KHDRBS2,TMEM63B,SSR1,PRIMPOL,SNX30,KIAA0391-1
4183,ZNF223-1,RP11-356N1.2,STARD5,TATDN2,C1QA,CSTF3,RP11-17M16.1,TMPRSS11E
4184,METTL22,HEMK1,ENO3,CACNA2D4,VCP,MCCC1,ABCA5,AC007386.2
4185,CDKL1,RP5-914P20.5,SETD4,GATSL3,IFIH1,SCD,RP11-315O6.1,RP11-701P16.2
4186,RP11-78O7.2,TRIM44,ZRSR1,RTKN2,HDAC8,RBM47,MTMR8,RP11-713M15.2
4187,DPH6,PEBP4,HPCAL1,ZNF333,FH,ERCC1,HOXA10,FAM72A
4188,XRCC3,ZMAT3,ESRRA,COX7B,KHK,RIMKLB,PPM1A,PRMT5-AS1
4189,KIN,NLRC5,CKMT2-AS1,FIBP,PRDM11,XPO5,AC022498.1,RP3-455J7.4
4190,ATF7IP,ACN9,ZNF575,CYP2U1,DNAJC10,DGKQ,PAXBP1-AS1,GLB1L
4191,KIF21B,AC092295.7,PARP6,FBXO46,RCBTB2,SGMS2,TVP23A,RP11-160O5.1
4192,RP4-610C12.3,ELP2,ZNF222,MAK16,C5orf15,RP11-286E11.1,HDX,RP11-395B7.4
4193,HEATR1,C11orf21,RP11-708J19.1,CTU1,CPSF2,B9D1,ATG14,DBF4B
4194,SYP,KCNE1L,COL9A2,CUL7,CTBP1-AS2,MOV10L1,C20orf194,RP11-54O7.17
4195,ZNF217,CBL,HIST1H2BD,ZNF844,LIN7B,RP11-809O17.1,ZCCHC14,RP11-598F7.3
4196,RENBP,ADCK2,OSBPL11,DHCR24,ZNF782,RP11-81A22.5,ZNF768,DNAJC28
4197,CSF2RB,RFFL,LONP1,XPNPEP1,ANAPC7,GTF2A1,HLTF,EEF2K
4198,RP11-488L18.8,RAB7A,AC107081.5,ZNF787,PCCA,SLC10A7,OXSM,GS1-393G12.13
4199,C21orf59,ZMYND11,DBR1,C16orf45,RBM23,CLK2,TTC27,AC069363.1
4200,LRP5L,PIK3C3,SMPD2,PIK3R3,AC131097.3,UBE2V1,RP11-50E11.3,LINC00265
4201,TRIM46,ZNF652,CHM,SRD5A3,CASP4,RP11-181C3.1,E2F6,LINC00663
4202,RSG1,MCM9,MAPK11,CXCL2,EMC1,C12orf45,C5orf34,MAP4K3
4203,DNAH6,APBA2,MOV10,CCDC3,LINC00623,ZNF736,ACVR2B,RP11-337C18.8
4204,SNX29,ZNF782,PRPS1,LAX1,RP11-426C22.5,HMGCS1,ATP7A,NPIPB4
4205,RP11-119B16.2,WBP11,ZNF665,MAGI3,FKBP7,RMDN3,AIDA,LINC00957
4206,AC006547.15,RP11-326F20.5,DFNB31,ZNF674,ITGB1,ENTPD7,CTD-2325M2.1,LL22NC03-86G7.1
4207,TADA1,C17orf58,KCNA3,ZNF627,USP25,FAM207A,C11orf63,RP11-78O7.2
4208,FSCN3,C2CD5,RP11-1060J15.4,RP11-140K17.3,FANCA,ADPRH,C1GALT1C1,ZNF324B
4209,RGMB,CCDC141,PDLIM7,RP11-11N9.4,RPL38,ATP10D,MAP7,RAD54B
4210,ZNF816,S1PR3,FRS2,SS18L1,USP38,PAQR8,TMEM200B,CTD-3214H19.4
4211,NT5C2,PYGO2,RPS4Y2,MGAT4B,BCL2L2,B3GAT3,ANO10,RP11-575L7.8
4212,TMEM80,TMEM126B,N6AMT1,CDNF,ACAD10,FAM109A,PIK3C3,ZNF19
4213,PIGS,ITFG2,STX18-AS1,ZNF367,ZNF419,CUL9,LINC00894,S1PR3
4214,SETBP1,CUL2,HACE1,TARS2,DNLZ,SYNGAP1,TP53I13,ZNF442
4215,CPNE7,RCHY1,SLC48A1,ANKIB1,STXBP5,HECA,OSBP,CCNF
4216,MLTK,FTO,TSEN34,ZDHHC1,VTA1,TSG101,NUDT9,SERPINF2
4217,ZC3H10,MRRF,FAM109A,HIVEP2,UBA6-AS1,LCAT,CTD-2371O3.2,KIAA1467
4218,RP11-271K21.11,NR1D1,LPCAT1,SFI1,ITGAL,CNEP1R1,SNURF,DKFZP434E1119
4219,PTPN11,FUK,NICN1,RP11-308N19.1,RP11-533E19.7,RAB2B,FAM81A,SPIN3
4220,CHEK2,RP5-827C21.4,NF2,GRAMD4,SLC30A9,ZBTB5,RP11-318E3.9,LINC00893
4221,YPEL2,IFT27,MSC,CD99L2,TAF4,ICA1,DEPDC5,SLC30A4
4222,LIN9,R3HDM2,RP3-400N23.6,TOM1L2,ZNF383,CENPBD1,CD200,AK8
4223,ULK1,FAM98C,INPP5E,GOLGA1,RNF4,TLE1,RP11-432J24.2,SETD9
4224,GTF2H4,CPNE5,SLC2A5,FAM32A,KIN,SOX15,RTCA,MYOM1
4225,GRIPAP1,COCH,DFFA,STX6,PIAS2,RP11-160O5.1,EML5,CCDC142
4226,SNAPC2,PIGP,SLC10A7,ZFP3,UBLCP1,CCDC96,TBXAS1,FSIP1
4227,NET1,FRY-AS1,FANCD2,RP11-47A8.5,LYPLAL1,RP11-1407O15.2,PIP4K2C,ST6GALNAC3
4228,RP5-886K2.3,CTA-211A9.5,TRIM38,RAB22A,RP11-307C12.12,SSH3,RP11-96K19.2,TBC1D24
4229,MST4,SPAG5,CDHR3,NFYA,CTB-113I20.2,C8orf58,ZDHHC8,MIR497HG
4230,GLTPD1,AC023490.1,PRKCE,NUMB,TSSC1,METTL2B,FHOD1,RP4-635E18.8
4231,ICOSLG,RP11-819C21.1,KANSL1-AS1,SLC15A4,ZBTB37,TRMT12,AC025335.1,GAREML
4232,UBTD2,ENTPD6,NMB,RBM15B,EIF2AK3,APPBP2,MTBP,AC069513.4
4233,THNSL2,IFT74,SENP3,STXBP1,TTC9,COPS8,RAD51AP1,CCDC120
4234,RP5-894A10.2,ZCCHC4,WDR53,ZNF14,ZFP90,HTATIP2,LGR6,DLEC1
4235,NOL6,FADS3,CASP8,AGK,FGFR1,PCED1A,SIAH1,RP11-425I13.3
4236,FARSB,RP11-277L2.3,ELMOD2,RP11-849H4.2,NEK3,FAM86C1,TEF,CTB-12A17.3
4237,PTBP2,PANK3,ADORA2A-AS1,LMF2,TMEM64,AC009065.1,LEKR1,AVIL
4238,TAGLN,TULP3,CCR10,SLAMF8,BMP2K,NAT14,DTX3,BOLA3-AS1
4239,GNG10,LHPP,TAF4,MMP9,IQSEC2,ZNF582-AS1,GOLGA1,RP11-589C21.5
4240,RP11-367G6.3,HFE,KIF1B,RNF219,RP11-708J19.1,P2RY8,NEDD9,TMEM88
4241,MEST,FMNL3,WBSCR16,IFT88,AMN1,GP5,ZBTB26,PDGFRB
4242,APC,RAB7L1,LBX2-AS1,AC009501.4,PGBD2,PACRGL,RP11-804H8.6,LINC00422
4243,FANCD2,ERCC2,RPUSD2,APOBEC3B,ARHGEF39,CXorf23,RRAGD,AL627309.1
4244,KIAA0391-1,ATAD2,DNHD1,DLAT,WDR45B,WDR65,LZTS1,LRRC7
4245,ERMARD,NOP14,RP11-434C1.1,MT3,GABPA,LSM11,RP3-428L16.2,U73166.2
4246,C1orf27,IPO9-AS1,KDM7A,HPDL,TCAIM,TTC21B,TCEAL8,ZNF513
4247,UBR3,PTRH1,B3GAT2,EXTL3,LETM2,ADARB1,TIGD2,DOCK9-AS2
4248,HSCB,LGALS12,RP11-314O13.1,RP11-279F6.3,GTDC1,DPM3,POLR3B,CPLX1
4249,RP11-457M11.5,MORN3,GGH,ZNF558,REM2,ARC,RP11-96D1.11,LRRC69
4250,SPATS2L,TOMM20,RP11-56B16.4,CREBZF,DCUN1D5,ZDHHC21,FBXO31,AC026202.1
4251,CTD-2369P2.2,VPS8,RP11-265N6.1,AC026471.6,CPEB4,BCL2L15,RP11-286E11.1,SGCA
4252,HIPK1,CCNC,SPTY2D1,SNX1,GALNT2,AC016700.5,LINC00264,SBF2-AS1
4253,ZNF749,VSIG10L,PYCR1,STAM,SNX9,C11orf24,RP11-69E11.4,TJP3
4254,MED26,CAPN10,CRB3,KLHL26,HERC6,TMEM262,USP13,SLC22A17
4255,C19orf83,PUS7L,MTMR3,RILPL1,PLAA,PKN3,CTD-2035E11.5,KIAA0825
4256,ECD,STIP1,PARM1,PLAA,APOBEC3F,DFFB,CHFR,RP11-798G7.6
4257,TRIM68,IDH1,AC016629.8,RP11-819C21.1,DAPK2,UNC119B,RNLS,SLC14A2
4258,FBXW8,RP11-1100L3.8,HMGCR,PLEK2,RP11-166P13.4,UTP11L,HMGA1,INSL3
4259,CACNA1A,SREK1,EVC,PSMF1,CSE1L,PHF13,CTC-246B18.10,KIAA0753
4260,ZNF654,KIAA0907,SGOL2,MLST8,ATP1A3,DDX31,STARD4,ZNF425
4261,IRGQ,CSNK1E,XPO6,SEPT2,ESRRA,RP13-317D12.3,HOOK3,DHCR24
4262,TPPP3,C15orf40,LARP1B,FAM173B,FHOD1,HIST1H4J,CARM1,TTC28
4263,LRRC29,PRKCH,AGO1,CR2,CSNK1G1,RP11-262H14.3,SAP30,LOXL1
4264,LITAF,EGR1,ZNF225,ITPRIPL1,ZKSCAN4,C19orf54,ZNF646,ZNF30
4265,EIF4ENIF1,DOCK10,TRDMT1,TRIP13,ANKS3,RP11-85F14.5,ETV7,ZNF543
4266,TMEM8A,TDP2,AGBL2,NCOA6,C16orf72,ZSCAN9,CLEC2D,PSPN
4267,PQLC1,FAM98B,LINC00944,LIN7C,LMNB1,RP11-458D21.6,RP11-867G23.8,GDF11
4268,MIR155HG,ZDHHC6,IFT74,MRPL54,BUD13,LEF1,ASAP2,SOX13
4269,ZNF197,SLC35E4,RPP21,IFT43,TET2,TMTC4,ZNF829,RP11-98I9.4
4270,INPP5K,PSMG3-AS1,ZNFX1,RP11-36B15.1,AKAP5,ITIH4,ADAMTS10,PSPH
4271,PNPLA7,RP11-481A20.11,ZNF2,BTN3A1,NFYB,RP11-114O18.1,GRAMD1B,ANKDD1A
4272,ZNF487,RAB8B,AC069513.4,AC093388.3,RIOK1,VWA5A,LRG1,ANKS6
4273,FRAT2,HAUS6,LIPE,PIK3C2B,MOV10,PAN2,ZNF707,FAM19A1
4274,APPL2,RP11-313P13.5,SNX15,PLEKHF2,RP4-594I10.3,DISP1,FAM174B,FAN1
4275,RASSF7,CEBPA,SF3A2,ASCC2,NUPL1,SNED1,RP11-960L18.1,CPT1B
4276,BTBD9,RP5-1091N2.9,SEC24A,RP11-706O15.1,KLF11,EFCAB14,SLC35E2,ZNF77
4277,CELF1,SPATA2L,ALPL,RP11-215P8.3,TBL1XR1,LRRC23,MYO1E,FOCAD
4278,SPDL1,FTSJ1,IFT46,ELK1,KDM2A,YAF2,MSANTD4,RP11-338I21.1
4279,KIAA0247,WBP4,TDRKH,PVRL1,TROVE2,KANK1,RNF43,DNAAF1
4280,RP11-553L6.2,SAE1,HIST1H3D,GPRC5C,LTBP4,ZMYND8,ABCB10,CCDC176
4281,TNFSF8,TCN2,RP11-315I20.1,RP11-102N12.3,RP11-773D16.1,ZNRD1-AS1,RP13-516M14.1,EPB42
4282,RP11-867G23.4,ZNF480,C10orf25,GPR153,ZNF621,MARCKS,FANCB,TTC26
4283,PPP1R3F,DOCK5,ZNF280C,RALBP1,ARHGEF12,ST3GAL5,BCL9L,RP11-333E1.1
4284,IQSEC1,TIPIN,SSR2,OOEP,SARNP,ATP8A1,HYAL3,ELANE
4285,PRRC1,ROCK2,KCNN1,KANK3,NAT10,MLH1,CTD-2035E11.4,FMNL2
4286,STS,GTPBP2,CCNA2,GPR35,AP001046.5,ATP6V1C2,MEST,RP11-47A8.5
4287,ATP8B2,AC025171.1,GPAT2,SULT1A3,RP11-566E18.3,FBXO45,AP001372.2,RP11-96K19.2
4288,AP5S1,RP11-143J12.2,CTD-2231E14.8,AMN1,SENP1,SGTB,C9orf64,LINC01094
4289,PLXNC1,KATNBL1,ZSCAN31,FGFR1OP,TMCO3,CDYL,MIER2,SFTPD
4290,SIRT3,LIG1,FBXL20,ZFYVE19,SEC23A,C22orf26,NACC2,MCF2L2
4291,SLC16A5,HIVEP1,CENPBD1,NDOR1,BICD2,PTGS2,TAP1,PLEKHN1
4292,ARHGAP21,SRGAP2,C16orf46,RDH11,HPS5,OTUD6B,SCD,RP11-469M7.1
4293,CTD-2287O16.5,LRRC24,RP11-484K9.4,ZNF232,TEN1,TSEN54,NDUFB1,RP11-307C12.13
4294,SLC35A1,FGFR1,SLC36A4,ZFP57,IFNAR1,RP4-610C12.3,MICALL2,RAB11FIP5
4295,ERI2,GLT1D1,CTNS,PINLYP,MSL2,ZKSCAN5,DDX55,AP001462.6
4296,MTMR6,KMT2D,FAN1,NAPRT1,C6orf226,RAD1,NLRP2,KRT72
4297,SMYD5,ARFGAP1,RP11-89K11.1,PGPEP1,C9orf69,TADA1,SLC19A1,AC005306.3
4298,PPFIA1,COG8,PLEKHA4,ZNF785,THBS3,NRM,METTL2A,BEX1
4299,DBF4B,CD6,CEP89,MPP5,THYN1,RNF103,THAP9-AS1,C3
4300,RP11-20B24.5,LINC00341,SRRM2,EP300,URGCP,HMBOX1,C6orf120,AMER1
4301,TRIM25,VAPB,ZNF154,TRIM46,ZNF420,REPS1,NLRP1,AP4B1-AS1
4302,LRFN1,PIGQ,SLC25A51,VDAC2,ESCO1,POFUT1,SYT11,ZNF165
4303,LGMN,DKFZP434E1119,PTPRA,SLC15A2,MEGF8,EME2,ZNF501,SLX4
4304,MED13L,ZMAT5,TMEM39A,YPEL4,FAIM,UTF1,WDR44,ACVR1C
4305,NBPF3,ATG16L1,RP11-492E3.2,RP11-996F15.2,SMYD5,ZHX1,TIGD6,LINC00211
4306,ZBTB22,CHRNE,SGOL1,TICAM1,ATAD2B,C1orf216,AP003774.6,ARL10
4307,CIC,KPNA5,ANGPT2,PSPN,MSANTD2,RHBDD2,TNFRSF12A,APOOL
4308,DLGAP1-AS1,AC015987.2,CCDC157,FCER1A,SLC4A4,JDP2,MSRB3,PNPLA7
4309,SMN2,RP1-187B23.1,AC097713.4,C14orf28,RP11-440L14.1,SUV420H2,TRIM68,CEACAM1
4310,ARRB1,SMIM1,RP11-356N1.2,SEC62,USP9Y,MARCH3,RP11-124N14.3,GPRC5C
4311,ACOX1,KIF1B,LRSAM1,NDUFS8,SPATA21,DBNDD1,TBC1D22B,ARMCX4
4312,SSSCA1,LL21NC02-1C16.2,RP11-473M20.7,CHAF1A,NAA35,GS1-393G12.14,ZNF358,PARD6B
4313,TMPRSS3,GLB1L,GLTSCR1L,KIAA0907,RP11-318C24.2,LINC00884,AHCYL1,CLDND2
4314,TELO2,TULP4,CCNE1,OGFRL1,TMEM116,MYC,NSMF,HCG27
4315,FAM105B,RP11-752G15.6,SLC12A4,SFT2D3,GRAMD1B,APLF,RP11-425I13.3,THTPA
4316,TVP23B,VCPKMT,DGKQ,FIGNL1,PIK3R3,SMCR8,LRRC3,RP11-166O4.6
4317,CTPS1,LINC00211,FAM220A,GET4,BIVM,PFKFB2,PLEKHA5,UGT8
4318,AATF,FES,RP5-892K4.1,XRCC6BP1,PNPLA4,GMPPB,RNF14,CCDC180
4319,TMEM262,KCNK6,RP11-382J12.1,ZNF324,SPNS3,MORN2,TMEM260,RP11-305L7.3
4320,YTHDC2,CCDC121,HEXIM1,C11orf1,RABL2A,NUFIP1,KIAA0040,RP11-415F23.4
4321,KIAA1683,NCDN,ZNF490,TAOK2,PLAUR,ENTPD6,LINC00526,ALS2CL
4322,CEP57L1,ALG1,GEMIN4,RP11-227D13.4,RP11-359K18.3,ACAT1,ZNF619,DYSF
4323,FAM49A,IL13RA1,AC018816.3,PARL,RAB27B,PRICKLE1,EYA3,LL22NC03-75H12.2
4324,DENR,TRPM2,INTS5,HINT2,SH3D19,FANCL,CLUH,RP11-479G22.8
4325,SLC35D1,TTC21A,TMEM260,BOLA2B,PIP4K2C,IER5L,FUNDC1,RP5-1085F17.3
4326,BLZF1,ASB16-AS1,ATP8B2,CCNY,CD2BP2,LLGL1,ADAM9,DKK3
4327,FAM53A,ACY3,RPS6KL1,CTB-43P18.1,RP11-787I22.3,RP11-514O12.4,SEPT11,IL21R-AS1
4328,C5orf51,CD81,ZDHHC18,METTL6,ZCCHC4,NIPA1,RASGRF2,QSER1
4329,AC006116.20,ANXA11,FOLR2,RP11-15A1.3,MFF,RP11-11N7.4,DDB2,GCSH
4330,C14orf132,PDCD11,THAP11,NIFK,INTS5,ZNF2,WDR53,PAQR7
4331,SNW1,SNX8,RP11-350F4.2,WNT11,TRPM4,MAD2L2,MSL2,MTX3
4332,HOXB4,SLC22A5,USP38,EIF4E,MED13,XXbac-BPG181B23.7,ILVBL,RP11-803D5.4
4333,ZNF169,LPCAT3,GORASP1,CYBRD1,DTD1,PPP4R1,RP11-463J10.3,RP4-800J21.3
4334,HIST1H2AC,DCBLD1,PEX13,RP11-393I2.4,ZBED4,ITFG1,NDST2,NBPF3
4335,APBA3,RNF212,RP11-52J3.3,TSPAN7,CXorf38,RP11-469M7.1,OTUD6B,LL21NC02-1C16.2
4336,SSH2,RASGRP1,SLC4A8,DKFZP779L1853,ZNF568,BLMH,ERP29,ARHGAP32
4337,TNFRSF12A,NEFH,POLH,AC073115.7,SUPT5H,OPRL1,ZNF10,LTK
4338,RQCD1,DNASE1,ARHGAP42,CDCA7,AAK1,HERC4,NCAM1,FSD1L
4339,CXCL3,AFF4,SPAG16,HDHD1,MRPL13,RP11-452L6.1,FAM21A,FZD2
4340,IL7,DTNB,GLCCI1,PEX5,FAM193B,LL22NC03-86G7.1,ZFP14,C4orf36
4341,FAM220A,SETD1A,SIDT2,ESAM,ST7,ELP4,ZNF618,IGSF22
4342,SYNGAP1,ZNF227,C15orf38,RP11-367J11.3,ZNF283,GTF2I,VAT1,AMT
4343,ZNF529,TNFSF12,FMO4,USP5,SAP30BP,RP11-6J24.6,ANKRD44,HIST3H2A
4344,GALK2,KIF22,AASDH,FAM131A,SLC43A3,TRIM32,MAP3K7,AIFM3
4345,POM121C,ZFAND4,MYO15B,CENPW,PARP15,RAD51B,DPH3,HARBI1
4346,NDC1,VARS2,MIR497HG,LINC01023,CSF1,TRMT11,MEI1,PZP
4347,GPATCH3,NDE1,ZNF570,E2F2,UBALD1,ZDHHC20,SAP130,EFCAB13
4348,ARHGAP11A,LMO7,FAM120B,ARHGAP22,TRAF2,LRRIQ3,TBC1D32,WLS
4349,AD000090.2,RMI1,RP11-98I9.4,CTB-133G6.2,LLPH,GEMIN4,ZNF230,AC011558.5
4350,FNBP4,STXBP1,CHAMP1,STX7,METRN,RIC3,TRIM66,LRRC48
4351,RB1,TGIF2,TFG,SIRT2,GLYR1,TEPP,HOMER2,MYCBPAP
4352,RTTN,TMCC1-AS1,RYK,TRPS1,KDM1A,CTB-178M22.2,GMEB2,RIN2
4353,FDXACB1,FUT8,QTRTD1,MIR22HG,LCMT2,PAPD7,COL9A3,SEC24B-AS1
4354,ZMIZ2,GTSF1,MKRN2,KAT2A,FURIN,LRSAM1,MIR181A1HG,SHROOM1
4355,OPRL1,VAV3,MRTO4,DAPK1,DCAF15,LNX2,NABP1,TRMT44
4356,RP11-85A1.3,FA2H,FAM210B,FAM229B,AAAS,CTD-2521M24.9,BTBD3,RP11-79P5.9
4357,RP11-558F24.4,DHX29,EVI2A,FAM105B,KPNA5,RBM18,ARMCX6,ZNF670
4358,PTAR1,CRNKL1,RP11-326I11.3,BMF,RP5-1092A3.4,DDTL,MROH6,SEZ6L
4359,RP11-290F20.3,ZBTB18,RP11-119B16.2,TEP1,VPS9D1,CASP7,RP11-104N10.1,AP000442.1
4360,FAM118B,LDB1,SNX21,PRPF31,MCU,IL6,GIT2,PLXNA3
4361,ALKBH7,ATPAF1,DUSP14,NDST2,HIPK1,TP53I13,GTF2H1,CTD-2325M2.1
4362,CHN1,PIGZ,RP3-322G13.5,CC2D1A,ZNF552,RP13-516M14.4,ZBED6CL,SLC16A6
4363,GMNN,EML3,RP11-336K24.12,ZNF337,DDX42,PMEPA1,ZFP82,NEU3
4364,HELQ,SLC6A12,ZNF749,ZNF80,ARL6,AC132872.2,PCSK5,ZNF616
4365,RPP30,SSSCA1-AS1,PAICS,PIGM,ELK1,C19orf25,CCSAP,MIR181A2HG
4366,ADAM22,LIN37,MEF2BNB-MEF2B,PPP1R15A,MADD,VPS33B,FAM193B,RP11-135A24.4
4367,MARC2,ARMC5,COL4A4,CCDC59,RP1-315G1.3,TRIM25,REEP3,STEAP4
4368,ZMIZ1,AAMP,PPP4R2,CCDC126,IGF1R,AFF4,DIAPH1,CBLN3
4369,BTBD10,GALNT3,SPA17,ARG2,METAP1,CTD-2256P15.2,CYP3A5,CTD-2371O3.2
4370,MTL5,SNHG12,CTC-260E6.6,KCNJ14,UBIAD1,RP11-295G20.2,FUT10,RP11-111M22.2
4371,YIPF6,RP11-154H23.3,TLL2,NBPF15,DARS,TAF13,C22orf34,RP11-176H8.1
4372,FAM24B,TSPYL2,TRIM21,NDUFAF3,DHX8,MIER3,C19orf68,FAM179A
4373,ULK2,GPRASP1,AP000769.1,CXorf56,C11orf80,EXT1,LINC00920,PDZD7
4374,PGBD4,TVP23C,WDR5B,TMEM52,FAM118B,ELK3,RP11-517P14.2,ROM1
4375,BEX1,TRIM34,GSDMB,ZBTB39,ADRB2,RP11-159G9.5,MAST2,RP11-705O1.8
4376,USP18,TIMM8A,MCM8,PTPN11,RP11-802O23.3,GTF2E1,GUCY1A3,PIWIL4
4377,FAM213A,P2RY2,C10orf12,RP11-385D13.3,PIGN,RAP1GAP2,LRP5L,POMGNT2
4378,ANO10,RP11-73O6.3,MED8,PCBP2,VANGL1,HSPA1B,SMKR1,GALR2
4379,CSTF1,DTX2,MAP3K2,TSC22D1,AL139099.1,RP1-315G1.3,GHDC,C1QTNF6
4380,NMT1,RNPC3,SIRPB1,VIPR2,TLDC1,C5orf54,ERC1,RP13-516M14.1
4381,RP11-156E8.1,GLTSCR1L,RP11-229P13.20,RP11-56G10.2,DIP2B,PYROXD2,C5orf51,F2RL1
4382,AHCTF1,FAIM,PARPBP,RP13-753N3.1,WDR36,CARM1,MED7,SHISA4
4383,NOC3L,DDX51,GTF2E1,ZNF12,PTCH2,HAVCR2,RP11-575L7.8,ACSBG1
4384,CSF1,CTD-2007H13.3,NDUFA7-1,CKB,BCKDK,SULT1A4,FLVCR2,C1orf112
4385,NPM2,NDNL2,ZC3H12A,EDARADD,DNAJC28,LONP1,OCRL,OLFM1
4386,KCTD21-AS1,SMG1,NDUFAF1,RBM18,TMEM126A,ARHGEF18,CEP152,RPH3A
4387,DOK3,CHERP,PIAS1,PURB,DHFR,CCDC73,SYNE3,RP11-432J24.2
4388,NCEH1,RTEL1-TNFRSF6B,CSTF2,AURKB,CDC27,COG3,MBTD1,CRIP3
4389,AP4B1-AS1,BRF2,C3orf18,ARHGAP1,NAIP,PPP2R4,TPPP3,ASTN2
4390,ZNRF2,GNPNAT1,EXT1,SLAIN1,PLEKHA5,HVCN1,ZNF557,MSS51
4391,MASTL,PLEK,TSPYL5,RP11-162G10.5,SERAC1,RASL11A,ZNF793,MYO16
4392,MOSPD2,USP25,RP11-554J4.1,ACVR1B,YIPF1,C19orf55,MYO5C,SOX15
4393,KLC4,ERBB2IP,SAMD4A,FAM50B,AP006621.5,TMEM203,CCDC88B,TEF
4394,LMO7,AC115618.1,DEPDC5,RP3-380B8.4,GARS,MLC1,GGA2,LRFN3
4395,RP1-159A19.4,FSCN1,C19orf18,APH1B,MTA1,RCC1,SPECC1L,AC093388.3
4396,SIDT1,NFAM1,CTD-3154N5.1,KCTD18,ERGIC1,AC093609.1,SMG8,KIAA1671
4397,RIN1,KISS1R,RNFT2,ERN1,ZNF585B,RP11-65I12.1,GPR141,PVR
4398,RP11-841O20.2,HMBS,KIAA0247,DNAJC13,TIRAP,TOR4A,ZNF182,RP5-1159O4.1
4399,RP5-1115A15.1,GPD2,RP11-637A17.2,PPARGC1B,PRCC,DDX11,AFF4,LDHD
4400,SLC38A6,PRUNE,SKIV2L,PROCR,CHD7,CDPF1,AL645728.1,DLG3
4401,RP11-15H20.7,CYP51A1,RBBP8,FAM136A,AC026202.1,TMEM126A,FAM222B,NUDT13
4402,RP11-258F1.1,ANKRD35,HYPK,MROH6,SLC25A16,KANSL2,ZNF236,CXorf57
4403,ZNF786,RP11-434H6.6,LAMA5,ATP8B1,SLC35F5,MRI1,ZNF250,RNF43
4404,ZNF790,HNRNPU-AS1,HLA-G,RP11-274B21.10,MBNL2,TTC27,TLR5,ZBTB20-AS1
4405,VRK3,CREM,IMPA2,STRADB,DFNB31,CLIP4,LACTB2,PSMD6-AS2
4406,HRH2,KLC2,FBXO30,CYB5RL,CTB-91J4.1,AC093673.5,GSPT2,RP11-342K6.1
4407,NOL3,N4BP3,IQCK,FKBP1C,LRRC27,CTB-58E17.1,ANKRD40,C9orf96
4408,ARSK,MYO7B,RP11-502I4.3,GTF2F1,RP11-492E3.2,SLC12A4,CCDC154,B9D1
4409,ZKSCAN4,DTWD1,TFRC,ACOT11,WDR12,NR1H2,ARL13B,EDA
4410,RGS12,RCAN1,TMSB15B,ANKFY1,MTMR11,CPSF6,PIK3R4,ARHGAP19
4411,DCAF7,CEP170,NNT-AS1,YIF1A,HEATR6,USP12,RFX7,ZCCHC14
4412,RNASEH2B,DHX33,HMBS,PRTFDC1,PPP1R21,ECSIT,CEP250,ATP8B3
4413,RP11-532F6.3,EXOSC2,RP1-39G22.7,RP4-561L24.3,SIL1,ADNP,COL6A2,NRBP2
4414,ZNF589,NRL,PFKM,CTB-152G17.6,ZNF701,SYNJ1,RP11-686O6.2,C12orf61
4415,MIR4458HG,DPY19L1,NKAPL,WFIKKN1,ZNF169,CEP250,FOXRED1,MIR29A
4416,PBDC1,ZNF429,FLOT2,MIR181A2HG,HDGF,RP11-4F5.2,DUS4L,CHML
4417,RFT1,ZNF503,TRAIP,CYB5R4,ADNP,BCO2,GFRA2,RRAGD
4418,RP11-713M15.2,ACTR1A,KLHDC9,LINS,DBT,ZFP62,UBE2N,RP11-309G3.3
4419,GIPR,SNX29,HSD11B1L,RP11-90P5.2,RP11-488L18.10,KLRC4,EEA1,RP11-775D22.2
4420,FUZ,ATP6V0A2,USE1,ZNF335,EDRF1,CPAMD8,KIAA0895L,FBLN2
4421,PSMD5-AS1,POLE2,AGPAT4,RP11-793H13.3,RP9,TIRAP,TAS2R14,C19orf35
4422,C6orf203,RPAP1,SLC44A1,SARS,LINC00863,L1TD1,PANX1,CRYBG3-1
4423,FASTKD3,KCNE1,ZNF441,ZNF282,DNAJB12,RP11-1007O24.3,UBE3B,AC061992.2
4424,S100A5,INADL,BCO2,ATE1,AASDH,KCNE1,MED12,ZNF2
4425,USP46,ISYNA1,UTP20,TBC1D10B,CHD1L,RBM33,B4GALT3,ZNF519
4426,CSF1R,RP1-168L15.5,TBC1D32,ENKD1,PITPNA,KCNQ1OT1,FRS2,HDX
4427,UTP6,RP11-421L21.3,ARIH2,UBAP1,SRA1,PRMT3,FAM189B,RP11-219B4.7
4428,DNAJA4,MARVELD1,ARCN1,BAZ1B,C11orf71,MYOM2,ALDH1B1,RP11-875O11.1
4429,POT1,F8A1,THEMIS2,POLH,CHRNE,ATP6V1E2,ZNF189,CAPS2
4430,PGRMC1,ADCY9,SGCA,RP11-108P20.1,EFCAB11,ALG10,YTHDC1,STAP2
4431,CD200R1,SGTB,CTD-2267D19.2,PEBP4,ORC2,FBXL17,AC015987.2,RP1-43E13.2
4432,MAPK9,FAM210A,SYNE3,PLCB1,TIPIN,ZNF410,LARS2,BEST4
4433,RP11-46J23.1,COA7,LRRC27,ACACB,NMI,AMACR,SOX15,CCL20
4434,CLEC11A,FAM104B,CEP152,USP48,SLC36A4,YIF1B,GTF2H2,ZNF613
4435,KRT2,RNGTT,ODF2,FAM20B,ZBTB47,IKBKG,EXOC3L1,CTD-2616J11.2
4436,B3GALNT2,SLC30A9,CLIP2,GLE1,IRF5,NHLRC2,SPATA7,RP1-315G1.3
4437,PUM1,SLC30A5,FAM135A,ATP6V0C,CPD,AKR1B1,TNRC18,RBM11
4438,NBPF20,MGAT2,UFL1,RP11-705O1.8,STIM1,GMPS,RP11-182L21.6,U47924.31
4439,MSMO1,FOXO1,OTUD6B,UTP6,ELMOD2,OBSCN,PTPRO,ATP6V1C2
4440,DPY19L1,MED24,PPARA,ZNF593,LIPT1,ZNF3,CTC-425F1.4,ARL6
4441,ADAM12,PTPN2,RCHY1,PPT2,PRKAB1,ABI1,AAMP,SYP
4442,BEST1,FMO4,NADK,SOBP,MTFP1,TEX22,ETNK1,RMI1
4443,FAXDC2,TC2N,C7orf43,NFYB,AC023490.1,ABCA5,ZMAT1,PAXBP1-AS1
4444,NUP153,HCG11,B3GAT3,XYLB,NABP2,OXCT1,LINC00094,AMDHD1
4445,NMB,EOGT,RANBP10,GPR133,CXCR2,RPH3A,CDYL,RP5-864K19.4
4446,MCU,SYAP1,NRP2,TLR3,ATR,ATP6AP1L,TTC8,PIGZ
4447,DDX39A,PARP10,TRIM16,SLC39A13,LCORL,USP46,C8orf33,KIF27
4448,AZI1,CAHM,SNED1,NOL10,PRDM8,RNF26,LINC00987,SLC25A15
4449,MON2,SEC31B,C15orf41,CCDC121,LATS2-AS1,AHCYL2,NAPEPLD,RP11-490M8.1
4450,CROCC,ZNF404,PSEN1,ZNF653,DVL2,FKBP7,H2AFY2,LINC00494
4451,MAP3K11,ZNF664,AC010883.5,DNAAF1,CTD-2651B20.3,EFCAB7,RGAG4,CDKL5
4452,TBCEL,ATG7,BIRC2,PCBD1,CRNKL1,ZNF490,SETD7,RP5-1021I20.1
4453,H3F3B,ZNF669,TWISTNB,PRMT5-AS1,TIMM21,SRRD,RMI2,EAF1-AS1
4454,RP5-1091N2.9,RP11-488C13.5,TBP,PPP1R17,SMNDC1,ZSCAN21,METTL8,FAM3B
4455,VWDE,UBTF,AIRE,TAF5L,NRG1,TONSL,ZNF780B,FAM111B
4456,ERCC2,SLC25A46,SLC25A23,RP11-600F24.7,RANBP17,CCSER1,SEC24B,ARL5B-AS1
4457,LZIC,MTHFD2,PLEKHG3,MBD6,ZSWIM3,RBBP5,ATP2A3,RP11-383H13.1
4458,RALB,C9orf139,WBP1L,ZFAND2A,C14orf28,SPG11,MOCS3,PRRG4
4459,NACC2,ATP11C,MBNL3,POMK,RP11-456D7.1,WDR7,RALGDS,ZNF154
4460,DUS2,CTC-444N24.6,CHCHD7,VAPB,KIAA1279,GFM2,SMYD4,RP11-273G15.2
4461,CKAP5,XXbac-B135H6.15,RP11-514O12.4,IL1B,ZNF37A,PDZD7,SH3BP5-AS1,ADAT2
4462,PLXNB2,AP001816.1,FAM69A,ACVR2B,STAP2,TRDMT1,GLTPD1,ZSCAN22
4463,RP11-415F23.4,MAP4K5,MBLAC2,CTD-3064H18.1,ZG16B,RP11-505P4.6,OSGEP,PACRGL
4464,RP4-789D17.5,GTF2IRD2B,WDTC1,ZNF777,GPCPD1,ERMP1,ERI1,TXNDC5
4465,MEF2BNB-MEF2B,DYNC2LI1,ARL5B,AC137932.1,MRPL24,SLC38A9,POLR2B,PLK4
4466,THADA,PPT2-EGFL8,GPATCH8,ZBTB48,SUCO,ASB13,WDR25,IL12RB2
4467,AC010883.5,FRMD8,C5orf28,PNRC2-1,FAM78A,RP11-485G4.2,ATN1,MEOX1
4468,ZNF234,SUPT6H,STARD10,TMPRSS11E,REXO4,DDO,CDC23,AC021860.1
4469,CTD-2054N24.2,RP11-284N8.3,KBTBD2,TRIM60,CHIC1,GPS2,RBBP8,PVRL1
4470,RP5-1065J22.8,USP10,ARFGEF1,NMB,HEXDC,PIGS,DCUN1D4,ADC
4471,LINS,ARHGEF18,BCL3,MKKS,PHACTR4,ERCC2,SPECC1,TIGD3
4472,PPP1R16B,CES1,VSIG10L,NCAPH2,TPP2,LUC7L3,CREBBP,UBXN7-AS1
4473,STXBP4,AP5S1,WDR66,ARL11,LZTFL1,VPS18,ARHGAP32,RP3-508I15.19
4474,MYO5C,WDR41,RP11-977G19.12,CEP76,RNF31,ZNF587,AC009506.1,LNX1
4475,PRAM1,ANK3,TEFM,RP11-802E16.3,PARS2,TTI1,EID2,ACY1
4476,EXOSC10,LRFN1,TVP23A,TMEM189,FEN1,ITPRIPL1,NCK1,KISS1R
4477,MRPL35,CDKL5,USP1,UBXN10,CTC-479C5.12,ETV5,GDPD3,PAGR1
4478,ORC1,LSG1,PLA2G6,TMEM260,PDIA4,SSFA2,CERK,NKAPL
4479,GLB1,ALYREF,SLC17A9,PRKAR1A,THEM6,RCHY1,LONRF1,AGBL3
4480,CHAMP1,CDK10,ZNF814,WAS,ZNF616,PHIP,EPB41L3,XXbac-BPG181B23.7
4481,RP4-800J21.3,RP11-426L16.3,PRR5L,TRIM58,EID3,ZNF234,EME2,TPRG1-AS1
4482,DCAF10,C11orf30,TOPORS,SYCE3,FLYWCH1,MAST2,F13A1,RP11-1149M10.2
4483,GLT8D1,ZNF682,TRAM2-AS1,NUP93,ATG7,ATAD1,HYAL2,TMEM241
4484,FOXJ3,GALNT1,CDCA7,PHACTR1,CNPPD1,DKFZP779L1853,TMEM79,PAPD7
4485,MGLL,ZDHHC8,PLEKHA2,TTC39B,LINC00672,RCL1,ZBTB10,AC012358.8
4486,AQR,RPUSD1,HIST1H4E,ZNF185,PAOX,NF1,MID1IP1,HIST1H2BG
4487,SPRTN,TRIB2,AMZ2,SGCE,CCNJL,CPED1,NOD2,LPP-AS2
4488,CLEC4D,OSGEPL1,CCDC51,TIMP2,C10orf35,MSL2,PINK1-AS,F12
4489,NR3C2,LINC00694,CLDN7,EEF2K,RBM6,MT-ATP8,ZNF585B,SLC27A4
4490,FAM109B,BBIP1,ZNF23,MYO1C,N6AMT1,FEM1C,ZFYVE26,CARNS1
4491,SOX4,RP11-301O19.1,CBR4,GRWD1,RWDD4,RLTPR,ZMYM6,AC005253.2
4492,TBC1D15,TRPS1,ZNF619,CXorf38,DPY19L3,CD200R1,PPP6R3,NBPF15
4493,SAMD4B,GALK2,STYXL1,P4HTM,C4orf36,DPP3,MS4A14,STARD8
4494,SNX13,SRGAP3,BTD,MFSD7,NFATC2IP,C9orf156,CDT1,CACFD1
4495,C21orf49,KRBOX4,CYB5R2,EREG,RP4-813F11.4,CTC-301O7.4,MYSM1,STX7
4496,LILRB1,CTDNEP1,AC007383.3,PTCH2,CMTR1,AL645728.1,NMT1,CTD-2256P15.2
4497,BAG2,MAML3,CENPQ,TMEM81,HEATR5B,SOCS5,CLEC17A,CCDC73
4498,HES4,RAB3GAP1,CELSR1,TNFRSF8,ZSWIM8,ZNF330,AGRN,SSH3
4499,COG2,MNAT1,TXNDC5,CYB561D1,PIK3AP1,SMN2,PIK3C2B,TNFSF13
4500,FAM86A,RP11-203J24.8,TCOF1,RPP30,DHX37,DHX15,PGGT1B,INPP5E
4501,ANKRD23,CCDC167,BMP2K,BAIAP2,CECR5-AS1,TMEM242,TOMM40L,RP11-84C10.2
4502,RP11-119D9.1,INO80D,RP11-728F11.4,RP11-539L10.3,SKA3,AC097500.2,NFIL3,ZNF135
4503,TUFT1,FAM115A,ZNF302,PEX13,CCDC50,DBT,NELFE,AC021188.4
4504,ANKHD1-EIF4EBP3,MIB1,ZNF300,TRPM2,SNRNP70,FUBP3,CEP63,RP11-498P14.5
4505,TMEM68,PDLIM5,GSTT1,UAP1L1,ANKRD52,CTA-293F17.1,TLR3,MEGF6
4506,KIF23,SLC25A13,MED26,PLCB2,RMDN1,BLZF1,GOLGA7,ASAH2B
4507,ZNF300,C6orf120,RP11-755B10.4,ZNF322,DEGS2,ATAD3B,KDSR,OOEP
4508,ANKHD1,UROD,RIOK1,DGKZ,BAZ2B,DHTKD1,XRCC1,LCMT2
4509,PPTC7,GBE1,ZNF830,PPFIBP2,DND1,AMZ2,UEVLD,CTD-3074O7.12
4510,FXYD7,CDPF1,RP11-390B4.5,C9orf40,ZNF235,EEFSEC,AATF,SENP3
4511,THAP9,AP4B1,ZNF324B,PELO,SPHK2,PHLDA1,FAM109A,AC007383.3
4512,DAB1,SPTY2D1,IPO7,GK5,CCP110,UBL7-AS1,COPB2,TRIM11
4513,FNTB,AFF1,RP11-16E12.1,NPR2,SGOL2,HENMT1,EREG,LAPTM4B
4514,DGUOK-AS1,TNF,HIST1H4J,C3orf52,ZNF501,TGIF2,EFCAB11,CXCR2
4515,EPHX3,ZBTB2,PLCB1,SNX13,PTGS2,ADPRM,ABHD8,CDYL2
4516,DPYSL2,HIRIP3,ZNF71,NPTN,GRIPAP1,IRF4,HILPDA,ANKLE1
4517,GMDS,APBB1,PLVAP,SCPEP1,CD180,RP11-273G15.2,RP5-1180E21.5,DSEL
4518,C1orf216,HEATR1,PTPDC1,ZNF766,POLR3A,RP11-862L9.3,TUBGCP4,ARHGEF39
4519,NOTCH2,ZNF219,AC004158.2,ZNF445,NNT,TTPAL,CREB5,CTD-2537I9.12
4520,PKIA,UBE2I,DHRS11,RHBDD1,NAT6,AC139100.2,CCND1,GNAI1
4521,TUBGCP6,GHRL,KLHDC1,NLRX1,PRSS36,CAMK2G,RDH11,C10orf12
4522,HMOX2,HAL,EIF4G3,RP11-404F10.2,SNUPN,ANGPTL6,TMCC2,TMCC3
4523,THG1L,BABAM1,NAA60-1,COPG2,DFFA,SPIDR,IFT43,TMEM255B
4524,NDFIP2,BATF2,DGKE,ETNK1,STK36,HIST1H2AG,RP11-513M16.8,IL23R
4525,GIMAP6,ST6GALNAC2,ZNF484,NUSAP1,MCM9,TOP3B,ACADS,NAT14
4526,RCBTB1,AC007879.7,RP11-61J19.4,PPRC1,HSF2BP,ABHD14A,SLC25A13,IGFBP6
4527,LINC00211,CCDC51,C5orf42,TDRKH,TMEM127,MRPL34,CLCN6,FGD6
4528,ZNF765,ZNF605,RP11-309M23.1,CDC25A,MUM1,ABLIM1,DLST,ZNF283
4529,MAP4K1,XPNPEP3,COA1,PGLYRP2,PABPC1L,USP19,DHX32,MAPK11
4530,RP11-350G8.5,ZNF287,MAST3,AP003068.23,SPATC1L,FYCO1,GTF3C5,PSMG3-AS1
4531,RBFA,KIAA1407,PCGF3,CDC45,TUBA4A,TSKS,DDX20,AURKC
4532,UTP23,KTI12,MCCC2,ZBTB40,NEUROD2,OSBPL10,AP001055.6,NPHP4
4533,KDM4B,CTC-428H11.2,ITK,BCAT1,BROX,NAPA-AS1,ZSWIM6,LINC01023
4534,CDK18,VTA1,SDCCAG3,KLHL8,GRAMD4,CHML,NMNAT1,ZNF549
4535,CENPQ,TMEM206,BTN2A2,MED18,UHMK1,PDE6G,LPHN1,KANK3
4536,AC009506.1,UNKL,EZH2,SLC35D2,ZNF618,CTC-228N24.3,PQLC2,GMPPB
4537,PPM1D,CINP,ELP4,PARD6A,FBXL17,MPZL1,PTPN23,XXbac-B135H6.18
4538,KMT2A,HEATR6,MATN1-AS1,COQ3,POLR1E,AASDHPPT,TBL1X,C2orf40
4539,RP3-322G13.5,UXS1,VPS8,KBTBD6,RP11-166O4.6,ZNF248,VAMP1,RP11-298J20.3
4540,MRPL30,MSH6,AP003068.23,CARD11,RP11-490M8.1,GOLGA8B,DDX51,RP11-158K1.3
4541,STRN,PPP3R1,PRCP,PPP1R8,NUDT17,C9orf96,CDK11A,BRICD5
4542,MTCP1,TAF8,RAD51,PWWP2A,NR1H3,DET1,RP11-383C5.4,DLL1
4543,NBL1,RRP1,GLE1,PDZD7,NIPBL,POU2AF1,RLF,GDPD3
4544,SDF2,SCLY,TXNDC16,ARAP3,NEK9,CASP9,LIMD1,NAP1L2
4545,HNRNPUL2,BAIAP2,PIP5K1A,INO80D,PAK1,TMEM185B,FAM53B,DNLZ
4546,CCSAP,ZNF17,CHEK2,AUTS2,GPAT2,PHKA2,B3GNT2,SLCO4A1
4547,PLEKHN1,LINC00672,RNF24,DTX1,EIF1AX,CRY2,DHX40,AP001062.7
4548,ARFIP1,DOHH,RPAP3,PBK,ITPKC,LINC00910,LIG3,PLAG1
4549,FAM160B1,RRP15,RP11-532F12.5,RP11-22P6.3,PSEN2,KRBA2,CTD-2270L9.4,RP11-1151B14.4
4550,METTL16,CAMLG,RNF26,LSS,ROPN1L,CTA-384D8.34,MAP2K6,AL592284.1
4551,TDRKH,FAM20C,TTI1,SLC25A4,ARIH2,GEMIN2,BTLA,USP31
4552,CYTL1,SH2B2,CTB-102L5.4,SHOC2,LMBR1L,AP5S1,RAB11FIP2,AGRN
4553,C1QTNF4,SNTB2,LINC00649,MAP2K4,TIMM50,NEIL1,CCR7,RP11-308N19.1
4554,FAM171A1,CCDC109B,RP11-327P2.5,HDX,RP11-293A21.1,PDIA5,B3GALNT2,DEPTOR
4555,POLI,RBM34,NEXN,FGGY,SNX8,CRB3,PIK3R2,B4GALNT3
4556,ST7L,KIAA1683,ZNF501,LL22NC03-2H8.5,DDX11,TMCO3,PKP4,MORN4
4557,TPX2,TRMT12,ZBTB42,PDXK,HIST1H4E,DND1,HADHA,TRAF3IP1
4558,C19orf44,SOCS5,MTX2,GNA13,PICK1,SIAH1,RRNAD1,EPHX1
4559,RPP25,RP11-429J17.2,JUP,SLC4A5,GINS4,PDZD8,RNF144A,AC142528.1
4560,RP11-111M22.2,C10orf91,BEND4,SLC12A4,HDHD3,MPZL3,COG7,ST8SIA1
4561,SVOPL,PRKAB2,ZNF396,DOK4,PRKAG2,FLVCR2,IKZF3,TNFRSF10D
4562,TESK2,CSRP2BP,PRPF39,TIGD7,MTMR4,INCENP,CTB-113I20.2,DICER1-AS1
4563,RAB11FIP5,SDK2,GRAMD4,ANKS6,NEURL4,SIRT5,ZC3H3,ITPKC
4564,TRIM61,AGO4,OCIAD1,COCH,APOM,GRK5,HSPD1,IER5L
4565,SNORD3A,ADNP,ZBTB47,DHX15,ZIK1,KIAA1958,ERI3,CACNA1I
4566,AP001469.9,ASMTL,WEE1,SLC16A4,ZNF445,PDP1,TTI1,EPS8L1
4567,CCDC13,TCEAL3,RP3-455J7.4,DDX28,ZNF781,RP1-29C18.10,OSGEPL1,RP11-395G23.3
4568,ESCO1,ZNF594,CTD-2325M2.1,RP11-61J19.4,CCDC125,KIAA1683,DENND6A,SHPK-1
4569,ZNRF1,PPP2R5E,CTA-204B4.2,DTX3,AP5B1,AC002310.12,RAP2A,FANCM
4570,ZNF668,RBM19,PAK1,LRP1,TREML2,MMAA,TMEM65,CD1E
4571,TMIE,LRRC37B,WDR24,ZNRF1,SYCE1L,DUS4L,PPP2R5A,CCT6B
4572,AXIN2,ZNF790,AP5S1,ABCA3,KIAA0556,NDUFAF2,RP13-582O9.7,TIGD6
4573,RP11-15A1.7,CAB39,CTB-129O4.1,SMOX,DCAF4,POLA2,ZNF678,CCDC102B
4574,SLC39A13,CCR6,WLS,DPY19L3,AKT1S1,AC005076.5,FBXW4,ZNF320
4575,FASN,RIF1,hsa-mir-8072,CKAP2L,CDK16,RP5-1007M22.2,SLC35E3,ZNF74
4576,HMGA1P4,PP13439,DCUN1D1,PRKCD,HIVEP1,ANXA11,ANKHD1,ZMAT4
4577,WBSCR27,SLC43A1,TRIM25,TRIM54,ADAM17,ORC4,ATP6V0A1,NCR3LG1
4578,CTD-2547L24.4,ARPC5L,CTA-384D8.36,ZNF35,ZNF490,RANBP17,CXorf40A,GINS4
4579,DLG3,HMG20A,TNRC6B,CEP55,CHKB,ERP27,TMEM194B,ZNF354C
4580,RP5-940J5.9,CTD-2555O16.4,RP6-99M1.2,NUDT5,ZNF526,GRK4,AKAP11,FAM153A
4581,NBAS,FAM188A,C5orf51,FAM189B,MIER3,SLC25A42,NET1,PHOSPHO2
4582,LEPROT,RP11-1398P2.1,CTD-2012J19.3,ANKRD34B,C15orf52,LMBRD2,TMEM163,WBP2NL
4583,PSMG1,AC093642.3,TMSB4Y,ENC1,BTD,ST6GALNAC4,MED20,RP5-1103G7.4
4584,KIAA0947,ZBTB11-AS1,ADAM23,HSF4,ZNF669,GCC1,CTTNBP2NL,RP11-297N6.4
4585,RP1-90J20.12,BLM,ZNF155,EXTL2,LMAN2L,SCIMP,NOL9,ZMYND15
4586,GYS1,SH3RF1,SYNJ2,TCHP,SPATA24,LIN9,CD4,DEPDC5
4587,GPR126,NOD2,DPF3,AP000254.8,NAB2,ACSL4,TSEN2,RP11-804H8.6
4588,PFKFB3,EPHX1,AC005306.3,CTD-2020K17.1,SCYL2,ABCF1,NOA1,NOS3
4589,HAUS5,PHF7,GAS8,DVL1,SGK3,ZKSCAN4,BYSL,CACNA1A
4590,TRAT1,JRKL,FMNL2,EVC,ZFYVE28,KIF20B,PIK3CB,B3GAT2
4591,GABBR1,PHLDB3,RP3-477O4.14,NRG2,NDST1,UGGT2,AEBP2,ZNF343
4592,ZNF678,CLASP2,GATS,CTC-425F1.4,TMEM65,FGFR1OP,RP11-448A19.1,BCO2
4593,PARPBP,HIC1,CTSF,TOP3B,PHF8,USP37,C12orf4,WDR35
4594,GLMN,DVL1,AGBL5,AC092667.2,DPP7,N4BP2,UBASH3A,RP11-67L2.2
4595,RP11-1191J2.5,MMP9,MINPP1,HSPA1L,KIAA0368,CTD-3074O7.5,FBXL3,SLC3A1
4596,GS1-124K5.11,SNTB1,DBF4B,ZSCAN29,SNORD3D,DNAJC30,PLBD2,PHLPP2
4597,RP11-262H14.1,NOS3,CTD-2035E11.5,PPIF,HK3,RP13-188A5.1,ZBTB22,SNTA1
4598,PXMP4,ANKRD22,RP11-429J17.2,ZNF860,FAHD2B,ANKRD46,ZNF543,PGBD4
4599,USP35,MOB1B,CNOT8,ITGAV,EIF4G1,C12orf79,ATG9A,CTPS2
4600,SUSD3,TNIK,HPS6,TXNDC16,RP1-40E16.12,KIAA0195,RANGRF,PTPDC1
4601,TMEM25,GRAMD4,PTBP2,PPM1J,CEBPA,UNC13D,TMEM97,SUV39H2
4602,PYCRL,RP11-178G16.4,FKBP1B,CENPN,FBXO46,PER1,IFIT5,IDO1
4603,GSN,ZRANB2,KPTN,NAP1L3,FBP1,KIAA0020,PHF21A,UBAC2-AS1
4604,PCK2,PRKCQ-AS1,MYCBPAP,VAT1,BSCL2,JMJD1C,SEC23A,CCDC125
4605,AC024592.12,SERTAD2,C16orf91,NR4A3,GTF3C3,FAM200A,CCBL1,REG4
4606,ALDH1A1,PCSK5,MOB2,PTDSS2,SIRT4,DDX47,RP11-295P9.3,CATSPERG
4607,RASA3,CD27,PRICKLE3,RP11-73O6.3,HMGCS1,AC079305.10,TRIM5,RPS4Y2
4608,GSE1,DPP9,PAM16,DNAJB5,PRR7,PDE6B,FBRSL1,GFRA2
4609,MAP2K4,RIPK1,HINFP,FBXO45,L3HYPDH,NOD2,ZFYVE1,SLC6A12
4610,VWA5A,IPO13,TESK2,MUS81,C5orf42,CNST,USP9X,RP11-573D15.9
4611,BAHD1,SCAMP4,SPOCK2,SLC27A1,DCBLD1,GCSH,SH3BP5L,RNF165
4612,KCNE1L,ABCC1,ZNF682,C2orf69,RP11-53I6.3,NPIPB5,IVD,XXbac-BPGBPG55C20.2
4613,MBNL3,TAOK2,CTD-2012K14.7,TMEM110,RP11-390P2.4,BDNF-AS,FOXP4,THNSL1
4614,DNASE2,C2ORF15,COQ6,GOLGA5,MIPEP,PIKFYVE,CNEP1R1,MYLK-AS1
4615,DFNB31,RUFY3,LTN1,CCDC86,C1orf177,CAPN15,NUCB1,RP11-817O13.8
4616,TCF20,FANCL,GNA12,CCDC132,E2F1,NKAPL,RP11-545E17.3,CPED1
4617,LSM3,ZNF107,TMCC2,SLC39A9,WDR5,RP11-338C15.3,SRP19,DMC1
4618,NUP85,NUDT4,SPRED1,R3HCC1,ELMOD3,AC004540.5,RPP40,RP11-474G23.2
4619,AP001258.4,ORC2,CDC42BPB,C10orf111,ZNF296,CCDC71,TMEM192,DOK7
4620,NRN1L,FCGR2A,PRKAB1,NEU3,CTD-3195I5.1,SLX4,RAD1,ZNF440
4621,BOLA3-AS1,NAV1,KRTCAP3,KISS1R,AGPAT3,PDCD4-AS1,EMR3,VEGFA
4622,TMEM39A,SCAI,FAM208A,RP11-89K10.1,NPHP3,RP4-549L20.3,NUP205,RP5-894D12.3
4623,DAZAP1,CORO2A,ECD,ZBTB20,CTD-3138B18.5,C10orf25,RAD51D,FBXL19
4624,CRB3,CYP1B1,SDCBP2,DPCD,ZNF154,SLC2A4RG,MMP23B,ZNF555
4625,PDE9A,SIN3B,RP11-46C24.7,TCEB2,OSBPL11,KALRN,SERPINH1,RP11-680A11.5
4626,ZNF549,CD274,ANKRD13C,CENPF,NUDT13,C19orf83,LRIG1,RP11-50E11.3
4627,PPP1R13L,MRM1,NHEJ1,KCNH8,CHML,FBLIM1,ZNF429,RP11-324I22.4
4628,LSM12,ZNF510,PPP1R12B,JRKL,C1orf145,FAM228B,CD83,LUCAT1
4629,STX16-NPEPL1,SLAMF1,TIRAP,SGMS1,IER5L,ZNF418,ZNF781,AMY2B
4630,ZP3,IPO7,SYNGAP1,CLSPN,ALG6,MMS22L,SRSF1,CYB5D1
4631,ENG,CASK,KHDC1,MERTK,RNF130,TMOD3,KLHL20,MIER3
4632,SORD,SGPP1,RP11-105N14.1,NEUROD2,RUNX2,TRANK1,DDX3X,VASH1
4633,CENPL,ZNF180,RP11-869B15.1,HS3ST3B1,BAG2,MARCH9,TTC39C,MSTO1
4634,ADAM15,C2orf27A,FAM81A,PP13439,ERI3,CIC,ILKAP,CNIH3
4635,DCUN1D2,EIF3J,RP11-72M17.1,ZBTB37,CDPF1,AC002117.1,TRIO,RP11-446N19.1
4636,PPP2R2A,TAPT1,CCDC34,C22orf29,ANAPC2,NDRG3,RNF26,FAM89A
4637,SULF2,LTBP4,AC074138.3,SERINC2,SEC31B,RASA2,HS6ST1,ANGPT2
4638,ZNF862,NPRL2,COL9A3,C4orf36,DSTYK,SH3BP5-AS1,C16orf87,RP3-399L15.3
4639,RP11-452L6.7,RAD17,TRIP12,FGR,TUBB6,TTC33,RNF185,ROBO3
4640,PLD6,APBA3,TACR2,HIBADH,TTN,MRPL22,AQR,AIM1L
4641,CCNY,MAP2K1,MSANTD4,RABGEF1,NACC1,EDC3,RP1-266L20.2,RP11-637A17.2
4642,EP400NL,DENND4C,AC016683.5,KLHDC7B,CCDC30,KPNA1,FFAR3,ANKEF1
4643,SUGCT,ADORA3,CTC-534A2.2,PIK3CB,HEATR5A,SLC25A12,ACTR1B,RP11-498C9.3
4644,TMEM154,AP000350.4,ZNF737,RP5-943J3.2,ZNF273,STARD5,TRMU,CTD-2287O16.5
4645,TMEM203,ZNF764,MBD1,RASSF2,PABPC3,AC010761.8,POLH,GPR174
4646,KBTBD7,CTB-61M7.2,CTD-2033A16.3,KCNC4,RP5-940J5.6,TECR,TMEM50A,ZDBF2
4647,NPHP1,GPR35,GTPBP2,DHX32,RSRC1,ZNF407,MED6,LINC00264
4648,USF1,ACSM3,MSH5,RBBP9,LENG8-AS1,UFSP1,PPP1CC,SMAD1
4649,PICK1,H3F3A,CD27-AS1,KDM5B,JADE1,RP11-47A8.5,HMGN5,NHLRC4
4650,SLC48A1,SNRPN,CTD-2366F13.1,ARMC6,HYAL3,STAG2,CDC6,AL133245.2
4651,RAD54L2,HMGN5,PRR4,SLC31A1,METTL22,FRS3,DBT,SLC2A9
4652,RPS17L,SEC24B,ARL17A,C17orf100,BOK,TCP11L1,RP11-490O6.2,ATP7A
4653,BTBD7,SLC9A3R2,GOLGA8B,ZNF525,POU6F1,RP4-798A10.4,WDR92,ZNF627
4654,ASCC2,AMN,NUMBL,ALOX12,IMPA1,ZNF700,TRIM16L,FKBP1B
4655,TET2,RP11-686O6.2,RP3-395M20.9,TMEM126A,CSNK1D,RNF122,PKMYT1,RP11-14N7.2
4656,TAS2R14,CLDN7,BMPR1A,AC010883.5,FANCL,RABL6,GPR61,RP11-195F19.5
4657,RNF31,VPS25,ZER1,CENPBD1,CES1,HIST1H2BF,SARS,ZNF845
4658,FDXR,MRE11A,PPM1L,HFE,NCEH1,CELF2,EPN1,CACNA2D2
4659,CBX5,TMTC2,ZNF107,RBM47,RBM12B-AS1,ZNF789,FOXM1,EVI5L
4660,PDZD4,METTL1,TENM1,RP11-701P16.5,CNOT6,NUAK2,OSR2,NFIA
4661,KIFAP3,FZD2,ALYREF,RALGPS1,ZNF250,ENAH,SHCBP1,RP11-617D20.1
4662,PI4K2B,SDCCAG3,RP4-612B15.3,GMPPB,RP11-85A1.3,COA4,RP4-684O24.5,RP11-398C13.6
4663,CDC42EP4,ACTR3B,MUT,UBQLN2,SNORD3B-2,CCDC154,ITGAM,CRB3
4664,ANKRD18A,AC018755.1,RP11-640M9.1,PAPOLG,NME2,HMGN3,RP3-466P17.1,CHM
4665,DLGAP1-AS2,ADAMTSL4,SMPD4,PGGT1B,NDNL2,MIR181A1HG,ADIRF,AP003419.16
4666,NT5M,SETD5,FAM161A,ZNF133,ZNF808,PROS1,RP11-531A24.5,C8orf88
4667,UBXN7-AS1,CBFA2T2,TMEM254,CBX5,CCDC106,BIRC3,CTC-459I6.1,ZNF41
4668,TP73-AS1,C3,PELP1,RP11-181C3.1,CBLB,RRAGD,CECR6,AD000090.2
4669,TREML2,TMEM242,RLF,RARA,JPX,CLDND2,AL590822.2,ZBTB9
4670,RP11-169D4.2,CCNB1IP1,RP11-216B9.6,DLEU2L,RP3-508I15.19,CCDC14,TRIM31,HS3ST1
4671,LRRC40,EYA3,UBL7-AS1,SPAG16,PNPLA2,WDR76,RP5-1142A6.2,MCF2L-AS1
4672,RAB28,PDRG1,ENPP4,RP11-872J21.3,ZNF714,ZBTB9,RP11-264L1.4,TMEM86A
4673,CHM,VPS13D,GEN1,C9orf38,FBXL6,ZNF140,RP11-305K5.1,MARVELD1
4674,CRAMP1L,PTK7,ZNF500,RPS6KA4,PEX5,NOM1,CTA-293F17.1,ETV2
4675,LINC00115,STEAP4,BCL2L2,PLK1,ZNF77,TMEM192,UCHL1,CCSAP
4676,ADAT2,ACSL4,RP11-332H14.2,PRPF39,FAM179A,FAM229A,RP11-347C12.1,LCAT
4677,ST6GALNAC1,REXO2,ABLIM2,CBX8,TNFSF14,NAA35,RP11-458D21.6,LINC00092
4678,ZNF43,CTC-273B12.10,DTX4,SLC14A1,RGS2,IFT172,RP11-138P22.1,DNAJA4
4679,RP6-99M1.2,ZFYVE16,BAG4,C12orf49,P2RY13,NOD1,RP11-6F2.5,DRAXIN
4680,SLC26A1,SUV39H2,PTCD1,AGAP1,ZDHHC8,CCDC15,ZNF625,LINC00925
4681,AC002310.12,WLS,RP11-841O20.2,LINC00880,COL13A1,GFPT1,ADAL,C3orf18
4682,ACOT11,RLF,XKR6,MICAL3,BIRC3,VILL,RP11-661A12.12,XXbac-BPG252P9.10
4683,FAM219A,LACTB2,PCBP3,MSTO1,TOP2A,KLHL42,CTD-2541M15.4,RP11-76E17.3
4684,SCAF1,GNG5P2,TARSL2,CEP164,DLG1,DPH6,RP11-849F2.7,ADCY3
4685,RP11-395A13.2,ATAD2B,ZSCAN12,ITPRIP,RANBP2,CCDC157,PSMA8,WFIKKN1
4686,FBXW2,MST4,RP11-635N19.1,RP11-1348G14.5,IL2RA,FOSL1,NIPAL1,ZBTB3
4687,ROGDI,RP3-465N24.6,IER5L,PLS3,TOP1,PRKD2,CTA-407F11.8,KBTBD6
4688,RNF38,ZFC3H1,RP11-359K18.3,RAVER1,ERF,CTA-292E10.6,SGPP2,DHRS9
4689,SENP8,GINS2,THNSL2,PHLDB1,ZNF517,CCZ1B,TMCO6,PINLYP
4690,GSTM1,GCSAM,NLN,ZNRD1-AS1,FCRLB,GUCY1A3,FBXL22,CDK3
4691,GAL3ST4,GPR180,RPEL1,TMEM159,BTBD8,TPT1-AS1,RASAL1,ZNF358
4692,QSER1,AMPD3,SLX4,CTPS1,RP11-793H13.11,TVP23C,RP3-486I3.7,DISP1
4693,ARF5,FARSA,TTI2,RP11-474G23.3,TMTC2,FAM193A,FAM228A,C17orf100
4694,NRF1,TEX30,PRPF4B,SORBS3,INTS1,RP11-80H8.4,PKN3,FAM20C
4695,RP11-178L8.7,HUS1B,CASP7,SFMBT2,WASH4P,GPR61,LA16c-358B7.3,GPR34
4696,GPR180,TCF7L2,GINS2,PPP2R3A,SCAF11,CDC42SE2,KB-1507C5.4,VPS54
4697,AC012360.4,TMEM170B,FOXN3-AS1,NAT9,HINT3,C17orf67,RP4-583P15.15,AC006129.4
4698,KIAA1715,PROC,CTD-2287O16.5,UBR1,TNFRSF12A,REEP6,KLHL29,7SK-2
4699,HYAL2,BTBD2,PIK3R4,ZNF629,CXorf65,NAIF1,RASA4B,KLHL26
4700,BAMBI,VEGFA,AC068580.6,HACE1,GZF1,RP11-413H22.2,SAPCD2,TMEM182
4701,CBWD3,CPSF1,KDM4A-AS1,SYNC,ZNF614,PPP5D1,ZNF280B,RP11-390B4.5
4702,RP11-47L3.1,DNAJB5,TPT1-AS1,SLC17A5,NAGS,DHDH,RP11-56G10.2,CD274
4703,SIRT1,C16orf95,TMED7,ADAMTS6,CTB-12A17.3,RYK,PODN,AL354822.1
4704,ITFG1,CCDC64,CD1A,KIAA0513,AARS2,RBM15,KRT73,ZNF527
4705,GTF2A1,RP5-1136G13.2,SMARCAL1,CAV1,SMU1,KLHL21,RP11-260M2.1,DMKN
4706,RETSAT,RP11-464F9.20,WDR4,ZNF74,MDH1,RAB3IP,NUPR1L,SLC16A4
4707,AL592284.1,CRY1,IFT88,ZC3H4,SLC39A10,CTD-2659N19.9,AC015971.2,HEATR2
4708,TMEM245,PKIB,NSDHL,KCNMB4,IQCH-AS1,SNAI3-AS1,FGF9,SLC5A10
4709,CDKN2C,CTD-2369P2.2,PISD,MRPS31,SLC12A9,FOXP4,MAP1B,RP11-305L7.1
4710,RPS6KL1,IQCE,C1orf109,GGA2,ZNF574,TUBGCP5,C15orf52,SEC61A2
4711,RP11-796G6.2,ZCCHC11,ENTPD7,PNMA5,CHAF1B,SP4,KIF9-AS1,ZNF347
4712,LRRC8C,GAB3,NBPF15,ZCCHC6,KALRN,HLA-DQB1-AS1,ZNF724P,RP11-876N24.4
4713,ZMYM6,PPP4R1,AZI1,RP11-426L16.3,CCNK,HHLA3,GPR157,AL928742.12
4714,MEX3B,HIST2H2AB,CSNK2A3,TMEM194A,BCL2L14,LCORL,ANKHD1-EIF4EBP3,RASGEF1A
4715,LINC00623,RP4-583P15.10,DUOX1,ACTL10,GPATCH2,DOPEY2,RNF222,SLC35E2
4716,MRPS9,TMPO-AS1,SKIL,HNRNPA1L2,METTL3,SH3BP2,RP11-677M14.7,DDX31
4717,TMEM170A,SYNC,KIAA0556,FKRP,SLC9A3R2,PPAPDC2,FNBP1L,CTD-2260A17.1
4718,MBTD1,URB1,RP11-686O6.2,GPR114,CTB-32O4.2,SEPT10,AC009950.2,ZBTB6
4719,PPP1R3D,PARP2,PLXDC1,CRYGS,TDP2,THNSL2,CELSR3,COCH
4720,SLC2A11,NSA2,DENND2D,SULT1A4,RFESD,NPEPPS,RP11-114O18.1,KLRC4
4721,TMEM138,APOOL,KLC4,TIMM9,EXOSC5,ITM2C,CEBPA-AS1,CCDC146
4722,PAXIP1-AS1,ELANE,LRP6,BYSL,DNM1L,AC022182.3,FAM47E,ZNF696
4723,ST3GAL3,FAM13A,RP11-408A13.4,ORMDL1,RASA1,PPHLN1,NPAS2,RP3-400N23.6
4724,DHX37,LIPE,ZNF784,ZNF200,ETV3,RALGPS2,QRICH2,HP
4725,MEG3,TMEM191C,CTD-3093M3.1,RP11-568N6.1,DNMT1,IPO11,RP11-196G18.24,TIGD2
4726,CLIC2,TROVE2,HAUS5,FOXP1,SYNGAP1,LINC-PINT,RNF157-AS1,ZBTB41
4727,ZNF365,ZNF232,RPS6KB2,PHC3,EBLN2,DHFR,RP11-392P7.6,ZNF564
4728,ZNF738,ZNF813,RP11-875O11.1,MKLN1,EHMT1,GTF3C1,RP11-293A21.1,XKR6
4729,PPP4C,SCAP,AFAP1L2,RP11-572O17.1,CTC-250I14.6,RP11-553K8.2,LOXL2,DNAJC3-AS1
4730,SLX4,GNE,TRAPPC8,AFAP1,NAPG,TGFBR1,KIF18A,TEPP
4731,BATF3,PSKH1,AC062029.1,PPP2R4,GTF3C4,ZNF827,PARK2,PELI3
4732,RP11-252A24.3,NAA60-1,WRAP73,MIR940,L3MBTL4,ADAL,NEB,CTB-43P18.1
4733,STK38,CPM,RAB34,AL139099.1,GOT1,ZNF341,GAS2,AC093495.4
4734,BUB3,CLEC16A,PSAP,KRT73,CCDC71,AC009120.6,CTD-2201I18.1,VSIG8
4735,SOCS4,TMEM168,NBAS,ANK3,RP11-582J16.4,PDE9A,RP11-33O4.1,SMIM10
4736,MIR181A1HG,DZANK1,LRRC69,MRPS6,PAF1,CLIC2,RP11-11N7.4,GNE
4737,RBMS2,AMMECR1L,CASP2,TCEANC,ATP6V1C2,CTA-373H7.7,RP11-305L7.7,RP11-755B10.4
4738,RP11-464F9.20,RP11-267N12.3,HIVEP1,GPM6B,RP11-80H8.4,VPS16,RP11-317J10.2,NME8
4739,TMEM194A,LCORL,MRPL53,MIR29A,EXOC3,RP11-483P21.2,ZNF208,PSAT1
4740,LINC01023,STT3B,SCMH1,EPB42,RP11-304L19.5,ANKRD49,KTN1-AS1,PELI2
4741,MED14,FAM20B,INTS3,RP11-428J1.5,NAA60,MANSC1,RP11-265P11.2,PIK3R3
4742,ZNF24,NEK7,RP11-511B23.1,CTA-204B4.2,C10orf105,SUSD4,RP11-1079K10.4,PCOLCE
4743,UNK,ACTL6A,MAP3K14-AS1,SAMD1,MTERF,DNAJC16,SLC12A5,DKFZP779L1853
4744,TSPAN4,FOXK2,SBF2-AS1,LIMD1,CTA-384D8.36,RASD1,RP11-429E11.3,MYH3
4745,ITGB3BP,SCIN,FANCM,C1orf204,RP11-415F23.4,ZNF506,RP4-548D19.3,SLC25A23
4746,RP11-559M23.1,RP11-293M10.5,CDK6,LRP5L,ZNF195,BSCL2,BTBD19,EXD2
4747,CEACAM1,C2orf81,SSB,NCKIPSD,RP11-468E2.4,PPP1R8,C1orf213,FAM129B
4748,HYKK,PAAF1,UBXN7-AS1,PRDX4,SNX24,RP11-212I21.4,SUN3,ZNF813
4749,DUS4L,NPL,AC004257.3,GPR132,EXTL2,RAD54B,PAPL,MATN1
4750,MB21D1,WDR12,UQCRC1,CAB39,LEPRE1,F8,ZACN,HFE
4751,TP53I3,IMPAD1,MARK4,CXCL9,FBLN7,SETD6,RP11-774O3.3,DBNDD1
4752,GPATCH4,ZKSCAN3,PROCA1,MIR146A,IRAK3,RAP2C-AS1,PRDM10,XYLB
4753,TNFSF4,AQR,MLXIP,GPR107,ADAM22,PRELID2,AC123768.4,RP11-445H22.3
4754,TMEM126A,NRN1L,CCDC125,GDAP2,LRIG2,RP11-315O6.1,CTD-2227I18.1,ZNF558
4755,IGF2BP2,C20orf96,SRRM1,FKBP2,ARL5B-AS1,CCDC142,LRRC37A2,SULT1B1
4756,ALG11,SPRYD3,MYLK-AS1,NEK6,ALDOC,C16orf70,ESCO2,HRASLS2
4757,ZC3H4,PABPC1L,CAPRIN1,ATG7,SLC25A32,IDH3G,SPR,HGF
4758,FZD1,SLC30A6,PPM1A,ITPR2,PLEKHM2,STX18-AS1,ADD2,AMN
4759,ZNF746,RP3-467N11.1,AC137934.1,CNR2,HTATSF1,ZNF785,RP11-362F19.3,ZNF571-AS1
4760,RP11-76E17.3,RRAS,ZNF526,HSPB9,EDEM3,RP11-284N8.3,RP3-477O4.16,RELL1
4761,TMCC1,PAM16,SDSL,PAQR3,SIRT3,ZNF419,AC142528.1,FICD
4762,ARMC6,RASGEF1A,ZCCHC4,SPAG4,DCUN1D2,RP11-730K11.1,KLHL11,TRBV11-2
4763,ZSCAN12,UBR4,NRL,FAM222B,RANGRF,ZNF552,RP11-95P2.1,AC159540.1
4764,DSN1,NOL3,NBEAL2,ZNF529,ZNF674-AS1,NHSL1,UBXN10,HECA
4765,NDN,ARL6IP1,FNIP1,TP53INP2,DMPK,APITD1,LIG4,FBXO30
4766,SHFM1,ARL3,ZNF337-AS1,RNF138,HPCAL1,AC005932.1,DLG5,TTTY14
4767,PMEPA1,RP5-1068E13.7,MBD2,C9orf116,VAV3,VWA8,RP4-798A10.7,CYB5RL
4768,RP3-508I15.22,COPZ2,FUK,NFE2L3,GRK5,IFT88,AC006129.1,CPNE7
4769,NHSL2,TBC1D10A,RP11-258C19.7,SMN1,SOCS4,TFEB,SYCP2,RP11-420G6.4
4770,ARHGEF4,PFKM,TRAPPC10,CRELD2,ZNF23,RP11-611E13.2,LATS2-AS1,CELA1
4771,FAM120AOS,HOXB2,NCOA6,ZFYVE26,GLIPR1L2,ARMC10,KLHL23,TMEM180
4772,RP1-244F24.1,TNFSF8,NAP1L6,SCIMP,PSMC1,RNF219,ZBED3,NHSL2
4773,RP11-318A15.2,ENOX2,ANO6,TMEM138,RAD54B,RP5-1085F17.3,ARSE,RP11-318E3.9
4774,CPLX1,SLX1A,THAP5,CCDC142,NIFK-AS1,SMURF2,ATL1,RP11-841O20.2
4775,TJP2,SLC16A7,DOK4,CTD-2325M2.1,ACIN1,FRS2,FKBP9,MTFR2
4776,SENP3,SOX7,ZNF792,MRPS34,AGER,MIR4453,ZNF252P-AS1,RP3-395M20.9
4777,ATP6V0A2,CNNM3,SLC43A2,SCD,LNX2,DCAF4,ATP8A2,FER
4778,RNF19B,SLC41A3,BEND2,TCTN1,ZNF16,LIN7A,SLC2A1-AS1,ZNF275
4779,HSD17B4,RUNX2,SLX1A,PKD2,GINS3,HCG25,RP11-137H2.4,PAK4
4780,SMAGP,DPY19L3,HMGN5,FGD6,KLF8,LRP3,RP11-356C4.3,ZHX3
4781,MRPS24,HPS5,TBC1D14,ZSWIM7,ZBED1,ZNF646,LYG1,PROK2
4782,C2orf40,PRPF38B,RP11-111J6.2,NUF2,RPS6KL1,SRXN1,PLA2G1B,RP11-867G23.8
4783,RP11-869B15.1,APOA1,MTERF,ZNF519,FBXL12,RP11-294J22.6,NEK2,RP5-935K16.1
4784,HIST1H2BH,SLC29A2,MRFAP1,ZDHHC5,CAMTA2,SPRYD7,RP11-863K10.7,CAD
4785,ARFGEF2,TMX4,HDHD1,HIST1H4I,TBL1X,MCM2,GNA11,ABCB4
4786,RP11-161M6.3,FXYD7,RP5-1159O4.1,TJP2,FANCF,C19orf18,CRB1,RNASE1
4787,RP11-195F19.5,OPRL1,MTPAP,HAR1B,ACSL1,CLSPN,RP11-477N3.1,TCL1B
4788,ACOT4,NEMF,BRPF1,TONSL,DZIP3,NAGS,RP11-505P4.6,JAKMIP2
4789,RP11-802E16.3,XXbac-BPG252P9.10,RP11-467P9.1,AGRN,NOL6,DNAJC11,AC007228.5,MAP6D1
4790,RLN1,CDV3,MIR29A,MON1A,ECE2,USP49,RP11-379F4.9,SLX4IP
4791,TNFRSF9,MCTS1,RP3-508I15.21,ANGPT2,SLC25A44,B3GALNT2,GPR124,RP4-798A10.4
4792,PRKCDBP,KIAA1430,KIAA1432,AC129492.6,PRC1,MAML3,MXRA8,PKIA
4793,DOLPP1,COG4,LINC01023,CYP27A1,ISYNA1,RAB3D,ARC,ZNF443
4794,ZSCAN25,SLC35B2,TMEM255B,MAZ,FBXL19,ZMYND15,RP11-498C9.2,ZNF418
4795,ZNF526,ABCD3,CTA-445C9.14,RIN2,TNKS2-AS1,RP11-417F21.1,DPEP3,PNMA5
4796,SPEF2,ATAT1,ARRDC4,GNG5P2,INSL3,SMARCA2,RNF175,ENO1-AS1
4797,AC025335.1,TCL1B,CTBP1-AS2,OGFOD3,NUDT1,TMEM9B-AS1,CNKSR1,C5AR2
4798,CHKA,TTLL5,FOXO4,SEC24B-AS1,SLFN12,SETD9,SLC23A3,USP13
4799,PDIA5,NAT9,ZMYM2,KIF21B,ZCCHC10,ZFHX3,RP11-196G11.2,NOL3
4800,P2RX7,TMEM39A,RHBDL1,INCENP,CCDC167,AUH,RP4-789D17.5,SLC12A2
4801,HIST2H2BE,NT5DC3,HES6,CYP3A5,IKBKAP,LHPP,RP11-46H11.3,ZNF432
4802,LSM14B,RWDD3,SIN3B,RP11-637A17.2,CDC16,KEAP1,PLCH2,ZNF768
4803,TRMT10A,B3GNT5,PPOX,ARL15,ATP1A1,PWWP2B,SCARF2,DNAJC18
4804,AFAP1,TRPT1,ZNF782,SF3B4,ARHGAP10,C6orf57,C1orf101,DSC2
4805,AC097500.2,ZNF318,ZNF865,SLC25A39,KIAA1524,SPECC1L,RAPGEF3,FAM169A
4806,SYCP2,GIGYF2,SPAG1,ATP5L2,AC078883.3,AC061992.2,SIPA1L2,TNK1
4807,FMNL2,AC016586.1,SKA1,MICALL2,ZFYVE26,PZP,SERPINB2,AC093391.2
4808,DEPTOR,CTD-2562J15.6,UBE2T,RP11-47L3.1,KIAA1958,EXOSC3,PIWIL1,SFXN2
4809,AL353354.2,GNA13,C7orf13,RP11-339B21.13,TBK1,TOR1B,MINOS1-NBL1,BOLA2B
4810,RP1-140A9.1,FAM134A,ERMAP,KDM4A-AS1,TBCD,SYCE3,CTD-2516F10.2,MYO1E
4811,AIFM2,PAK4,TMEM9B-AS1,CTD-2033A16.3,PHOSPHO2,LANCL2,C4BPB,RP11-359B12.2
4812,SNX12,HHLA3,PTGR2,LIG1,SUV39H1,FOXK2,AASS,ZNF649
4813,DHX15,POLR3E,MEGF8,FKBPL,ACOX1,ATG7,RP11-20B24.5,RP11-160H22.5
4814,ZNF680,QTRT1,RP11-243J16.7,ZNF549,MAP2K4,RP11-227D13.4,CTD-2017C7.1,MAP3K12
4815,HOXA9,NUDT19,MAVS,PET112,NIPAL2,SLC6A16,MAMSTR,FAM229A
4816,MTHFD2L,LOXL3,PIN1,RP11-656D10.3,ZNF599,ORMDL3,RP11-656E20.5,INSR
4817,CTB-32O4.2,CLASRP,KLHL8,GSTO2,FAM135A,ACOX2,FGF14-AS2,ZNF827
4818,CTLA4,HCFC1,NSF,CSTF3,CDK3,NRAS,RGPD2,RP5-1142A6.8
4819,ALG14,SNAI1,RP11-798G7.6,ZNF782,RP11-791G15.2,PLEKHG4,WNT10B,BACE1
4820,EYA3,OTUD3,CTC-518P12.6,ZNF691,ZNF773,ZSWIM1,RP11-707M3.3,CCDC138
4821,CCDC180,C11orf24,ZNF354B,ZBTB11,RP1-28O10.1,ZNF804A,CTD-2659N19.9,SNED1
4822,RP11-176H8.1,DGCR14,RP11-145M9.4,MARK4,DCTD,ZCCHC14,SUMO4,CEP128
4823,RP11-398C13.6,ZFP14,TFAP2E,PARP2,RP11-589C21.5,CD248,CTD-2571L23.8,KCNAB3
4824,ACVR2A,RIOK2,CUL5,BRCA2,CAMK2G,TPTEP1,KCNH3,DZANK1
4825,MON1A,RP11-212P7.2,C17orf100,TOE1,SLC6A4,LATS2-AS1,PANK1,RP11-493L12.4
4826,RP11-367J11.2,ZRANB1,TAS2R30,PIH1D1,LIG1,CDK5RAP2,PIFO,RP11-442H21.2
4827,MRPS28,RP11-356I2.4,CBWD2,TCP11L1,PLK2,EPB42,TCEAL2,SLC17A9
4828,RP11-473M20.16,NAGLU,OR2A1-AS1,MCOLN2,ANGPTL6,DBN1,THOC2,RP11-815J21.2
4829,ZDHHC20,AK4,ATP11C,PABPN1,CTD-2547L16.1,ACOT11,CTC-366B18.2,C2orf81
4830,MAPK11,UBR3,HMGN4,RP11-388M20.6,KLHDC4,HN1L,RP5-940J5.6,INVS
4831,RHBDL1,ZNF532,PHF7,FOXRED1,RNF157,RP11-295P9.3,CALCRL,NSUN7
4832,RP11-345P4.9,C17orf103,KIF27,TSC1,SMEK1,C12orf73,PDE5A,HIST1H3A
4833,SLX4IP,C1orf177,CBWD6,CTDP1,TGIF2,BACE1,KLB,THBD
4834,SNIP1,USP47,BCL2,RHOBTB2,ZNF665,RFX7,GDPGP1,SARDH
4835,PCMT1,MORC2,ZNF358,NBPF1,B3GALNT2,DZANK1,RP11-624C23.1,CDC14B
4836,DEPDC5,RCN2,METTL16,TXNL4B,AXIN1,IL21R,RP13-131K19.2,VSIG4
4837,ZBTB11,CETN3,KB-1460A1.5,AC017002.1,LAYN,YY1,DOCK4,RP11-108P20.1
4838,ZEB2,ZFX,ANO10,DHRS13,ZFC3H1,ZNHIT6,RP11-80H8.4,C5orf42
4839,RECK,RP11-10K16.1,NUDT9,TBRG4,JARID2,GID4,RP11-46J23.1,WDR47
4840,STX2,SMYD2,RP1-111C20.4,ZNF284,ZBTB25,MKS1,SRRM5,TRAIP
4841,ZNF124,C1orf115,RP11-85A1.3,AC007880.1,USP27X,TTLL11,RP11-274B21.10,FKTN
4842,L3MBTL1,KANSL1L,SLC30A4,MANBA,RP11-661A12.7,ACACA,TMEM238,HCG14
4843,KCNH2,BCL2L11,CTD-2587H19.1,LDB1,THEMIS2,CLASRP,RP4-784A16.5,HYAL3
4844,ZNF345,PGAP2,IQCH-AS1,HELLS,ALS2CR12,SPATA41,PPARD,PPP5D1
4845,LSS,RP11-393I2.4,TNK2-AS1,ZNF385A,RP5-1065J22.8,C4orf46,AP003068.9,URB2
4846,SV2A,CRELD2,BRPF3,CTLA4,PWWP2B,RP5-894D12.3,AC024940.1,ZNF329
4847,PIH1D1,YPEL4,RP11-1007O24.3,RP11-131L23.1,KRT72,RP5-1065J22.8,LINC00656,KB-1732A1.1
4848,AC109826.1,SMPD2,GINS4,AC007383.3,GBE1,C17orf103,SPIRE1,PRCD
4849,NAA60-1,DHX15,ING3,RP11-22N19.2,LRIG1,SMIM12,ABCC6,ARHGAP22
4850,PLEKHA4,SLBP,ZNF19,PMS1,TCP10L,MLLT10,RNU11,LINC00544
4851,VARS2,SNX10,GS1-393G12.14,PHGDH,CEP41,IBTK,RP11-442N24__B.1,PEBP4
4852,SAC3D1,CACNB1,ZNF550,PDE8B,RFC3,SCAF11,ZNF219,DEGS2
4853,TFR2,KLHDC4,ARRDC3,TTYH3,NREP,CTB-12A17.3,KRT8,DARS2
4854,CHML,KIAA1328,KIF13A,CCL27,PBX3,BBS12,LTB4R2-1,CLIC2
4855,SACS,IZUMO4,SLCO4A1,DHFR,ADSSL1,TAF9B,IL12A,PCAT1
4856,MCMBP,RNF138,OXSR1,SCMH1,DNAJC11,VAMP4,RP11-421L21.2,BBS1
4857,ATP5L2,TRPM7,NUDT13,ABCC5,PCBP4,PTCD2,CTD-3064H18.1,LINC00342
4858,C5orf27,ORAI2,RP11-517P14.2,SLC4A8,FAM160B2,HBEGF,RP11-318A15.2,RP11-214O1.3
4859,RP11-758P17.3,CNNM4,E2F2,CCDC9,THRA,RAB39B,HSPG2,NHLRC1
4860,BTD,NRIP1,C17orf107,C10orf91,PSMB6,ELMOD2,SRGAP1,C15orf38
4861,PARP3,BCL9L,ST6GALNAC6,TBC1D2,ALDH1B1,MAP7,MAP3K14-AS1,GVQW1
4862,PRR19,GET4,TMEM38A,NOTCH2,VPS35,BRPF1,CACNA1C,ZNF337-AS1
4863,NUDT16,MCM6,BMP1,XXbac-B135H6.18,ZNF530,AC104820.2,FRMPD3,ZNF202
4864,WBP2NL,KB-1208A12.3,CBX2,TMEM38A,TRAPPC6A,ACSL3,DSCC1,RAPH1
4865,TRIM2,ARFGEF2,PDE4C,RP11-452L6.1,CCNT1,SMAD1,CABP4,NETO2
4866,RPS6KB1,GNL3L,CTD-2215E18.1,PIK3R2,RP11-1398P2.1,NPIPA5,CDH20,OPRL1
4867,RRM2B,RTN4R,C14orf28,SNX19,RP11-815J21.2,PHLDB3,YY2,ZNF726
4868,KANSL3,KIAA0754,THOC1,SLC7A6OS,ZNF345,RP11-658F2.8,OTOA,CTD-2368P22.1
4869,FAM161A,ARMC10,KATNAL1,MYL5,CLDN12,HKR1,OVCH1-AS1,ZBED6CL
4870,KDM8,HIST1H3A,ZNF595,ANK1,ZNF674,RP4-758J18.2,OTUD7A,ZNF823
4871,IGF2R,TULP2,AARS2,ZNF239,SGTB,BRD1,MADCAM1,CSF1
4872,RP11-378J18.3,LDHD,RP11-190C22.9,LTB4R,HM13,FXR2,CA6,CYP2S1
4873,ZNF259,ZNF250,RGL1,CD3EAP,SLC38A7,PCGF6,ZNF286B,S100P
4874,RAC3,HKR1,CELSR3,EIF2AK4,CWF19L2,SHMT1,CRIP1-1,ZNF785
4875,PDCD11,HLA-G,UBE2Q1,TJAP1,DIAPH2,KLHL14,PADI2,RGAG4
4876,MAN2B1,RP11-553L6.5,TMCC3,MCFD2,NUP88,TKT,COL6A1,FGFR1
4877,KIF3B,UHRF1BP1L,RP11-485G4.2,OTUD3,LINC00324,ZFP1,NRCAM,SUSD4
4878,SPTY2D1,SEMA6B,ZNF557,GNB4,MAP3K2,MMP24-AS1,AC099850.1,GK5
4879,ARMC2,GRAMD1A,CMTM8,PAXBP1,LRRC37B,RP11-644F5.11,CTD-2651B20.3,C2ORF15
4880,ZNF431,MAPK13,SCAF1,PDXDC1,SLC20A1,FBXL12,PC,RP11-6J24.6
4881,PLCH2,SPIN2B,AP000442.1,TOP2B,EARS2,RP4-612B15.3,SORBS1,KRBA1
4882,DLEU2L,TCTN1,ZNF778,CUL4A,DKFZP779L1853,RP11-1391J7.1,PPIP5K1,FAM135A
4883,NADK2,F8,DPH1,WDR34,RIF1,BATF,P2RY12,SPAG1
4884,DOLK,PJA1,RP13-516M14.1,MYL6B,RP11-490O6.2,HYKK,RP11-434H6.6,RP11-145M9.4
4885,EIF3K,LRP6,FAM167A,MED25,CD84,MNT,DCHS1,FANCB
4886,RP11-190C22.8,SH2D3C,RAD1,RPGRIP1L,RAVER1,TTC9C,RP11-173M1.8,RNF122
4887,ACSL5,DPP4,TTPAL,CLEC1B,NAT9,TTN,CTB-91J4.1,SMAD7
4888,CNTLN,CS,AC145212.1,CHD1,B3GNTL1,RP5-1142A6.8,FAM106A,RP11-223C24.1
4889,C2orf69,RP11-229P13.20,RRNAD1,TBX19,GLE1,AP001058.3,FAM151B,TTC34
4890,TUBGCP3,TMEM184C,ZNF416,IFT46,CTB-58E17.1,IPPK,LRRC16B,KIF9
4891,RGL1,FLJ45079,CARD6,NAV1,POLRMT,RP11-301O19.1,TIMD4,ARMCX6
4892,TBCCD1,TOLLIP-AS1,TMEM135,MED16,ZNF205-AS1,VNN3,CCDC78,SIRT4
4893,NOTCH4,MLKL,KIAA1324L,MOK,WDR74,DLGAP1-AS2,PGF,ARHGAP11A
4894,IMPDH1,AC009133.12,AC079807.2,RP11-803D5.4,RHBDD1,BAIAP2-AS1,OVGP1,AP001372.2
4895,RNF217,H3F3C,CYB5D1,INPP5A,KMT2A,TMEM143,NUDT8,CR2
4896,ATRIP,MAU2,DCUN1D2,ZNF28,FIG4,UXT,ANKRD31,ACOT11
4897,ATG9B,RRP1B,HDGFRP3,COX6B2,FANCD2,ZNF674,TLL2,SLC8A1
4898,PPP1R8,XRN1,CYP2D6,PIGK,NAGLU,TMEM120B,HKDC1,MMP9
4899,EXT1,SUN1,HPS3,ZNF816,DHX40,ZNF579,LRP3,ZNF540
4900,RP11-692D12.1,NUS1,RP11-498C9.2,CENPE,C1D,ZFP90,C22orf15,TANC2
4901,JAM3,GGH,EDC4,ZFHX3,MORC4,ARMC8,LINGO3,RP11-658F2.8
4902,PDZK1IP1,XPR1,RWDD4,ADCY3,BTRC,SLC4A4,RP1-257A7.5,ZDHHC9
4903,HSD17B8,HP,MOB4,SMIM15,TMEM27,FDXR,ZBTB8A,GNAL
4904,RP11-572O17.1,THEM6,LRRK1,POMZP3,RP11-554J4.1,C18orf8,AC007285.6,ZNF530
4905,VEGFB,ZNF438,AL441883.1,MYH10,LEPROT,ENGASE,SEC24B-AS1,ADCK1
4906,DIAPH2,IL21R,RP1-8B1.4,ASPM,EID2,ERMARD,USP54,RP11-517P14.2
4907,NBN,RHOQ,RP11-362F19.1,C9orf9,7SK-2,SPDYA,EHHADH,GS1-124K5.3
4908,HTRA1,DCTN1,ZNF79,CTC-241N9.1,CERCAM,PRR5L,RANBP17,RP11-126K1.2
4909,TOP3A,RP11-539L10.3,SBF1,SPATA2,MBOAT2,MIPEP,PRR22,RP11-154J22.1
4910,RSPH3,FAM207A,RP11-77H9.8,PDHX,SHMT1,AGPAT9,ATP6V0E2-AS1,RP5-894A10.2
4911,WDHD1,FAM21C,PTCH2,MEGF6,RP4-803J11.2,RP11-597D13.9,RP11-60I3.5,SLC35G1
4912,UGCG,ZIK1,USP12-AS2,NHLRC1,CCDC9,AL136376.1,C5orf27,SLC6A16
4913,CLPB,TBC1D22B,WDR75,HSF2BP,ITPR1,PACSIN1,SRCRB4D,SEMA4C
4914,NREP,BCAP31,IFT172,PPP1R3B,PSPH,EVI5L,AC137932.1,CCR4
4915,ZSCAN9,TAOK1,AC137932.1,RBM41,NUP155,AC004447.2,RP11-156K13.3,RP11-634H22.1
4916,KLF9,TMEM86B,SBDS,RP11-796G6.2,JAK2,MEG3,NEURL4,MRVI1-AS1
4917,POC1A,AREL1,KRBA2,RP11-166P13.4,MARCKS,SMN1,RP3-380B8.4,RP11-481A20.11
4918,GRAMD1B,MSL2,SLC9B2,KNTC1,SGPL1,RP1-20N2.6,RP13-270P17.1,RP1-111C20.4
4919,ATG2B,KDM4A,SEMA5A,OSBP,INVS,BAIAP2,SLC16A10,UST
4920,TRIM66,NUDT11,RP11-367J11.2,ZNF343,FAM222B,TMEM159,CTD-2666L21.1,CLDN7
4921,BRD8,SYNM,CDKL5,CTNND1,DPY19L1,MIR4519,RP11-111J6.2,TRIM34
4922,BSPRY,FBLN7,EDEM3,HIST1H4J,SLC27A1,TNFRSF10A,FRMD4A,NDOR1
4923,FAM102B,RP11-90P5.2,ZNF683,HS1BP3,SLC16A7,ZNF623,CKM,FBXO46
4924,COA7,ABCA2,LRRCC1,TDRD7,KCTD15,SNX16,XKR6,ANPEP
4925,RAB38,RP4-798A10.2,ZNF461,ZFP37,TMC4,SPIN4,RP11-560J1.2,ZNF700
4926,MT-ND4L,ZNF397,C8orf37,RP11-805J14.5,RP11-51J9.5,B4GALT6,ZNF763,CTC-428H11.2
4927,PKD1,LIMK2,UBE2V1,PPFIA1,ZNF354B,ANKRD22,RP11-381K20.2,AC020571.3
4928,KCNH3,TNFRSF9,RP11-162G10.5,CCNE2,NHSL1,WWC2,ADAM22,USP35
4929,B4GALT6,UXT-AS1,NEU3,CARD9,DDX52,SELP,RP5-1157M23.2,MAP7
4930,CD46,BEX5,POFUT1,AK1,ZNF678,SPRED1,WNK3,GTF2H4
4931,TTLL12,TMPRSS13,FITM1,NUGGC,CCDC115,PIGM,CTD-2196E14.4,CAB39L
4932,PPP2R5B,FGFBP3,WDR47,POLA1,ZNF613,ERCC6L2,RBFOX2,RP11-78A19.3
4933,HIST2H2BF,NKRF,ACE,C1RL,MIEF2,HIST1H4H,RP11-362K14.6,STK36
4934,TMEM141,FABP5,RAB8B,DGKQ,GRWD1,TSC2,FAM83G,SLC26A1
4935,TUBA1A,FKBP1B,CTB-129P6.4,RP5-1148A21.3,TMEM87B,RP13-580F15.2,ENAH,CTA-384D8.35
4936,C12orf29,RBBP5,RNF122,RP11-849F2.7,STARD8,ZNF398,RAB23,COA7
4937,CEP170B,CLEC1B,CPT1B,DCLRE1A,LPAR2,ATP13A3,TMPRSS3,NPIPB11
4938,NCOR2,MANEA,AC120194.1,EPHA4,TACO1,ZGPAT,LINC00482,KRT86
4939,WWC3,SCFD2,ATP6V1C2,VPS9D1,DOK6,CTD-2583P5.3,RP11-540O11.6,IQCH-AS1
4940,TXNDC9,RP11-536K7.3,SPATA24,RP11-513I15.6,PDGFRB,DCAKD,RP11-302B13.5,KCTD3
4941,DENND5A,PROK2,HSD17B1,ZXDB,RPRD1A,DLEU2L,VPS9D1-AS1,FAM102B
4942,TMEM256-PLSCR3,SHPK-1,RAB11FIP5,UBE2V2,UBXN10-AS1,NRXN2,TTC30B,CNN3
4943,COG4,AC005253.4,PPIL6,FCHO2,AURKA,SRP9,CTD-2083E4.6,NT5DC3
4944,ELF2,PACS1,FBXO28,STOML1,VPS41,MTAP,GAS8,ADCY9
4945,POLE2,UBAC2-AS1,TMEM163,RAPGEFL1,UTP15,LOXL3,DHDH,C19orf83
4946,LACE1,HTRA2,AEBP2,TMEM41B,MASTL,C3orf52,RP11-66B24.2,CEBPE
4947,DHFRL1,NUP155,ZNF410,SLC35A3,ATP1B1,RSRC1,SLC35F3,ACVR1B
4948,SYVN1,GYLTL1B,ZNF345,CTD-2035E11.5,RAD51D,MAPKBP1,PRKAR2A-AS1,EGR2
4949,TAB3,AC093391.2,RP11-863K10.7,GCAT,AP000476.1,HIST4H4,L3MBTL4,RP11-418J17.1
4950,NDUFA2,MAP1LC3B2,PRR3,CARM1,CHKA,MTX2,PM20D1,LRRC46
4951,PDS5B,MORC2-AS1,DRAXIN,SLC16A1,TM2D1,PVR,TRIM60,HAR1A
4952,ALPK1,GSTZ1,NANP,ZNF512,NNT-AS1,POC5,DPY19L2,BFSP1
4953,SLIRP,SLU7,SLC26A6,IP6K2,NANP,SENP8,SNORA40-1,KCTD15
4954,HNMT,BRCA2,RP11-819C21.1,TNKS1BP1,ZNF253,CXorf38,AKR1CL1,PARS2
4955,IL18BP,BCKDHB,NFIX,CTD-2336O2.1,RP11-252A24.3,BORA,RP11-157J24.2,FLVCR2
4956,ERMN,AC099850.1,PKD2,SLC25A43,PEX26,ACBD3,TEX12,SLC29A2
4957,HCFC1-AS1,GRAMD3,SCNM1,IKZF4,TRMT12,SLC25A29,RP1-151F17.1,TRAF3IP2-AS1
4958,BRICD5,ARHGEF11,CDC14B,GTSE1,ZNF703,AC010883.5,HAR1B,PIF1
4959,SETD6,GPS2,ATP8B4,TLDC2,RMND1,KDM4D,RP11-13P5.1,PLCL1
4960,ATP1A3,APOBEC3D,RP11-529K1.4,SCAMP3,RP11-390F4.3,ATF2,CTD-2587H19.1,PPT2
4961,RP5-1157M23.2,C9orf96,TRIP13,NAGPA,IMPACT,UBE2T,RP5-1057J7.6,NLRX1
4962,DHX58,RP6-91H8.3,PEX14,ADPGK-AS1,RINT1,COL9A3,RP11-212I21.4,PLEKHA8
4963,C20orf194,RBM26-AS1,TCF3,GADD45G,RP11-434H6.6,ZNF365,RP11-513M16.7,CTA-204B4.2
4964,GPR150,INPP5F,AC083949.1,POU2F2,ZNF140,EPHX1,RP4-536B24.3,DLEU7
4965,PHLPP2,RP11-318C24.2,IFT81,ANKRD55,RTKN,CKAP2,SCRG1,METTL20
4966,CRYZ,MYEF2,UBAP1L,ZNF470,PANK3,BACH2,USP12-AS2,RP11-434C1.1
4967,VASH1,TAF4B,CTD-2540F13.2,MUTYH,B4GALNT3,SWT1,AC009501.4,ARHGAP11B
4968,RP11-295P9.3,AC004069.2,RP13-314C10.5,RBM15,UBASH3A,SPEF2,ZNF284,RP11-178G16.4
4969,DDX11,ZFAND3,H3F3C,CENPA,PTPN1,CBX2,C1orf177,ZNF862
4970,C8orf88,PPAT,C1orf200,PHC2,CD8A,SEMA7A,RP11-46A10.5,CCDC157
4971,E2F2,CRIP2,ABCA1,EPHB2,TRPM7,SPATA7,PKD2L1,RP11-506M13.3
4972,C6orf47,AC074138.3,GINM1,NUDT19,GOSR1,UBE2M,RP11-361D15.2,SSPN
4973,SIPA1L1,SEL1L3,ZNF714,MCM4,KLHL36,WDR60,ERMN,AKAP5
4974,OTUD3,SPAG16,LINC00957,ASAH2,LARP4B,MUM1,RP11-215G15.5,FRS3
4975,CCDC167,SMN1,RP11-656D10.3,CTC-366B18.2,AF131217.1,LINC00863,KANK1,NR3C2
4976,MAPKBP1,LINC00176,KLHL26,ZNF852,ZNF135,EID2B,KCNJ14,RP11-401F2.3
4977,TMEM97,NLRC4,GAN,PKD1,PIAS1,HS3ST3B1,FAM92A1,TESK2
4978,YY1,WDR44,ZDBF2,HCAR3,SLC48A1,RP11-787I22.3,ZBED6,B3GAT1
4979,MRVI1,HEMGN,HEATR5B,RP11-159D12.2,DCUN1D4,RP1-265C24.8,RP11-252C15.1,RP11-536K7.3
4980,OAS2,FXYD2,PWWP2A,ACRC,FAM161B,TBC1D20,UNC5CL,ANKS1A
4981,ZMAT5,RP11-383J24.6,PGF,RP11-803B1.8,PCBP1-AS1,AP000254.8,RP11-452H21.4,SEC14L2
4982,FXYD6,PLOD1,PDPK1,ZNF696,CNEP1R1,ORAI2,TGFBR3L,SH3PXD2A
4983,CAPRIN2,RP1-43E13.2,CAPS,RPS6KB2,AGBL3,DIP2C,ZNF541,CYSLTR2
4984,PARG,PMP22,MAP3K9,KCTD7,PPIF,C10orf95,SEMA4G,GAS6
4985,PSIP1,RP11-705O1.8,JSRP1,FBXL20,ERGIC3,RP11-219B4.7,CLTCL1,AC009948.5
4986,PREPL,TLE2,RCC2,S100A12,SH3GLB2,LGALS9C,ZNF449,DTHD1
4987,TUBG1,RP11-42I10.1,RP11-713P17.3,PLCH2,IL17RC,EIF2AK3,EPPK1,KCTD21
4988,ACER3,SLC25A51,MCM3,ANKRD46,SARM1,LINC01013,MLLT4,OTUD3
4989,ZNF93,SCYL1,RP11-701P16.2,CHST10,MED9,PALB2,RP11-707G14.1,ZNF93
4990,STAC3,STARD10,RP11-304L19.5,MFSD3,CYB5D1,RP11-22P6.3,CTC-444N24.6,ZNF28
4991,P4HA1,RREB1,TRIM46,ZNF70,CERS6,SIPA1L2,RBM12B-AS1,ADORA2A-AS1
4992,TRIO,CYB561D1,SLC16A11,CLEC2D,CYP2D6,POFUT2,RP11-225H22.7,RP11-463J10.3
4993,CDC42EP1,MYLK-AS1,AC009120.10,HAS3,GNG2,RP11-467P9.1,DLL3,AQP9
4994,PLXDC2,FBXW9,IFT80,ALG9,CTA-204B4.2,RP11-95D17.1,CTA-14H9.5,ZNF654
4995,ZNF251,HPCAL4,C14orf93,TTBK2,NUBP2,RHOBTB2,RP11-312B8.1,ZNF582-AS1
4996,IQCG,TMEM67,BTBD9,AC093391.2,THAP2,CBR4,ANKRD23,ADCY4
4997,SLC25A1,AMZ2,AP001610.5,CTNNBL1,CCDC120,RP5-1148A21.3,TRIM54,LIN9
4998,OSGEP,DDHD1,FBXO4,CEPT1,DOK3,SIRT3,RP11-227D13.4,CYP2U1
4999,C1orf50,DHFR,RP11-802O23.3,FAM47E-STBD1-1,RP1-265C24.8,SS18L1,SUGCT,C14orf182
5000,ROCK2,TACR2,CEP350,CDC26,SH3BGRL2,INTS12,GP5,RP11-1007O24.3
5001,PRICKLE4,KLHL15,RP13-638C3.4,AVEN,FRS2,ACACB,COL13A1,HIC2
5002,HS3ST3B1,STK11IP,INTS6-AS1,RP6-91H8.3,FBRSL1,P2RY1,RP11-504P24.8,MASTL
5003,ZBTB18,RP11-443B7.3,SPAG8,RIMS3,PARP1,TNK2-AS1,RP11-582J16.4,CLEC17A
5004,RUSC1-AS1,LRP5L,YTHDF3-AS1,CDK5R1,LRRC58,IARS2,CNKSR2,XXbac-BPG181M17.6
5005,SPICE1,PSMA4,RAB25,TMOD1,SAMD1,RP3-473L9.4,DCUN1D3,TNFRSF12A
5006,MARC1,IL2RB,DNLZ,RP11-390B4.5,AVPI1,CTD-2012K14.6,ADAMTSL5,ERMP1
5007,AC022182.1,PMM2,MXRA7,ZCCHC8,C16orf91,KLHL15,RPL34-AS1,DGKH
5008,TUSC1,FAM209A,WDR92,PSME4,CDIPT,GALE,TSKS,FAM160B1
5009,C10orf35,RP11-252A24.3,TFR2,AC009133.12,GPT2,TRIM34,TCAP,BRPF3
5010,DSTYK,NCEH1,CYP2U1,RABL3,DKFZP434E1119,EED,AF131217.1,POP1
5011,LIMA1,KIAA1324,RBM12B-AS1,OSGEPL1-AS1,RAD17,ABCB9,COX6B2,PAQR3
5012,CD302,KDM5A,FAM13A-AS1,C12orf66,ACVR1,TBP,CACNA1C-AS1,HPCAL4
5013,NEXN,KLHL20,CXCR1,ZFPM1,DSN1,AC007386.2,ABTB2,PDE8B
5014,RP11-5C23.1,RP11-731C17.2,TTC28,CLDND2,PI4K2A,IL1RL2,RP11-782C8.1,ALS2
5015,RP3-455J7.4,PANX1,EPN2,RP11-566K11.5,ZNF532,SEMA4B,CTD-2135D7.5,RFESD
5016,CUL4A,MSANTD2,PPA2,FAM66C,DHX32,IFI44,SNX33,RBBP8
5017,EMR1,ZKSCAN7,ZWINT,LINC00528,MYOM2,FARSB,NRXN2,FLJ27365
5018,CDC7,UCK1,FEM1C,DKFZP434E1119,TRMT10A,SETD4,CTB-47B11.3,ZNF771
5019,GPATCH11,C9orf64,EPS8L1,ITFG3,SIRPA,PIK3R4,RP11-656D10.3,SNAI1
5020,RP11-265N6.1,CENPL,FAM131A,NR1H3,ATP5S,ABHD16B,SLC10A1,CXCL3
5021,MATN1,FDXACB1,RSAD1,CMTM2,RP13-582O9.7,ZNF726,AC004381.6,LATS2
5022,RNASEL,ZNF524,PTOV1-AS1,MAP3K4,CCDC57,CACNA1A,CMTM4,SPRED1
5023,RP11-63P12.6,CISD2,TNK1,SEPT8,NUP85,C19orf68,BDNF-AS,ZNF121
5024,TTC34,A2M-AS1,FANCB,INTS3,BRPF1,C5orf34,TRPV3,LETM2
5025,TMEM38B,C16orf58,GIGYF1,CSNK2A2,KLHL21,NPIPA1,FOXD2-AS1,GS1-124K5.4
5026,SCLY,C5orf28,NPPA-AS1,CORO6,PIGA,CXCR2,C10ORF68,RP3-428L16.2
5027,GAS2L1,FAHD2B,GAB1,UFSP1,BTBD11,RP3-510H16.3,AP006222.2,B3GALNT2
5028,MTMR4,FAM3A,COPS2,ABCD4,ZNF740,C14orf79,ZNF223-1,FAM21B
5029,C7orf31,SLC37A3,RP4-583P15.15,EMC1,ZNF707,ARHGEF39,GPER1,RP11-126K1.6
5030,SMCR8,AL627309.1,SGPL1,MGST2,NCAPD3,RP11-173M1.8,TMOD1,CNTNAP2
5031,ZSWIM4,DYSF,SLC38A9,WNT10B,SEL1L3,FAM106A,CRYGS,TBKBP1
5032,ZC3H3,TCF20,CEP44,MRPS30,RP11-146F11.1,ADO,HSPB9,RP11-527L4.5
5033,SELP,RP11-159D12.2,ATRIP,RYR1,CRAMP1L,MYO16,LIPC,CTD-2576D5.4
5034,TBXAS1,CTD-2514K5.2,TMEM117,AK4,AC005082.12,ALG8,CIT,RTN1
5035,AC021188.4,CDK2AP2,AC016700.5,TNNI2,METTL6,ZNF667-AS1,CCDC26,CAMK2N1
5036,LINC00657,C16orf70,CELSR2,FUBP1,CASP2,ZBTB21,RP4-803J11.2,ZNF445
5037,SLC29A1,SMOX,PPP1R3B,ADCY9,FASTKD5,CDK20,RP11-271K21.11,ZKSCAN4
5038,ZNF382,NLRP2,FLCN,SQRDL,DNAJC18,RP11-110G21.1,CXCL9,ACPP
5039,C11orf68,FICD,RP1-92O14.3,PLD1,DYNC1I2,LINC00920,RP13-317D12.3,RP11-166P13.4
5040,SPSB1,TDRD9,CREBL2,CWC27,PTAFR,RP13-314C10.5,AE000662.92,MIEF2
5041,KLB,PPP1R8,AP001372.2,CCL3L1,NAPEPLD,SCO1,HIST1H2BH,MDK
5042,UBL3,ACAP1,MAP3K7CL,UPF3A,MAP1LC3A,PHAX,MYO10,FAM171A1
5043,ACD,VNN3,AC015987.2,RP11-647K16.1,CHEK2,PLK4,ITGA10,SH3RF1
5044,RP11-275I4.1,CXXC1,ATP2A1,GOT2,FOCAD,LINC00893,RP11-350G8.5,LRP5L
5045,RP11-161M6.2,RASGRP3,NFYC-AS1,DDX51,RAI1,CTA-407F11.8,RP11-525A16.4,HAL
5046,BFSP2,SPATA24,C5orf22,CERKL,FAM174A,CCBL1,PRR7-AS1,N4BP3
5047,RP11-680G24.5,TWSG1,ZNF436,AGAP3,PLOD1,TRAPPC2,AC103563.8,LINC01024
5048,PLOD1,XRRA1,DEPTOR,RP11-849F2.8,TRMU,LMOD3,MRPL30,LRRC29
5049,CAT,OGFOD1,AREG,APOBEC3A,NUDT8,ZNF259,RAVER2,ZNF501
5050,SLCO4C1,ASTN2,CTC-297N7.8,IDNK,SMG5,ADAM19,KAZALD1,DLGAP3
5051,STAG3,LINC00968,ABCD2,PCBP1-AS1,ZNF276,C7orf13,RP11-558F24.4,ELOVL6
5052,PARP6,TRAPPC6B,C2orf43,RP11-277P12.20,RAD51,ZBTB49,JMJD7-PLA2G4B,CTD-2035E11.4
5053,RP11-142C4.6,CROT,SEZ6,RP11-493L12.4,MYCBPAP,NEURL4,AC006547.15,THBS3
5054,RP5-821D11.7,C1QTNF6,FAM160B1,UXT-AS1,FBXO5,PANK3,PLXNA1,ZNF69
5055,PSMD6-AS2,RP11-661A12.5,C17orf58,RP11-403I13.4,MLH3,NUP107,RP11-930P14.2,CCL4L2
5056,TRAPPC11,AC009948.5,RFC3,PLXDC1,UTP20,FAM21C,BCL2L15,NIPA1
5057,ZCCHC7,NLE1,JMJD8,RP11-326F20.5,AP4B1-AS1,ZSWIM4,FAM72B,GDPD1
5058,ZNF543,PCMTD1,SPNS1,DDR1,COPA,RP11-326C3.12,CPA5,KLHDC8B
5059,NETO2,PDE4D,LRRC34,ASRGL1,ZHX3,CBX8,RP11-10C24.1,ZNF579
5060,LRP6,APIP,GLO1,TUBB4A,CHUK,PIK3CB,SLC6A4,REPS2
5061,THEMIS,ZNF235,RP13-131K19.7,COG5,PNP,TMED10,CDK5R1,DHFRL1
5062,POLR3A,ITFG1,ETS2,TRNT1,HNRNPH3,LYSMD4,RP11-456D7.1,OSBPL1A
5063,SPIN1,XXbac-B135H6.18,NIPSNAP3B,CKAP4,TSNARE1,DDX20,TUBB4A,CLCN5
5064,F13A1,C1orf228,GUCA1B,TTC30B,AC004463.6,RBAK,BNC2,RP3-525N10.2
5065,ALDH3B1,TMEM87A,ESCO2,RP11-383J24.6,FAM122C,RP11-803B1.8,TRIM61,ZNF565
5066,NUDT13,ME1,ZNF772,ACSL5,RP11-327F22.2,AMIGO2,SAMD12,PPP1R3F
5067,DHTKD1,BCAT1,AC009501.4,RP11-23P13.7,RPGR,FER,HIST2H2BF,CCNYL1
5068,TKTL1,IP6K2,ANKRD46,HDDC2,ADCK4,KLF16,RP11-23P13.7,LINC01013
5069,LRRC42,CCRL2,RP11-372K14.2,YWHAG,RBM15,PPFIBP2,RP11-195F19.9,IGFBP3
5070,KAT7,LMTK2,RP5-1115A15.1,FOSL1,CHTOP,HECTD3,PPIP5K2,AF213884.2
5071,SUCO,UACA,FANCC,AVPI1,UBFD1,RP11-192H23.6,AXIN1,VAV2
5072,ZFP41,TSHZ1,RP4-549L20.3,RP11-95D17.1,PPP1R12C,AC016757.3,CTB-129O4.1,ATXN7L2
5073,AP000476.1,SYT11,CTD-2350C19.2,TCFL5,EME2,AC020571.3,RP5-1042K10.10,LMOD3
5074,RP11-730K11.1,VPS52,PHAX,IL24,ENTPD1,RAB33A,CTC-507E2.1,MAGEE1
5075,BBS1,ACOT4,NEDD4,RP11-488C13.5,CHST14,ZNF570,SERINC4,ZNF605
5076,ROBO3,TTC13,HSD17B14,ANGEL1,NRXN2,TSR1,CYP2D6,AGAP3
5077,RP11-1060J15.4,UBP1,ACAD11,NAB1,MGEA5,KATNA1,EFEMP2,EXT1
5078,NCAPD3,DHX32,ASF1B,C19orf47,PHLDB2,SHF,FAM218A,ARMCX2
5079,RNF103,RN7SL832P,PDK3,AARS2,RP11-706O15.1,RP11-218M22.1,TMEM136,HUS1B
5080,RP11-135A24.4,TAF1C,NEK4,RP11-307C12.12,ME2,RP11-350N15.5,RP11-83N9.5,AMIGO1
5081,MORC4,FBXW11,ZNF75D,MIR4453,GPATCH1,FOXD2-AS1,CCDC163P,SLC7A1
5082,KLHDC10,BCL3,DNAJC14,CLIC5,NRG2,AURKA,MIR3615,BAALC
5083,UBN2,SLC45A4,MAST2,TDRD3,C15orf26,ZNF17,ZNF239,RNLS
5084,DUSP14,NR3C1,MORF4L2-AS1,SF3B3,SUV420H1,RP11-124N14.3,LINC00968,LYSMD4
5085,SKAP2,ASUN,HIST2H2AB,RAD52,PFN2,ZNF440,PHYHD1,MICALL1
5086,OSBPL5,STK35,RP11-290D2.3,AC006116.20,ZXDA,TMEM27,KRT23,RP11-1017G21.5
5087,RP11-755B10.4,PTPLA,RP11-649E7.5,RRAGB,FSIP1,ZNF445,SEMA6B,C16orf93
5088,CAAP1,TMEM105,CTD-2545M3.2,FRS3,TESK1,ZBTB45,EIF3C,MMP11
5089,EAF1,FBXL14,RP11-417F21.1,CD19,TNFRSF10B,MBD5,RP1-224A6.3,SLC38A11
5090,XRCC6BP1,TMEM180,CTD-2583P5.3,CIT,JUND,MOCS1,RP11-467P9.1,MUC12
5091,FAM65C,LARP4,CD1B,GALNT7,ETV7,ABCG1,RP11-106M3.3,FBXO2
5092,XXbac-BPG181B23.7,NBPF20,WWC3,ZNF395,HSPH1,RAP2A,CAND2,TRAPPC12-AS1
5093,ANKEF1,RP11-474G23.3,RP11-298J20.3,GMNN,NUDT19,GS1-124K5.3,CCL3L1,DNHD1
5094,MEOX1,ADNP2,RASA1,FCHSD2,GIMAP4,DST,ZCCHC24,RP11-499P20.2
5095,FGL2,MED12,MED6,C17orf107,C9orf139,RP11-337C18.8,OMG,RP5-1050D4.3
5096,B3GALT2,RP11-16E12.1,AC015971.2,CTD-2410N18.3,SCPEP1,PTPN13,RP11-247A12.2,PRELID2
5097,ZACN,CCDC25,ARL15,PHLPP1,FYN,ZNF425,AC012074.2,ZXDA
5098,DET1,ING5,RP1-100J12.1,SLC16A13,LRRC16B,C19orf82,SKA1,ZNF280C
5099,CRIP3,AC145212.1,MSMO1,CTD-2555O16.4,PHYHD1,RP11-424N24.2,NLGN4Y,NDUFB2-AS1
5100,RP1-317E23.3,PRKD3,NUP62CL,PLB1,WDR26,PFDN1,NUP62CL,BLOC1S3
5101,MAN1C1,EEFSEC,RP11-337C18.8,AP4E1,SLC44A1,METTL1,TMEM27,CARM1
5102,GPATCH2,ZNF417,EFNA3,C10orf76,FBF1,PROCA1,LINC00106,ZNF484
5103,TPD52L2,RP11-158M2.3,STX6,LINC00299,KLHDC8B,AC015971.2,PTPRM,C1orf233
5104,KCNMA1,POMZP3,HIST2H2BF,AC006129.1,AGAP1,HOXA-AS2,RBL1-1,RP11-326F20.5
5105,ASPH,EGR2,ZNF846,SIAH2,GPAM,ZNF184,RP11-750H9.5,CTD-2012K14.7
5106,RPS6KA4,ZNF35,CDK3,TMCC2,RP11-774O3.3,ZFP91,ZNF517,RP11-138I1.4
5107,DGAT1,LONP1,CTD-2196E14.4,RP11-326C3.12,AC002467.7,IPO13,MYBL1,C1orf53
5108,TCF7L2,KNOP1,PINLYP,CD6,GMEB2,CTD-2368P22.1,IFITM10,CCDC15
5109,KIAA1432,RP11-473M20.7,ZNF282,DAZAP1,TBC1D1,AC008443.1,B3GNT9,ZFAT
5110,KIAA1468,RP5-894A10.2,PQLC1,C10orf12,HSD17B8,GPR153,RP1-140A9.1,FAM153B
5111,RP11-46C24.7,UPK2,IRGQ,CITF22-92A6.1,C2orf44,AC005253.2,RP5-1074L1.4,PEX11G
5112,CCDC92,ME3,AC113189.5,C1R,RP1-257A7.5,PTGIR,RASIP1,RUSC1-AS1
5113,ZNF142,MPV17L2,ENTPD1-AS1,RP5-1024G6.7,CDKN3,LRRC46,RP13-314C10.5,PLB1
5114,CYB5D1,RP11-327F22.2,RP11-727F15.12,RCL1,RPRD1B,KRT72,PEX12,KIAA1958
5115,TNRC18,CEP19,LRRC45,DOCK11,UBE2H,GTF3C3,PEBP4,DNAJB4
5116,PEX11A,ZBED6,ZNF628,CEP85,G0S2,GLTSCR1,C12orf60,NLRP2
5117,GNA13,RP11-552D4.1,CTD-2516F10.2,FXYD7,RP11-70P17.1,DOCK4,ABLIM2,ITGAV
5118,MTF1,RP4-781K5.2,LRRC16B,UBP1,TMEM229B,PSD4,RP11-89F3.2,RP11-398K22.12
5119,RP11-295G20.2,ABCA3,RP11-98D18.3,RBM17,ZSWIM4,ABCA3,GPR63,PRC1
5120,SLC25A32,C5orf42,THEM6,NUDT9,LGALS4,ETHE1,GAL3ST4,RP11-686O6.2
5121,CTTNBP2NL,UBA6-AS1,COL17A1,HIF1A,AP000783.1,RP13-516M14.1,ANKRD34B,TTC12
5122,RP11-70P17.1,MPO,FCGBP,STARD5,HBS1L,RP11-517P14.2,SOX12,RP5-1092A3.4
5123,SH3GLB2,TMEM220,ZNF711,LINC00957,ZNF442,DDX1,ZFPM1,RP11-535A5.1
5124,RP1-315G1.3,LNP1,RP11-215G15.5,TMEM180,BRF1,PKD2,VIPR2,RP11-490O6.2
5125,C1orf101,NFATC1,GTPBP3,NARFL,ZFPL1,RSG1,THUMPD3,MAST2
5126,C1orf200,KDM1A,RNF141,SPATA20,RP11-884K10.7,KCNE1L,SMCR8,REEP6
5127,ZMPSTE24,RELL1,MYH11,LEMD3,TBC1D30,GNGT2,RP11-96K19.5,PLEKHA5
5128,SRXN1,BEX1,CTB-114C7.4,RP1-202O8.3,RP11-499P20.2,RP11-536C5.7,POLN,ZDHHC8
5129,FNIP1,ZNF101,ZNF620,TBCEL,TNRC18,RP11-299J3.8,PFKFB2,RP11-5C23.1
5130,CHEK1,RP11-279F6.3,TNPO3,FKBP1B,TMEM205,ZNF565,LRRC37A,ZBTB32
5131,ENPP5,ANKRD16,RP11-362K14.6,AC078883.3,SLC2A6,TREML2,IL10,C21orf49
5132,CUBN,ABHD10,CTD-2619J13.14,NACC1,CPT2,RB1CC1,RP11-160H22.5,CCL2
5133,NOD2,RP11-473M20.14,MDC1,WEE1,DOLK,RP4-575N6.4,RP11-644F5.16,CTA-384D8.36
5134,KCNC3,CHEK2,HTT,ZMAT1,CSTF2,RP11-421L21.2,AC083843.2,TMEM30B
5135,RP11-391M1.4,IL27,RP11-327F22.2,CTPS2,THAP9,U47924.31,RP5-899E9.1,TFR2
5136,ZNF569,ZNF689,RAPGEF3,CLEC12A,TTLL5,C2ORF15,NUAK1,DTX1
5137,LLGL1,RP11-35G9.3,C5orf55,SGOL1,SIGLEC9,IL24,AP000476.1,GET4
5138,CA2,ZNF513,CR1,EDA,KIAA0125,PPP4R2,MXRA7,L2HGDH
5139,RAP2C-AS1,RP11-67L2.2,CNTROB,CDC20,SLC33A1,LXN,LINC00630,DDX11
5140,SNCA,RP11-156K13.3,PFKFB2,RP3-508I15.22,CTC-523E23.11,AIFM2,TMEM52,AC074183.4
5141,YES1,HEATR5B,ZNF804A,MED4,ARL4A,ZSCAN16-AS1,ZNF415,RWDD3
5142,SLC9A6,LSS,AF131217.1,ZNF484,MX1,SBF2-AS1,KHDRBS2,PROS1
5143,HPSE,NOP9,CD2BP2,GXYLT1,FIZ1,KCNH8,CDON,A2M
5144,CYB5R4,CTD-2012J19.3,SLC25A20,ZNF213,CDK13,TGS1,RP11-342M1.3,RIMKLB
5145,SLC25A35,CYP2U1,SLC39A6,USP45,CLEC4E,RNF32,KIAA1211L,RP11-178C3.2
5146,FLOT2,CELA1,POMT2,PCSK6,DOK7,RAD51,EIF4EBP3,DNAJC27-AS1
5147,C11orf31,RP11-809O17.1,DNAJC9-AS1,MTERF,ODF2,AC069513.4,RP11-356N1.2,ZKSCAN3
5148,IFT27,RP1-266L20.2,RP11-159G9.5,TXNDC5,TSC1,TMEM99,AC008174.3,GPR146
5149,WDR12,CCT6B,CD38,RP11-342K6.1,C1orf228,LIN54,AC011747.4,CTD-3193K9.4
5150,DDIT4,DPP3,PLAG1,AK9,ZFP3,RP11-305K5.1,LAMA5,CTC-338M12.5
5151,BICD1,IRS2,HIST1H2BG,STON1,HEATR1,C1orf101,RP11-884K10.7,AMACR
5152,SLC16A1,HIST1H4A,MCF2L,CLDND1,ZSWIM7,TRAM2,RP11-532F12.5,ALG11
5153,RPH3A,NEK3,ZNF776,SLC2A11,C3orf18,NAV1,RP5-1112D6.4,SPOPL
5154,SRC,C8orf44,AC018755.1,ATXN1L,ENDOG,LRG1,RP11-996F15.2,GLTSCR1
5155,TXNDC15,BAMBI,ALDH18A1,CPSF3,LDOC1L,RNLS,OCM,ZNF81
5156,AP1B1,LY75,RP4-816N1.6,AC091729.9,AC002310.12,ZNF439,PLD1,SOGA1
5157,RP11-262H14.4,GPR27,ANKRD37,GREM2,COPZ2,EIF5B,EFHD1,TMSB15B
5158,RAD54B,RP3-525N10.2,FA2H,PCBP4,SCAMP3,RP11-764K9.1,RP6-206I17.2,CYP1B1
5159,MGST2,HEXIM2,ATP13A2,CTD-2020K17.4,SCRN1,PPT2,BEND4,IL17RC
5160,PLGLB1,CPSF2,ERMN,NOD1,CRY1,ZNF573,WNT2B,MYO6
5161,AC004257.3,CNN3,AC004381.6,RP11-388M20.1,ATXN2,ZNF71,GTSCR1,CDC42EP1
5162,BDNF-AS,LINC01023,PIGQ,THTPA,GPN3,CORO7,CTA-373H7.7,RP1-187B23.1
5163,SLC25A45,DLD,SMIM10,VPS13A-AS1,EIF4A3,RP11-775D22.2,RP1-234P15.4,CAHM
5164,ANKLE2,RP4-536B24.3,C2orf74,ZNF396,AF213884.2,A2M,AC008440.5,EMR3
5165,PLCB1,BTG3,CTD-3203P2.2,PQLC2,PHGDH,EIF3B,SLC19A2,ITSN1
5166,SKIV2L2,RP4-607J23.2,UROD,SPIRE1,TMEM86B,RAB40C,CH25H,RP11-448A19.1
5167,VSIG8,SIDT1-AS1,TIMP2,LRRC8C,C12orf49,CRYZ,RTEL1-TNFRSF6B,RP11-152N13.5
5168,FEM1C,TMEM194A,RNF219-AS1,RP4-784A16.5,DDX24,PARPBP,FAM132A,ZSCAN21
5169,TM2D2,CBX8,C12orf61,SPIN3,ZNF45,TRIM16L,RP11-700H6.1,TMEM67
5170,INTS7,DCUN1D1,PAQR4,AGBL3,FAM173B,C5AR2,SIRPD,RAB3A
5171,LTC4S,BAIAP2-AS1,JAM3,RAP2A,TBC1D5,AC004540.4,HIST1H2BF,PDPR
5172,CCDC141,NUDT13,ZNF564,SBF2-AS1,ZBTB40,CHFR,RP11-390F4.3,ANKRD55
5173,ADORA2A-AS1,SPATS2,TSTD3,ZBTB3,CNTNAP2,RP11-348F1.2,PTOV1-AS1,C19orf54
5174,PLXNA3,RP3-508I15.21,TROAP,APOLD1,C5orf30,BOLA2B,CSNK2A3,IRAK1BP1
5175,PTTG1,NCAPG2,CYP4F22,SNAI3-AS1,KSR1,KLHL5,AL136376.1,KCNMB4
5176,RP11-677M14.2,FAM213A,SH3BP5L,ZNF649,USP3,RHOD,ZNF57,LGR6
5177,FAM134B,ERCC5,EIF4G2,AL136376.1,XKR8,THEM6,CLIC5,EPDR1
5178,SLC1A5,ZNF595,AC069363.1,PPP1R13B,TPP1,TTTY15,GPR20,RP11-46C24.7
5179,DENND1A,DNAJB1,AC008443.1,SLFNL1,SIPA1L3,TSNARE1,LRTOMT,CDK20
5180,NEU1,SH2D3A,C5,DNAJC3-AS1,IL12RB2,RP5-1074L1.4,PLGLB1,SWT1
5181,SFXN5,POMGNT1,ZNF165,HERC6,LY75,CTD-2545M3.2,MTSS1L,MCM8
5182,DONSON,SLC17A9,HRASLS,DNAJC18,KRCC1,C9orf169,CTD-2410N18.3,AC007228.9
5183,SARDH,TSTD3,FAM53A,ZNF230,MTHFD2,FAM135A,AC006994.2,RP11-128M1.1
5184,RP11-166B2.8,RIC8B,MROH1,TECPR1,ACY1,UBA7,SUOX,STXBP5
5185,PLEKHH2,PLCB1,VARS,C5orf55,PDS5B,GKAP1,FAM167B,ROCK2
5186,NOP14,FAM129B,HSCB,EPM2A,MBNL3,PRKAG2,RP11-259K5.2,USP49
5187,REG4,LINC01146,B3GALT6,CTD-2350C19.2,POLH,ZDHHC6,DUSP8,STAM2
5188,ZNF724P,GPR34,ATP6V0A2,CPEB2,SMURF2,RASA4B,ZFP28,RP11-53I6.3
5189,ZNF700,BRSK1,RFWD2,HIRIP3,RP11-611E13.2,BRPF3,RP11-641A6.2,DST
5190,FUNDC1,FARSB,MOB3B,C22orf43,RP11-20B24.5,RP11-367J11.2,RAP2C-AS1,C5orf66
5191,TEX14,BMP1,TSSK6,DUSP19,ZNF589,RP11-66N11.8,RP11-277B15.3,ZNF793
5192,RBM11,STX16,LGALS12,ADAMTS10,CHKB-AS1,RP11-563N4.1,RNF32,CAPN3
5193,RP5-1180C10.2,ABCD2,RECK,DUSP6,IFNL1,RASAL1,DYNC2H1,DGAT2
5194,PSMG3,INTS8,PLXNA3,FLYWCH2,PDE4D,ATP6V1F,CERKL,SGCB
5195,FAM199X,SNX24,CTD-2288F12.1,ME3,RNASEK,PLCL1,KDM4D,RP4-813F11.4
5196,RBM48,RP11-1000B6.3,RTKN,ELF2,CIZ1,ZNF689,CTD-2165H16.4,NPIPA1
5197,ZNF446,DHX16,OSCP1,BCOR,WBP4,NFE2L3,HRASLS,RP1-29C18.10
5198,ZDBF2,NLRP3,IL21R-AS1,RP5-930J4.4,TTTY14,PECR,HPD,RP11-313P13.5
5199,RPS6KB2,PRPF4,CTD-2368P22.1,SMG5,RN7SL832P,DNAJC5B,ADAM12,AEBP2
5200,TPI1,ITGB3BP,EPPK1,NR2C1,CCL4L2,ATP7A,DYNLL1-AS1,CAMKK1
5201,RP11-378A13.2,APC,GLCE,RP11-309G3.3,PAFAH2,HIVEP2,GPR133,RP11-553L6.2
5202,AKAP5,RP11-111A22.1,ITPKB-AS1,GTF2H2C,IPP,GFI1,RP5-1043L13.1,RP11-386G11.5
5203,RP11-448A19.1,CCDC132,ZNF587B,ZSWIM3,ARF1,AC096772.6,BCL2L14,ZC3H10
5204,EP400,TCP10L,HIST1H2BF,RP11-192H23.6,RP11-124N14.3,CAB39L,BATF2,ZNF879
5205,CTC-338M12.6,PHKA2,NDC80,CYSLTR2,EPB41L2,TFB1M,AC090186.1,CRYBG3
5206,FAM160B2,UBIAD1,RP11-10L12.4,MED23,GYG1,KCNMB4,ZNF629,RP11-146F11.1
5207,FAM206A,CLOCK,RP11-477N3.1,NAA30,PCBD2,C19orf44,MIR146A,ZNF674-AS1
5208,C12orf65,SYP,FAM71D,TLL2,ZNF107,SNAPC2,AC005944.2,RP11-1391J7.1
5209,HSPA14,EAF1-AS1,METTL14,AP001610.5,SNAPC1,NOP9,AP000254.8,LARS2
5210,LINC00937,ARL15,CTU2,C10orf95,NPIPA5,POLN,RP11-805J14.5,KCNMA1
5211,FUT11,IL4I1,HCG25,AP000783.1,RCBTB1,CTB-114C7.4,CTD-2353F22.1,AFMID
5212,SORT1,TTC21B,XPNPEP3,RP11-307C12.13,RP11-505P4.6,ENPP5,C2orf47,ZNF10
5213,CPA5,CASC5,STAM2,CXorf23,PTAR1,SALL2,RP1-265C24.8,ATN1
5214,CCDC73,GPER1,DGAT2,RP1-151F17.2,MRPL47,NT5E,AP003774.4,EDC4
5215,IL1B,DIEXF,RAD18,DTHD1,YTHDF3-AS1,RP11-333E1.1,WDR11-AS1,RP4-673M15.1
5216,NUGGC,RNF19A,CAPS2,CCDC117,CENPJ,RP11-57H14.2,TCFL5,AMMECR1L
5217,OGDH,RP11-566K11.5,GALNT7,POMC,ADCY7,RP11-73K9.2,RP1-191J18.66,SLC36A1
5218,VHL,PHF21A,ZC3HC1,DLG5,TRAF3IP2,SLC4A8,EZR,ATP6V0C
5219,RP11-973H7.1,AKR1E2,IRS1,WNK3,ZNF75D,ZNF619,RP11-830F9.6,ABCB10
5220,ZNF598,ZSCAN16-AS1,UACA,DCP1A,SLC25A20,PLEKHG2,B4GALT5,SLC16A5
5221,PFKP,RP6-109B7.3,AL354822.1,B3GAT2,HIATL2,ZRANB3,YOD1,MPP5
5222,USP3,B3GAT3,STRADA,SPATA41,DNMBP,RP11-54O7.11,NPIPA5,CXCR1
5223,C21orf58,RP11-423O2.5,RCOR1,TMTC4,B4GALT7,IKZF2,CHN1,NCAPH
5224,HOMER2,AZI1,NAA25,RMI1,C11orf74,AC004893.11,CLDN12,HOMER1
5225,ANKRD18B,SAP30,CCDC73,METTL21B,DLEU1,CTD-3074O7.12,ITPKB-AS1,RASL11A
5226,FPGT,WDR27,DOCK7,SSH3,STK38L,ZNF252P-AS1,CCDC85C,KIF19
5227,ZRANB1,ARSE,SLC37A2,RRAGD,AC109826.1,AEBP2,RP11-266J6.2,MANEA-AS1
5228,ZNF681,DNAJA4,CABP4,CTD-2256P15.4,SYTL2,PKMYT1,EPM2A,SERAC1
5229,LMO4,ADAM23,ZNF530,FAM106A,EEA1,DCUN1D3,CEP170B,ZNRF1
5230,RP11-90D4.3,PRPF40A,DYNLL2,PLEKHG4,MIIP,NUP133,CTD-2555C10.3,KCTD7
5231,PUS7L,PIAS2,ARMCX4,ARHGEF19,CLCN3,C10orf105,TMEM45B,HILPDA
5232,SCD5,ZCCHC17,CDC25A,RP11-395B7.4,IFNGR1,TLK1,ZNF84,RP11-532F6.3
5233,C11orf24,F5,SHPK-1,CDK14,PIK3R2,APOL1,STXBP4,CCND2
5234,TVP23C,CBLN3,RP11-805I24.1,MIR181A1HG,STON2,DUOX1,RP11-805I24.1,AL139099.1
5235,PPFIBP2,ZFP57,APC,RP1-20N2.6,RBM45,AC007285.6,AC004069.2,TRIM62
5236,SIRT4,IDUA,ZNF565,CTC-550B14.7,CTD-2231E14.8,TMEM169,DTX4,XPNPEP3
5237,RP11-178G16.4,RBM12B,CLEC16A,ADNP2,FAM189B,RFXAP,RILPL1,RP11-378J18.3
5238,AP4S1,RIN1,CERKL,FOXP4,TNFAIP8L1,RP11-259K5.2,TRBV11-2,IFNGR2
5239,RP11-247A12.2,C14orf64,TMCO4,RP11-666A1.5,NUDT3,SLC43A3,ACAD11,RP11-820I16.4
5240,PCNXL3,FBXO6,YOD1,RP11-643M14.1,RP4-798A10.4,RBM28,RP11-206L10.9,RP11-85A1.3
5241,AC093495.4,TNFRSF10A,PTK6,CTC-273B12.10,ASF1B,RP3-400N23.6,RNASE3,CYP51A1
5242,ZNF189,KRT23,CTB-118N6.3,FNTB,ATM,CTD-3193K9.4,RP11-42I10.1,RP11-522I20.3
5243,PTCD1,FRMD4A,HIST1H2BH,ZNF641,CDHR3,CTB-129P6.4,RP3-467K16.4,TAF5
5244,LAMA5,TP53INP1,ZFP1,PIGW,AC009120.6,ATP8B2,CTD-2210P24.4,ZNF525
5245,PXMP2,POLA1,RP11-483P21.2,CTC-246B18.10,IKZF2,RP11-108M9.6,TFAP2E,ZNF852
5246,RPS17,C19orf35,RP11-190C22.8,CTD-2035E11.4,MON2,PODXL2,RP11-417F21.1,RP11-819C21.1
5247,MAVS,TRAF6,CENPU,CBWD2,AUTS2,TRAM2-AS1,C9orf24,FAM229B
5248,SETMAR,RP11-533E19.5,NT5DC3,AC074183.4,USP21,NEB,RP11-511B23.1,GATM
5249,LRRC23,RP11-566E18.3,RP11-441O15.3,TRPM7,ZNF787,EFHC1,RUNDC3B,RP11-354P11.3
5250,SYCP3,GLTSCR1,C2orf81,SZT2,NOS3,HIST3H2A,KRT2,ZNF737
5251,ZBTB8A,RFX3,FSCN3,MTSS1,ADTRP,RIN2,ELANE,NCEH1
5252,ATXN7L2,TRIM52,PLAGL1,GNG11,FRMD4B,RP5-827C21.4,AC073115.7,SLC25A10-1
5253,TTC24,WDR91,AARS,RP11-894P9.1,FAM167B,AGER,TACR2,FANCI
5254,LBX2-AS1,FAM151B,TMEM99,CUL5,ZNF586,JSRP1,CTB-114C7.4,AC023590.1
5255,PHOSPHO2,NAE1,GPR180,RNU11,LEKR1,ENTHD2,RP11-134G8.7,CCSER1
5256,UTY,INHBA-AS1,CALD1,KLHL9,LINC00511,SPATA5L1,HTRA1,ZNF257
5257,MED18,GADD45G,PARG,CLPB,DCBLD2,L3MBTL1,C19orf44,RP11-426C22.5
5258,ZNF578,AREG,GLIPR1L2,ZNF577,ZBTB45,RWDD2A,AC018766.4,AC007246.3
5259,PWWP2A,BPNT1,RP11-1391J7.1,RPH3AL,CTD-2192J16.22,FAM109B,TIGD7,UFSP1
5260,CTSL,RP11-97C16.1,C12orf68,ZNF512B,PGAM5,CTB-32O4.2,SPATA21,AP001053.11
5261,AC110771.1,ENKD1,VPS9D1-AS1,MMP25,PIGQ,C15orf52,C17orf51,RP11-505K9.1
5262,NEB,KBTBD3,FGFBP3,FURIN,SEC14L2,PDXDC1,LRP5,CD1A
5263,RCHY1,RNF103,C1orf213,FAM132A,PFKFB3,RP11-258C19.7,DOK4,FFAR3
5264,RP11-400F19.6,CRYBG3-1,CTD-2517O10.6,XPO4,RTTN,DENND4A,ZNF300,ERCC8
5265,BIK,KIAA0895L,EAF1-AS1,ZNF506,RPIA,LRWD1,AC004540.5,PLEKHG1
5266,VCPIP1,PRPF39,MIEF2,LA16c-358B7.3,POLI,APBB1IP,ZFP3,MYB
5267,TAF11,CNPY4,SPAG4,PEX7,CTD-2666L21.1,CTC-534A2.2,CCDC3,RP11-563N4.1
5268,SLC12A4,MTX3,BBS10,LRRC28,P2RX4,C10orf12,RP3-465N24.6,USP45
5269,PDK3,POMT2,MADCAM1,ZFP14,LRRC69,TMEM63C,KCNAB3,ZSCAN30
5270,RP1-43E13.2,NINJ2,KIAA0391-1,VSIG8,CSTA,GPHN,CCNJL,MYEF2
5271,CEP97,ZNF883,MCM10,TMEM63C,DYNLL1-AS1,IFT122,MAP3K9,AC009506.1
5272,PITPNA,ZSWIM6,HM13,C11orf82,AGFG1,TUBGCP4,GATS,ZNF569
5273,MSANTD2,MINOS1,TRIM60,SMAP2,HNRNPA3,MAP1B,RP11-77H9.2,ORC6
5274,DDX42,RP5-864K19.4,ATP6AP1,CTA-250D10.23,DCUN1D3,PAWR,CTD-2532N20.1,GHRL
5275,ATF1,SCRN3,ATP8B1,ZNF544,DCLRE1B,AC015849.19,RBMS2,RNF103
5276,CCDC138,CTD-2083E4.6,ABTB2,POMT2,ZNF598,CCSAP,PCSK4,ERC1
5277,ALKBH4,RP11-498C9.3,TEX12,KCNK6,CYSLTR1,CABP4,ZFP2,TRIM66
5278,ZFP62,RHOU,ZNF551,SLC25A29,MESDC1,SEMA4C,ANKRD18B,RP11-66N11.8
5279,GRK6,RP11-732M18.3,ZRSR2,TOP2A,SPAG1,FARSA,C4orf47,RAB39B
5280,PRDM8,SART1,EMC1,RP11-793H13.10,FAM86C1,ATP2C1,CHGB,ZNF404
5281,SLC27A5,EPN2,VNN1,KIAA1524,LINC00494,LPCAT4,RP11-473M20.16,RP11-1100L3.8
5282,C19orf82,MYCBP,ZNF81,KBTBD7,GLOD4,BBS10,CTD-2517O10.6,RPS6KL1
5283,RP11-402D21.2,STK19,ZSWIM3,STRN3,PGS1,NUDT17,RP11-973H7.1,ZNF808
5284,EHBP1,RINT1,MAP7D1,CXorf21,ALG9,RTKN2,ZNF486,HLX
5285,PPP4R2,C20orf194,SPATA2,CCDC130,BYSL,ERMN,DNAJC28,CTD-2231E14.8
5286,AC009005.2,UBASH3A,RP11-407N17.5,RAB38,EPS15L1,LRRC40,THNSL2,SMG8
5287,FCHSD2,MMP14,ZNF486,BRAF,RP11-469M7.1,NAPG,LINC01119,HPDL
5288,IRF4,RP11-252C15.1,UCHL1,MYO18A,VAT1,PAPOLG,ALDH4A1,AC115618.1
5289,WDR54,TXNRD3,ZNF578,DOCK7,RP11-707G14.1,CCDC13,RP11-423H2.3,LIPN
5290,AC079807.2,ZCCHC24,CYP51A1,RTF1,SYCP3,THAP3,CTD-2006K23.2,TRPM2
5291,RAB11B-AS1,HOXA5,VPS9D1,FAM72B,MNT,CHST15,SLC4A5,BAIAP2-AS1
5292,SETD9,TSPAN2,ERC1,ENPP4,SF3B14,PLEKHB1,FAM110B,COL19A1
5293,C4orf33,LINC00957,CAPN10-AS1,AKR1E2,ZNF121,RP11-326C3.15,FAM178B,DMWD
5294,RP11-337C18.8,RP11-498C9.15,RP11-1149M10.2,LIME1,OAZ3,VPS35,CELSR2,FUT10
5295,OSBPL1A,USO1,PLGLB1,C11orf49,BNIP1,NTNG2,GPM6A,FGFRL1
5296,C3orf58,STAG2,DSCC1,HS2ST1,C17orf72,SEC24B-AS1,UPK2,TMTC2
5297,ZSWIM1,ECHS1,RP11-91G21.1,NCKAP1,THAP4,CSF1,LY6G5B,ZNF410
5298,CTC-523E23.1,FRS3,LETM2,RP11-295P9.3,FLJ20306,GPR114,RP11-339B21.13,POLR3B
5299,SIMC1,SPESP1,ABCD3,CDADC1,C15orf48,MTUS1,BOP1,MORF4L2-AS1
5300,AMPD3,B3GALT2,WRN,ZNF324B,KIAA0196,PET112,LRSAM1,RP11-644F5.11
5301,CDC37L1,HIST1H4I,TTTY15,NPIPB4,RN7SL1,AMZ1,CTC-260E6.6,ZNF235
5302,RFX2,HPD,CLSPN,C21orf59,XAF1,ZNF852,C3orf52,NR2F6
5303,TPST1,MAP10,METTL15,AP1AR,RP11-111M22.3,RP11-426C22.5,AC108488.4,RP11-16E12.2
5304,PLAG1,VMAC,CDK11B,PRRT2,HECTD4,SEC31B,RIMS3,ZNF248
5305,FUT4,TRIM3,SORBS1,MXRA7,RP11-1007O24.3,LEAP2,SKA3,CEP152
5306,ZNF420,AVEN,OIP5,UFM1,PPIL6,FAM50B,LIME1,CECR5-AS1
5307,SEMA4C,AC074183.4,SLC45A4,SMARCAL1,MLST8,ZNF555,RP11-661A12.14,ANKRD22
5308,RBBP8,ZBED4,UBIAD1,PLCL1,MRPS18A,LRRC1,PRRT2,EPB41L2
5309,AC159540.1,ERV3-1,GTF2H4,TNS3,SRF,OAZ3,ALPL,ELOVL4
5310,RBBP5,AZU1,CXCL10,RP3-402G11.25,CTC-241N9.1,ZC4H2,ZNF391,RORC
5311,PDE1B,AUH,PGM3,ARL17B,GAREML,CHPF,ZNF578,FAM185A
5312,CEP350,ITGA4,STARD8,ZNF57,MAGEE1,MTMR1,RP11-379K17.12,HSF2BP
5313,KRT7,FAM127C,APOOL,NAT14,AC074117.10,KIAA0430,DPF3,PDZD4
5314,PYCR2,SLC25A53,MFAP3,C5AR2,MYLPF,ZNF432,P2RY1,RP13-582O9.7
5315,ACTR3C,GPR82,CITF22-92A6.1,NGDN,UVSSA,RGPD2,MCAM,AC074138.3
5316,AL441883.1,CBX2,ACVR1B,P2RY2,FAM134B,MIR378D2,RP11-348F1.2,KHDC1
5317,SH3BP5L,ENOSF1,TIMM21,NFKBID,GDI2,ZNF513,GPR27,FAM173B
5318,CTD-2186M15.3,SIMC1,DLGAP1-AS2,TLN1,MIB1,PODN,RP11-90P5.2,RP11-74E22.3
5319,LINC-PINT,ZNF862,LINC00843,SNPH,TCF7L2,BRCA1,TUBG2,LBX2-AS1
5320,SKIL,ZSCAN22,UFSP1,MTRF1,SLAIN1,ZNRD1,AGAP1,ZNF839
5321,GPR75-ASB3,GPAM,RP11-13P5.1,ZNF292,SLC18B1,AC079807.2,RBM12B,B4GALT6
5322,C16orf58,MERTK,RP11-385F7.1,RP3-428L16.2,RP11-339B21.13,CLCN1,GVQW1,IREB2
5323,HPS4,RP11-830F9.6,RP11-134P9.3,ZNF726,BET1L,EDRF1,C12orf39,IFNLR1
5324,RBL1,CALCRL,OMA1,TMEM136,ZNF408,NAPEPLD,RP4-549L20.3,FANCD2
5325,RP11-566E18.3,GPATCH11,TGIF2,PRC1,NFIL3,ATXN7L2,TPO,ZWILCH
5326,SUMO4,RP1-191J18.66,HSPA2,FAM19A1,CCDC51,DDHD1,CTD-2350C19.2,SPATA41
5327,JKAMP,KLHL25,ZNF571-AS1,PDE2A,IFITM10,N6AMT2,AGAP5,SACS
5328,STAG2,SLX4IP,ZNF518B,USP32,WDFY4,MSI2,LINC00304,AP000692.10
5329,KDM4A,KLHL26,RP3-402G11.26,RP11-85F14.5,ZSCAN5A,ZNF85,NAA60,GRAMD4
5330,GMEB1,MICALL2,LPP-AS2,RP11-134G8.7,ST6GALNAC4,C10orf2,CAPN8,SLC22A18AS
5331,KCTD7,DIS3,MAPRE3,ZNF347,RP11-181C3.1,C12orf61,PLIN5,FBXO5
5332,PDE8A,C5AR2,MEN1,ZFP69B,SUCLG2,SGSM2,CTD-2047H16.4,SNIP1
5333,RP11-873E20.1,FANCC,SULT1A3,ZNRF2,EGR2,ZFP41,PTRF,KRTCAP3
5334,KRBA1,ARID2,SEC14L2,BOLA3,PAAF1,NUDT8,VPS13A-AS1,CDC7
5335,GTF2E1,CTD-2260A17.2,CTB-47B11.3,TIPARP-AS1,SUN1,CTD-2325M2.1,RP11-342I1.2,MMS22L
5336,ANKRD11,FBXO30,ZNF93,RP11-511B23.1,NPTXR,AC022400.2,ZNF367,RP4-594I10.3
5337,ATF2,RP11-573D15.9,RP11-422P24.11,ALDH18A1,SNX14,MEGF8,MAGI3,ARHGEF12
5338,ITGA1,HTRA1,DYRK1B,HSPA1B,UST,RP11-536K7.3,MDGA1,LINC00115
5339,KCTD15,CDCA7L,CTD-2035E11.4,LINC00422,RP11-1055B8.4,DNAJC21,ZNF483,KDM8
5340,ABAT,GGT7,AHCYL2,SENP5,MOV10L1,TEC,STS,LMBRD2
5341,LRSAM1,B3GNT4,DNAJC27-AS1,PODN,TRAPPC2,SLC25A53,BHLHE40-AS1,CFH
5342,GPR137B,BLOC1S3,AC009473.1,EIF4G3,TYW1,DOK6,NPIPB3,LHFPL2
5343,NUP188,GS1-114I9.1,RP1-140A9.1,KIF13A,ZNF570,SLC2A1,PHLDB1,ZNF286A
5344,CTD-2007H13.3,GALNT12,SEMA4G,FN3K,DBF4,AC108488.4,CDKN2B,KIAA1377
5345,CHMP4B,CCDC180,RP3-465N24.6,RP11-105N14.1,RP11-96K19.2,KCNMB3,CASC5,PTGDR2
5346,KCNK6,CTC-338M12.6,AC004540.5,IL27RA,C15orf39,RP6-99M1.2,MTCP1,RP11-390P2.4
5347,AP2M1,ATP13A3,SDK2,PRDM15,GPR126,PTCH2,GLS2,DPH1
5348,C11orf49,RP3-428L16.2,CCDC85C,ZBTB24,CTD-2012J19.3,AGMAT,ARHGEF10,ZNF12
5349,USP31,RP11-288H12.4,AP001062.7,CPM,CTC-503J8.6,ACSL6,DNAJC9-AS1,METRN
5350,CHTF18,AURKC,FKBP1C,CCL4L2,TMEM30B,C12orf68,ASB9,WRNIP1
5351,TRAM2-AS1,FCHO2,SEC24B-AS1,RP11-252A24.7,EDC4,RP4-803J11.2,RBBP9,SLAIN1
5352,RP11-332H14.2,GMCL1,RP11-159D12.2,C7orf25,FAM91A1,DGAT2,RP11-483P21.2,ARHGAP29
5353,ZNF254,RP11-442N24__B.1,RPGRIP1L,RP11-479G22.8,PPP3CB,RP11-318E3.9,BGLAP,RP11-229P13.20
5354,STON1,C12orf49,ALDOC,AC005253.4,SPIN4,SIDT1,TMEM169,SPINK2
5355,RP11-273G15.2,TRIM16,CCDC151,AL020996.1,CAB39L,COL13A1,RP5-1098D14.1,TMEM25
5356,ZNF222,OXA1L,TCF19,AEBP2,LTC4S,RP3-477O4.14,RP11-452L6.7,ADNP2
5357,SLC51A,RP11-182L21.6,CPD,CTD-2541M15.4,AC008443.1,FAHD2A,C1R,RP11-179B2.2
5358,ABCC4,TAF5L,E2F1,CLIP4,ABCF1,KLRK1,RP11-161M6.3,DCUN1D4
5359,NAAA,ARHGAP33,MED4-AS1,ACY1,ANKS6,HHAT,NRG2,FDXACB1
5360,KIF1C,CKM,RP11-46J23.1,NPIPB3,GPR89A,RP11-378A13.2,SHF,C19orf73
5361,ZNF541,ASMTL-AS1,MTFR2,HLCS,AC012358.8,RP11-473M20.9,RP4-794H19.1,ZNF322
5362,RAB32,ZNF646,ZSWIM4,PLSCR1,QPCT,STXBP5,RP11-261C10.3,RBAK
5363,TTYH2,RP11-367J11.3,ZBTB1,TJP3,GSTZ1,CTD-2135D7.5,RP11-425D10.10,ZNF341
5364,PACS1,FAM72B,CTD-2210P24.4,NPIPA1,RAPGEF3,BTBD3,CELSR1,COPG2
5365,TMEM67,HDAC11,UNC119B,SOCS4,CENPA,XYLB,RP11-643M14.1,CRISPLD2
5366,CCDC102B,TRIM2,ATP9A,EHD3,CRKL,CTD-3138B18.5,BOK,GOLGA7B
5367,CTD-2017D11.1,CTC-454I21.3,INPP5K,MAPK14,AC005076.5,UACA,SCGB1B2P,AGER
5368,DCHS1,BIK,RP11-830F9.6,WDR47,DHX9,TRIM24,RP11-559M23.1,KLHDC1
5369,TPM1,SLC9A7,AC006547.15,HK3,RNF139-AS1,ZBTB11-AS1,PLLP,ZNF337
5370,C9orf38,PIP5K1C,RP11-308N19.1,RP11-624C23.1,ANKS1A,RTTN,LRRC20,ZNF408
5371,ARHGAP33,ZDHHC23,PLEKHM1,RP11-425D10.10,AC069513.4,DTX4,C9orf9,THAP8
5372,PAXIP1-AS2,SLCO3A1,AC008174.3,NTNG2,DKC1,COQ3,OXT,HACE1
5373,LRRC16A,DNAJC18,C21orf91,SYDE2,ZZZ3,GMPPA,AP001046.5,ARRDC5
5374,SPESP1,PADI2,CTC-428G20.6,GIMAP6,MDM4,ITGA10,MT3,C5orf51
5375,GRB10,ZNF550,DDOST,SLC37A4,ANGEL1,EIF3C,RP1-223E5.4,CTD-2007H13.3
5376,PADI4,AP001062.7,CCNF,RP11-98D18.3,SNX27,RUNX3,CAMP,LINC00944
5377,METTL1,VPS26A,Y_RNA,ATRIP,B4GALT6,CTC-241N9.1,LONRF3,FUT4
5378,CTC-338M12.5,HLA-DOB,HMG20A,SEC61A2,SRGAP2,THRA,CERCAM,FAM161B
5379,FTX,RP11-841O20.2,TTLL4,PCM1,CLN8,MBLAC1,ZKSCAN7,SLC4A4
5380,ZDHHC16,AC007228.9,NCK2,ADD3,DPF3,MIR146A,FCGBP,AC004854.4
5381,POU5F1B,ALDH7A1,RP11-128M1.1,FAM21A,TMEM165,MVB12B,RP11-496I9.1,SLC38A9
5382,HLA-B,RP11-70P17.1,LINC01063,TMEM218,CTD-3074O7.12,NUDT3,MORC4,TRIM68
5383,TMEM45B,R3HCC1L,AC116614.1,RP11-73K9.2,ACTR6,PIP4K2C,AC022400.2,CEP85
5384,LYSMD4,AC021860.1,ZNF677,SFXN2,ZDHHC18,DYNLL1-AS1,C22orf43,SNX24
5385,CNST,FAM229A,ZMYM6NB,CAPS2,DHX15,AXL,CD5,NET1
5386,RP11-290D2.3,TLR3,CCDC6,LINC00894,BCDIN3D,CYTH3,THTPA,SOCS6
5387,RP11-214N9.1,PAXIP1,ZNF253,ANKS1A,JARID2-AS1,ZBTB3,CTD-2544N14.3,SLC35F2
5388,TECPR2,PLXDC1,CTD-2547L16.1,IPO9-AS1,RP11-50E11.3,PCSK1N,RP11-677M14.2,SPAG4
5389,POR,F2RL1,RP11-290D2.6,ECI1,SSH1,LRP12,GRB10,EPS8
5390,IGSF9B,SLC16A4,AD000671.6,DIP2A,RP11-259K5.2,RDH10,AC068580.6,ZNF282
5391,SMG8,UBTD2,GBA,CD22,TTC30A,ANAPC15,SLC45A4,C7orf13
5392,IFT140,LINC00656,ZNF512B,RP11-98D18.9,CTH,DNAL1,RP11-351I24.1,AC009133.14
5393,CTD-2020K17.4,ZNF433,RP11-793H13.3,TULP2,MAD2L1,PAM,CELF2-AS1,TMEM63B
5394,KIF9,RP11-96D1.11,AC008440.5,RIN1,DYRK1A,LHFPL2,DLGAP1-AS2,RNF31
5395,ACSL1,SLC16A1-AS1,AC093391.2,CACNA1C,NRBP2,POU5F2,STX16-NPEPL1,CCDC41
5396,STARD10,EHHADH,HP,ZNF432,AC015849.19,CCRL2,RP11-661A12.5,ST14
5397,LINC00910,AC107081.5,SOBP,ZSCAN9,RRP36,CNOT1,RP11-511I2.2,MSC
5398,TTC3,RP11-337C18.8,WBP2NL,CALCRL,PDE9A,MRPL2,RAB15,RP11-141B14.1
5399,ORAOV1,KLHL3,C12orf60,KAT6B,VPS9D1-AS1,MEX3B,ALS2CR12,LINC01135
5400,C22orf34,TPM2,RP11-572O17.1,BMP1,AMPD3,OIP5,AC009120.6,MFHAS1
5401,CTD-2035E11.4,MANEA-AS1,SLC39A14,HIST1H3D,RARA,ZEB1,DNAJB5,CTC-425F1.4
5402,PRR11,RP11-356C4.3,MTHFSD,TIMD4,CTTNBP2NL,RWDD3,DUOX1,LINC00672
5403,CTDSPL,YEATS4,RP11-398K22.12,SPIN4,LINC01137,AREL1,RP11-275I4.1,HSPA1B
5404,MRPS35,INTS2,AC092295.7,SPATA6,EPDR1,CACNA1C-AS2,RP13-753N3.1,STK19
5405,ARHGEF10,CTIF,OVGP1,CCNB1,RP11-245J9.4,SERTAD2,RP11-166B2.8,ZNF765
5406,TMEM159,MSS51,VSIG4,ATAD2B,DHRS1,RP11-383C5.4,RP11-105N14.1,RSPH3
5407,PIGQ,MBOAT2,MST1,CNEP1R1,MFSD7,RBL1,C22orf26,KCTD11
5408,AC021860.1,KIF11,ZBTB22,REEP4,LRTOMT,TMEM201,SALL2,E2F6
5409,MRPS18A,CTNND1,RP11-490M8.1,RP5-892K4.1,ULK4,DCBLD1,TTC4,UVSSA
5410,WDR65,ARCN1,CTD-2538C1.2,SERINC4,SSH3,ZNF222,TAF6,RP11-23P13.6
5411,GATA2,LPHN1,AC022400.2,TEF,LRRC29,C2orf43,C15orf26,ST3GAL6
5412,GZF1,FDXR,RP11-277P12.20,LINC00304,PEX10,CCDC151,ADORA2B,OR2A1-AS1
5413,NDUFAF3,ZXDA,PPAP2A,DHRS7B,KIAA2013,ASUN,TLR9,SPA17
5414,UST,RP11-553L6.2,ZNF407,EMD,ZNF248,FAM19A2,PSD,TBC1D32
5415,RET,NADK,RP11-582J16.5,MDGA1,UPK2,RP11-190C22.8,DCBLD2,SUFU
5416,NPHP4,KB-1460A1.5,RP11-96K19.5,BEST4,RP11-635N19.1,ZNF318,RP11-336K24.12,PSMC3IP
5417,PRDM15,ADORA2B,EAF1,PAXBP1-AS1,CRB1,TTC24,CCNI2,TMEM121
5418,TSC1,CTB-96E2.7,NETO2,AURKA,DNAJC16,MYLK-AS1,CTD-2256P15.4,SAP30L
5419,C1orf172,LTB4R2-1,BRD3,RAD51,ANKS1B,RP11-1348G14.5,WFIKKN1,SIRPB2
5420,CACNA1C-AS1,ZNF154,CCDC122,MYPOP,MCTP1,AC093391.2,AC016683.5,DPY19L3
5421,ZNF283,CTA-14H9.5,FBXW8,TSEN34,CCDC15,CYB5D1,AP001610.5,CEP72
5422,COPZ2,RNU11,GS1-393G12.13,ZBTB9,LIPC,ZNF805,CD248,SLC25A29
5423,ARFRP1,AP000476.1,AC010761.8,BLVRA,PLEKHM1,C1orf51,RNF122,AC010761.8
5424,RP11-154H23.3,ABCC6,SNX8,CAPS,PEX3,KRTCAP3,ANKRD6,RP11-809N8.4
5425,ZNF766,TMEM241,IGF2BP3,ZNF681,ZNF165,SCAMP4,FCHO2,ZFP41
5426,CEP192,AC137934.1,CMIP,RP11-932O9.7,UBTD2,TM6SF1,RP11-732M18.3,TMEM51
5427,TRIM41,ZNF358,RP11-452H21.4,SERPINI1,OGFOD1,GAN,ZNF365,RP11-37B2.1
5428,TMEM9B-AS1,MEF2BNB-MEF2B,MFSD2A,PCNT,MAMSTR,SCARF1,MBLAC1,RP11-649E7.5
5429,SORBS3,DLEC1,PKD1,KLHDC8B,ADAT3,TBCEL,RP1-92O14.3,RP11-212P7.2
5430,RP1-234P15.4,AC005932.1,SS18L1,KCNN1,LINC00996,EPN1,POU5F1B,AARS2
5431,KCNAB3,RP11-479G22.8,CTH,BAALC,ZNF330,GRPEL2,RP11-600F24.7,ITPRIPL2
5432,IKZF4,TIGD3,BRD7,ZNF566,RP11-936I5.1,NFRKB,CTD-2366F13.1,RP11-334C17.5
5433,WRNIP1,CEP170B,FLJ45079,PARD6B,ZFP69B,TUBD1,RP11-91G21.1,MVB12B
5434,TBC1D30,MFSD9,RP5-1112D6.4,HIF1AN,GPD2,ABHD4,STEAP3,VDR
5435,ARFGEF1,FAM175A,RP11-259K5.2,AGAP5,LCN8,RP3-322G13.5,PDRG1,B3GALT2
5436,RP11-434C1.1,NMUR1,ZNF585A,SUN3,UHRF1BP1L,ZNF549,RP11-791G15.2,SPIN4
5437,RABL2A,ACY1,USPL1,RNF38,ATP10D,ST6GALNAC3,RP11-647K16.1,FEM1C
5438,F2RL1,AC004257.3,EXOSC9,CTD-2135D7.5,S100A12,CTD-2353F22.1,RP11-252A24.3,FOLR2
5439,HIST2H2AC,RP11-362F19.3,PCSK4,FKTN,MGAT4B,CANT1,GEN1,HECTD3
5440,TMEM234,RP11-1055B8.4,CTD-2007H13.3,NBPF12,SLC27A2,RP3-395M20.9,BFSP2,ZER1
5441,KIF3C,AC004463.6,CCDC163P,MYOM1,RP5-1159O4.1,RP11-656E20.5,AC015922.6,CCDC30
5442,APOM,ICA1,ZKSCAN7,ARHGAP5,ZNF577,NPTXR,AC022182.1,NPTN
5443,RAB3GAP1,BCDIN3D,ADAMTSL5,KIAA0556,MYPOP,KB-1507C5.2,ZNF624,RP11-407N17.5
5444,CTB-102L5.4,WBP1,SUV420H1,AP006222.2,METTL21B,ARRDC3,Y_RNA,ZNF551
5445,SOCS6,UBXN7-AS1,CTIF,GPR150,ZNF717,ERCC6,AC004540.4,KLK1
5446,AC009948.5,PKD2L1,SCARF1,SENP1,TMEM177,RP11-472N13.3,SEZ6,CCDC183
5447,RP11-1070N10.3,SAMHD1,MAP1S,FAM221A,RAP1GDS1,ZFAT,RP11-77H9.8,KRT7
5448,NUDT11,RP11-191L17.1,SMAD4,SLCO4A1,C17orf80,RNF43,MMP28,CHAF1B
5449,PM20D1,TELO2,FRS3,CSNK2A3,SLC25A1,F12,IFNL1,AC109826.1
5450,RP11-430H10.1,RP5-1159O4.1,PRADC1,TEPP,ZYX,KIF9,PLVAP,RP11-344P13.6
5451,IZUMO4,CTD-2270L9.4,DCAF17,FTCDNL1,EPB42,CXorf57,CRHBP,NAB2
5452,SLC38A7,SFTPD,RP11-66B24.2,SRR,EEF1E1,CCR2,ZSWIM4,CDAN1
5453,SNX24,HIST1H2AL,AC002116.7,PGRMC1,ZNF771,CTD-2630F21.1,TNKS1BP1,PLCB1
5454,FAM115A,FAM149B1,VPS13A-AS1,DMC1,ZNF347,MYCBPAP,RTKN,PTX3
5455,RP11-438L19.1,SLC22A17,MMS22L,EPHX2,LACE1,LDOC1,AC109333.10,EPHA1
5456,ITSN1,LRRC37A,RP11-571M6.7,KIFC3,ZNF343,FBXO25,RP11-159G9.5,LENG9
5457,MCOLN2,HMGN3,RP11-421M1.8,NBPF3,DDX59,TIPARP-AS1,RP5-1142A6.8,UAP1L1
5458,LRRC1,IST1,CTD-3138B18.5,GP6,ZER1,GAMT,SCARF1,CTTNBP2NL
5459,C11orf1,MCEE,SPIN4,LRP5,PAXIP1,RP11-290F20.3,CTC-338M12.6,CAPS
5460,RP11-589C21.5,C16orf86,AGAP5,PIP5K1C,RP11-5C23.1,RP11-443B7.3,SENP8,ZNF507
5461,RPEL1,DPH6,FSD1,SLC27A2,CTB-55O6.4,KIF1B,RP11-181C3.1,BRWD3
5462,C2orf81,MYH3,RP11-163N6.2,RPS4Y2,TMEM220,CCDC58,KIAA1107,ZNF75D
5463,NUDCD1,C19orf40,PHOSPHO2,RP11-214O1.3,RP5-1085F17.3,AP000350.4,GRIK4,RERE
5464,PRMT7,TSPAN17,RAB11B,AP003774.6,CDC123,RP11-315I20.1,CORO6,IQCE
5465,LINC00562,LRRC37A2,RP5-935K16.1,KLHDC1,SOS2,YTHDC2,GLCE,GEMIN5
5466,RP3-395M20.9,RP11-15H20.7,ABHD1,C6orf99,CASZ1,TUFT1,AP4B1-AS1,IKZF2
5467,MFSD5,AF131217.1,CCNYL1,RELL1,UBXN10,SBK1,RP11-243J16.7,AGBL2
5468,GNMT,ARMC2,NAGPA,RP4-798A10.2,C6orf89,MOSPD1,FAM179A,NLN
5469,HIVEP1,WDR60,NFS1,TMEM170B,SFXN5,C8orf88,RP11-728F11.4,DNAH1
5470,NAB1,ZNF93,CENPF,ZNF554,KBTBD11,RCAN1,RP11-58B17.2,ACOX3
5471,GSTA4,FAM115C,ADAMTS6,A2M-AS1,HECTD3,ABHD17B,TDRP,KIFC2
5472,KIF1B,MYSM1,TMEM41B,ATAD3B,DHX35,AD000090.2,CTB-113P19.5,C1orf200
5473,BOP1,USP53,CTA-445C9.15,RSBN1L,NPAS2,SFTPD,BMP1,IGFBP4
5474,SLC39A6,CTD-2196E14.4,CTD-2541M15.1,ITPKB-AS1,RUSC1-AS1,TMEM104,AZI1,SBNO2
5475,FAM86C1,POGLUT1,RP11-342I1.2,SLC3A1,ZNF18,CTD-2165H16.4,ZNF80,ZKSCAN5
5476,SLC38A9,AVL9,ZNF653,PLEKHB1,RACGAP1,C11orf30,RP11-472N13.3,TMEM143
5477,RP11-101E13.5,RP1-140A9.1,CTD-2192J16.22,FEM1A,CACNA1C-AS2,TMEM19,DYSF,TMEM220
5478,ZFYVE1,TMEM144,RP5-943J3.2,CRIP1-1,PTGR2,TMEM88,IGF2BP3,ZNF260
5479,E2F1,KLC4,LMO7,SYNM,PPP1R13L,IFFO2,HYKK,ZBTB49
5480,AP000442.1,STX1A,CNNM2,STARD10,CEP170,PLEKHM3,TPBG,HIST1H4E
5481,TRIM23,RP3-508I15.19,LAMC1,RP11-158I9.5,TSPAN5,WDR41,GPR153,TCEANC
5482,MORN3,RFPL1S,CC2D1B,IPMK,MAN1C1,B3GAT2,ANKRD34A,TMEM65
5483,CHRNE,TCFL5,MCAM,TMEM208,GABPB1,PHLDA3,FAM127C,MPZ
5484,LAMTOR3,ARRDC5,SLC16A1-AS1,SAR1B,LINC01146,KRBA1,PDGFB,ATP10A
5485,PDE5A,CCL3L1,RP11-782C8.1,RP11-192H23.4,RFX2,ZNF799,FBXL14,TIMELESS
5486,LL22NC03-2H8.5,RP11-894P9.1,RP11-318E3.9,TET3,C19orf40,INTS2,ZNF596,FXR2
5487,USP4,MIR3615,BFSP2,UBE2C,RP11-216B9.6,GATM,RP11-533E19.5,UCP3
5488,ATAD5,DPY19L4,AC074117.10,UBAP1L,FAM101B,FLAD1,GTF2IRD1,SNURF
5489,CAMSAP2,ZNF600,DZANK1,ADCK2,MBLAC2,ANK3,ZNF70,P2RX5-TAX1BP3
5490,SEC24C,TBC1D25,TOMM40L,MANBAL,PARG,SETD8,MFSD2B,UBE2G1
5491,NRBP2,QSOX2,SLC14A1,ZNF571-AS1,CCDC78,ADCK2,LINC00957,VNN1
5492,NLRX1,SPR,LIMK2,TUBB2A,KIAA1467,FAM218A,HLA-DQB1-AS1,RP3-508I15.22
5493,USP49,ZBTB25,CCDC121,BNIP1,EIF3M,PIK3C2B,AC010894.5,NADK2
5494,PHF13,PWP1,CYSLTR2,NT5DC3,FLJ45079,MEI1,PDE8B,RTKN2
5495,RNF144B,RPTOR,MDGA1,RASGRF2,AKT1,FBXO5,NIPSNAP3B,TMEM194A
5496,ABLIM2,RP11-472N13.3,RP11-252A24.3,EIF3C,NDC1,MERTK,CBWD3,FAM198B
5497,CRHBP,PDE6B,SAP30,EPHX1,SPSB1,ANKRD13C,RP1-202O8.3,SCMH1
5498,RPS4Y1,LINC01024,RP11-793H13.11,TNKS2-AS1,RP11-309M23.1,WDR47,KRTAP5-AS1,VIT
5499,PEX12,ZMYM6NB,RP11-96K19.2,HOMER2,NRM,HIST1H3D,ZNF653,RAI1
5500,GOLGA5,ERC1,DNAJB4,CRCP,ATP2A2,RP11-386G11.10,C17orf107,ALKBH8
5501,RP11-1008C21.1,RP11-580I16.2,RP11-338I21.1,INTU,PTOV1-AS1,CASS4,DAB1,NR4A3
5502,MAK16,CCNE2,C19orf54,CTC-250I14.6,FAM115A,APOBEC3H,RP3-508I15.21,CTD-2017D11.1
5503,TSNARE1,PPIP5K1,B3GNT4,RP13-638C3.4,LSG1,CNIH3,SEMA5A,ALG10
5504,CNKSR1,RP11-14N7.2,ACAP2,KCTD1,TAF4B,TCF19,NUGGC,KCNE1
5505,TSPAN7,VANGL1,SLC16A6,C8orf58,RP11-875O11.1,SOX7,PDE2A,PDIA5
5506,CCDC85C,PPP1R3D,AC022182.1,CTD-2186M15.3,RAD54L2,DENND1B,C16orf46,RP4-798A10.2
5507,ZNF79,HABP4,WDHD1,C1orf61,KDM6A,PABPC1L,SV2A,ZNF23
5508,WDR62,USP35,RP11-326F20.5,DIP2C,CCDC138,POU6F1,RP1-261D10.2,IFT46
5509,PWWP2B,CNFN,RP11-390F4.3,LINC00092,RP11-1391J7.1,CSRP2BP,AC004447.2,IFT122
5510,DTWD1,AD000671.6,CTB-113P19.5,ADAM9,NEK2,UBE4A,ABCG2,NR1H3
5511,CAHM,LIPT1,RP11-513M16.8,PTPN13,SPTSSA,TMEM194B,ZBTB39,LINC00843
5512,TMEM171,KCNK12,CTC-428G20.3,LRRC20,FAM122B,METTL20,RP11-10K16.1,FAM219A
5513,NIPAL1,FLCN,ZNF329,H1FX-AS1,RP11-401F2.3,RP11-252A24.7,AC007036.6,DUSP16
5514,GCNT4,SPATA13,TEF,CTD-2623N2.11,SETD2,C17orf58,RP5-930J4.4,SMYD5
5515,XPO5,MAPK7,LRRC56,GLTSCR1,ORC6,CACFD1,DOK6,SAMD10
5516,FAM111A,PSMC3IP,CA11,GNS,DPH2,TAF5,PLEK2,RP11-533E19.7
5517,RILP,SLC26A11,DLEC1,PLCE1,ZNF404,ZFP82,SPTLC3,PEAK1
5518,NEDD4,FUNDC1,CEP112,MACROD1,SPICE1,GOLGA7B,CACNB1,FAM13A
5519,CYB5R2,NBPF15,AUH,VEGFA,AC004381.6,XYLT2,DND1,AC002116.7
5520,UBXN2B,TRIM74,CTD-2623N2.11,RP11-104L21.3,RELL1,GMEB1,CTC-523E23.1,RN7SL832P
5521,RP11-381K20.2,AC024592.12,IKZF3,TRIB1,TAPT1,RP11-1060J15.4,CTD-2023M8.1,CPNE8
5522,RP13-582O9.7,DDX11-AS1,BGLAP,LMOD3,CD68,FBXO48,ECT2,TRMT10A
5523,PTGIR,AGAP4,P2RY1,PHF13,KCNMB3,IFT81,PTPN13,GPD2
5524,RP4-594I10.3,NUBP2,CTB-61M7.2,CTD-2260A17.1,PPP4R1L,GINS3,ZNF644,RP11-131L23.1
5525,RP11-173M1.8,RP11-509J21.2,SAYSD1,FBXO36,TNK1,RP5-1092A3.4,RP11-416N2.4,LARGE
5526,FASTKD5,RP6-206I17.1,STX1A,AC009961.3,RCN3,LIN37,HP,RP11-1407O15.2
5527,ZFP2,SYCE1L,CDC27,ZEB2-AS1,BAG4,CLDN15,STAP2,PPP4R1L
5528,PRRT1,RP11-560J1.2,VIM-AS1,HBEGF,A2M,GEMIN5,FAM65C,C17orf58
5529,NIPA1,CNOT1,ZNF17,MCM7,GMFB,PPP1R26,MTFR2,ANKRD35
5530,PRSS36,RP11-333E1.1,AC092667.2,MYO19,ZDHHC21,ZNF765,ARHGAP42,S100A13
5531,NSUN7,ZNF596,IP6K2,HOMER3,CARD9,GDPD1,LINC01146,ZSWIM6
5532,C17orf51,FAM21B,EIF2B3,NDST1,ZNF776,CTB-96E2.7,RP11-72M17.1,C5orf34
5533,HILPDA,DHCR24,ZNF808,EFEMP2,PLEKHG4,MED13,BZRAP1,PIK3C2B
5534,TNFRSF8,SERPINB2,CUZD1,CEACAM3,C5orf66,NHLRC1,RP11-440L14.1,GALNT7
5535,RAB25,GATS,CASK,PCSK5,KIAA1468,ZNF883,TET1,TMCC1
5536,FCGBP,CLTCL1,RP3-510H16.3,WASH4P,RASGEF1A,TMEM254,NCOA6,EPT1
5537,LONRF3,HCG14,RP11-775D22.2,KATNAL1,RAB30,KDM6A,C6orf229,CHTF18
5538,ANKFY1,RP11-440L14.1,PWWP2B,RP11-629O1.2,RBBP8,CDC6,CALD1,RP11-301O19.1
5539,PCOLCE,RP11-162G10.5,DBT,ORAOV1,USP46-AS1,RP11-50E11.3,RP11-793H13.3,DVL3
5540,KDELR1,OVCH1-AS1,PDE6B,CAPN10-AS1,FAM21A,RP11-464F9.20,RP11-36B15.1,ZNF552
5541,CSNK2A2,ARL17A,ACBD5,MFSD9,RP11-298J20.3,ZCCHC4,ZNF322,AC026806.2
5542,POLN,CASS4,TRBV11-2,SEPP1,BIRC5,RP11-395G23.3,PUS7,SCRIB
5543,RP13-516M14.4,EIF5A2,RP11-292F22.7,KLHL25,KDELC2,MCM10,RP11-509J21.2,AC074117.10
5544,WDR35,AC006129.1,TMOD2,RP3-510H16.3,AC008440.5,SARM1,MTUS1,FNIP1
5545,SYNJ2,CA11,ZNF175,MAMSTR,KRT2,TIGD3,LINC00865,GNG3
5546,TM6SF1,RP11-312B8.1,LMBRD2,WBSCR27,AC004447.2,AZU1,RP11-597D13.9,CTD-2270L9.4
5547,C19orf53,AFG3L2,SRCRB4D,LENG1,CMTM4,ZFC3H1,CRTAM,SERPINH1
5548,PCGF1,RP4-794H19.1,C14orf132,ATP6V1C2,SLC37A4,UCHL1,RP11-385F7.1,GPAT2
5549,ALS2CR12,FAM169A,ECE1,IFT140,BAMBI,FOXM1,CTRL,SNAPC4
5550,LINC00663,ZNF845,MIR146A,PINX1,RP11-169D4.2,SMG8,EFNA3,PRKCE
5551,MAX,MTSS1L,DBF4,SMUG1,PKD2L1,RP11-531A24.5,ZNF304,RP11-111A22.1
5552,GNAZ,RNF219-AS1,ZNF502,GHRL,SHF,ESCO2,PPP2R3A,NLRP12
5553,RP6-206I17.2,ANGPT2,HIST1H2BJ,NDUFB9,SLC45A4,ADIRF,CTB-118N6.3,PRMT6
5554,POP4,ENPP4,NCKAP1,GCSH,RP11-115C21.2,CRTC3,C8orf37,FAM193B
5555,RP11-480D4.6,TFAP2E,AC093388.3,EBF1,EXOSC2,CLDN23,IPO9-AS1,ZNF473
5556,FITM2,PLEKHN1,POLN,CTD-2368P22.1,CTIF,RP3-466P17.1,CTD-3131K8.2,PPP1R12B
5557,NPIPA5,EIF4EBP3,FITM2,BBS1,FAM13A,PARP15,TIGD5,ZNF419
5558,CCNE2,TRAM2,RP11-391M1.4,RP11-680A11.5,SETMAR,RP11-138P22.1,CTIF,ZDHHC14
5559,AMDHD1,PRC1,RP11-1008C21.1,ERLIN1,FASTKD3,NIPAL1,RP11-339B21.11,CCDC24
5560,ADCY4,CCDC66,RP11-483I13.5,DUSP8,ZFP28,CELSR3,TDRD9,RP6-91H8.3
5561,FAM101B,PLEKHA7,RUNDC3B,MGME1,RP11-271K21.11,RP5-1142A6.2,PRDM15,TMEM194B
5562,RP11-350F4.2,DGAT2,ZNF532,CTBP1-AS2,UBP1,ZNF625,ZFP37,PVRL2
5563,MYOF,GPR124,RP13-516M14.4,AMACR,TCEANC2,TRIM31,AC004158.2,FAM177B
5564,KLHL32,SCARF1,ACSBG1,HOOK1,ZNF514,AL590822.2,SPDYA,AC010226.4
5565,SRRM5,CEBPA-AS1,RNF212,DDX10,VAMP4,TMEM67,AD000671.6,MDC1
5566,CES1,RP11-1114A5.4,TIGD7,UBE2O,ASB7,ZSCAN2,AP001462.6,CLOCK
5567,RPA4,ANKRD34B,DNAH6,MST1,AKR1CL1,GLCE,KRT72,SLCO4C1
5568,BCL2L15,CCDC120,RP11-425D10.10,ANKMY1,ZNF257,PAPL,AC026471.6,TMEM150B
5569,ZIK1,FTX,SLC3A1,GTF3C3,PXN-AS1,CCDC3,ATP8B4,FAM206A
5570,FAM229A,C14orf182,C16orf93,LINC00630,DDX11-AS1,RP4-798A10.7,RSG1,FASN
5571,CEP128,KLHL2,GET4,LHFPL2,KLHL18,CTC-459I6.1,GPAM,ZNRD1-AS1
5572,RAI1,MAP3K10,NBPF14,NBAS,C2orf49,ARHGEF10,RP11-498C9.15,FCAR
5573,HEATR5B,TESK2,ZRANB3,ZFP91,ACSBG1,DNAJC9-AS1,DAPK2,RP11-22P6.2
5574,BMP2K,FBXL17,POLA2,GPR27,ZNF148,SKA1,ANKS6,WNT7A
5575,MANSC1,CLDN23,TOMM34,LRRC40,NUDT7,RP3-486I3.7,RP11-421M1.8,RABGEF1
5576,APOOL,TGFBR3L,CCDC30,GBE1,AC005253.2,RP11-347C12.1,CYSLTR2,ZNF749
5577,TNFRSF10D,RP11-98D18.3,RP11-568N6.1,ZFAT,NUP188,TNKS2,TULP2,LENG8-AS1
5578,SNX33,RP11-61J19.4,AL353354.2,ADCK4,ARHGAP12,RASIP1,SELP,NUP188
5579,CENPU,PGF,PRTFDC1,EAF1,RP11-157J24.2,KLHL29,RAB11FIP3,RP11-262H14.4
5580,SLFN12,AP006222.2,AREL1,CTD-2012K14.7,NUP98,KIF9-AS1,S100P,RPH3AL
5581,MSRB3,SLC29A3,C10ORF68,NMRK1,DLEC1,RP4-583P15.15,ZGPAT,ZNF234
5582,ZNF552,KIF27,HMGN3-AS1,LPCAT1,D2HGDH,KIF18A,CTD-2012J19.3,PAX8
5583,SLC6A4,HCAR2,NELFCD,GOT1,TTC30B,TRIM60,NPR2,MED20
5584,ZNF616,PIWIL1,CEP104,SIGLEC7,DENND1A,RP11-661A12.12,ABHD1,PGAP1
5585,U47924.31,ZNF347,LEPR,MB21D2,OSBPL7,SLC12A5,GNAO1,TRIM24
5586,LPCAT2,LETMD1,ARSA,ARMCX6,MEF2A,RBM45,SEMA4F,PMEPA1
5587,GTSCR1,RP11-793H13.10,AC004893.11,WFS1,ALDH3B1,SOX12,PBX1,RP3-467N11.1
5588,RP11-178C3.2,RAB23,ELP6,PXN,RABEPK,FBXL22,ZUFSP,ZNF865
5589,HIST1H4E,SCO1,PALB2,ZNF69,TULP4,GPR125,BAMBI,PRSS36
5590,TIPIN,FAM132A,RP11-355B11.2,ABCB7,MMAA,RP11-260M2.1,TGM1,C8orf31
5591,S100Z,AF213884.2,GS1-124K5.11,PFAS,CTRL,SEMA4G,MID2,BCORL1
5592,XXbac-BPG252P9.10,RP11-456D7.1,LDLRAD3,SNAPC1,F12,RP11-392P7.6,KEAP1,ARL15
5593,SDCBP,RP11-295G20.2,SLC35E2,ARIH1,PALLD,ZNF208,BOLA3-AS1,BTBD6
5594,RPTOR,C1orf204,NDUFB3,UCHL3,FAM206A,COL4A4,TMEM117,HS6ST1
5595,LINC00342,RP11-395G23.3,THBS1,MEFV,TBRG1,ZNF709,ZSWIM1,USP46
5596,RP11-389O22.1,GTF2I,RSPH3,TRAM2,LYRM5,PSMA8,TLDC2,MTMR12
5597,ZNF480,TMEM38A,ZSWIM1,ZMYM6NB,TMEM163,RP4-784A16.5,AP001046.6,ZSCAN12
5598,DGKH,CMC4,CECR5-AS1,CREB1,ERLIN1,SLC19A2,RP11-529K1.4,DNMBP
5599,SLC35B4,TRPV3,CCDC154,SLC38A1,BLM,RNF157-AS1,FSCN3,ADAT3
5600,SNX18,ATP1A3,MIPEP,ALS2CL,RP11-296O14.3,YY2,KIAA1671,ARAP3
5601,AC083949.1,ATP8B3,RP11-78O7.2,EIF1AY,CTA-14H9.5,RP11-532F12.5,ZFR2,WDR7
5602,NMNAT3,BCL2L2,KIF3B,GTF2I,DEPTOR,RP11-61J19.4,LINC01063,LACC1
5603,FOCAD,RANBP9,TRIM52,CTD-3088G3.8,IFNGR2,RP11-314O13.1,RP1-151F17.2,TAF4B
5604,ALG2,MEGF6,DKFZP434E1119,RDH10,HMGCR,C1orf61,RPS10P7,SIMC1
5605,JRKL,C6orf229,HIST1H2BC,PEX6,CLCN5,TENM1,RP11-415F23.2,RP1-102H19.8
5606,C9orf139,PLGLB1,NT5DC2,AP1S1,SETD1A,ZNF354C,AC026202.1,RP11-124N14.3
5607,IGSF22,CTB-55O6.4,RP11-490O6.2,APOA1,FAM229B,ZNF280B,RP11-245J9.4,GKAP1
5608,KIAA1958,SSC5D,UCP3,EDC3,SPTLC3,RP11-33O4.1,PDP2,TMEM9B-AS1
5609,GRK5,PRSS36,BTBD7,KIAA0020,DHFRL1,KLHL23,RP11-379H18.1,TMEM201
5610,CASP5,RP1-29C18.10,FLYWCH1,MBLAC2,CD300C,ZNF879,SPIRE2,ACTR5
5611,RP1-257A7.5,CTD-2006K23.2,USP31,ANKEF1,USP46,VPREB1,SSTR3,PHF13
5612,LINC00511,SORT1,ABCB8,HUS1B,CAB39,PARK2,RP11-1055B8.4,ASB2
5613,RP11-158K1.3,AKAP11,KIAA1731,TMX3,TEFM,RBL1-1,DSCR9,CCDC106
5614,SCCPDH,SAMD4B,PVRL3,IRAK2,GSTO2,RP11-498C9.2,RP11-81A22.5,NAGS
5615,STPG1,GNA11,TRIM74,WNT2B,HIRA,RP11-56G10.2,ESPN,AC018816.3
5616,MTUS1,PCSK4,NUDC,SEC14L2,ACPL2,AC007228.5,RP11-867G23.4,LIN7A
5617,RP11-490O6.2,ZNF562,RP11-705O1.8,ZYG11B,RP11-203J24.8,LOXL2,KCNH2,SETBP1
5618,C2CD2,ARMCX5,EEPD1,YIF1B,C12orf66,TCEAL2,NCKAP1,ZNF382
5619,AC004540.4,C5,CLPTM1L,C7orf13,C11orf49,RP11-477N3.1,CCNF,RAP2A
5620,GFM2,HARBI1,ZNF77,CCNE1,C1RL,KLB,CTBS,FSD1
5621,RP11-128M1.1,POU5F2,ZNF764,CNTNAP2,TRIB2,RP4-548D19.3,FLJ20306,RP11-542M13.3
5622,SLC25A19,CACFD1,CLCF1,RP11-179B2.2,AC011747.4,RUNDC3B,RP11-490M8.1,CCHCR1
5623,DHX40,UBE2W,IFT122,EXOG,AC022400.2,NUPR1L,RP11-305L7.1,PLAGL1
5624,GALNT1,RP11-166P13.3,RASAL3,LY75,OCRL,AC009950.2,OIP5,LMO7
5625,HIST2H2AB,RP11-677M14.7,RP11-326K13.4,AC015849.19,RP11-700H6.1,ZACN,ALG1L,MBLAC2
5626,GOLT1B,REEP6,AMZ1,FSTL3,KNOP1,GTF2IRD1,RHOD,FAM86C1
5627,CPNE3,RP11-1060J15.4,SORD,NOXA1,STK32C,AC008174.3,RP11-403A21.1,FEZ1
5628,MIR3615,PRMT6,MCM3AP-AS1,GNG10,AC131056.3,MOK,RP4-539M6.22,ACP6
5629,ERMP1,LINC00865,SCD,FBXO41,U2SURP,RNF222,RP11-47A8.5,PTGR2
5630,RP11-395G23.3,LONRF3,CTD-2410N18.3,IGF1R,WDR66,LA16c-358B7.3,HSPA2,ANKRD16
5631,SEZ6,AC009133.14,C1orf172,PACSIN1,C1R,NPIPB6,LINC00884,GOLGA8B
5632,C22orf15,RP11-442H21.2,KIAA0232,RP11-262H14.4,APOA1,RP11-6F2.5,RP11-279F6.3,FAM109A
5633,FOXD2,AP003774.4,AC021188.4,DNAJA2,RP11-67L2.2,MXRA8,PPIL6,RP4-612B15.3
5634,CANT1,C1orf109,PYGM,RP11-58B17.2,RP11-312B8.1,RP11-707M3.3,PARM1,BCL2L2
5635,LRRC59,SAPCD2,ZBTB26,FDXR,NAGA,COL17A1,DLEU7,FAM114A1
5636,H3F3C,ZNF84,SRD5A1,SLC51A,CTC-301O7.4,PTRF,CTD-2547L24.4,RP11-383C5.4
5637,ZNF555,GZF1,AC108488.4,NBR1,NCOA2,CNKSR1,PRRG4,ZNF213
5638,DST,RP11-415F23.2,SIPA1,RNF43,SEC24A,ZNF286B,FAM13A-AS1,ZNF133
5639,RP11-348F1.2,RPS4Y2,DPH2,KCNMB1,FAM92A1,SCARA5,RP11-367J11.3,SLC1A7
5640,STEAP3,AC116614.1,RP11-513M16.7,CDC6,SPAG8,QRICH2,TIGD3,AC009299.3
5641,CSPP1,RP11-147L13.2,RP11-432J24.2,GNPDA2,SGSM1,SYCP2,WFS1,IRF2BP1
5642,KATNB1,MPZ,LNX1,SHCBP1,ANKLE1,AC137932.1,UNC45B,LNX2
5643,RP11-89F3.2,SPIN3,RP11-175O19.4,OSR2,ZNF416,FGF9,ZNF630,RP11-553L6.5
5644,HIPK3,RIN2,VPS54,PLIN5,CBY1,PLA2G1B,CTD-2547L16.1,ZNF571
5645,KIAA0586,MMP25,CATSPERG,CECR6,ENO3,KRT8,ATAD3A,ALDH1B1
5646,IPO8,RP11-307C12.13,DUSP8,SAPCD2,AC009473.1,RP11-429E11.3,TNIP3,PTBP2
5647,RP11-504P24.8,PROCA1,NUDT19,RP4-684O24.5,TRPV3,KTN1-AS1,LGALS4,RP11-372K14.2
5648,SPA17,RECQL5,LRRC7,CARD6,CTD-3093M3.1,PTPDC1,CCDC13,CHST13
5649,MTBP,CABLES1,USP54,ZGPAT,CENPV,SLC16A10,GS1-114I9.1,PPAPDC2
5650,ATF5,BTBD19,RP11-452L6.7,RP5-940J5.9,PKN3,AC123768.4,TSSK6,MAN1C1
5651,TRAF6,PTGR2,PRPF40B,DOCK4,JAKMIP2,CRHBP,ACACB,NPHP1
5652,ZFP37,USP27X,CTD-3195I5.1,CEBPA-AS1,WNT10B,SUGCT,EBI3,RP13-580F15.2
5653,AC002116.7,KATNAL1,FBF1,MYO10,RP13-317D12.3,RP11-540O11.6,UHRF1BP1,KIAA0754
5654,SUV39H1,ZBED3,CORO6,RP11-206L10.9,POPDC2,CTB-113P19.5,RAB12,RP11-211G3.2
5655,ASF1A,C9orf9,CTC-428H11.2,RASA4B,CTD-2587H19.1,RAB15,CYTH3,KLF8
5656,RFC1,LINC00265,ZNF248,CTA-293F17.1,H1FX-AS1,SCARF2,WSB2,AC023490.1
5657,RP11-423H2.3,PC,HSF5,SUPT5H,ZNF578,RP11-46J23.1,USP35,ZNF189
5658,ACSBG1,CCDC183,BAIAP2-AS1,LINC00656,PVR,GPATCH1,AC018755.1,WDR44
5659,VSIG2,ARHGAP5-AS1,ZNF235,PKMYT1,CTA-217C2.1,C9orf24,FAM47E-STBD1-1,KIAA0586
5660,KIFC2,ZNF257,RP4-800J21.3,ARSE,DNAJC3-AS1,CTD-2054N24.2,RP11-430H10.1,EBF1
5661,GPR63,AC011747.4,TAS2R14,SERPINB2,INCENP,GPM6A,PRDM11,C15orf41
5662,DENND6B,THAP9,ABHD4,SIPA1L2,XKR6,CTD-2227I18.1,KLHL32,SLC9A3R2
5663,IL17RA,SRCRB4D,C9orf38,KB-1507C5.4,TMEM131,ATP8A2,COL17A1,AC132872.2
5664,DMWD,ZNF654,YAE1D1,CTA-407F11.8,RP11-422P24.11,RP11-279O9.4,TJP3,MTFR1
5665,BCL2L14,RP11-641A6.2,HEATR3,RP11-362F19.3,OIP5,RP11-46H11.3,REG4,KB-431C1.4
5666,FTO,ZNF70,RP11-315O6.1,RP11-672L10.6,POC1B,RP11-264L1.4,C2orf62,C4orf46
5667,CCND1,FAM89A,LTBP3,OTOA,DLG4,GCNT4,KLHL25,SAP30
5668,TUBGCP4,ERCC8,MSL2,MCM10,SEMA5A,SLFNL1,FBXO36,ASB13
5669,C16orf70,MIR940,SUCO,SPR,MT3,SLC23A3,SAMD14,SPATA24
5670,RP11-492E3.2,FAM161A,RP5-1148A21.3,ADORA3,GRN,ADAMTSL5,CUZD1,N4BP2
5671,TMEM143,VPS16,RP11-423H2.3,RP5-899E9.1,EFNA3,RP11-291B21.2,ZNF165,DGKQ
5672,RP13-270P17.1,C1QTNF4,VSIG2,RP11-764K9.1,RAPGEF1,MYO1B,PDE4C,SLC38A7
5673,SGSM1,UHMK1,PANX1,RP11-212I21.4,IL24,TBRG4,AC093609.1,WASL
5674,TJP3,UBE2F,KIF23,RP11-552D4.1,SFTPD,RP11-403A21.1,CTB-129P6.4,ZNF512B
5675,C19orf33,RP11-161M6.3,CLASP1,LINC01094,RLN1,FAM228A,AC129492.6,RP11-863P13.2
5676,GNPDA2,SLC4A8,AF213884.2,C9orf47,AP4B1,TMEM254-AS1,RP11-452C13.1,ATG2B
5677,RP11-441O15.3,PSPN,PRPF40A,C2orf62,KLHL42,ZNF396,RP11-469M7.1,CHEK2
5678,NPIPB11,BZRAP1,ANKMY2,AC099850.1,GLA,RP11-66B24.2,SLC35G2,RP11-701P16.5
5679,CASP10,MIR29A,PNPLA7,RP11-81A22.5,SH2D3A,FAM47E,RP11-480D4.6,GPR150
5680,CUL4B,RFX1,TRIM2,RP11-277B15.3,LATS2,SLC10A1,RP11-178L8.7,RCBTB1
5681,RP11-66N11.8,TMCC1,PMM2,CCDC26,CREBBP,C19orf77,RP1-317E23.3,MPZL3
5682,SERPINI1,RP11-404F10.2,AC005253.2,IL10,RP11-513I15.6,RP11-111J6.2,CTD-2583P5.3,ATP8B2
5683,KDELC2,P2RY11,LINC00893,RP11-356C4.3,GMNN,GPR157,GRK4,CASK
5684,ZNF397,ALCAM,RHEBL1,PDP2,LRRC34,LRP5,C5,RFX7
5685,CCDC50,TAS2R14,TLK1,TMPRSS13,POLD3,RP11-513M16.7,CCL27,AEBP1
5686,SLC6A16,PARD6B,F2R,CKM,SCRN3,RP11-553L6.5,NAP1L3,PCNXL2
5687,IDH2,MDM2,CTB-32O4.2,CTD-2571L23.8,PLAGL1,RP11-265P11.2,DMPK,ARHGAP12
5688,RP4-549L20.3,SCRIB,TGFB3,CAMP,ALG11,CACNA1C,RP11-407G23.3,ZNF682
5689,ZNF417,RP11-805I24.1,FAM21C,EHHADH,C6orf57,SV2A,DBNDD1,TMC4
5690,LINC00959,TMEM88,AC090186.1,RP11-525A16.4,GOLIM4,RNF175,RP5-864K19.4,PROCA1
5691,AKAP11,BGLAP,CEP170,LINC00482,NHLRC4,ANKRD31,CCNE1,LOXL3
5692,ZNF619,C17orf107,SLFNL1,GPR61,AC007383.3,C4orf47,RP11-95D17.1,CEP97
5693,CTD-3195I5.1,RP11-277P12.20,RP11-378A13.2,IL1RL2,GAA,AF127936.7,EPHA4,NFYC-AS1
5694,P2RX1,CELSR1,SPAG5,CTB-96E2.7,SACS,ABLIM2,AP000769.7,C19orf82
5695,TSSK6,CTD-2540F13.2,BTBD3,GPER1,CARD6,RP3-477O4.16,COL4A3,RPRD1B
5696,PIDD,IL11RA,ZNF347,PADI2,TTC34,CTD-2532N20.1,RP11-1060J15.4,TTN
5697,MKL2,PPFIBP2,GPRASP1,RP5-1142A6.8,RP11-15A1.7,RP11-379K17.4,GCNT4,ZNF575
5698,CMTM2,FITM1,BBS9,KRT23,CLCN7,SUN3,MAP6D1,MSANTD2
5699,AC144652.1,AE000662.92,APOBEC3F,RP11-286E11.1,DICER1-AS1,RP13-131K19.7,KRT86,TMEM170B
5700,C5orf42,FAM21A,SH3PXD2A,NHS,WFS1,HKDC1,HIST2H2AB,L3MBTL1
5701,KIAA1107,DEPDC5,KIAA1279,SSC5D,ZNF654,NRCAM,ELMO3,PODXL2
5702,EIF4EBP3,IFT81,CPOX,BATF2,HOXA10,CTB-47B11.3,FLJ45079,POU6F1
5703,CLCN3,SEPSECS,HIST1H2AH,RP11-338C15.3,PRR22,CTD-2047H16.4,RP11-326C3.11,RP11-350N15.5
5704,SCGB1B2P,ZFP28,GPT2,RP11-156K13.3,PVRL1,COX6B2,CTC-297N7.8,PPP6R1
5705,CBWD6,PSMC1,UMPS,RTEL1-TNFRSF6B,SECISBP2L,RP11-137H2.4,OTOF,SPTSSB
5706,RALGAPA1,GLCE,SIRPB2,TDRD9,PSMG3-AS1,RP4-684O24.5,CTA-445C9.14,UBOX5
5707,PEX6,TRAF3IP1,FAM178A,WDPCP,ITPK1,SLCO4A1,WNT11,SEPT10
5708,RP11-164H13.1,AC006994.2,FAM198B,CTD-2514K5.2,KIAA0753,ZBTB8A,RP11-221J22.2,TAPT1-AS1
5709,ZNF691,AKAP5,ACO1,SRGAP1,BBS7,RP11-290L1.3,RP11-282O18.3,GSTM2
5710,SPIRE2,VWDE,TMEM64,RP11-472N13.3,NADK2,UGGT1,SLC5A2,CNTLN
5711,C22orf26,TRIM37,ST3GAL3,PROS1,GDPD3,ZNF284,C7orf25,TTLL11
5712,RBM15B,MAP3K4,GDAP1,DTNA,MON1B,MAGI3,IGSF9B,PTCD2
5713,TOMM40L,CTC-518P12.6,ZNF473,FAM127C,CDK18,HSPG2,HIVEP1,RP11-410L14.2
5714,PARK2,MCF2L2,CRYBG3-1,CTA-373H7.7,GFPT1,RP11-774O3.3,ACVR1C,RP11-473I1.5
5715,SLC16A13,RP11-91G21.1,MAN2B2,LINC00884,TMEM206,AP001610.5,CCDC15,FIGNL1
5716,OCM,DHRS11,TET1,LRG1,FTX,SEZ6,IL27,KIAA0556
5717,NACC1,ZNF692,DPCD,RNASE3,ZNF768,PTPRM,FITM1,C10orf35
5718,MMP14,ELP4,ZNF579,RP11-53I6.3,CD200,GAS8,MCM10,SYT17
5719,C2orf44,CECR6,USP49,MPO,GATM,MADCAM1,FAM161A,SCGB3A2
5720,BNIP1,RP13-270P17.1,TPRN,RP11-452C13.1,CIT,B3GNT9,RP13-131K19.7,ZNF707
5721,CD248,NRAS,PXN,ELANE,INTS6-AS1,WNT2B,RP11-355B11.2,ZNF230
5722,FBXL22,EDC4,ZNF322,UCHL1,KMO,NME7,AVEN,NBPF20
5723,LA16c-358B7.3,KRT2,RP11-104N10.1,SLC22A15,FUZ,SUMO4,ZC3HC1,RP11-10L12.4
5724,NFE2,RP11-798M19.6,RP11-57H14.2,RP11-351I24.1,CENPU,RP5-1157M23.2,SULT1B1,CYP4F22
5725,SPATA24,DOCK7,CDC6,RP11-54O7.17,WNK3,AC012074.2,ANGPTL6,ZNF461
5726,UBE2T,LARS2,HUS1B,TMEM105,ZNF502,CA6,RP11-395G23.3,ZNF618
5727,C11orf95,KANSL1,CHST15,RP11-282O18.3,UTP14A,B3GAT1,RND1,TMEM135
5728,TAF15,RP11-158K1.3,TMEM200B,RP11-159D12.5,LINC00264,TMPRSS3,LRRC69,GS1-124K5.11
5729,RP11-83N9.5,BTBD6,LEO1,RP11-1055B8.7,COA3,RP5-1042K10.10,MUC20,ZXDB
5730,ROM1,ZHX3,MTBP,CTD-2659N19.9,RYK,PYCR1,TMEM234,ZSCAN25
5731,NFKBIL1,RP11-383H13.1,C18orf21,ESCO2,RNPS1,CTB-129O4.1,KANK3,CYP3A5
5732,HDAC2,KIAA1715,LRCH3,CYP2S1,RP11-197P3.4,AC024940.1,ZNF502,AREG
5733,RP11-666A20.4,LNX1,FAM174B,SHISA4,ACAA1,OXT,STARD8,CENPBD1
5734,ABHD2,NUMBL,DNAJA3,AC015971.2,RP11-46A10.5,FRMPD3,PRSS53,TWSG1
5735,PQLC2,RP4-684O24.5,PARD6A,AC004540.5,FSCN3,AASS,LRRC34,AC091729.9
5736,FTSJ3,METRN,KCTD21,CCDC153,CAD,MLLT4,MIR940,FOXP3
5737,INTS3,HSPB9,TNFSF13,SIGLEC12,LRRC3,RP11-317N8.5,RP11-214N9.1,HIATL2
5738,TMEM186,RP11-307C12.12,DLL3,TMEM144,TESK2,RAB40B,C14orf132,TLE2
5739,RP11-514O12.4,RP11-805J14.5,SHCBP1,IL27,MAFK,CECR6,GMPPB,AC110771.1
5740,IFNG,CTD-2023M8.1,OSR2,AC007036.6,RAB11FIP3,USP54,TRIM74,AP000350.4
5741,ZDHHC23,KRT73,PRPF3,LIPC,FPGT,COL6A1,AC131056.3,PDE9A
5742,SAMD12,ZBTB37,AC021860.1,RP11-8L8.2,KBTBD6,RP11-56B16.4,AC110771.1,MYLPF
5743,ZNF281,EEF2K,TM9SF1,RP11-443B7.1,PDDC1,C4BPB,TAS2R30,NAV1
5744,MFSD9,RP11-504P24.6,AC083843.2,LHFP,ZNF486,C22orf15,PDK4,RP11-293M10.5
5745,LIMD1,HOXA10,SLC12A6,LRP3,PRKAR2A-AS1,CTD-3065J16.9,RP11-161M6.2,ARSB
5746,EPRS,RP11-617D20.1,CECR6,RP11-17M16.1,BGLAP,RPL34-AS1,IL17RE,ZNF496
5747,RP1-20N2.6,SCRG1,VPS52,AZU1,ZNF746,CTD-3064H18.1,IQCK,TST
5748,ENDOD1,MRPL30,TIMM8A,SDS,TANC2,TUSC1,MMP14,CBY1
5749,RP11-421M1.8,IGSF22,CTA-293F17.1,TRNP1,ATP6V0E2-AS1,TMEM238,POMGNT2,CTD-2192J16.22
5750,KDM1B,CTD-2165H16.4,KCNMB4,TMCC1-AS1,ENO1-AS1,RP1-257A7.5,IRGM,CREB5
5751,ORC5,USP3-AS1,CTD-2256P15.4,RP3-399L15.3,MAP3K9,ZFP2,PVRL3,KLRC2
5752,ADPGK-AS1,PLEKHM3,RC3H1,FAM110B,AP000442.1,RP11-313P13.5,AC008443.1,ZNF718
5753,ACE,CTD-3195I5.1,RASA4B,RP11-446E9.2,PAX5,CTD-2201I18.1,RP11-755F10.1,CTB-61M7.2
5754,XKR6,RP11-271K21.11,MYO10,HOXB2,AC009948.5,AC083843.2,KDM4A-AS1,ZBTB37
5755,TAF4,AC012360.4,RP11-154H23.3,HOXA-AS2,RP11-493L12.4,TRIM54,B3GNT5,ZBTB45
5756,SH3TC1,RP11-95P2.1,RP4-684O24.5,ABTB2,RP11-190C22.8,AP003068.9,CITF22-92A6.1,TAF4
5757,RP11-817O13.8,RP11-379H18.1,PKMYT1,RP11-215G15.5,ORC1,ACE,WDR76,RP11-849F2.8
5758,LNX1,NCR3LG1,SAPCD2,C1orf213,UBE2C,KLHDC9,AC009473.1,LRRC27
5759,EXD3,LNX2,RP11-734K2.4,ITLN1,SPDL1,C9orf116,RP11-571M6.7,SFMBT2
5760,ZDHHC4,ZNF324B,PLIN5,RP3-473L9.4,TRIM37,TEX12,C2orf44,ZNF623
5761,OAZ2,KIF3A,CTA-407F11.8,FA2H,HDHD1,PIFO,LL22NC03-86G7.1,DENND5B
5762,C5orf66,ZNF16,FOXJ2,C1orf115,C17orf100,ALPL,C2orf40,SIPA1L3
5763,ZNF736,RPGRIP1L,RP11-425I13.3,BTBD19,GDI1,DCHS1,TNFRSF10D,HIST1H4K
5764,TMEM176A,RP11-378A13.2,DOCK4,RP11-443B7.3,NFKBIE,CTA-445C9.14,SLC2A5,RP11-973H7.4
5765,ZNF333,RP11-869B15.1,SOX12,AC007285.6,E2F6,CTC-550B14.7,RP11-277P12.20,AC025171.1
5766,NUDT17,SHCBP1,CTD-3074O7.12,PFKFB2,PRMT5-AS1,CLECL1,PP13439,ACY3
5767,GVQW1,DRAXIN,ZGPAT,PTPRM,AL133245.2,TPO,RP1-315G1.3,HIST1H4J
5768,FOXJ2,AC090186.1,CCDC26,ELOVL3,AGBL2,RP13-131K19.2,COL4A4,NDFIP2
5769,TVP23A,FNBP1L,ARSE,GPR84,DNASE1L3,ANKHD1-EIF4EBP3,RP11-950C14.3,C10orf91
5770,KATNAL1,RP5-1115A15.1,KB-1507C5.4,CCDC149,SSTR3,RP11-10C24.1,BMPR1A,CIB2
5771,PDLIM2,CYTL1,CARM1,DYSF,OPA3,MUC20,CTD-2619J13.14,LONRF1
5772,CEACAM3,LINGO3,NDUFB2-AS1,SKA1,ZNF628,CNKSR2,ANKS1B,ATP6AP1L
5773,TTC21B,CORO6,DNAJA2,PDK4,ATXN1,RP11-782C8.1,RP11-483I13.5,RP11-539L10.3
5774,AC005306.3,EPS8L1,CHML,PMP22,RILP,CRB1,BFSP1,LTC4S
5775,RP5-894D12.3,CELF2-AS1,RCBTB1,RP11-830F9.6,FSTL3,NPAS2,C1orf186,CLCN1
5776,RP13-131K19.2,RGL1,CASP5,CD1B,TRBV11-2,ATP6V1H,ANKRD37,CHST14
5777,NOD1,ACAD8,PARD6B,TMTC1,FAM105B,CDH20,RP11-326C3.2,ZNF169
5778,PTRF,AC018766.4,RP11-212I21.4,ACAD11,AAED1,ZNF711,UGGT2,RP5-892K4.1
5779,ZNF596,ZNF554,DUSP19,CTD-2540F13.2,ADAMTS10,ZNF57,ERCC6,GOLIM4
5780,DLG4,PRKAR2A-AS1,RP11-206L10.9,DDO,WDR44,CPA5,CCDC122,AC011893.3
5781,RP11-85F14.5,AP001046.6,SGCB,SCARA5,LRRK2,PANK1,DOCK7,RP5-1007M22.2
5782,BSCL2,CTD-2541M15.4,COPS7B,PGF,TMEM44-AS1,RP11-389O22.1,DLC1,AC002310.12
5783,RP11-875O11.1,RP11-23P13.7,CEBPA-AS1,TEX22,ALS2,ALDH4A1,SLC22A17,DDB2
5784,RP11-498P14.5,TMEM161B-AS1,SPIDR,NPIPB5,ZFPM1,TBC1D32,AC195454.1,URB1
5785,AC011558.5,RP11-452H21.4,NUGGC,CDH26,ZNF155,CRIM1,RP11-195F19.5,NAA40
5786,KIAA1524,CTD-2368P22.1,RP11-356C4.3,RP11-252C15.1,PAXIP1-AS2,CLIP2,RP11-513I15.6,RP11-488L18.10
5787,CTD-2020K17.1,TXK,XRCC3,EMP1,ZNF329,RP1-151F17.1,RP11-764K9.1,RGMB
5788,DYX1C1,HOXB-AS1,OTOA,FAM3D,TRAIP,AC009501.4,AIRE,AC079305.10
5789,TMEM220,SYNJ1,RP11-525A16.4,ABCC6,MTFR2,KHDRBS2,RP11-666A1.5,FAM222B
5790,NEK3,MORC4,RP11-81A22.5,FAM193B,SORBS1,DLL3,TMEM171,BICD1
5791,KIAA1009,AC009299.3,SRGAP1,CCDC96,ALG14,CELSR2,MIR4453,MACROD1
5792,EFHD1,C22orf43,TLDC2,RNASE1,CTBS,RP6-206I17.1,NXPH4,ZCCHC18
5793,BRAT1,CCDC153,SERPINB2,PRDM10,RP11-160H22.5,SERINC4,DDR1,RP11-413H22.2
5794,RP11-313P13.5,LZTFL1,RP11-277B15.3,RP11-656E20.5,ABCB10,RP11-713P17.3,DNAJC27,PMM2
5795,PSPH,GOLGA2,CEP120,ZDHHC4,LONRF3,ALDH1B1,RAD52,SMPD4
5796,RP11-60I3.5,GRB10,YEATS4,CTD-2319I12.2,CTC-297N7.8,EPM2A,RP11-242D8.1,C6orf57
5797,TRIM3,RP11-342I1.2,LINC00656,ITPRIPL2,CLINT1,RP11-302B13.5,MEGF6,ENTPD1-AS1
5798,RP4-798A10.7,HIST2H2BE,RP11-764K9.1,LL22NC03-86G7.1,RP5-1125A11.1,HIST2H2BF,ZNF709,OBSCN
5799,FAM221A,GAS2,RP5-899E9.1,FZD2,AC027307.3,RP6-206I17.2,ZNF324B,TSTD2
5800,RP11-533E19.5,AL353354.2,ANAPC1,FOPNL,USP40,AC195454.1,AC009961.3,NKD1
5801,RP11-474G23.3,RP11-445H22.3,C3orf14,MITF,RP3-380B8.4,RP11-178L8.7,RP11-734K2.4,NBPF9
5802,C14orf79,DPEP3,PADI2,EPHB3,BCO2,ABCA1,RP11-318C24.2,WRN
5803,ARHGAP12,CCR4,PAPOLG,HSD17B8,RP11-274B18.2,RP11-863K10.7,CTD-3195I5.1,AKAP11
5804,CTD-3131K8.2,CKAP2L,AC099850.1,ATP2A1,KTI12,TMEM52,GDF11,EIF2AK3
5805,RP11-802O23.3,EIF3J-AS1,ATRN,TPRG1-AS1,RP11-73O6.3,C5orf27,LGALS8-AS1,CTA-250D10.23
5806,CTA-384D8.36,ZNF772,GPER1,IL1R2,KCNAB3,ZNF449,TPRN,IL7
5807,PAPD7,ADD2,ITLN1,EPN2,SLC25A53,SGPP2,PLEKHG4,USP40
5808,PAQR7,RP11-16N11.2,CTD-2571L23.8,CH25H,GTF2A2,MTCP1,WDR66,KCNMB3
5809,MLLT4,TPBG,RP11-362F19.3,LTB4R2-1,ZFAND5,AC124944.3,RP11-307C12.12,SYNJ2
5810,RDH10,RND1,EHHADH,RP11-163N6.2,MED14,PPP2R3A,RP11-589C21.5,RP11-430B1.2
5811,GINS3,ZBED6CL,LINC01094,ACOX2,ASPM,SLC3A1,RP11-977G19.12,PRICKLE1
5812,TRAPPC9,FGF14-AS2,CANX,DLEU7,CTD-2135D7.5,RP11-292F22.7,RP11-415F23.4,C2CD2
5813,ZNF84,YTHDC2,RP11-338C15.3,SLC6A12,HTT,RP11-661A12.14,GPR55,TET3
5814,NEK1,RPA4,ADORA3,SCARF1,RP11-195F19.5,DMC1,TRIM59,SLC35D1
5815,ASB9,HIST1H2BG,TDRD9,OLFM1,PQLC3,SLC46A1,VSIG2,ZNF585B
5816,AC004463.6,RP11-438L19.1,RP11-282O18.3,TRIM74,YDJC,SCGB1B2P,PLEKHM3,SS18L1
5817,MANEA-AS1,TEC,CAMP,CTD-2215E18.1,IFT43,SEPP1,APOOL,QSOX2
5818,AC010894.5,CREB3L4,RP11-6J24.6,PRR7-AS1,PMPCB,NHS,ZBTB20-AS1,CNTROB
5819,CD274,AC145110.1,C9orf9,RP11-213H15.1,TBKBP1,RP11-379K17.12,PNMA3,PTGS2
5820,TTC39B,CDKL1,FBXO46,P2RY6,ZNF71,KIAA1107,LAYN,ORC1
5821,ZSCAN29,GDPGP1,LL22NC03-86G7.1,ANPEP,RP11-758P17.3,RP5-940J5.6,SPIN3,H3F3C
5822,ZFP57,PXDC1,ZBTB41,PIWIL4,LDOC1,CRYGS,INPP5A,NAGLU
5823,EGR2,SPTLC3,RAB2B,SOX15,SLC36A1,CTC-366B18.2,CHTF18,ZFP57
5824,LMO2,ZNF14,C2orf62,C19orf82,RP5-1021I20.1,ANKRD18B,CYP1B1,C2CD3
5825,AC147651.4,PLD6,SFXN2,RP11-488L18.8,MAL,SRRM5,CTD-2368P22.1,PFN2
5826,RP11-731C17.2,ZNF558,C9orf47,SGMS2,METTL4,ZNF724P,FZD2,TONSL
5827,PARS2,LIG4,FKBP7,HIST1H2BF,FRS3,ZNF547,CCDC176,C19orf40
5828,GS1-393G12.14,RP1-224A6.3,KRT23,DHDH,STK35,CTD-2516F10.2,MIR181A2HG,RP4-816N1.6
5829,PI4KA,TK1,SLC35E4,FRMD3,AC142528.1,CTD-2410N18.3,GALNT3,RP13-516M14.4
5830,LCMT2,MYO18A,RP11-156K13.3,HP,ARRDC4,WBP2NL,RP11-443B7.1,INTS2
5831,CD101,LINC00422,POLD2,RP4-583P15.15,EIF3C,RP11-274B21.10,LPP-AS2,SPATA7
5832,CABP4,FLJ00104,KIAA1841,CELSR3,AMT,RP11-126L15.4,CTD-2623N2.11,NEK4
5833,PPIP5K1,TCAP,DHX36,RP11-644F5.16,FAM195A,AC013449.1,HAS3,RP11-117D22.2
5834,AC012074.2,CERKL,CRIPAK,CLDN23,PROSER1,MAP3K14-AS1,FBXL19,MORN3
5835,CENPF,TRIM46,RP11-552D4.1,ZNF205,CYP51A1,ECT2,RP11-793H13.11,SLC29A3
5836,MRPS17-1,RP11-214O1.3,SIPA1L2,RNF122,DSEL,LINC00880,RP11-273G15.2,RP11-11N9.4
5837,CCNYL1,CTD-2201I18.1,CKM,C5orf54,ANGPT2,LINC00630,CTD-2085J24.4,ZNF598
5838,PURB,TAPT1-AS1,RP1-29C18.10,GNA11,AGAP5,KNTC1,MIR378D2,TCP11L1
5839,CPT1A,KCNH3,FLVCR1-AS1,OSGIN1,FRY,RP11-362K14.6,AC004463.6,TOP3B
5840,RP11-977G19.11,LINC01063,SPR,RP5-1142A6.2,SLC39A11,SHCBP1,CTD-2012K14.6,SULT1A4
5841,AC018766.4,RP11-10C24.1,GPR61,DNAJC9-AS1,MDK,ANKRD50,U47924.31,CBWD6
5842,NTAN1,PRMT5-AS1,BATF2,RP11-317J10.2,RAB12,CHGB,MEGF8,KIF23
5843,EFEMP2,MTMR2,RP11-351I24.1,RP11-290L1.3,RP11-849F2.8,NEIL2,DBF4B,SPECC1L
5844,OOEP,PPP1R26,LINC00482,COL4A4,SKP2,AC104699.1,SYNM,VSIG1
5845,SEMA4F,SGPP2,HIST1H4I,SEZ6L,LMBR1,Y_RNA,LINC00511,NUBPL
5846,SLC16A10,IPMK,NID1,AATK,SPOPL,HSF5,WDHD1,C1orf145
5847,B3GALTL,RHBDL1,PROS1,GPR125,GVQW1,RAPGEF3,RP11-403I13.4,EVC
5848,RP11-649E7.5,AGL,RNASE3,ITIH4,ABCB4,KRTAP5-AS1,SBF2-AS1,ZNF107
5849,ETF1,ADC,TDRP,FAM209A,IP6K1,RILPL1,NRBP2,ZFP1
5850,PPP1R12B,TMOD1,HDAC6,C2orf27A,RP11-152N13.5,RP5-930J4.4,RP11-393I2.4,CPEB2
5851,FAM20B,C10orf111,RP11-472N13.3,TMEM163,RP11-35G9.3,FGF14-AS2,ATP8B3,RP11-284N8.3
5852,MMP28,LRRC20,AC004069.2,SLC2A9,RP11-105N14.1,TLL2,ADAM23,ANK3
5853,CTD-2371O3.2,VPS13A-AS1,PBX1,GPR20,GS1-393G12.13,CTD-2350C19.2,DOCK9-AS2,CD101
5854,RP11-390F4.3,RP1-28O10.1,FAM127C,OPLAH,FDXR,ZNF541,RP4-798A10.2,CTD-2260A17.2
5855,PVRL3,RP4-635E18.8,AC005932.1,MOCS1,TMEM143,FAM47E-STBD1-1,LCAT,SLC16A11
5856,NFKBIB,CBWD3,CHST13,UACA,PDP2,DAB1,TRIM16,AL590452.1
5857,CYP2J2,LAMA5,BTBD6,RP11-84C10.2,POLR2A,FAM178B,CDK1,SH3BP5-AS1
5858,NFIX,RP11-558F24.4,RTEL1-TNFRSF6B,RP11-930P14.2,HIVEP3,AKR1CL1,RP11-56B16.4,FAM220A
5859,CTD-2086O20.3,KLHL11,CTD-2256P15.2,FOXM1,HCAR2,CCNT2-AS1,RP11-160O5.1,ZNF557
5860,GALR2,RPL34-AS1,KLHDC7B,RP11-54O7.11,POLR3B,MASTL,TMEM38A,MKS1
5861,ABCD1,FAM92A1,IL1RL2,AC004069.2,SLC29A1,ACVR2B,HIST1H2AL,RP11-162G10.5
5862,RP1-261D10.2,ZNF486,CELF2-AS1,CTD-2583P5.3,MTF1,RP11-402D21.2,ZNF417,TAF13
5863,PES1,AP001046.5,FOXM1,RP11-529K1.4,HIST1H4H,RP5-884G6.2,RPS4Y2,LRFN1
5864,AF213884.2,RP11-624C23.1,RP5-1142A6.8,RP11-315O6.1,RP11-159G9.5,OVGP1,RTTN,RP5-1115A15.1
5865,MSANTD4,RP1-223E5.4,RP11-452C13.1,RP11-305L7.7,TMEM68,KLHL11,HIST1H2AM,BAG3
5866,ARMC5,RP11-385F7.1,CTB-96E2.7,FAM167A,C12orf42,RP11-60I3.5,PLEKHN1,RP11-977G19.11
5867,AC013449.1,RP11-108P20.1,TMPRSS13,RP13-131K19.6,ZBTB14,RP11-138I18.2,RP11-426L16.3,DTWD2
5868,ZNF726,UGGT1,LRP3,NID1,WWC3,DPY19L2,FTCDNL1,GPR42
5869,DYM,AMY2B,EPB41L5,HGF,MFSD2B,CYP2J2,CABP7,QPRT
5870,AC093157.1,MSH5,AC018766.4,FFAR3,POMT1,TVP23A,DIP2C,PCSK5
5871,NUDT15,COBLL1,LINC00884,CASS4,CYSLTR2,CTD-2555C10.3,CTD-3154N5.1,CC2D1B
5872,RP11-641A6.2,HOXA9,FAM110B,S100P,TCN2,C17orf51,RP11-680A11.5,EME2
5873,AGO2,RP1-313I6.12,SLC1A4,LGR6,CACNA1A,HAR1B,GP6,TMPO-AS1
5874,GATSL3,LYG1,LNX2,ZNF318,ZDHHC16,ATP8B3,RP11-327F22.2,SPRY1
5875,RP11-672L10.6,WWC2,CTD-2541M15.4,LINC00694,PLEKHG2,RP11-600F24.7,PEX11A,RP1-244F24.1
5876,CCNJ,ZNF724P,CENPO,RCC1,PPP2CB,RP1-234P15.4,CTD-2630F21.1,RASGRF2
5877,RNF114,ASPM,ELANE,CTD-2516F10.2,RP11-79P5.9,EPPK1,RP3-508I15.19,SMCR5
5878,GNAI1,PDGFB,LATS2-AS1,HPD,CTD-2186M15.3,ZSCAN31,MARC2,GCNT2
5879,NOP10,STK39,MRPS24,CLTCL1,ZFHX3,RP11-617D20.1,CTD-2545M3.2,AL645728.1
5880,SMUG1,IL1RL2,CCDC153,RP11-467P9.1,MT-ATP8,PNMA3,RP11-338I21.1,ZNF844
5881,ENKUR,COL4A3,TM2D1,LAMC1,RP11-589P10.5,ZNF415,CTD-3203P2.2,LINC01136
5882,MAGIX,GUCA1B,ASPM,RP11-499P20.2,KCTD21-AS1,RP11-247A12.2,GAREML,LRRK1
5883,RP11-644F5.11,REG4,RP11-930P14.2,AC000003.2,SLC38A9,BMPR1A,PDZD7,ALMS1
5884,S1PR3,ACTR3C,RP11-312B8.1,PROC,TRAF3IP1,MCAM,ZNF396,ARHGAP31
5885,C3,RP5-1050D4.3,USP13,L1TD1,TFDP1,FAM83G,ARHGAP33,TBC1D9
5886,COG8,RANBP6,FAM229B,DTX4,IL10RB-AS1,RND1,FOXD2,SLC9B1
5887,ATP11A,SPATA21,AC007285.6,WDFY3,LIN52,ADD2,METTL21B,PTCH2
5888,ZNF512B,LRRC3,CTD-2514K5.2,ADM,ANKDD1A,HIP1R,ZNF620,RP11-326K13.4
5889,AKR1E2,FSCN3,ZNF382,FCAR,PVRL2,MXRA7,RSPH9,CTD-3185P2.1
5890,CCDC84,CTBS,RPS17L,THBD,KIF2C,AC004158.2,ZDHHC23,ADARB1
5891,AGBL5,CTD-2015H6.3,C20orf201,CTC-507E2.1,CTD-2270L9.4,AC026471.6,ACVR1B,LGALS9C
5892,LEPR,RP11-345J4.5,SGMS2,TMEM51,CCDC34,NXPH4,AL353354.2,ZSCAN29
5893,MAP1B,EFEMP2,NEK2,RP1-266L20.2,ALMS1,MAMSTR,GNAZ,IFT80
5894,CLDN12,ZNF202,MPO,TST,AC061992.2,AC068580.6,ZNF30,PAXBP1
5895,KIAA0101,RP11-529K1.4,KCTD21-AS1,RP11-361D15.2,PTBP2,NLGN4Y,EPB41L5,AC062017.1
5896,RP11-571M6.7,LL22NC03-2H8.5,POLA1,CSRP2,ZSCAN12,GPR126,IKZF4,KB-1507C5.2
5897,RP11-700H6.1,SNX33,L1TD1,HOXB3,TRPM2,C14orf132,ESR2,HMGA1P4
5898,GS1-114I9.1,RP11-264L1.4,CTA-14H9.5,DGKG,RP6-91H8.3,GRAMD1C,LINC00299,HABP4
5899,VMA21,MASTL,SKA3,WNT5B,GPR160,NEK2,THBS1,RP11-343H5.6
5900,PAM16,RP11-225H22.7,ZNF793,RP3-508I15.21,ATN1,RP11-206L10.2,MST1,BIVM
5901,RP11-267N12.3,GNAL,RNF144B,NEK8,AC069363.1,CTC-209H22.3,NPTXR,DHCR7
5902,PARP16,ZNF391,AC007036.6,LGALS12,RAP2A,TNFRSF11A,RP11-420A6.2,CETN3
5903,PTPRJ,FAM153A,TTC33,FAM114A1,GGH,PRDM11,SLC16A5,ZNF141
5904,RP11-137H2.4,SLC35F3,PDK4,RP11-46D6.1,CTB-55O6.12,CTD-3203P2.2,EAF1-AS1,CTB-152G17.6
5905,THAP5,IL12A,CTD-2651B20.3,AIFM3,CNR2,UBXN10,RP11-603J24.5,AC009065.1
5906,PNMA1,PYGM,SLC38A6,SUV39H1,RSBN1L,ZNF566,RP11-119D9.1,RP11-629O1.2
5907,CCDC120,TMEM81,P2RY12,RP11-96D1.11,CPM,RP11-421M1.8,RP1-159A19.4,RP11-554J4.1
5908,MFSD6,RP11-385F5.5,STK36,B4GALNT3,KNSTRN,TMEM136,ERGIC2,IL24
5909,AC007228.5,USP46-AS1,TMEM105,GS1-124K5.4,ITM2A,C10ORF68,AFAP1,CTA-292E10.6
5910,ANKRD6,DIDO1,CTA-373H7.7,RP11-305K5.1,AGPAT5,CERKL,ANKRD18A,ZNF736
5911,RP11-750H9.5,RP11-863K10.7,TMCC1-AS1,HPSE,EFNB1,JMJD7-PLA2G4B,EPN2,VPS37C
5912,LOXL3,SERPINF2,RP11-849F2.7,ARC,CEP135,BRSK1,GUCA1B,MOCS3
5913,C5orf24,CTD-2587H19.1,RP11-54O7.11,NFIL3,GTF2H3,KLHL32,RP11-793H13.10,FARP2
5914,PTAFR,USP12-AS2,LAYN,CCDC62,AURKB,ZNF225,GNMT,N6AMT1
5915,RP11-126K1.2,RP11-517I3.1,RP11-458D21.6,RP11-701P16.2,AMFR,RP11-793H13.10,CTC-297N7.5,RP11-467D6.1
5916,TTC21A,ANKS6,LINC00984,FAM20C,UQCR11-1,ITPKB-AS1,PROK2,ARHGEF4
5917,RIMKLB,FAM218A,ZNF333,CABLES1,USP6NL,POP1,NPIPB4,PHLDB2
5918,C10ORF68,RP11-796G6.2,AZU1,RP11-417F21.1,CHTF18,RP11-473M20.16,AC104809.3,ZBTB18
5919,OSCP1,CLEC17A,RSBN1L,VDR,TMEM43,AC005082.12,CTH,RP11-386I14.4
5920,PNMA3,PLLP,BORA,CBX2,JKAMP,PLCH2,MCF2L2,C17orf72
5921,USP28,RP13-131K19.6,ADORA2B,RP11-206L10.2,DKFZP761J1410,DYX1C1,EFCAB7,ZMYM1
5922,TSKS,PTPDC1,NLRP1,SRCRB4D,XYLT2,CTD-2260A17.1,LINC00880,TPRG1
5923,KDM4D,IRAK1BP1,SIGLEC12,SERPINF2,ZFAT,PGBD3,KLHDC9,CLUH
5924,SLC19A2,ABCB1,PTGDR2,CPT1B,KB-1732A1.1,KDELC1,HBQ1,ANKRD40
5925,ALDH4A1,C1orf200,CENPP,C8orf31,VKORC1L1,RP11-336K24.12,HSPA1L,RHOBTB3
5926,RP3-465N24.6,ADAM12,PPP1R26,CTD-2353F22.1,CCHCR1,RP4-789D17.5,PCBP3,PBX3
5927,AC103563.8,ZNF41,PKD2L1,DMPK,RBM26-AS1,FBXO36,CTC-550B14.7,FAM221A
5928,PIWIL1,ZNF653,PEBP4,RNF149,GDPD1,PLS3,ZNF492,SLC22A4
5929,CABLES2,ZNF517,RP3-508I15.19,EVA1B,TBC1D22B,CDK5R1,C10orf95,RRP36
5930,HIST1H2AL,GID4,OVCH1-AS1,GPR34,PIK3CB,PM20D1,RP11-338C15.3,PER3
5931,FBXO5,ZNF223-1,IL27,SCGB3A2,TADA1,RP11-441O15.3,KLRK1,ULK4
5932,RP1-224A6.3,AC010894.5,RSPH9,PALLD,CARM1,RP1-317E23.3,CTD-2541M15.1,VWA5A
5933,PTCD2,AC006547.15,ROCK2,GS1-393G12.13,ADCY9,TRIM61,TMEM262,CALML4
5934,ATP5SL,RP11-58B17.2,CDCA8,C1orf53,CLPP,BEND4,INSL3,OLFM2
5935,RP5-884G6.2,ERF,GMPPB,CCDC151,PUM2,CEP170,ABCD2,APOBEC3F
5936,RGPD2,RP11-293A21.1,ELOVL3,XXbac-BPGBPG55C20.2,SCML1,TLR9,DCLRE1A,PLCB3
5937,EGLN3,NAA60,SLC4A4,FGF14-AS2,ACCS,RPSA,HID1,SLC25A43
5938,PER2,ZNF616,ARC,RP13-314C10.5,TIGD6,RASSF6,RAPGEFL1,ACTR3C
5939,MYLK,C9orf156,RP11-439L18.2,CD1A,CRTAM,CTD-2517O10.6,HOOK1,ZNF764
5940,KBTBD6,ABCC4,CTC-507E2.1,MED4-AS1,MSL3,CDON,AC004893.11,LEPREL4
5941,STAT6,DCBLD2,SLC22A15,RP11-190C22.9,AMACR,RP11-196G11.2,RP11-438L19.1,RP11-1070N10.3
5942,RNF32,LEPREL4,AP001046.5,RP11-379F4.9,RPS6KB1,RP11-225H22.7,SGSM1,KIAA1009
5943,NDUFA3,RP4-789D17.5,CRYBG3,KIAA0895L,SDCCAG3,SNORD3A,MOCS1,RGS16
5944,RP11-225H22.7,ZNF771,FAM132A,ATP8B4,EXO5,CIT,TCP10L,MACROD2
5945,HKDC1,RP1-151F17.1,NOP9,TRIOBP,AP001062.7,NPR2,TGFB3,RALGPS1
5946,FBXL20,ZNF624,CTD-2659N19.9,CCL2,ARID4B,CTH,AL627309.1,FUK
5947,AVIL,RP13-131K19.2,SGMS1,ERH,EXOSC10,RP11-529K1.4,HMGN3-AS1,ZNF287
5948,RP11-575L7.8,RAD52,ZNF417,COLCA2,GNPNAT1,CTC-260E6.6,SCD5,STK35
5949,GAREML,C17orf100,PRELID2,PSMD10,MOCS3,CSRP2,IKBKAP,DHX40
5950,MGST1,ACVR1C,PBK,MAP3K14-AS1,GSPT2,RP11-511I2.2,RP11-1007O24.3,CSTF2
5951,MYLPF,SLC12A5,ZHX3,LIN7A,C10orf88,PARM1,FAM129B,KBTBD7
5952,MAP3K6,CTD-2516F10.2,DYSF,RAPH1,RWDD2B,RP11-755F10.1,TTC28,ZNF562
5953,ASNA1,RP11-6F2.5,ABCA5,KCNE1,ZNF251,RP11-656D10.3,ST6GALNAC1,MTHFSD
5954,A2M,CLIC5,RP11-1079K10.4,AC009950.2,NR4A3,ZBTB39,SYCP3,ENPP5
5955,CTD-2325M2.1,AC009473.1,RP11-1114A5.4,RP11-863P13.2,PLXNB2,CTC-444N24.11,B3GAT1,LAMC1
5956,AP3M2,MAP3K12,CEP19,DDX47,NPIPB5,PHLDB1,RP11-15A1.7,PDZD8
5957,TRIM59,LAPTM4B,RP11-252C15.1,AMMECR1,RP11-474G23.3,RP11-134G8.7,DOT1L,HMGXB3
5958,SPEG,RP11-656E20.5,RP11-317J10.2,GFRA2,FANCB,ARHGAP42,MMRN1,XPR1
5959,PLLP,ZNF587B,C12orf39,FAM81A,NUMB,NPIPB3,RP11-308N19.1,VAT1
5960,KRTAP5-AS1,CDCA7,MUC20,ARHGAP29,UGCG,TMEM200B,RIN2,C11orf57
5961,TRAPPC5,ELOVL4,PPT2-EGFL8,RP1-168L15.5,ZFYVE1,DUSP19,LINC00925,RFPL2
5962,LNX2,AP003068.9,DDX49,PAPSS2,UBOX5,TNKS1BP1,RP11-57H14.2,CAPN10-AS1
5963,BRPF3,AGAP2,CRIP1-1,AC005932.1,RP11-390B4.5,JRKL,RP11-216B9.6,ZNF438
5964,CD38,RP11-157J24.2,DLG5,VSIG10L,IL18,TNFRSF21,HOXA5,LSS
5965,DISC1,RB1CC1,PRDM10,FNBP1L,STX3,AP003774.4,IFT81,PLA2G15
5966,CEP85,ADARB1,KDM5B,C10orf25,EXOC6B,SLC4A5,EGR2,FLVCR1
5967,ZNF304,AC093157.1,FAM103A1,BTBD3,EXD3,CTB-118N6.3,DNLZ,PLXDC1
5968,CTD-2517O10.6,ALDH4A1,RP3-399L15.3,RP11-221J22.2,DARS2,RP11-77H9.2,CTD-2162K18.4,ZSCAN2
5969,RP11-260M2.1,LINC00880,RP11-677M14.7,RP11-1149M10.2,SLC25A15,CTB-102L5.4,SLC27A2,AC062029.1
5970,NPIPB6,AL020996.1,FAM151B,AC026806.2,LRRC8B,CAND2,AC016757.3,SLAMF8
5971,HEXIM2,TBKBP1,ANPEP,C19orf18,ACADSB,AC104655.3,ZNF527,KIAA1598
5972,MNT,FAM228A,FIBCD1,NT5DC2,FGGY,RP11-293A21.1,RP11-292F22.7,FAM189B
5973,MYH11,PRDM8,WFIKKN1,ANKRD22,CACNA2D3,CCR9,GNAL,ANKRD52
5974,ZBED6CL,FAM81A,FBXO22,RP11-1079K10.4,FAM169A,PRR22,B9D1,KIAA1324
5975,NR2C2,TRAF3IP2,BTBD19,RP3-466P17.1,CENPN,RP11-106M3.3,SLC16A6,RP11-267N12.3
5976,UPK3A,RP11-973H7.4,CH25H,AC104809.3,DISP1,RP11-95P2.1,PVRL1,TTLL4
5977,RP11-415F23.2,DMC1,RP11-434H6.6,KIF18A,MORN3,GPR174,SLC16A1-AS1,RP11-108M9.6
5978,RP11-119F19.2,DOCK9,MFSD7,RP11-95P2.1,ZXDB,RP1-261D10.2,LINC00174,IBA57
5979,CTD-3193K9.4,CABP7,CALCRL,HLX,NEK6,LINC00304,TMEM200A,NOL6
5980,CYCS,NAP1L3,ABCC6,RP11-677M14.7,C10orf12,C16orf46,CCDC117,ZNF717
5981,DLG1,NHLRC1,LINC00309,FAM151B,C21orf58,AC010894.5,ZBTB3,KLF5
5982,ALS2CL,RP11-483I13.5,UBXN10,TNFSF13,LRRN3,EFHD1,PAGE5,TRA2A
5983,KHDC1,C5orf27,VPS16,GLCE,ADPGK-AS1,WNK3,HIST1H2BG,ZNF582
5984,NEURL4,LRRC57,RP11-456D7.1,CTD-2083E4.6,TRPC4AP,UNC5CL,MTA3,TSEN2
5985,CBFA2T3,ITGA1,RP11-305L7.7,ANKRD42,ZNF789,PSD,MTX3,FLJ00104
5986,RP11-292F22.7,RP11-395B7.4,TMTC1,RP11-809N8.4,HS2ST1,CCDC163P,FRMD3,ZBTB33
5987,SRGAP3,RP11-243J16.7,WDR11-AS1,MARVELD1,RP4-673M15.1,RP11-513M16.8,RASSF6,GDPD5
5988,PPP2R1B,PNPLA7,RP11-178C3.2,PAK3,U2AF1L4,TOPBP1,CLCN4,AC005523.2
5989,COPG2,RP11-873E20.1,C19orf33,AQP9,SLC25A10-1,KCNH3,RP5-1024G6.7,ZNF777
5990,ZNF444,PLXNA3,RP11-661A12.5,RP11-458D21.6,ARF6,MYCBP2-AS1,GNG5P2,RP11-464F9.20
5991,CEP112,RAB40C,RP11-690G19.3,PDE4C,RP11-158K1.3,RP11-350G8.5,ZNF425,ATP1B1
5992,MORN4,OCM,RP11-293A21.1,GPR42,CCDC137,ADAM22,PRPF40B,HIST1H3D
5993,THBS3,RP11-50E11.3,RANBP17,ARHGAP42,CSNK1E,CCNI2,BCO2,CARD6
5994,SPATA33,ZNF547,ZNF805,PRSS53,AHDC1,C10orf111,HSD17B1,DNAL1
5995,AL627309.1,FBXL8,TGM2,SLC2A5,FOXO3,RP11-571M6.7,DKK3,LIPE
5996,ZNF205-AS1,AC022498.1,RP11-505P4.6,PARM1,OXR1,COLCA2,RP11-298J20.3,COLQ
5997,ROPN1L,LIPT2,SFTPD,SLC22A18AS,FAM160B1,WNT10B,DYX1C1,KIAA1919
5998,CTBP2,RP11-362K14.6,RAPH1,MFSD1,DAPK3,CDK1,NSFL1C,GOLGA8A
5999,CAV1,NDFIP2,CENPA,REPS2,FAM134A,CTD-2162K18.4,ZHX3,P2RX7
6000,TTC28,SUPT7L,GPR20,HPCAL4,CEP68,ESR2,RHOU,LINC00910
6001,RP11-403I13.4,CTD-3074O7.12,ARL17B,TMEM53,NUBPL,RP11-46A10.5,SRR,ZFYVE20
6002,ZBTB7A,C19orf77,GPR133,SH3D21,CTCF,ITGA1,DNAAF1,GRAMD3
6003,CCDC71L,SYDE2,RP11-361D15.2,RFESD,MAPK11,USP12-AS2,HHAT,ZNF780B
6004,SERAC1,C11orf35,STEAP3,AP001053.11,RNF123,RBM12B-AS1,TRIM2,CTD-2162K18.5
6005,ZNF630,SLC2A5,RP11-443B7.3,RHOBTB1,MCOLN1,KCNH2,RP11-876N24.2,PTDSS2
6006,RP3-486I3.7,CCDC102B,CHKA,RP11-6F2.5,PCED1A,FRMD8,RP11-110I1.13,MYH11
6007,ZYG11B,ZNF483,RIMS3,CTC-444N24.6,CCDC117,ZBED3,OSCP1,CYTL1
6008,HEMGN,ZNF844,EMP1,ZNF625,SLC9B2,RP11-558F24.4,INSR,GGT1
6009,ZNF391,CTD-2033A16.3,RP4-781K5.2,AC015922.6,SLC20A2,ZNF571-AS1,SLC51A,UTF1
6010,GINS4,GPR157,AVEN,PBX1,PINX1,CYP4F35P,AC009120.10,ASPH
6011,XXbac-BPG252P9.9,AC009950.2,FRMD3,RP3-525N10.2,RP11-108P20.1,LINC00562,TEC,POLH
6012,ZCCHC24,NPM2,RP11-884K10.7,CTD-2196E14.4,PLEKHN1,GEN1,RP11-479G22.8,C3orf33
6013,ZNF649,MIR378D2,DTNA,CTB-178M22.2,PEX11A,FAM66C,RP4-781K5.2,FAM227B
6014,HOOK1,RP11-145M9.4,RP11-395B7.4,BSDC1,CDC6,SMTN,RP11-314O13.1,RP11-635N19.1
6015,RP11-977G19.12,FAM222B,PPT2,RP11-356N1.2,CDAN1,GEM,MYCBPAP,ADPGK-AS1
6016,CXCR2,LINC00663,RP11-46D6.1,MTSS1L,ZNF25,NUP62CL,PRMT5-AS1,PAXIP1-AS2
6017,HLA-DOB,RIMS3,RP5-1024G6.7,LRP12,GBA,PLXNA3,RP11-378J18.3,NR2C2
6018,LINC00265,MYB,GNA11,ABHD1,SMYD3,SAMD12,C1orf51,WBP1
6019,AMZ1,SCD5,RP4-536B24.3,CCNT2-AS1,PDE6B,RIMS3,RNF165,NLRC4
6020,MAP4K3,PRKCZ,DDO,RP11-290F20.3,ARRDC5,BTBD19,WDR19,ARMCX1
6021,EFHC2,UNC5CL,RP11-342M1.3,RP5-1098D14.1,MCM10,RP11-388M20.6,RP11-290D2.3,PTPN23
6022,UBE2C,FLJ20306,KRT73,FIBCD1,LINC00115,TAS2R30,ZNF711,SSH1
6023,PHLDA1,PCCA,GDPD3,RP11-1151B14.4,AC009133.12,RP11-90D4.3,SOS2,PYCRL
6024,AC008443.1,RAB11FIP5,RP11-80H8.4,RAB23,SHCBP1,ZNF492,AF213884.2,NFIL3
6025,MEGF6,RPH3AL,BRCA1,SCGB1B2P,OSR2,ERI2,DSEL,FAM120C
6026,LINC00174,PATZ1,TTN,HRASLS,PLIN5,RP11-504P24.8,NEDD4,PORCN
6027,A1BG-AS1,EML5,RET,NAPA-AS1,IFNG-AS1,CLCN4,CASD1,PIGQ
6028,CHST14,CPNE2,CTD-2085J24.4,ENTPD7,CECR6,ZNF239,CTD-2540F13.2,RPPH1
6029,MYLK-AS1,NIPSNAP3B,RP11-381K20.2,ATL1,RP4-684O24.5,LIG4,TMEM81,LDLRAD3
6030,RP11-707M3.3,TMEM117,MS4A14,RP3-462E2.5,KB-1507C5.2,RP11-707G14.1,CCDC121,LY96
6031,RP11-445H22.3,AP4B1-AS1,WDR65,HDGFRP3,SAPCD2,RP11-582J16.4,CXCR1,CTC-241N9.1
6032,SPDYA,NAIF1,DLEU7,FUZ,GPR61,INTU,ZNF579,ANG
6033,RP11-429E11.3,SYCP3,PSMD5,SLC41A2,ZGPAT,PEX12,MB21D2,ZNF671
6034,RASIP1,CTC-297N7.5,CXCL9,PIK3R6,RP11-458D21.6,SPIRE1,PAK3,MICAL2
6035,FZD6,C16orf46,CTC-444N24.6,AC113189.5,COQ6,GPR63,ZNF155,ZSCAN5A
6036,KAT2B,AC018816.3,C1orf177,IFT81,AC015971.2,AC110771.1,TNFSF13,MICAL3
6037,AC024940.1,AC009120.10,RP11-656E20.5,RASAL1,DOCK4,C1orf204,MOSPD2,ZBTB21
6038,RP11-573D15.9,ZNF256,OMG,NRP2,ESCO2,ZBTB42,HIC2,CLCF1
6039,ARMCX1,GMEB2,ZNF585B,CTD-3154N5.1,CEBPA-AS1,SORBS1,VEGFA,SYCE3
6040,HSD17B14,ZNF354C,TPRG1-AS1,AC145212.1,UCHL1,FBXO10,SEC14L2,CTC-534A2.2
6041,RASL11A,AHI1,CEP55,ANKDD1A,RP11-206L10.9,UNC45B,RP11-175O19.4,LIMK2
6042,IL3RA,RP11-977G19.12,LINC00880,RP11-70C1.1,MYO10,CDH1,MOV10L1,SMARCAD1
6043,NRCAM,PPP2R3A,TIGD3,HLA-DQB1-AS1,RP11-362F19.3,AC006547.15,DMD,CTC-338M12.4
6044,AASS,CCDC62,LINC00106,AP000769.1,NHS,C1QTNF4,CHRNA1,EXTL2
6045,RP11-563N4.1,NBPF3,PDE8B,RP11-498C9.2,CTC-534A2.2,SERPINB2,POLA1,RINT1
6046,CTD-3065J16.9,ZNF565,TRMT5,CTB-129P6.4,SERPINB2,KRT73,ISYNA1,FANCG
6047,TOE1,NPTXR,RP3-462E2.5,RP11-33O4.1,CTA-293F17.1,ESPN,PARS2,STRADA
6048,THAP8,SCMH1,RP11-863P13.2,PLVAP,CCDC109B,RP11-89F3.2,RP11-314N13.3,DHX32
6049,RP11-96K19.5,FAM129A,AC116366.6,CYP4F22,LINC00656,RP11-452L6.7,RAB8B,NOP14
6050,HGD,AC007383.3,FKBP9,RP11-336K24.12,SIPA1L2,SLC35F3,RP11-894P9.1,CCBL1
6051,WDR73,TNFAIP8L1,CLTCL1,TMEM200B,AC099850.1,ATN1,ZNF564,LRSAM1
6052,GDPD3,ZNF436,CCDC149,GATS,GNA11,TUBB4A,AGAP4,ZNF134
6053,KLHDC7B,CTD-2651B20.3,PKN3,MMP23B,VPREB1,RBFOX2,RP11-517I3.1,F8
6054,SOX12,RAD51D,ZNF696,ASAP2,PKMYT1,C1orf186,CTB-12A17.3,FGFBP3
6055,IFNGR2,TBP,ADAMTS10,CTD-2201I18.1,SPR,C12orf60,EPB42,PPFIBP2
6056,KCNK7,CSNK2A3,RP1-265C24.8,ADD2,KB-1507C5.4,C8orf37,RP11-391M1.4,NDC1
6057,ZNF320,MIEF2,FZD2,VPREB1,RASA4B,ZNF223-1,POPDC2,FAM168A
6058,SNED1,CTC-246B18.10,RP11-221J22.2,RP11-477N3.1,BTBD19,SLC45A1,IL21R-AS1,LOXL1-AS1
6059,CD93,TMTC3,GZF1,RP1-151F17.1,DHDH,HIST1H2BH,AL020996.1,CLDN15
6060,ZNF225,WBP2NL,NRXN2,AAR2,RP11-1079K10.4,RP11-692D12.1,PVALB,KIF13A
6061,PINK1,IL7,SLC6A12,RP11-13P5.1,ARSE,ELMO3,RP11-112J3.16,RYR1
6062,ZNF502,GPT2,RAB12,LINC00968,CTA-407F11.8,TRIT1,SERPINE1,SLC41A1
6063,SMAD1,MTERF,RP11-195F19.9,VENTX,FKBP1C,FA2H,RP11-484K9.4,ZNF691
6064,MS4A4A,TNKS2-AS1,CTB-178M22.2,NUPR1L,RASAL1,RP11-496I9.1,TXN2,PKN1
6065,HEBP2,ZNF551,CD248,CEMP1,CELSR3,CCDC78,RP11-90D4.3,PPP1R3D
6066,N4BP3,MATN1,TCEANC,GAB1,ADORA3,RP11-666A1.5,RP11-573D15.9,SLC1A4
6067,RP11-536K7.3,IFITM10,PDE5A,MAP7,OTOA,LINGO3,LINC00663,CCDC154
6068,AP001062.7,L3MBTL4,ARHGAP29,PPP1R26,RP11-552D4.1,OCM,ERI2,ZNF503
6069,TMEM88,OPLAH,PDZD8,FER,CTD-2659N19.9,CCL27,GAB1,AC120194.1
6070,ZNF517,HMGA1P4,LUCAT1,LIG4,DNAJC9-AS1,USP9Y,RP5-1148A21.3,RP11-424N24.2
6071,ASTN2,DNAJC28,SIRPD,CTA-445C9.14,C9orf47,AC129492.6,AZU1,GBA
6072,SCIN,PPP1R3B,ACSL4,CTD-2544N14.3,TCEANC,B3GALNT1,KDELC1,USP53
6073,AIRE,MIR497HG,AC104809.3,BACE1,RP5-899E9.1,HOXB3,INVS,PIP5K1B
6074,FAM83G,VNN2,ITPRIPL2,AL627309.1,RND1,RP5-1098D14.1,ZNF490,ZNF71
6075,SPRYD4,TSTD2,ZNF724P,KLHDC9,RP11-764K9.1,NUDT12,ARHGEF39,ZFYVE1
6076,ICMT,SGOL1,SLC12A5,NLN,ZNF555,ZFYVE9,STXBP5,ZC3H12D
6077,ARHGAP31,XXbac-BPGBPG55C20.2,LCN2,FAM198B,SKA1,RP11-83N9.5,CTB-102L5.4,RACGAP1
6078,CDC42BPB,RP1-92O14.3,MMRN1,CTD-2017C7.1,FOXM1,HSPA2,SYP,RP11-70P17.1
6079,KLHDC1,CDC6,RP11-264L1.4,RP11-338I21.1,ADIRF,LAMTOR5-AS1,SMAD1,KALRN
6080,RP11-77H9.8,NFIA,SERPINE1,C20orf194,AC004540.4,CTD-2544N14.3,LRFN3,ZNF678
6081,ADAMTS10,RP11-875O11.1,HMMR,RP11-484K9.4,AC007285.6,CAPN8,B4GALNT3,PGM3
6082,RABGEF1,TEF,RABL6,RP11-432J24.2,RP11-114O18.1,TEX14,RP11-223C24.1,IL11RA
6083,ATP8A2,DYX1C1,FAM3D,CHST15,RP11-212I21.4,LZTS1,WBP2NL,EVA1C
6084,RP11-53I6.3,HSF4,PODN,TIGD5,LINC01094,C1R,USP46-AS1,SLC14A1
6085,CTD-2532N20.1,LUCAT1,MIR155HG,KHDRBS2,AC004540.5,C1orf145,KIF19,TPST1
6086,HDAC6,SMAD4,UBE3A,CREB5,RP11-305K5.1,CLDN12,BBS10,MBTPS2
6087,C2CD3,TTC4,CASS4,LINC00984,RP11-531A24.5,SLC2A1-AS1,KCNN1,TAGLN
6088,PAK3,FBXL22,BCAT1,INSR,POLE2,AC073115.7,ALS2CL,HMGCR
6089,CD163,MCM10,LINC00968,RP11-114O18.1,TMCC1-AS1,GAS2,XRCC3,KLHL15
6090,ZNF34,TUBG2,ECE2,RP11-297B17.3,GPR125,RP11-15A1.7,MYO16,AC007880.1
6091,RP1-191J18.66,CTC-459I6.1,AC007879.7,IDO1,RP11-159D12.5,ATP6V0E2-AS1,TRIM58,VENTX
6092,MS4A14,RP4-816N1.6,CTTN,MAP3K8,RP11-317J10.2,FAM65C,LGALS9C,PALLD
6093,TGFB3,PKIA,CSRP2,RP11-731C17.2,NDUFB7,CTD-2623N2.11,RP4-673M15.1,TP53BP1
6094,MYO1C,DGUOK-AS1,BHLHE40-AS1,SDCCAG3,C2orf62,CITF22-92A6.1,AC010761.8,RAB40B
6095,AC074183.4,C6orf99,KAZALD1,RP11-158M2.3,OPLAH,RP11-216B9.6,C10orf111,ALDH1A1
6096,PLEKHM3,CCDC176,RBMS2,PKIB,CKM,LHFP,VIPAS39,SCT
6097,IPMK,LA16c-358B7.3,WNT11,CTD-2006K23.2,C1orf115,LIME1,AC069513.4,CORO2A
6098,LINGO3,FAM53C,DMC1,FOXN3-AS1,TMPRSS13,HSD17B1,STON2,SLC7A5
6099,TNKS,RP11-531A24.5,RP11-178L8.7,ZBED3,RP5-1142A6.2,RP11-680G24.5,DNAJC5B,POFUT2
6100,TRIM34,TRIM31,RGS9,OTOF,FA2H,LIPC,C1orf204,SMKR1
6101,ZNF165,CTD-2227I18.1,KLHL21,TLR8,RP11-305L7.7,IGSF9B,COLGALT2,MRVI1
6102,ZKSCAN7,CPED1,PRSS53,C9orf169,RP4-583P15.15,RP11-423H2.3,KLHL17,TRIM7
6103,FTCDNL1,AL590822.2,ZFPM1,NPTXR,RP11-6F2.5,AC103563.8,TGIF1,EDRF1
6104,MIER1,RP11-196G11.2,NHLRC4,SLC46A1,RP11-617D20.1,TMCC1-AS1,EPHB2,LINC00863
6105,FAM174B,VSIG1,ABCB10,P2RY1,CABLES1,DOK4,C3orf18,DISC1
6106,CTC-454I21.3,ADIRF,RP11-114O18.1,LRRC37A2,CTD-2201I18.1,RP11-73E17.2,RP11-61J19.4,EXOC6B
6107,CTC-297N7.5,LINC00402,SGPP2,ZMYND15,AP003774.4,RP11-275I4.1,GLIPR1L2,ERF
6108,CNKSR2,ROM1,CHCHD3,RP4-781K5.2,RP3-466P17.1,AC016683.5,SCIN,ZNF510
6109,C17orf80,TBC1D24,UBASH3B,TDRP,DLC1,RP11-457M11.5,ZNF805,TNPO2
6110,SALL2,KLHL29,RIN2,VNN1,RP5-1142A6.8,ZNF483,UBXN10-AS1,TIAM2
6111,CYP51A1,HOMEZ,PACRGL,RP11-661A12.5,RP11-10C24.1,TRBV11-2,CAMK2N1,CACNA1C-AS2
6112,MBOAT2,RP11-661A12.12,PM20D1,AE000662.92,RP11-215G15.5,CTB-91J4.1,C16orf93,KIF3C
6113,IL17RC,RNF157-AS1,ZNF625,ZNF280B,IL10,RP11-466F5.8,AP000692.10,TMED8
6114,AC116614.1,RP11-434C1.1,C15orf26,USP12-AS2,C1orf204,LRRC56,LMTK2,MMEL1
6115,TWSG1,RP3-466P17.1,C2orf27A,WWOX,RP1-151F17.1,DACT1,PRDM8,CXorf65
6116,FES,RP11-138P22.1,PIGC,RP11-110I1.14,LIG4,C9orf147,PIK3R3,RNF212
6117,DICER1,FOXM1,RP11-23P13.6,RP11-4F5.2,RP11-356C4.3,KIAA1715,ZNF772,KIAA1147
6118,RP11-598F7.3,UCHL1,MCTP1,SLC45A1,RP11-286E11.1,SNPH,YTHDF3,RABL3
6119,RP11-195F19.9,RP11-347C12.1,KCNE1L,AP003774.4,RP11-138P22.1,TNIP3,AIM1L,ZNF622
6120,FN3K,NIPAL1,MAPK8,DLC1,PRDM10,KCNJ14,ARSA,TIFAB
6121,RP11-773D16.1,RP3-486I3.7,RP11-213H15.1,AXL,LTB4R2-1,NEDD4L,AP001062.7,KIF16B
6122,PPP5D1,BBS1,RP11-11N7.4,RP11-138I18.2,NIPAL1,HID1,AXIN2,GPR180
6123,TNS1,KIR2DL3,CEP76,PTX3,SCARA5,RP11-342I1.2,CEP112,NKIRAS1
6124,NXT2,RP11-392P7.6,LTB4R2-1,ZNF19,EHHADH,ZNF41,AC116366.6,TVP23C
6125,COL6A1,ARHGEF10,GLS2,RP11-42I10.1,KIF18A,RP11-339B21.13,ZNF665,ARHGEF10L
6126,WHAMM,HMMR,RPL34-AS1,CTB-114C7.4,COL4A4,CLIC5,MC1R,ZNF667-AS1
6127,CTD-2545M3.2,KIF9-AS1,MOCS1,RP11-513M16.7,EPHB3,PPP1R3B,RP11-164H13.1,SLC23A2
6128,RP11-498C9.15,RP5-1142A6.2,MERTK,ZNF83,CH25H,EXOC6B,AC009948.5,TULP4
6129,CTD-2227I18.1,ZNF354B,OTOF,DNAJC5B,ZNF625,PROC,PREPL,NCAM1
6130,RP11-243J16.7,FGF9,ITIH4,ESR2,CD1B,SEMA5A,RP11-97C16.1,C12orf42
6131,VAV3,C3orf17,CCL3L1,RP11-91G21.1,IL1RL2,GSTCD,ITGA1,ZNF585A
6132,FBF1,RP11-137H2.4,GP6,ZNF286B,RP11-252C15.1,GREM2,CTC-209H22.3,PLBD2
6133,STEAP4,CTB-129O4.1,AC015922.6,SEMA4G,SSC5D,CHRNA1,ZSCAN21,DDX51
6134,TOX,PSMA8,S100P,MADCAM1,CTB-96E2.7,AP001412.1,ZNF2,GIN1
6135,NSF,SLC19A2,CIT,CLCN1,RP11-656E20.5,FNBP1L,ZMYND15,AC104820.2
6136,QRICH2,AC137932.1,YARS2,ADIRF,CCDC26,VPS9D1-AS1,RP11-932O9.7,TBC1D31
6137,RP11-98I9.4,PLA2G1B,DNAJC28,FZD1,LINC00482,TLR3,FAM66C,CBR3
6138,EPDR1,MXRA8,ALPK1,RP11-314O13.1,RP11-417F21.1,LYG1,GIMAP8,ZNF614
6139,CTD-2555C10.3,PAPL,ZCCHC24,LDLRAD3,CTD-2555O16.4,RP11-343H5.6,RFPL1S,SLC37A2
6140,RP11-351D16.3,ESCO2,GRIK4,GPR162,CTD-2571L23.8,RP5-1112D6.4,NAT1,RP11-295P9.3
6141,ZNF467,EFNA4,BCL2L15,ZNF219,RP11-81A22.5,ZNF441,C20orf197,CNR2
6142,AC008174.3,AC123768.4,AP006222.2,ZNF503,RTEL1-TNFRSF6B,RP3-380B8.4,RP11-307C12.13,CSNK2A2
6143,BAIAP2,DKK3,FGF14-AS2,RP11-429J17.2,ABCC6,TMOD1,RP11-473M20.14,MTERF
6144,LILRB3,CCDC3,SYNM,RP11-10C24.1,SLC12A5,LINC01119,SLFNL1,ZNF773
6145,GP5,ZNF442,MOV10L1,UGGT2,RP11-277B15.3,LNX1,GINS4,UBQLN4
6146,SULT1A3,ZNF804A,RP11-20B24.5,VIPR1,RP11-525A16.4,RP1-224A6.3,LINC00893,NAP1L5
6147,PIGW,RP11-260M2.1,ZNF84,LINC00865,AC009950.2,ZFP37,GPRC5C,RP11-104N10.1
6148,RP11-506M13.3,CELSR3,PCSK6,RP11-145M9.4,TRIM31,RP11-23P13.7,CCDC102B,RP11-156E8.1
6149,B3GNT9,CTD-2353F22.1,RP11-6F2.5,ADAMTSL5,RP11-54O7.17,FAM92A1,VIT,TFEC
6150,CTA-292E10.6,TRAIP,UBN2,ROPN1L,ATL1,NUGGC,RHBDL1,GMEB2
6151,AC074289.1,ZNF45,JAKMIP2,KLHL11,SGPP2,ZNF763,PKHD1L1,NSUN6
6152,CDNF,RP11-56G10.2,CISD1,WDR11-AS1,C1orf213,GTSCR1,ZNF616,ZBED6
6153,ANKRD31,AL590452.1,ZBED3,RP11-424N24.2,RP11-361D15.2,XXbac-B476C20.9,HIST1H3A,KIF1B
6154,USP13,ZNF625,BNC2,RNF175,CTD-2083E4.6,GDPGP1,CHST10,RIC8B
6155,ADORA2B,ZSCAN25,CTD-2201I18.1,GPM6A,HPD,AC116614.1,GALR2,HESX1
6156,SCARF2,ZNF80,ZNF596,ATP2A2,AF127936.7,NCKAP1,RP11-422P24.11,RP11-473M20.14
6157,DMTF1,RP4-798A10.7,AP003068.9,RP11-312B8.1,DTNA,TTC30B,KRBA1,PRKCZ
6158,ZNF557,FAM174B,HLA-DQB1-AS1,THAP5,RP11-262H14.4,RP4-813F11.4,JAKMIP2,DHX35
6159,RP11-57H14.2,RP11-265P11.2,IL12A,SLC46A2,CAMP,RBBP9,ZSCAN22,ADPRH
6160,CDK11A,FAM47E,STX16-NPEPL1,AP001412.1,ACAD11,RP11-89K10.1,RP11-110I1.14,ZSCAN32
6161,MTURN,QRICH2,BEST4,RP11-531A24.5,KRT23,ZNF507,GS1-124K5.4,ZNF253
6162,C3orf18,RASIP1,CKAP2L,RP11-67L2.2,FAM127C,P2RY10,BCKDK,COG7
6163,RBL1-1,SEMA4G,RP11-10C24.1,AC007879.7,C5orf54,AP001258.4,RAD54B,RNF123
6164,AC016757.3,PARK2,BCL2L1,SIRPD,TMEM105,RP11-326C3.2,RP11-775D22.2,CLPB
6165,RP5-914P20.5,ZNF208,RP11-318C24.2,FAN1,ADD2,SNORA40-1,RP11-408A13.4,ZNF319
6166,CTAGE9,DICER1-AS1,GNMT,UBQLN1,PADI2,CTD-2366F13.1,IGSF22,SDCCAG3
6167,FBXL19,MICAL2,RP11-65I12.1,TMEM150B,RP11-290L1.3,ZNF257,NUTF2,HIST4H4
6168,MAU2,AC007228.5,COL13A1,MMEL1,GPER1,TMEM45B,ZNF583,NOTCH4
6169,GGH,ZNF280B,CTD-2083E4.6,FOXRED2,FNBP1L,AC109333.10,PLAG1,NPM2
6170,PTK6,HSPG2,KIF2C,RP11-262H14.1,OVCH1-AS1,RP11-643M14.1,ANKRD42,ENTPD5
6171,TEPP,C1orf61,AP000476.1,MIR378D2,LRRC37A2,CCDC85C,RP11-506M13.3,HTR3A
6172,MBNL2,LMF1,AASS,AF127936.7,ABTB2,RP11-382J12.1,CASS4,GSPT2
6173,ZNF514,RP4-583P15.15,CDON,RP11-661A12.12,KIAA0586,STEAP1B,ATP6V0C,TMEM184C
6174,EPPK1,TRIM60,C19orf55,GEN1,CTD-2540F13.2,RP1-151F17.2,SLC5A10,AP1G1
6175,HSPA2,KLB,GDPGP1,RP11-481A20.11,LHFP,POU5F1B,AC092667.2,ZNF787
6176,FADS1,TCEAL2,RBL1-1,SFTPD,CTA-373H7.7,FOXD2,HIST1H4H,C5orf63
6177,CMTM4,PLCH2,TMEM169,ZRSR1,TRIM74,RP11-624C23.1,CDAN1,DUS4L
6178,ZNF711,LOXL2,KRT86,RP11-483P21.2,CTD-2514K5.2,AC083949.1,ABCC4,CTD-2538C1.2
6179,ZNF358,CACNA1C,PABPC3,BAG2,CLTCL1,ZNF578,DLG3,AC093627.10
6180,KRT8,RP11-774O3.3,ASTE1,PPP2R5B,RP11-677M14.7,TGM1,MAP3K12,STOML1
6181,ZNF506,YY2,VMAC,KCNQ5,CTC-507E2.1,AC004381.6,HSD11B1,AC027307.3
6182,KIF16B,SUN3,ZNF736,FAAH,TDRD9,LINC00511,MERTK,ZNF687
6183,PSEN2,LINC00092,RAVER2,SKIL,RPL34-AS1,PLEK2,KCTD21,DHX37
6184,GMPPB,CTD-3064H18.1,RP1-151F17.1,SH3RF1,NUPR1L,RP11-242D8.1,C9orf169,KIF1C
6185,C2ORF15,KLHL23,TMEM184B,PARP8,ZNF709,IQCK,CTD-3093M3.1,ZNF174
6186,PAX8,SOX12,ASMTL-AS1,AC104655.3,RP11-930P14.2,CDC25A,GINS3,FBXO48
6187,ICT1,RP5-1042K10.10,CTC-550B14.7,PKD2L1,SHISA4,OSCP1,ENO1-AS1,GADD45G
6188,CALU,SMYD4,ANKHD1-EIF4EBP3,NEK2,SLC45A1,MTFR2,KCTD21-AS1,TRIM37
6189,CNTROB,PIFO,XYLB,RP11-960L18.1,CTD-2353F22.1,HCG27,RP11-869B15.1,ACVR2A
6190,SLC10A1,KRT8,CEMP1,NACC2,DPEP3,RP11-484K9.4,RP11-89K11.1,ZNF790
6191,CTD-2538C1.2,RP11-532F12.5,HTRA1,NBPF20,RP11-338C15.3,STX16-NPEPL1,DIRAS1,PNPO
6192,ARHGEF39,RP3-477O4.16,SEPT4,RP11-211G3.2,RP11-95P2.1,BOP1,IGFBP6,ZNF362
6193,GPAM,RP11-46H11.3,FNBP1L,CDKN2B,GPR133,NHSL2,SRXN1,GPATCH11
6194,FANCB,RP11-498C9.2,NEB,SEC14L5,ZFYVE9,PRR7-AS1,USP27X,FAM214A
6195,HSPA1B,RP4-784A16.5,GLB1L,FAM3B,CKAP2,RP11-666A20.4,RP11-309M23.1,FBXL18
6196,CTC-378H22.2,RP11-66B24.2,LINC00852,C9orf96,PAPL,CTD-2086O20.3,DGAT2,DCAF4
6197,FPGS,RP4-548D19.3,BOK,CTC-518P12.6,HOXB3,CTPS2,NPPA-AS1,SLC22A5
6198,CNEP1R1,RNF222,RP5-1142A6.2,TRERF1,RP3-486I3.7,RP4-773N10.4,GREM2,GPR68
6199,CDH20,ANKHD1-EIF4EBP3,AC006129.1,CDYL2,PGF,RP11-391M1.4,MPO,DSN1
6200,KB-1460A1.5,RP11-707M3.3,RP11-106M3.3,CTD-2012K14.6,RP11-156K13.3,ZNF771,AL441883.1,CEP192
6201,ZNF587B,PLEKHO2,THADA,PSMA8,CTD-2006K23.2,OPLAH,FBXO46,TMEM177
6202,CAD,RP11-477N3.1,RP11-333E1.1,ZNF433,LRG1,C7orf25,RP11-190C22.9,PSKH1
6203,SLC35A3,SYCP2,MAMSTR,CTA-14H9.5,ADORA2B,CABP7,RP11-441O15.3,FSTL3
6204,DLC1,KIF18A,FKBP14,TMEM238,RP11-379F4.9,RP11-390F4.3,ZNF93,REXO1
6205,TRMT10B,NPAS2,RAB23,ZNF778,ZBED3,HPDL,NBL1,DBT
6206,PDS5A,C22orf15,RP4-607J23.2,SLC37A2,CELSR1,DUSP8,RP11-324I22.4,IQCG
6207,DLL3,SLC23A3,ZNF18,PDLIM1,LINC00865,KCTD2,PSPH,MARC1
6208,GORASP1,RP11-33O4.1,TCAP,CTD-2619J13.14,KIF9-AS1,TMEM200A,ANPEP,AHCYL2
6209,MAML3,KTN1-AS1,C22orf43,RP11-333E1.1,CTD-2215E18.1,COL4A3,RP5-884G6.2,PCNXL3
6210,YOD1,SCARF2,RP3-466P17.1,BEND4,SOX12,PCBP3,PYGM,RP11-731C17.2
6211,TRIM31,CNKSR1,BACE1,RP4-548D19.3,TRIM60,MYO5C,SNORD3A,B3GALNT1
6212,RN7SL1,RP1-257A7.5,KIAA1211L,ATXN7L3,AC139100.2,FAM154B,RP11-552D4.1,RPAP1
6213,HAL,DNAJC9-AS1,HOXA5,AC139100.2,KLHL29,RP11-160H22.5,MIR155HG,RP11-134P9.3
6214,CHP1,ZNF709,UHRF1BP1,RP11-533E19.7,RBL1-1,RP11-157J24.2,CXCR2,RP11-588G21.2
6215,SLC1A4,C4orf47,SNX27,RP11-563N4.1,TMEM144,ZNF304,ZNF280C,MAML3
6216,EMR3,RP11-429E11.3,ANKLE1,DNAJC30,RP11-498C9.2,NUAK1,C1orf172,TP73-AS1
6217,SMURF1,LINC00264,CCDC3,MFSD2A,LINC00884,FAM208A,RP11-502I4.3,RP11-873E20.1
6218,SNX1,SUGCT,MITF,STRN,MPO,CSNK2A3,ENTPD7,BRPF1
6219,TAL1,FRMPD3,RP11-261C10.3,ZC2HC1A,RP11-472N13.3,PGF,RP11-730K11.1,MMP17
6220,ZGLP1,SUMO4,AC137932.6,SERPINE1,RP11-314O13.1,WDR66,AHDC1,ZNF222
6221,RP11-134G8.7,NRCAM,CCNB2,RTN1,PROS1,SKA3,HDHD3,DDX26B
6222,CTB-113P19.5,HAUS7,CLOCK,AC006994.2,ARC,PWAR6,RP11-385D13.3,ZNF175
6223,KCNMB4,SLC16A10,PLEKHM3,RP11-597D13.9,RP11-342I1.2,FCGBP,CTA-204B4.2,CLCN6
6224,TTLL11,RUNDC3B,RP11-1055B8.4,UTF1,SRGAP1,STK19,C3,ZCCHC4
6225,AC006994.2,CTD-2047H16.4,UXT-AS1,CTD-3203P2.2,CASS4,TP73-AS1,ZNF213,METAP1D
6226,PTK7,MAGI3,PRRG4,DSCC1,RP11-446E9.2,ANKRD23,AP000442.1,TAB3
6227,AP003774.4,CTD-2287O16.5,NBPF20,CLCN5,RP11-351I24.1,RP11-407G23.3,HDGFRP3,WDR76
6228,CTD-3088G3.8,ZACN,STON2,GZF1,RP11-213H15.1,IL17RE,C12orf68,DCAF17
6229,CTD-2366F13.1,RNF175,CTC-338M12.6,BMPR1A,CRYBG3,SMIM8,SEMA7A,SETD1A
6230,ZNF671,ZNF284,OLFM1,RP11-16N11.2,RP11-347C12.1,TCAP,SIRPB2,RRM2B
6231,RP11-479G22.8,RP11-324I22.4,PRR11,FANCC,RP11-830F9.6,PHLDB2,AC097713.4,MFAP3
6232,STK11,SPERT,CCNE2,BEND2,RP11-477N3.1,RP1-223E5.4,RP11-634H22.1,CTAGE5
6233,ODF2,CA6,LYG1,PANK1,CYP2S1,PTOV1-AS1,C1orf112,DLG4
6234,ULK4,C9orf116,FBXO36,B3GNT5,STIM2,KIAA1324L,RRP1,AC015987.2
6235,B3GAT1,ZNF286B,SLC6A4,RP11-173M1.8,ZNF286B,ANKRD34A,CTC-338M12.5,CLEC4D
6236,MXRA8,ABLIM2,ZNF613,SLC22A4,PFKFB2,ARHGEF4,A2M,LINC00987
6237,GUF1,COL17A1,RP11-96D1.11,KLHL29,ZNF208,CMTM4,SLC39A14,EXOC3L1
6238,AMER1,CPA5,CTD-2006K23.2,RP5-821D11.7,SEMA4G,KIAA0754,HAT1,ZNF345
6239,UGGT2,SKA1,SLC2A1-AS1,RP11-452H21.4,RP11-33O4.1,CEP72,SLC35A2,NOD2
6240,ZNF252P-AS1,CRB1,CPAMD8,TSPYL5,BATF2,SLC27A2,RNF220,PM20D2
6241,ZC2HC1A,ATP8A2,RP11-644F5.16,COL9A3,RP11-1299A16.3,F5,PIF1,BRMS1L
6242,AURKA,AC008174.3,LINC00694,RP11-342I1.2,CEMP1,BFSP2,KLHL26,AGMAT
6243,PPFIBP1,AASS,DHDH,CTD-2666L21.1,SLC22A15,GPD1L,FAM153A,APITD1
6244,ZEB1,DPY19L2,RP3-380B8.4,RSPH9,ITIH4,RP11-110I1.14,TANC2,HOMER3
6245,AC026202.1,RP11-302B13.5,RP11-873E20.1,RP11-553K8.2,CSRP2,RP11-438L19.1,ABHD4,FAM115A
6246,FAM129B,CRHBP,RP11-347C12.1,RP11-863K10.7,RP11-46J23.1,SEMA4F,TMEM30B,MAP3K10
6247,RP11-440L14.1,NUPR1L,ERP27,SPRED1,EPN2,PC,ZKSCAN5,NEK3
6248,TMEM161B-AS1,RBL1-1,DND1,CTD-2587H19.1,FGF14-AS2,NEUROD2,CPT1B,AC016586.1
6249,RP11-502I4.3,RP11-274B21.10,AP000254.8,RP11-775D22.2,RNASE3,SPAG8,VIL1,RHBDD3
6250,LINC00877,OXT,LINC00663,CTB-61M7.2,FAM151B,MID2,XXbac-BPG252P9.10,SPATA6
6251,CDC42EP2,NPIPB6,DNAAF1,SEMA5A,TMEM200B,RP11-77H9.8,ZNF532,CCDC64
6252,DHCR7,MAMSTR,C5orf27,CTIF,RAB15,HLCS,CCL20,AC017002.1
6253,C4BPB,CRYGS,CASC5,KIAA1683,ZACN,SPEG,HSD17B14,DNAJC24
6254,OSGEPL1-AS1,SEZ6,RP11-566K11.5,PC,RASIP1,HSD11B1,MBOAT2,RP11-4F5.2
6255,KANK1,LRP5,ABCA3,ORC1,PM20D1,DUSP16,ETV2,ZRANB1
6256,MTFR2,EPM2A,RP11-791G15.2,AGBL2,SDS,SPR,ZNF530,NHLRC2
6257,ELAC1,PTRF,CACNA1C,MOV10L1,RP11-264L1.4,MAP3K9,CTC-454I21.3,IPPK
6258,ZNF804A,RP11-314O13.1,GRWD1,UFL1,CTD-2541M15.1,CEBPA-AS1,HAR1A,SLC41A2
6259,DCTN4,GAS8,FOXD2-AS1,OMG,RP11-532F12.5,RP11-791G15.2,CTD-2514K5.2,RAC3
6260,RP5-1103G7.4,COL4A4,ADD2,C9orf147,RP11-299J3.8,AMFR,CDCA4,THAP5
6261,BBS12,CTB-47B11.3,RP11-225H22.7,ATP13A4,LINC00968,EVC,C10orf12,ZNF17
6262,RP11-326C3.15,AC009501.4,AL590822.2,ZNF594,AL590822.2,NIPSNAP3B,ZNF649,IQSEC2
6263,CACNB1,DCHS1,RP11-624C23.1,TCEAL2,RP11-96D1.11,RP11-326C3.11,BTBD8,UTP14C
6264,FKBP7,PLXNA1,SCRG1,RP11-506M13.3,ARHGEF10,LRRC20,RP5-1115A15.1,RP11-1191J2.5
6265,TMEM110,SLC10A1,FAM92A1,RP11-1055B8.4,AC008174.3,AC092667.2,IFT122,ACOX1
6266,HMGN3-AS1,C9orf24,CCNJL,STAP2,RP11-540O11.6,SLC6A4,SYDE2,TTL
6267,RP11-46A10.5,ZBTB8A,RP11-23P13.7,LY6G5B,RP4-548D19.3,EFEMP2,ZNF121,SETMAR
6268,PPP1R3B,GTF2IRD1,RP11-166B2.8,CHST13,CTD-2085J24.4,UBXN10-AS1,AP001412.1,TAF7
6269,IQCE,ANKRD31,TPST1,CPED1,RBMS2,KCNAB3,LNX1,C17orf67
6270,SIK1,MLLT4,RP11-307C12.13,DPEP3,MOCS1,SLC2A5,NUDT13,RP11-383J24.6
6271,CETP,WNT2B,CTC-366B18.2,GAS2,PODXL2,NCAPH,RP11-798G7.6,PAWR
6272,GRPEL2,COL6A1,RP11-8L8.2,ANKRD50,RP13-131K19.2,ADAM12,RAB11FIP5,GGT7
6273,ADM,CTC-366B18.2,KLF3,IGF2BP3,RNF122,PAGE5,LINC01024,SLC37A4
6274,LRFN3,CTD-2054N24.2,TSKS,RP11-347C12.1,ADAMTSL5,GRB10,AC007383.3,SLC39A13
6275,SUZ12,ZNF449,RP11-647K16.1,RP11-379K17.4,NSUN7,GLIPR1L2,AC012358.8,RUFY2
6276,ZNF230,HKDC1,FAM228A,CLIP2,IL27,SLC14A2,AC093388.3,ZNF500
6277,MUC20,B3GNT9,PLD1,AC016700.5,RP11-13P5.1,ZMAT5,ZBTB6,MBOAT1
6278,CPNE8,ZNF415,ORC1,ARHGAP18,TFPT,PVRL3,PAK4,PVRIG
6279,AP003068.9,RP11-775D22.2,RP11-46A10.5,BAIAP2-AS1,RP4-607J23.2,DMPK,LINC00562,RAD51D
6280,TMEM27,CTB-113P19.5,RP1-168L15.5,ST3GAL6,PSMA8,DYNC2H1,TMTC1,IRGQ
6281,AP001046.6,HAR1B,RP11-101E13.5,CEP57L1,LOXL2,RP11-403I13.4,RGL1,MPP6
6282,AC123768.4,C4BPB,POMGNT1,SGCA,TEX22,VPS13A-AS1,ZNF416,PROCR
6283,PTBP3,ZNF396,RP11-511I2.2,RP11-540O11.6,RP11-452C13.1,RP1-92O14.3,FSIP1,ARHGEF9
6284,CTC-297N7.8,DLL3,TRNP1,C16orf93,GP5,IL12A,PTPDC1,DHX33
6285,SNAPC1,KRTAP5-AS1,WDR43,RP11-159H10.3,ZNF280B,RP11-290D2.3,DNAJC24,ZNRF2
6286,PET112,RP11-540O11.6,AC009950.2,MRAS,RP11-392P7.6,CEP112,ZNF19,SPATA5
6287,GBA,TRIM54,GAS2,PXDC1,PLVAP,EMP1,RP11-46C24.7,RFX2
6288,CTB-12A17.3,RP5-940J5.6,LINC00211,FRMD4A,ATP2A1,MCOLN3,PARD6B,RP11-119F19.2
6289,SHF,WNT10B,GPR27,CSF2RA,ZCCHC24,RP11-588G21.2,DMWD,ZNF746
6290,CEBPE,RP5-1157M23.2,DDX11-AS1,ARHGEF10L,MEX3B,FAM129B,AQP9,TAPT1
6291,INPP5B,RP11-513M16.7,RP11-15H20.7,RP11-157J24.2,RP11-8L8.2,RP11-98D18.3,RELL1,SOS2
6292,PRR7-AS1,ZNF57,L3MBTL4,AL591479.1,FBXO34,LRRC16B,RP6-206I17.1,POLI
6293,C12orf68,CTD-2532N20.1,RBFOX2,RNF222,KIAA0895L,RP11-105N14.1,RFESD,TREML2
6294,DSCR9,NPIPB4,NDN,VNN3,ALDH4A1,ZFP3,ZNF275,PLEKHH2
6295,KLHL23,CLECL1,ANKDD1A,FSIP1,ARHGAP11A,SSC5D,RP11-973H7.4,BSPRY
6296,DVL3,ZNF541,LINGO3,PHLDA3,OTUD7A,MB21D2,SUSD4,MATN1-AS1
6297,MAP3K3,GCNT4,DDTL,CSF1R,TUBGCP4,TTF2,GDPD1,EXO5
6298,NPAS2,SLC25A4,HGF,RAB11FIP3,RAB23,MMP28,7SK-2,SLC25A35
6299,SLC24A1,EZR,CTD-2666L21.1,C2,ZNF724P,AL020996.1,RP11-402D21.2,PIK3R4
6300,PLCL1,CEP112,RP11-182L21.6,ZSCAN5A,RP4-798A10.7,GVQW1,KRBA2,ZNF232
6301,MAP3K9,RAPGEF3,SPIRE1,EXOC3L1,RP11-1055B8.7,RP11-502I4.3,ZNF831,PACSIN1
6302,RNF157-AS1,SLC2A1-AS1,DCUN1D3,POC1A,SIGLEC12,LINC01063,AC137934.1,RP11-492E3.2
6303,RP11-782C8.1,RP11-111J6.2,RP11-469M7.1,ZNF579,PLEKHM3,CTRL,MED14-AS1,RPP25
6304,C1orf109,CHGB,LDHD,LINC01063,SGMS2,PPIL6,RP11-317N8.5,NUP35
6305,ZBTB26,AC024940.1,NUPR1L,RASIP1,ZNF219,LAMA5,ASAH2,MAPK9
6306,EDARADD,KCNJ14,LPAR2,SUOX,RP5-1043L13.1,VIPR2,C17orf100,WDR4
6307,PKM,RP11-56B16.4,FGF9,WLS,SYCP2,SLC35G2,ZNF79,RP11-1000B6.3
6308,RP11-301O19.1,GPR174,LINC00264,MYO1B,RP3-473L9.4,MARC2,APBB2,RP11-802O23.3
6309,CTD-2165H16.4,RP11-582J16.4,CTD-2135D7.5,KIF9-AS1,RP11-260M2.1,RP11-92K15.3,B3GNT4,IFFO2
6310,TIMM21,CTD-2517O10.6,LINC00865,ZNF784,ELANE,MYO1D,LIMA1,CNNM3
6311,RP11-342M1.3,MYO1B,RP11-274B18.2,GRAMD1C,RP11-661A12.12,TET1,FKBP7,ZEB2-AS1
6312,SOGA1,HSPA1L,SCGB3A2,RP11-573D15.9,CTD-2516F10.2,RP11-359K18.3,IQCE,FAM20B
6313,ARIH2OS,AKR1CL1,TNPO1,RP11-135A24.4,TMEM169,RP11-266J6.2,FEZ1,TSPAN7
6314,LOXL2,TMPRSS3,RASAL1,AC004381.6,AP003068.9,RP11-700H6.1,AURKC,FBXL6
6315,MYCBP2-AS1,LINC00894,SUN3,WDR66,TGFBR3L,STK33,AC083949.1,STPG1
6316,SLC5A10,GPR125,CTC-459I6.1,TRAIP,SLC16A10,PRDM15,MCF2L-AS1,AP003774.6
6317,CTD-3064H18.1,TKTL1,RP5-1043L13.1,TMEM255B,MIR3615,DOCK7,TMTC4,PAXIP1
6318,TRBV11-2,GPM6A,PSMA8,KIF16B,KTN1-AS1,SPATA21,NRN1L,CTC-301O7.4
6319,RP11-191L17.1,TRIM61,SLC23A3,VSIG4,MMP14,TRIM59,RP11-342K6.1,ZNF781
6320,HOXB-AS1,RP11-279O9.4,LGALS8-AS1,AC007386.2,RP11-442N24__B.1,SERHL2,SETD6,C1orf159
6321,CIB2,COX6B2,EPHX3,GLS2,TMEM254-AS1,AC008440.5,SLC1A7,IL6
6322,TSTD3,ZNF569,RP3-329E20.2,RP11-1299A16.3,PPIP5K1,PLEKHA4,HSF4,ZNF79
6323,ZNF155,TMEM238,hsa-mir-1199,CRISPLD2,PTK7,RP11-430H10.1,MAPKBP1,ENOX2
6324,NPIPB4,PTPRM,S100A5,OAF,TCEAL2,RP4-561L24.3,ITLN1,ZNF783
6325,SRGAP2,CDH20,DFFB,ZFYVE9,RP11-17M16.1,CDK17,RP11-385F5.5,ARHGAP35
6326,CEP70,AC012074.2,OSGIN1,JSRP1,AC007036.6,ZNF620,SPEG,GYLTL1B
6327,DOCK5,PANK1,RP11-203J24.8,TMEM86A,KLHL11,ZNF69,DNM3,FLT3
6328,TIGD5,PM20D1,AC131097.3,DGAT2,RP11-513M16.7,CTD-2547L24.4,UBAP1L,AL591479.1
6329,RP11-179B2.2,TLL2,LINC00894,RP1-100J12.1,RNF157-AS1,SOBP,PRELID2,SLC26A11
6330,ECHDC3,NR4A2,RP4-784A16.5,PDGFC,SLC19A2,CCDC62,RP11-159H10.3,NOP9
6331,KTN1-AS1,AP001610.5,CTD-2353F22.1,SEMA6B,LRP12,TRAIP,DNAJC3-AS1,ZBTB11-AS1
6332,LAMTOR5-AS1,FAM83G,CTD-2017C7.1,HOXA10,RNF222,CTD-2540F13.2,STK19,LRRCC1
6333,CHD3,SLFNL1,RP11-36B15.1,TPRN,RP3-462E2.5,RP11-433J8.1,LL22NC03-2H8.5,ACPL2
6334,RAB15,CTD-2555C10.3,PAGE5,CTB-55O6.12,AC007228.5,VSIG2,GAN,TIGD1
6335,HOOK3,ZNF492,KIF9-AS1,CYP1B1,RP11-282O18.3,CTC-428G20.3,DLEC1,GAB2
6336,RP4-794H19.1,RP11-403A21.1,RP11-271K21.11,CELSR2,CCDC153,ZNF205-AS1,DEGS2,ZNF45
6337,PTPN12,RP11-713P17.3,C1orf145,CTA-445C9.15,UGGT2,CYP2D6,CTB-152G17.6,CA11
6338,C16orf74,UBXN10,WDFY3,RP11-138P22.1,RP4-794H19.1,WNT16,RP3-462E2.5,RHPN1
6339,SLC27A4,RP11-46J23.1,FAM106A,PIGZ,PRSS53,EML5,XXbac-BPG181M17.6,ABCA5
6340,PANK1,MST1,GPR157,RP11-264L1.4,AC137934.1,DAZAP1,RP11-10L12.4,PHF7
6341,USP51,TMEM135,RP11-1299A16.3,LGALS4,CTD-3154N5.1,GNAO1,RP11-433J8.1,CAMSAP1
6342,OTUD7A,RP11-782C8.1,RP4-548D19.3,ZNF547,RP11-206L10.2,L3MBTL4,STX18-AS1,RP11-169D4.2
6343,RUNDC3B,RP11-379K17.4,KCNC4,RP11-422P24.11,RP6-206I17.1,RAPGEFL1,TNFRSF11A,HCG11
6344,SLC25A30,RAB15,FAM72B,RP11-421L21.2,PARK2,CTD-2666L21.1,LRRC56,PALB2
6345,RP11-392P7.6,SV2A,TCP10L,RP4-607J23.2,MYO1B,DIRAS1,AC079807.2,GOLM1
6346,FAM228A,JMJD7-PLA2G4B,KRT1,AC090186.1,RP11-416N2.4,CECR5-AS1,CTC-518P12.6,ZNF124
6347,RP11-1017G21.5,WNK3,AK4,RP11-392P7.6,CTA-445C9.14,MIR155HG,RP11-875O11.1,YTHDF3-AS1
6348,ZNF208,RP11-60I3.5,RP3-325F22.5,LRRC3,MTSS1L,UGT2B17,UFSP1,ZNF710
6349,EPHB2,MTCP1,RP11-379F4.9,NLRP12,RP11-560J1.2,APBB2,RP11-466F5.8,DCTN1
6350,FAM218A,MADCAM1,CDC45,RP11-81H14.2,CTC-518P12.6,ASAH2,NDE1,DFFB
6351,RP11-58B17.2,CTB-91J4.1,TRIM54,FAM13A,RP13-131K19.6,TOX2,SERAC1,EXD3
6352,SLC23A3,HIST1H2BH,RP4-610C12.3,CELSR1,PMP22,C1orf172,LINC00852,LIN37
6353,STRN3,ZNF711,CTB-91J4.1,AC104699.1,CCL3L1,KCNC4,KANSL1L,GALC
6354,KIAA1430,CDC20,CTD-3088G3.8,KHDC1,ZFP91,RP11-175O19.4,S100A11,ZCWPW1
6355,ZNF257,TMEM52,POMGNT2,PPTC7,GPR157,LINC00959,OSBPL1A,WBSCR16
6356,SCRG1,ADAMTSL5,FCAR,RAB15,SV2A,RP11-423O2.5,B3GAT2,GYS1
6357,ETV2,ZFP2,PPP1R32,AC137934.1,FKBP9,AIRE,AC116614.1,SPERT
6358,LINC00422,RP11-178L8.7,RP11-666A1.5,PRRG4,TRNP1,HSF4,ZNF569,ADHFE1
6359,TXNRD3,SRRM5,GTF2IRD1,TM9SF2,CERKL,ABHD15,HIST3H2A,RAD18
6360,RP4-607J23.2,AACS,RP11-1151B14.4,RP11-442N24__B.1,RP11-529K1.4,DSCR9,PLXNA3,ITPR2
6361,RP4-758J18.2,NPIPB3,RP11-95P2.1,ALPL,YY2,SAPCD2,QSER1,ZNF621
6362,CDH1,RP11-402D21.2,IGF1R,MCAM,P2RY12,IGSF8,URB2,NMNAT3
6363,FPR2,SPIRE1,CTC-297N7.5,ZNF546,CNKSR1,BBS1,CNN3,RP11-326C3.15
6364,PUM2,ADAM22,PVALB,DHRS9,RP11-421L21.2,C22orf43,RP5-1159O4.1,RP5-1065J22.8
6365,LRTOMT,RP11-656D10.3,ABCG2,NSUN7,MXRA8,SLC15A2,CLIP2,TLR8
6366,SGPP2,C17orf51,DEPDC1B,OSBPL9,CDH26,DDX43,CCR4,IDUA
6367,TCEAL2,IFT122,DYNLL1-AS1,TXNRD3,RP11-161M6.3,RP11-483I13.5,SMIM10,PITPNB
6368,AKR1CL1,NEK2,FASTKD3,AC137932.6,MADCAM1,CASD1,DKFZP761J1410,LYNX1
6369,GLB1L,MRI1,RP1-90J20.12,AL590822.2,LRP3,RP11-452H21.4,MXD1,ZNF354B
6370,RP11-540O11.6,CNKSR2,LIMK1,GPR157,STEAP3,ZNF665,CTB-96E2.7,AVPI1
6371,SPTLC3,USP54,CLYBL,TNNT1,C1QTNF4,REM2,TUBG1,TRDMT1
6372,CDKL5,SERINC4,CTC-523E23.1,RND1,KRT8,AC017002.1,ZNF558,MFSD7
6373,FAM3B,SCGB1B2P,STEAP4,CD1D,AZU1,FZD6,CTAGE9,AP1AR
6374,MMP11,TRIM24,VIPR2,VPS13B,KLHL23,RP11-159H10.3,RP3-455J7.4,AC009404.2
6375,C6orf99,RP11-379K17.12,UNG,RNF157-AS1,HDGFRP3,DDR1,RP11-294J22.6,CTB-178M22.2
6376,PDP2,TMEM254-AS1,C4BPB,MAP1A,FAM209A,RP1-202O8.3,PPP1R26,MTERFD3
6377,TRPV3,RBFOX2,F2RL1,CTC-338M12.4,RP11-443B7.3,CTD-2651B20.3,CTA-384D8.35,GGH
6378,MGST3,GPR126,SPSB1,hsa-mir-1199,AC104809.3,RP11-977G19.12,RP11-755B10.4,MEX3C
6379,UNC45B,KHDRBS2,FRMPD3,RP11-359I18.5,RP11-16N11.2,TGFBRAP1,CTD-2256P15.2,ZNF436
6380,CDC42SE2,PRR22,FOXD2,RP11-416N2.4,RUNDC3B,PDGFB,IRS1,TMOD2
6381,LYNX1,RILPL1,ZBTB8A,USP49,RNASE1,MSMO1,WDR35,RP11-572O17.1
6382,RP11-442N24__B.1,RP13-131K19.7,GPR124,NPPA-AS1,FAM167A,TMEM81,ALG10,RP11-58E21.3
6383,TMEM254-AS1,OVGP1,ARHGAP5-AS1,ZNF45,RP11-443B7.1,RP11-350F4.2,RP11-128M1.1,TUFT1
6384,SLC38A11,CDK5R1,KCNAB3,AC123768.4,RP11-173M1.8,SCRG1,SFTPD,FAM216A
6385,CTC-459I6.1,ELK4,RFX2,KTN1-AS1,RP3-399L15.3,CTD-2033A16.3,AC137932.6,RBM15
6386,ADCK4,CAND2,LIPN,TADA1,FOXD2-AS1,ZBTB26,UGT8,PAIP2B
6387,ARMCX2,MOK,ZWILCH,PTPDC1,RP11-362K14.6,AC145110.1,RDH10,CCDC102A
6388,TRIM7,ACE,CASP9,DUOX1,RP11-163N6.2,PLEKHA7,SLC30A4,COX18
6389,GADD45G,C12orf60,PLK1,UBE2W,CBX3,TTC4,MYLK,DOK2
6390,STK36,RP3-508I15.22,SMCR8,CXCL10,PRMT6,NAGLU,SNAI3-AS1,ACSS2
6391,GCSH,RP11-661A12.14,ZNF252P-AS1,JARID2-AS1,COL17A1,ZBTB20-AS1,NCR3LG1,FMO4
6392,Y_RNA,C10ORF68,RP11-416N2.4,RP5-935K16.1,RP11-661A12.5,ABCC4,TNK1,PCYOX1L
6393,PRKAR2B,Y_RNA,RP11-731C17.2,CTD-2085J24.4,GPR84,RP11-58B17.2,RP11-388M20.6,ZSCAN9
6394,ASAP1,PYCR1,DPEP3,TANC2,CTD-2196E14.4,RP11-486G15.2,RP11-692D12.1,WDR65
6395,RP13-516M14.1,TMEM136,PHLDA3,RP11-203J24.8,BCL2L15,ZNF667,LL22NC03-75H12.2,ZNF816
6396,APOBR,AC083843.2,MMP14,SCN1B,CTC-444N24.6,MORC2-AS1,SEMA4C,SPESP1
6397,SEMA6B,RP11-473M20.16,MIR3615,RAVER2,CTC-459I6.1,EPHA4,FKBP1B,LINC00623
6398,JUND,POU6F1,TTC30B,CTC-459I6.1,RP11-11N7.4,WDHD1,AC093495.4,TRIM35
6399,ARHGAP18,ECT2,ATL1,PKN3,ARL15,SLC25A46,SPAG8,YES1
6400,CARNS1,CTD-2410N18.3,KIFAP3,ZNF208,RP11-54O7.11,FAF2,CPAMD8,DHRS11
6401,DND1,POLR3B,FAM209A,KCTD3,S100A5,NINJ2,CDC42BPB,MKL2
6402,FSCN1,TPO,ZNF280B,GDPGP1,APOLD1,ZNF391,FIGNL1,SYNC
6403,C12orf39,CTC-550B14.7,XXbac-BPG181M17.6,MIF,ACTR5,SLC45A3,FAM160B1,METTL15
6404,CCDC25,RP11-600F24.7,RP11-178G16.4,RP5-1043L13.1,RP11-225H22.7,SMARCA5-AS1,STARD9,ZNF514
6405,ZNF322,TEX12,RP11-707G14.1,HSF5,MINOS1-NBL1,MSH5,RGS9,RASA1
6406,USP54,RP11-106M3.3,ARHGEF2,CXorf57,KLHDC9,PHLPP1,CD96,TDRKH
6407,AC096772.6,FAM47E-STBD1-1,ZACN,GOLIM4,RP1-266L20.2,RP11-46D6.1,ZNF726,COQ3
6408,U47924.30,TUSC1,DAPK2,RP11-362K14.6,PAIP2B,SNX33,RP11-126K1.2,RP11-182L21.6
6409,C10orf118,TNKS1BP1,LRRC37A2,PACRGL,RP11-707M3.3,HSF2BP,ENKD1,HYI
6410,CRYBG3,MUC20,RAB3A,GFER,CTD-2619J13.14,RP11-243J16.7,C11orf35,ZNF573
6411,RP11-138P22.1,KIAA1107,RP11-793H13.10,CCSER1,RP11-381K20.2,RNFT2,RP11-315I20.1,PIDD
6412,RNF222,CIT,AC110771.1,RDH14,RP11-111J6.2,RP11-511B23.1,HIST1H4I,NBPF12
6413,GPR157,RP11-389O22.1,PP13439,KPNA5,SHROOM1,RP11-950C14.3,PDE4D,PPP2R2B
6414,AL590822.2,ALPL,C7orf25,LUCAT1,RP11-66B24.2,RP11-297B17.3,MSS51,CTD-2562J15.6
6415,B3GNT4,NPR2,F13A1,ZNF620,AC123768.4,AC073072.5,COG6,ATAD2
6416,AURKB,CRIM1,KIAA1524,SEPT4,RP11-644F5.16,SRCRB4D,ZNF519,IFT88
6417,KLHL29,AC068580.6,AE000662.92,UPK2,BTBD3,FAM167B,PPT2-EGFL8,AC024592.12
6418,C19orf47,SNORA40-1,LPCAT3,RP11-219B4.7,AC083843.2,SSTR3,GABPB2,MPND
6419,TANC2,MTHFD1L,C15orf52,ZNF416,CCDC3,PAK3,AC159540.1,ATL2
6420,TRPM2,ANKRD23,PIWIL1,CTSB,HSF5,RP11-876N24.2,AC104655.3,WNT10A
6421,RP11-160H22.5,RP11-504P24.8,RP11-305K5.1,LRRC24,AC015922.6,CUBN,RP11-101E13.5,SLC35F5
6422,ZFP30,AF127936.7,CDKN2B,SLC23A3,RNF175,SLC35D1,MITF,GTF2H2C
6423,GDPGP1,TUBB4A,PDZD7,SLC45A4,RP11-318A15.2,RP11-420A6.2,AP001058.3,RP1-20N2.6
6424,RP11-382J12.1,ATP6V0E2-AS1,RGPD2,TCN2,C5,CTD-2541M15.4,TMEM254,BRCA2
6425,RP5-1043L13.1,FAM178B,HSF2BP,AC073072.5,C9orf147,DNAJC27,EPDR1,RP4-575N6.4
6426,U91328.19,RP11-247A12.2,RP11-318A15.2,RP11-11N7.4,KAZALD1,OVCH1-AS1,GOLGA7B,CBWD5
6427,RP11-11N7.4,NEUROD2,RLN2,CPAMD8,SH3D21,CTD-2587H19.1,RP11-390B4.5,STARD5
6428,RP11-793H13.3,RP11-134G8.7,EPM2A,FAM72A,RP11-379K17.4,SVOPL,SPSB1,SLC25A16
6429,HUS1B,RP11-317N8.5,RP11-774O3.3,IFITM10,RP5-1157M23.2,MPZ,FTSJ1,TTF2
6430,LIPC,ZBTB39,SRRM5,SLC25A30,C2orf27A,NEDD4,RP11-493L12.4,RP6-99M1.2
6431,TMEM238,E4F1,KLHL11,OTUD7A,ABHD1,AGAP1,MCF2L,ACER3
6432,SYTL4,RP11-707G14.1,ZFYVE20,LINC00106,CCDC149,KDM4A-AS1,DLEU2L,INTS9
6433,RP11-10K16.1,RP11-350G8.5,CCDC78,SIGLEC14,FAM110B,PLGLB1,C8orf88,ZNF180
6434,RNF175,AC073115.7,MAGI3,C2ORF15,SEZ6,RP11-568N6.1,KIAA1324L,ABCA2
6435,DOK6,AC195454.1,CALHM2,MMRN1,VNN3,TPBG,ARHGAP5-AS1,NOP14-AS1
6436,TNFSF13,PSD,LIG4,ZNF486,FAM229A,AC097713.4,ZBTB9,B3GALTL
6437,C5orf63,MAP3K14-AS1,RP3-477O4.16,SCAF4,LINC00694,CDCA8,RP11-297B17.3,ARHGEF19
6438,RP11-416N2.4,CDON,TRPV3,SLC19A2,RP3-508I15.21,MYOM1,PDE1B,MLF1
6439,CNN3,CDC14B,WNT2B,FSCN1,SLC23A3,RP11-932O9.7,RP11-395B7.4,SMURF1
6440,ATP6V0E2-AS1,NUP62CL,UPK2,SLX1A,TMTC1,AP001046.6,CYP4F35P,SRGAP3
6441,C5,EPPK1,GP5,CLCN4,ZNF252P-AS1,DPEP3,HARBI1,PPT2-EGFL8
6442,AD000671.6,B3GNT2,SPATA6,LOXL2,CTD-2017C7.1,AGAP5,AC124944.3,GSTM1
6443,MMEL1,PRDM11,RP11-161M6.3,RP11-580I16.2,RP11-863K10.7,PLLP,ANKRD55,FCER2
6444,AC068580.6,CTD-3065J16.9,CACNB1,KLHL23,GPM6A,SDK2,ZNF667,OAF
6445,ZNF286B,RP1-261D10.2,PLCH2,FAM83G,RP11-91G21.1,FANCC,CCDC120,ABL1
6446,KIF9-AS1,HIST2H2BF,SAMD14,SLC24A4,ZBTB5,SYCP3,CTD-2215E18.1,ADCK5
6447,RAVER2,ZNF763,RAD51AP1,RP11-66B24.2,SUGCT,HIST1H4K,RP11-190C22.8,PRRT3
6448,RP11-421L21.2,CCDC78,UTP3,STEAP1B,SLFNL1,NARS2,COPG2,GSE1
6449,PHYHD1,RP6-206I17.2,ADORA2A,BPTF,RP13-314C10.5,OSGEPL1-AS1,ZNF329,BAIAP3
6450,KLF10,CDK1,NVL,AC096772.6,HKDC1,CSGALNACT2,LEPR,TBC1D22B
6451,RP11-111J6.2,SLCO4A1,LINC01135,RP11-309M23.1,C19orf77,RTKN,CACNA1I,TNRC18
6452,RP11-787I22.3,CCDC85C,ARFGAP1,CTD-2031P19.3,AC000003.2,C11orf63,ASAH2B,MAP3K5
6453,RP11-386G11.5,PEX12,EPHB3,DPF3,INHBA-AS1,CUZD1,PPP1R32,ZFP91
6454,CTD-2085J24.4,GTSCR1,CACTIN,CTD-2541M15.1,ALPL,LGALS4,NID1,ZNF681
6455,FRMD4A,LINC00630,RP11-70C1.1,NXPH4,C3orf52,ZNF345,KHDC1,LRIG1
6456,GTF3C2,TLR9,OSGEPL1-AS1,GFI1B,TMEM262,ANKS1B,PTPN11,ABCD1
6457,PI4K2A,SEPP1,RP11-158M2.3,HES6,RP13-131K19.7,ZNF517,RPEL1,SLC10A7
6458,C9orf147,ABCA1,FRMD4A,DDX6,MAP3K14-AS1,AC018766.4,DSTYK,SPINT1
6459,MYO1D,LIPC,ZNF223-1,CTD-3093M3.1,PC,RP11-91G21.1,AKAP5,ZNF85
6460,TAS2R30,SLC4A5,ANKRD23,FAM120A,DDTL,POLE2,MPP5,ADAMTS6
6461,TGM1,TTC30B,ABT1,RP11-876N24.2,PTRF,ZNF155,LINC00211,MAP9
6462,CCDC28A,KLHL32,RP11-792A8.4,KANK1,MUL1,DPF3,ALS2,GUF1
6463,RP11-159G9.5,RP11-755F10.1,STAB1,OAZ3,CTB-129P6.4,BEX1,LDHD,RP11-65I12.1
6464,EVI5L,RP5-884G6.2,WNT5B,WNT16,FAM228A,MTMR8,ZNF410,CUEDC1
6465,CEP164,NLGN4Y,TMEM52,CCDC154,CBX2,NBL1,TPRG1-AS1,SEC24D
6466,PRR3,ZNF239,SYP,ATP6V0E2-AS1,USP54,CTC-523E23.1,ASMTL-AS1,FAM19A2
6467,TNFRSF21,RP11-46A10.5,AC011558.5,AP001046.6,CCDC96,AC009473.1,AK4,TBC1D30
6468,NIPSNAP3B,PNMA3,PBX3,ANKLE1,CCNT2-AS1,TCN2,RP11-135A24.4,CPEB4
6469,ARHGAP19,LINC01119,EIF4EBP3,SCRG1,RP11-452H21.4,VANGL1,CYB5R2,B3GNT1
6470,LIPN,PHLDB1,CCL2,CTC-454I21.3,CELSR2,MDK,LRRC7,CTC-459F4.3
6471,B3GAT2,SNORD3A,LRRC37A,ZNF709,RP11-1151B14.4,SLC26A1,RP4-583P15.10,CREB3L4
6472,MGME1,ANKRD18B,RP11-474G23.2,MXRA8,SRCRB4D,RP11-112J3.16,STK33,MEF2BNB-MEF2B
6473,RP11-72M17.1,RP11-452L6.7,STS,RP11-191L17.1,DDO,LRRC16A,CPNE7,MYSM1
6474,KCTD3,RP11-77H9.2,MFSD4,RP5-1085F17.3,C19orf44,LEKR1,FAM21B,IPO11
6475,DNAJC24,AC026471.6,TGFBR3L,RP11-160H22.5,FANCC,RAB23,TCEAL4,EIF5A2
6476,RP11-347C12.1,NXPH4,TMOD1,TACR2,C14orf79,USP51,ATAD3C,CTD-2031P19.3
6477,RP5-1148A21.3,RP11-496I9.1,ATP8A2,PKHD1L1,CTC-338M12.6,WWC3,RP11-16E12.1,CD300LB
6478,DPEP3,RP5-1180C10.2,SPATA21,AVIL,RP11-467P9.1,SMAD7,AL133245.2,AC097500.2
6479,RNF43,TNFRSF11A,QRICH2,LNP1,IL1R2,MT3,TEPP,MVK
6480,ENO1-AS1,RP11-511I2.2,NIPAL1,RP11-245J9.4,FRMD4A,CTD-2012K14.7,CRIM1,CD70
6481,AE000662.92,AC110771.1,CCL4L2,FAM218A,ANKRD31,DGUOK-AS1,SEPT4,NCAPD3
6482,TEX12,FOXD2,NPM2,ST6GALNAC3,PDE5A,IFITM10,DDX11-AS1,ATG14
6483,RP4-548D19.3,MDK,AKR1CL1,RP11-324I22.4,ELOVL3,RP5-1180C10.2,ZNF587B,CA13
6484,FAM167B,RP11-388M20.6,C3orf52,COL4A3,RP11-101E13.5,RP13-131K19.6,ZNF343,NMNAT1
6485,RP11-192H23.6,NUAK1,ERLIN1,AC073283.7,SCARF2,GUCA1B,RP11-15H20.7,C9orf38
6486,RP11-408A13.4,AC124944.3,RP1-224A6.3,TREM1,SLC10A1,CELF2-AS1,ERBB2,PPARD
6487,SASS6,RP11-441O15.3,RP5-940J5.6,KCNMA1,RP11-429J17.2,RP11-677M14.7,FMNL2,CTD-2302E22.4
6488,RP11-805I24.1,CCDC71,UNKL,CD300LB,CTAGE9,NEK11,STAM2,USP6NL
6489,DENND2C,RP1-317E23.3,ENAH,CTD-3193K9.4,B3GNT9,CTD-2015H6.3,TXNDC16,PKIB
6490,CMAS,CCDC163P,AC011747.4,FAM92A1,CTB-114C7.4,RP11-504P24.6,CACNA1A,RNASEL
6491,PPP1R12C,CTA-445C9.14,VENTX,FAM154B,ACOX2,CDCA7L,GET4,MED14
6492,ZFYVE9,CELSR2,AL020996.1,SHROOM1,ZFP2,HSPB9,LIM2,SYNJ1
6493,RP11-1391J7.1,DAB1,LYNX1,FAM228A,NBPF20,ALS2CR12,CTD-2288F12.1,RAB40C
6494,GAS2,RBM12B-AS1,GTDC1,CDH20,GPR20,ZNF587B,RP11-326F20.5,B4GALT5
6495,LINC00106,CCNI2,RP6-206I17.1,BGLAP,SCARF1,MEIG1,GRAMD1C,NAB1
6496,IL21R-AS1,MXRA7,RP11-661A12.12,GNB1L,GDPGP1,TMEM171,RP11-505K9.1,ZNF426
6497,AC004447.2,SLC6A4,INPP5A,CEBPE,CTD-2583P5.3,CACNA1C-AS1,PCOLCE,CEP70
6498,RP11-264L1.4,LINC00304,MRPL24,TNFRSF21,DYSF,RP5-1115A15.1,RP11-817O13.8,CENPQ
6499,RP11-661A12.12,LIME1,AQP9,RP4-794H19.1,RP11-580I16.2,RP13-270P17.1,RP11-446N19.1,hsa-mir-8072
6500,STK3,DOK4,RP11-160H22.5,CTTN,COLCA2,CTD-2210P24.4,CYB5D1,GATC
6501,PSMA8,CTD-2162K18.4,ZNF674,PRICKLE1,RP11-429E11.3,ZNF624,MYCBP2-AS1,MORC2-AS1
6502,AC008440.5,NUGGC,AC009120.6,MORN3,FAM218A,CTD-2023M8.1,AC005253.2,MICU3
6503,ZNF442,KLHDC9,RP11-242D8.1,PRR22,RP6-206I17.2,PRPF40B,COLCA2,NHEJ1
6504,C1orf233,VPS9D1-AS1,EPHB2,CTD-2165H16.4,P2RY6,STXBP4,ANKEF1,MYO7B
6505,CTB-47B11.3,RP1-234P15.4,EFEMP2,NKAPL,RP4-549L20.3,RP11-890B15.3,SLC38A9,DIRC2
6506,C1orf112,ANKRD50,FAM167B,USP54,HLA-DQB1-AS1,CCL3L1,CDC14B,TTC21A
6507,AC090186.1,RP11-666A1.5,RP4-813F11.4,SLC36A1,RP4-784A16.5,RP11-677M14.2,HIST1H2AH,UGGT1
6508,ZNF620,SS18L1,AC013449.1,C1QTNF6,GAS8,NUF2,LINC00544,SOWAHD
6509,RP11-1299A16.3,SMTN,RP11-787I22.3,AC022182.3,NRCAM,PBK,FAM3D,GPATCH1
6510,PC,KCNH2,TRIM61,FBLN2,CA6,GIPR,SPATA41,CCDC58
6511,RP11-355B11.2,RP3-380B8.4,NDST1,CABP7,CRHBP,BSPRY,SLC25A22,CARF
6512,KCTD1,RP11-242D8.1,LY6G5B,CAPN3,PPT2,LINC00925,CCL4,FAHD2B
6513,GTPBP8,LRRC16B,AC000003.2,PTK2,RP1-100J12.1,C11orf84,LEMD2,RP11-15A1.3
6514,PRR22,CTD-2350C19.2,IFITM10,KIAA1279,PDK4,PEX11A,FBXO2,C17orf80
6515,FGFRL1,FAM65C,CETP,CTB-47B11.3,C14orf132,ST6GALNAC1,SLC45A3,HN1L
6516,NAP1L3,AC013449.1,RALGAPA2,SIGLEC5,ZNF205,HRK,CHML,ATR
6517,ZNF219,RP5-930J4.4,ADAM22,KCNC3,AC013449.1,BNC2,ENTPD1-AS1,FAM200A
6518,RP11-531A24.5,BMPR1A,RP11-157J24.2,SPTLC3,TSPAN18,LINC00299,DDO,ZNF16
6519,GTF2H2C,C1R,PC,RP11-408A13.4,RAPH1,AC009005.2,ZNF438,HK2
6520,ABCB9,DUSP4,TMEM238,PQLC1,CTD-3203P2.2,RP3-508I15.22,CTD-2020K17.4,RP11-147L13.2
6521,CTC-428G20.3,FBXO36,RTTN,MATN1,DNAJC5B,CENPU,KB-1460A1.5,WDR36
6522,AC018755.1,RP11-388M20.1,RP5-1050D4.3,OGDH,FAM3D,RAD18,ABAT,RCOR1
6523,PTPRM,SORBS1,MFSD3,DONSON,ASB9,EXOSC2,PPM1L,JRKL
6524,CTD-2260A17.1,B3GALNT1,RP11-15A1.7,MARC2,HOXA-AS2,RP11-154H23.3,NBPF15,PRKCI
6525,COL17A1,GPR63,ZNF449,PLA2G7,VWDE,PHYHD1,ZNF225,RP11-44N11.2
6526,BASP1,RP11-292F22.7,FAM98B,C4BPB,CD248,RP3-467K16.4,ZNF135,TOMM40L
6527,BCOR,RP11-421M1.8,GFI1B,SOX7,LINC01063,RP11-475O6.1,CTD-2537I9.12,ANKRD42
6528,DKFZP761J1410,CTB-102L5.4,CEACAM4,AMER1,MIR378D2,TTC26,MSTO1,RP11-164H13.1
6529,KALRN,RP11-336K24.12,PTX3,MUC20,CTD-2532N20.1,DCBLD2,NOG,RP11-296O14.3
6530,ADIRF,STX16-NPEPL1,RP11-138P22.1,RP11-258C19.7,RP11-42I10.1,PXDC1,REPS2,ATP6V1E2
6531,MCAM,PTOV1-AS1,C5AR2,FDX1L,LAMC1,ASB2,DPCD,DHTKD1
6532,LRRC24,KDELC1,APOA1,RP11-216B9.6,AC024940.1,CTD-2288F12.1,GLB1L,CEP19
6533,RP13-131K19.7,SLC35G2,ZMYND15,CTC-428G20.3,ZNF546,HOOK1,PWAR6,RUFY3
6534,PSMC6,TAS2R30,RP13-317D12.3,RP11-77H9.2,TMPRSS3,FSCN3,ANKDD1A,STAB1
6535,NOLC1,ZNF79,SPEG,ADAM23,MCAM,AC093157.1,ZHX1-C8ORF76,CCDC9
6536,SNAI1,CTB-118N6.3,SLCO4C1,EVI5,RP11-190C22.9,SGCE,TRAF3IP1,HS3ST3B1
6537,SAMD10,SNPH,SUMO4,RP11-475O6.1,AP001046.6,ZNF416,SIGLEC12,SEPT8
6538,RP11-33O4.1,CTC-209H22.3,SYCP3,EVI5L,MITF,RPA4,NEU3,PIGN
6539,FITM1,EFHD1,VNN3,AC011899.9,ATP8A2,MANEA-AS1,NSMCE4A,RP11-345P4.9
6540,NME1-NME2,TNIP3,LA16c-358B7.3,TTTY14,CTB-113P19.5,H1FX-AS1,MYEF2,GORASP1
6541,RP11-66B24.2,RP11-89F3.2,RP11-260M2.1,RP11-761I4.3,RP11-46D6.1,MFSD4,NR3C2,SLC46A2
6542,HCG14,CDCA8,RP11-95D17.1,SGPP2,RP11-403A21.1,TXNDC5,JSRP1,TMEM86B
6543,DIP2C,ESPN,OTUD7A,KIAA1467,SIRPD,RP11-388M20.1,RP11-333E1.1,NBPF14
6544,ZBTB42,RP11-339B21.13,UBAC2-AS1,HES4,RP11-598F7.3,SYDE2,LCN2,TOLLIP-AS1
6545,RP11-359B12.2,CMTM4,RP11-56G10.2,CTD-2538C1.2,CTD-2054N24.2,BCL2L14,PTBP2,FZD3
6546,DCLRE1A,CTA-204B4.2,KIFC1,RP11-37B2.1,TEX12,RP11-793H13.11,C10orf25,KCNC3
6547,MCM2,SAMD12,RP11-481A20.11,RP11-126L15.4,MUC20,HAS3,CNIH3,RP11-262H14.1
6548,RAPGEFL1,RP11-216B9.6,RP11-97C16.1,LINC00265,OSGIN1,LINC00996,STRIP1,VPS18
6549,PYCR1,CLDN12,CNST,C19orf59,ZBTB8A,PPFIBP1,YES1,ATAD3C
6550,ZNF280B,PSMD13,ZNF517,DYNLL1-AS1,DGKG,ULK4,ZNF408,NAIF1
6551,SLC8A1,SLC3A1,TMPRSS3,RP11-92K15.3,GAS2,CASZ1,ZNF627,GORAB
6552,AC145212.1,CCNT2-AS1,TULP2,SAMD14,PROC,SPIRE2,SLC35G1,LRCH1
6553,GOPC,POU5F1B,PRR22,RP11-791G15.2,GLCE,LAYN,NFYC-AS1,HSD11B1L
6554,HPD,SCARA5,ANKRD31,PKNOX1,FZD2,RAB25,AMT,A2M-AS1
6555,RP11-707G14.1,PAGE5,RP4-789D17.5,BBS12,PIK3R6,RP11-385F5.5,TMEM25,HAUS8
6556,KLHL11,CACNA1C-AS1,AMN,ZNF304,LRRC24,RP11-161M6.2,NHLRC4,FNBP1
6557,ADAT1,CPLX1,LPCAT4,RP11-65J3.1,RP11-46H11.3,CTD-3195I5.1,SLC9A1,SBK1
6558,GUCY1A3,CTD-2547L24.4,GPRC5C,FLJ45079,RP11-558F24.4,AC009404.2,TRIM32,C20orf201
6559,RP13-317D12.3,MAN1C1,WDR62,CRYBG3,RP11-356N1.2,DOCK9-AS2,RP4-612B15.3,RP11-872J21.3
6560,GFI1,AC129492.6,RP13-131K19.2,LINC01146,RP11-315O6.1,SLC5A2,ARHGAP29,SLC24A1
6561,NPIPB3,PRR7-AS1,ZNF260,TEX12,DTX4,C21orf58,MAPK11,CSNK1E
6562,RP5-1057J7.6,ITPKB-AS1,RNF222,ABCB4,DSCC1,U73166.2,RP11-474G23.2,EIF4ENIF1
6563,OMG,RP11-275I4.1,POLE2,OXT,RP11-154H23.3,CTD-2371O3.2,LCMT2,GPM6B
6564,HCAR2,RP11-138I18.2,AGAP1,RP4-773N10.4,AC004158.2,AC079922.3,NEK4,PLK2
6565,MRPL39,ZNF564,GPR153,EFCAB4A,GNMT,AK8,ABCD1,C9orf139
6566,MAPK14,LRRC56,LRRC16A,RP13-317D12.3,RGPD2,HIST1H2AH,PLEKHA7,ZEB1
6567,FAM153A,VIPR2,RP11-359I18.5,MRPL45,RP11-138I18.2,RP11-277P12.20,SLX4,ZNF205
6568,AAAS,AC004158.2,LCAT,SERHL2,C16orf46,MDGA1,CEP97,ZNF699
6569,CTD-2031P19.3,ZNF71,CABLES2,CTB-129O4.1,SEZ6L,ANKRD34B,ZNF737,HOXB-AS1
6570,AF127936.7,RP1-202O8.3,SH3GLB2,B3GNT4,SNX29P2,NOTCH1,ME3,SLC4A10
6571,KIF18A,TGM1,CHTF18,UGT8,AC195454.1,RP11-161M6.3,TAF5,NAT1
6572,ZFYVE19,GRAMD1C,ZNF205-AS1,HCG25,AC010894.5,CLTCL1,CYP2J2,ZMYM6
6573,RP11-162A12.2,MCAM,TPO,VANGL1,RASSF6,AE000662.92,TMCC1,BBS4
6574,LRP5,HID1,AFG3L2,AC107081.5,ERMN,MYO18A,EPT1,SPATA2
6575,EXOSC2,ERI2,RP11-429E11.3,SALL2,ATP8B4,CERCAM,IWS1,AC004257.3
6576,SGOL1,CNP,ULK1,CSTF1,PIWIL1,LINC00894,RP11-538P18.2,SLC25A13
6577,RP11-597D13.9,ZC3H10,ZKSCAN3,SLC5A10,RP1-168L15.5,RP11-713M15.2,RP11-712B9.2,OXSM
6578,ETV5,CTD-2260A17.1,PAPL,EMILIN2,USP12-AS2,WFS1,HCG27,TUBG1
6579,RP5-1050D4.3,RP11-83N9.5,RP11-803B1.8,QSOX1,HIST1H2BF,RP11-798G7.6,ZNF674,RP11-326C3.12
6580,TPRN,CAPN8,WNT10B,SNAI1,DNAAF1,VAV3-AS1,ICK,NOG
6581,HCG25,CTH,FAM47E,VPS9D1-AS1,AC090186.1,TLCD1,CTD-2007H13.3,BMI1
6582,HUS1,SKA3,RP11-421L21.2,RNASE2,OXT,RP11-314N13.3,CCDC30,RP11-432I5.1
6583,ITGAV,UNC45B,CCRL2,RP11-342M1.3,KLHL26,AP001046.5,TAF4,MYOM2
6584,CAMKK1,AC103563.8,RP4-803J11.2,RP5-1073O3.7,ITGA1,ITGAV,RP11-326K13.4,DHX36
6585,LINC00865,RP11-643M14.1,RP3-525N10.2,RP13-131K19.7,UACA,CABLES1,FOXRED2,WDR3
6586,NUPR1L,BEND4,TSHZ1,ALDH4A1,FRMD3,ZNF470,ZNF654,BCAS3
6587,CTD-2017C7.1,RP11-791G15.2,ARAP3,EFNA3,ANKRD50,AC006116.20,FNIP1,ATP8A1
6588,C7orf13,UBXN10-AS1,SMAD1,IL18,RP11-178L8.7,AP001469.9,SLC25A10-1,WDR91
6589,TNS3,KBTBD7,ZNF763,CTC-260E6.6,CPT1B,BTBD8,PPAPDC2,RYK
6590,RP11-37B2.1,ELMO3,RP11-531A24.5,COL17A1,NUDT6,CBWD3,C11orf74,WDR5B
6591,C1orf86,RP5-1112D6.4,RCOR3,FLT3,IFT81,RHBDL1,ZZZ3,ANO9
6592,MIR378D2,PSMD6-AS2,CTD-3214H19.4,AMIGO1,ABCA1,SLC51A,C17orf72,MCM3AP-AS1
6593,KIAA1279,TNFRSF21,TOR1AIP2,B3GNT9,AC022182.1,LINC00865,TRPM2,LSM12
6594,PIK3C2B,HSPA2,ADIRF,U91328.19,AC107081.5,IFT140,AC009133.12,EPHA1-AS1
6595,DRAXIN,HIST3H2A,RP5-1057J7.6,RP11-884K10.7,ZNF223-1,CHST10,SETD4,RP11-345J4.5
6596,CIRH1A,SLC27A2,ZNF674-AS1,AC018755.1,B3GNT5,AC006994.2,GOSR1,CMKLR1
6597,B3GNT5,AC004381.6,UTF1,USP3,CLCN4,CADM1,GOLGA8B,BBS7
6598,RP11-16N11.2,BOP1,ZNF629,CAMKK1,RP3-465N24.6,ZNF30,ARMC8,CROCC
6599,CYFIP2,C7orf25,PTGS2,LRRK1,CD3EAP,INSL3,LINC01094,GFOD2
6600,LRRC37A2,AC104699.1,PDE1B,CCDC102A,RP11-782C8.1,AC009120.10,CTD-2015H6.3,PICK1
6601,MAML2,ZNF441,VEGFA,RP11-219B17.1,GRAMD1C,DONSON,RP4-813F11.4,PPP1R3B
6602,RP11-10C24.1,RP4-813F11.4,SUV39H2,Y_RNA,TMEM238,NPM2,PVRIG,ERBB2
6603,PINK1-AS,FAM135A,C9orf24,FOXJ2,CTD-2545M3.2,AL928742.12,AC020571.3,ERMARD
6604,ZNF670,MMP28,AC010894.5,AP003068.9,PPP2R3A,RP11-554J4.1,CCDC142,ZNF526
6605,TM9SF2,OSGEPL1-AS1,MINOS1-NBL1,SLC10A1,ITPRIPL2,RP11-219B17.1,NETO2,ZFYVE16
6606,GALNT12,RP11-15A1.7,BOP1,LCN2,TVP23A,SGSM1,LRRC14,RP11-325F22.2
6607,FAM13A,MLF1,PRKAR2A-AS1,RP11-730K11.1,EIF4EBP3,TAPT1,FAM86C1,C22orf34
6608,LIG4,RP11-700H6.1,ZSCAN25,ZNF276,CLECL1,RP11-119D9.1,ZBTB42,RP11-103G8.2
6609,MTSS1L,RP3-467K16.4,RP3-467K16.4,CTH,ABLIM2,TXNRD3,RP11-535A5.1,RP11-299J3.8
6610,HSPA4,RP11-423H2.3,C1orf53,RP11-805I24.1,NT5DC2,C2orf44,USP49,BBS9
6611,AGO4,PCBP3,CRB1,LRRC46,RP11-195F19.9,U47924.30,RP11-398C13.6,NCR1
6612,FAM110A,CTC-260E6.6,MAP1B,UBXN10-AS1,AC104699.1,STON1,DOK7,TCN2
6613,RP11-379K17.4,HCG27,SNORA40-1,SDCBP2,VSIG10L,RP3-455J7.4,BCKDHB,TTI1
6614,GPRASP1,ANKRD34A,KIAA1107,FANCE,ARMCX6,C17orf100,ARSG,HEATR6
6615,RP11-580I16.2,ZNF225,RP5-884G6.2,RP1-261D10.2,RP11-52J3.3,LRRC26,ZNF507,MED21
6616,CTD-2006K23.2,AC109333.10,TMEM136,KRT8,ACE,RP5-1024G6.7,DKFZP779L1853,SLC25A44
6617,ARHGAP32,TMEM45B,MIR378D2,LRRC26,LINC00106,ZFR2,DNAJC18,FRY
6618,GPATCH1,NUF2,ZNF208,ITGA1,ARHGAP42,TPX2,CETN3,CROT
6619,RP11-410L14.2,HEATR2,ZNF541,TMCO4,GCNT4,GNA11,MLH3,AKT3
6620,SULT1B1,ZSCAN31,SENP8,SCARF2,QRICH2,RP11-973H7.1,TMTC3,TMTC4
6621,ATL1,AC104655.3,C1orf204,SLC8A1,C22orf26,C5,RP4-594I10.3,AGPAT9
6622,RASAL1,C9orf40,RNF217,RP11-402D21.2,GAB1,GTSE1,ADC,PLD6
6623,GTDC1,PARM1,KCNH3,TRIM31,BMPR1A,C2orf40,RPRD1B,FBLIM1
6624,SHROOM1,ZBTB42,RP11-666A20.4,CEACAM4,AD000671.6,AF213884.2,VWA5A,NACC2
6625,FAM122A,DMPK,RP4-794H19.1,FAM129B,AC096772.6,RAD52,FAM169A,AC079922.3
6626,AC009961.3,F12,THAP8,ST14,RP5-1074L1.4,UGT8,ACTR10,C20orf96
6627,ZNF579,RP11-266J6.2,SLC10A1,IFIH1,CDYL2,ROPN1L,TSPAN32,CDT1
6628,MST1,GIPR,TTC4,FCGR1B,CABP4,ZNF594,NDOR1,CTBP1-AS2
6629,RP1-151F17.1,ZNF445,MYO16,RBM45,KNTC1,SOX13,KIAA1377,USP9Y
6630,RP11-290L1.3,LINC00511,ZNF365,NRXN2,CDH20,THNSL1,FLJ27365,MMAA
6631,RP11-1007O24.3,FBXO46,HIST1H4K,CDH1,CTD-2319I12.2,PSPH,ZFP30,CRIPAK
6632,FOXRED2,RP11-105N14.1,ZNF12,CRB1,PARM1,LL22NC03-2H8.5,TUBB2A,KBTBD11
6633,GAS8,CHRNA1,CCDC58,ZNF252P-AS1,COX6B2,RPEL1,RP11-819C21.1,ERLIN2
6634,USP37,CYP4F35P,RP11-388M20.6,NIPSNAP3B,RP1-234P15.4,EPB41L5,CECR5-AS1,EARS2
6635,ANG,ZFP37,IPO9-AS1,AD000671.6,PIWIL4,MTBP,SLC4A4,NUP133
6636,RP11-424N24.2,RP11-457M11.5,PTPLAD1,ATP9A,C10orf25,IFNL1,TAF9B,RP3-322G13.5
6637,ZNF625,RP11-398K22.12,ACTR3C,SLC29A1,PANK1,C1orf200,FAM135A,ACTL10
6638,SAMD14,GEN1,RP11-805J14.5,DOT1L,ZNF365,AC131056.3,MFHAS1,MON1A
6639,TRUB1,NCKAP1,INSR,RUNDC3B,FSCN1,AXIN2,CTD-3193K9.4,ZNF250
6640,KB-431C1.4,RP11-433J8.1,ACACB,OLIG1,CNKSR2,RAB12,EFTUD1,UBL7-AS1
6641,FLT3,AL592284.1,LOXL2,SMTN,NPHP1,LINC00672,VNN1,RWDD2B
6642,HIST1H2AE,TRBV11-2,RP11-262H14.1,LIPN,MED4-AS1,TBX19,PKNOX1,PIP4K2C
6643,RP11-90P5.2,ARHGAP42,AGO2,PTK7,RP11-336K24.12,ZNF486,RP11-159D12.2,ZNF563
6644,VNN3,FAM167B,MYLK,RAB27B,PET112,BOK,ERLIN1,RP11-412D9.4
6645,RP3-466P17.1,RP11-407G23.3,RP11-707M3.3,SFMBT1,GATS,RP4-800J21.3,PSAT1,ZNF48
6646,RP11-42I10.1,LINC00562,GS1-114I9.1,TPTEP1,SLC2A5,MTSS1L,JAM3,FBXO31
6647,FBLN2,RP1-151F17.2,CTD-2023M8.1,SRC,MLLT4,EPDR1,RP11-445H22.3,KATNAL1
6648,ADD2,RP11-390F4.3,NAA30,MYO1D,TPRG1-AS1,RP11-197P3.4,RPA4,UTP20
6649,CRB1,DYNC2H1,GPSM2,DNAJC27,CUBN,HSPA1L,RP11-178C3.2,RP11-109G23.3
6650,RP11-10L12.4,RP11-403I13.4,RP11-426L16.3,FITM1,ANKRD18B,ZNF829,USP51,WSB2
6651,LINC01063,CTD-2666L21.1,PQLC2,ADAM15,KHDRBS2,HDAC11,CTTN,BORA
6652,RP11-532F12.5,IL17RE,KCNE1,RPS6KB1,CCDC62,PDP2,SLC38A7,A1BG-AS1
6653,UHMK1,RP11-326C3.2,GRB10,TUBA8,OLFM1,SPTLC3,PPP1R3B,GFI1
6654,RP11-513M16.7,BDH1,NTNG2,RPF2,ITLN1,MRPL30,FAM102B,MED14-AS1
6655,FAM212B,CYP2D6,TOE1,TRIP10,OTOF,NPIPB4,MGAT5,LIMS2
6656,CHFR,RP11-326C3.11,CTD-3064H18.1,ZDHHC13,C22orf15,TRIM46,ZNF433,SYCE1L
6657,DUSP8,RP11-126L15.4,RPS6KA3,C12orf68,AXL,FAM111B,GALNT7,AGO2
6658,AC009950.2,EVC,RP11-559M23.1,AC016757.3,CTB-47B11.3,RAD51AP1,RP11-539L10.3,TGFBR1
6659,FAM92A1,RP11-223C24.1,RP11-403I13.4,AC004447.2,CTD-2165H16.4,UGDH,GATA2,AP006621.5
6660,AC004158.2,SLC14A2,DCBLD2,CTD-2227I18.1,ENTPD7,ARL10,TNK2-AS1,HIST1H1B
6661,LRRC3,SPIRE2,PHYHD1,OXSM,ZNF547,SLC30A4,FBXO45,YWHAQ
6662,CAB39,ZFP3,FAM218A,STRN4,CLDN23,TSPYL5,HSF2BP,G2E3
6663,CTD-2201I18.1,PLEK2,RP11-154J22.1,ACSL1,PLGLB1,AL353354.2,ZNF7,AHCTF1
6664,PRRG4,PLEKHF2,COL6A1,ZBTB26,YOD1,TMTC3,ERCC8,FZD1
6665,C19orf35,ZNF665,RP11-22P6.3,PVALB,GAL3ST4,RP11-385F7.1,RYR1,ZNF584
6666,RP4-635E18.8,RP11-160H22.5,PPP2R3A,ABCC3,ANKRD34B,RBM11,DPF2,ZNF268
6667,AC139100.2,RBBP9,CTD-3131K8.2,CTC-297N7.5,KIAA1211L,NAA60,LETM2,PUS10
6668,WNT2B,CYP2J2,SUV420H2,GUCY1A3,RNF32,DLG3,DMXL2,PEX10
6669,NAA60,C1orf145,TRIM7,AC195454.1,RP11-597D13.9,PRRT1,PINLYP,PRRG2
6670,HIST1H3D,RP11-692D12.1,ZNF205,AC061992.2,PRRT1,RP11-474G23.2,UBOX5,GSDMB
6671,RP11-6F2.5,N6AMT1,LINC01119,RP4-635E18.8,AC006547.15,RP11-408A13.4,CBY1,KCTD2
6672,EDEM2,MTFR1,RDH11,HS3ST1,BBS12,RP11-488L18.8,MARK4,ALDH6A1
6673,RP11-95P2.1,CTD-3203P2.2,RP11-443B7.1,RP11-498C9.15,P2RY1,RP11-517I3.1,ZNF577,PRKRIR
6674,AC131097.3,ESR2,RP11-158I9.5,LAMP5,DNAH6,MTM1,TMEM161B,XYLT2
6675,EID2,CTRL,ZG16B,CNKSR2,PGBD3,SLC38A11,MCOLN3,COPZ2
6676,RP11-305K5.1,CCR9,CTTNBP2NL,LTBR,CTC-428G20.3,OOEP,CTC-301O7.4,CHIC1
6677,C9orf3,OSCP1,RP11-661A12.14,SDR42E2,GTF2IRD1,IRGM,RP1-43E13.2,RECQL5
6678,ZMYM6NB,MAP3K9,TTC8,AC009473.1,HP,USP27X,DARS2,ZNF789
6679,RP11-114O18.1,RP11-677M14.2,RNU11,ATP6AP1L,MAP3K3,TJP3,TCTN2,GTF2H3
6680,RP5-940J5.6,CXCR1,SNORD3A,PVR,HSPG2,FAM53A,RP11-98D18.3,VEGFB
6681,CXCR6,DUSP8,PPIP5K1,SOGA1,KIAA1107,CTD-2035E11.5,CACTIN,WDR24
6682,RP11-69E11.4,ZNF786,AC073115.7,HIST1H2AL,RP5-1098D14.1,PRDM8,C5orf45,NT5E
6683,AC009473.1,AC016683.5,RP1-261D10.2,NRCAM,CYP2J2,TCFL5,RP3-395M20.9,CHKA
6684,ZBED3,C8orf37,CTDNEP1,FAM160B2,SLC46A1,CTD-2616J11.2,FBXO5,GALNT3
6685,RP11-1094M14.11,MID2,AP1AR,ANKRD31,DUOX1,AC090186.1,PGAP1,SLC25A51
6686,IQCK,IGSF9B,FSCN1,COX15,AC104655.3,CTC-297N7.5,ATP1A3,SLC25A28
6687,TICAM1,C14orf132,SULT1A4,RP11-782C8.1,RP11-221J22.2,FITM2,NUDT7,PMS2
6688,RHOB,CTD-2210P24.4,AP001053.11,CTD-2532N20.1,KCNK7,ACRC,PHF13,SLC39A9
6689,GGT7,RP11-175O19.4,AQP10,FCGR3B,AC016757.3,MC1R,CTC-241N9.1,TTC16
6690,KCNMB3,RAPGEFL1,TPX2,CERCAM,BEND4,RFNG,EVC,TRMT12
6691,RP11-379F4.9,MYCBP2-AS1,SLC26A1,GBGT1,AC018766.4,ZNF502,MOGS,LCORL
6692,PVR,CDC25A,RAB15,TSTD3,DAB1,ZNF165,PGM3,ZNF273
6693,ARMCX6,ZNF571-AS1,CLDN12,MRPL22,RP11-379K17.12,CDC7,ZNF69,ATAD2B
6694,DCUN1D3,BFSP2,SPIRE2,GLRX2,AMZ1,UBTD2,SS18L1,LAIR2
6695,RAB23,GSTCD,C1orf101,COL6A1,PCSK6,DTNA,TRIM24,ANAPC1
6696,LY6G5B,DSCR9,RP11-438L19.1,SLC27A4,ANPEP,LTK,TIMM21,TRIB3
6697,CTD-3203P2.2,GLIPR1L2,LRG1,TAS2R30,GPX3,GATS,NAB2,NEO1
6698,RP11-362K14.6,SEMA4F,WNK3,ACAP2,CTB-129O4.1,KCTD21-AS1,ZC4H2,RP5-1136G13.2
6699,LINC01146,GREM2,CTAGE9,CALML4,PDE4C,SPERT,DLL1,LAMP3
6700,AP001046.5,SEMA5A,ORAOV1,DIRAS1,KLB,KIF2C,SIMC1,WDR25
6701,FNBP1L,DIRAS1,ZC3H7B,TLR7,POLB,RP11-415F23.2,FXYD1,ZNF181
6702,RP5-1142A6.2,BNC2,KLHL23,AIFM2,C9orf96,CELSR1,CDK14,GALE
6703,CTD-2353F22.1,TMEM200A,WWC2,CACNA1A,SLC6A12,SSSCA1-AS1,KLRC2,ABCA7
6704,CDKN2B,DACT1,LINC01146,ZNF703,RP1-191J18.66,CCDC122,SPIN4,MIB1
6705,AC011893.3,AC008440.5,RNF32,CRYM,NUDT12,RP4-635E18.8,QPRT,FBXW8
6706,METTL7A,STXBP4,HAR1A,CTD-2012J19.3,TXNRD3,RP11-603J24.5,TRIM62,SGK223
6707,SMTN,FAM66C,SMIM8,IARS2,GNB4,NAP1L3,IGFBP3,HDHD1
6708,GLS2,UBE2N,RP1-223E5.4,DLL3,POLN,THTPA,ACTR3C,GIT1
6709,RP11-342I1.2,C1orf186,CCDC183,SPEG,RP11-56B16.4,PKHD1L1,ZBTB37,CCDC88C
6710,RP11-56B16.4,RP11-466F5.8,AMIGO2,AL354822.1,CNNM4,FOXN3-AS1,PCAT1,VPS33B
6711,MAN2C1,AGAP1,ZNF425,FOLR2,SCRG1,NRG2,EIF3J-AS1,SRC
6712,CTD-2083E4.6,CTD-2623N2.11,SRXN1,RALGAPA1,COL4A3,CCDC183,PATL1,ELMOD2
6713,PIK3R6,GVQW1,PRDM11,ZFP28,SOX15,ACTR3C,EGLN3,MLC1
6714,RP11-774O3.3,PHYHD1,TYSND1,EGLN3,FOXN3-AS1,ANKRD13A,ARHGEF19,AP001816.1
6715,AC012358.8,TRIM62,RING1,AC009120.6,AC012074.2,MEOX1,ZCCHC2,KDM5B
6716,RP11-452H21.4,ZNF304,EIF3C,LRRC16B,EPPK1,ZNF80,OTUD7B,FCRLB
6717,ZNF19,SPAG8,DNAJB5,PPP1R16B,CD1A,ZNF442,TFR2,RP5-821D11.7
6718,HYAL3,BCL2L14,PHLDB1,LARGE,C1orf101,TCTN2,PDZD4,C2orf74
6719,FGF14-AS2,RP11-343H5.6,AP001046.6,KAT2B,RP11-333E1.1,ALDH7A1,ZNF540,IPP
6720,TCP11L1,RASSF6,TCFL5,ZNF613,EMP1,RP11-166O4.6,PHLPP2,CHAC2
6721,RP11-775D22.2,SPEG,IMP3,ZBTB42,RP1-223E5.4,LPHN1,TLE2,ZNF324
6722,STAB1,CITF22-92A6.1,RPRD1B,IQCK,CACNB1,MORC4,DNAJB4,BAIAP2
6723,AC093609.1,RP11-90D4.3,LRRC20,RP11-560J1.2,CTC-260E6.6,NAP1L2,TTC12,KSR1
6724,ZFP91,CDKN2B,RP11-227D13.4,AC074117.10,FBXL22,LRRC24,RP11-488L18.8,ZFYVE26
6725,CTD-2267D19.2,FBXO10,ARHGAP32,ARHGAP32,S1PR3,METTL21B,SNX25,MROH1
6726,CELSR2,TPX2,ANKEF1,LILRA1,SDK2,MIR497HG,HIST1H1B,NAA30
6727,POLG,WDR66,CATSPER2,RP11-10K16.1,GPR124,B3GNT2,RP11-701P16.2,RP11-102N12.3
6728,CTD-3074O7.12,CCL27,TRIM31,TBC1D12,FAM81A,RP11-566K11.5,IL23R,SYNE3
6729,PAXBP1-AS1,MB21D2,C8orf31,QRICH2,DLL3,RP11-359B12.2,MED15,DCBLD1
6730,BGLAP,MTFR2,ANKRD34B,GCNT1,WDFY3,CCDC176,POFUT2,PABPC1L
6731,ADAMTSL5,IGFBP3,TRAM2,RBL1-1,ZNF225,RP11-641A6.2,ATAD2,ACAD10
6732,TMTC2,LGALS4,MRPL30,PDGFRB,C1orf186,CTD-2006K23.2,COL19A1,SPICE1
6733,MSS51,CTD-2544N14.3,NPAS2,ZNF76,RHOD,EHHADH,SARDH,DNASE1L3
6734,DHRS9,ARHGEF4,TMEM81,TTC34,HTRA1,MORN4,AC145110.1,SLC9A8
6735,PM20D2,INTU,LRRC37B,LY96,RP11-421M1.8,SH3D21,ZKSCAN3,RP11-390E23.6
6736,RP11-333E1.1,U47924.30,CD58,ZNF630,ASMTL-AS1,GPR124,MCM5,KIAA1407
6737,PPM1F,ZBTB20-AS1,RP4-798A10.7,CACNB1,DLEU7,AP001462.6,CATSPER2,ZNF587
6738,MLLT3,RP11-571M6.7,AC007228.5,RP11-162A12.2,U91328.19,TBC1D24,RP1-111C20.4,SLC26A6
6739,ALG9,HSD17B1,KTN1-AS1,C5,PNMA3,RP11-425I13.3,TCEANC,UTS2
6740,RP11-582J16.5,FZD6,SPERT,AC004158.2,S100P,CTC-518P12.6,FBXL12,C1orf52
6741,APBB2,COLCA2,RP11-33O4.1,HSPG2,DVL1,RP11-415F23.4,ZNF337,ZMYM4
6742,KRT72,KCNAB3,N6AMT2,RP11-96K19.2,NXPH4,RP11-362F19.3,AC109826.1,AP1S3
6743,CYB561D1,ZMYND15,AC026806.2,MFSD2B,Y_RNA,ZNF135,PRSS36,SEC31B
6744,SDCBP2,RP11-382J12.1,LINC00630,PTRF,ZNF300,SUV39H2,SH3BGRL2,ZNF566
6745,MTERFD1,CTD-2366F13.1,CTD-2162K18.4,GP5,TACR2,THAP9,SERHL2,RMDN2
6746,MMRN1,SMARCA5-AS1,CYP1B1,C12orf39,RP11-426L16.3,ZNF543,DHFRL1,ZNF528
6747,DHDH,KDM8,ETAA1,FAM212B,DLG5,LOXL1,TOE1,GSTT1
6748,CTC-366B18.2,MT3,ZNF540,PFKFB3,LIPN,AC159540.1,PAPD7,GCN1L1
6749,RP11-420A6.2,RP11-262H14.3,KDM4D,LINC00877,B3GNT4,RP11-345J4.5,RP11-344P13.6,DGCR8
6750,SLC37A4,ZNF671,TANC2,DCUN1D3,CTD-2544N14.3,LAPTM4B,HIST1H4A,HNRNPU-AS1
6751,TSEN2,KNTC1,POPDC2,ZBED6CL,IGF2BP2,AVIL,ZNF418,AREL1
6752,SNPH,RP11-973H7.1,CRYGS,PIP5K1B,HIST2H2BF,MMP25,AL592284.1,SAMD1
6753,RP11-315I20.1,TMEM30B,CDKL1,ZNF138,LAMTOR5-AS1,RP11-104N10.1,CTD-3074O7.12,UBE2V1
6754,LINC00968,RP5-1098D14.1,TIMD4,GLB1L,FOXRED2,TMEM117,FAM212B,BMF
6755,DSCC1,CECR5-AS1,TONSL,NCOR2,NRP2,RP11-111M22.2,ZNF565,RLF
6756,PNRC2-1,RALGPS1,CNKSR1,GAS8,PLS3,ZNF100,KIR3DL1,OTUD6B
6757,STON2,HSF2BP,TBC1D30,EPDR1,RP11-438L19.1,MDN1,SGCB,ZIK1
6758,SPHK2,PHLDB2,ENKD1,PLLP,COL6A1,RP11-16N11.2,ZSCAN2,LRP2BP
6759,LINC00630,CLCN4,BLOC1S3,RP5-1159O4.1,RPH3A,LINC00265,CACNA2D2,FAM122C
6760,GPR125,AC083949.1,KCTD3,RAPGEF3,C4BPB,GRIK4,AC007386.2,XXYLT1
6761,RP11-158M2.3,ALS2CR12,RP5-930J4.4,HMGA1P4,RP11-110I1.13,DKK3,FANCM,C16orf52
6762,P2RY1,ZNF205-AS1,KLHL25,TMEM88,FAM3B,FAM19A1,TERF2,AGAP2
6763,ZNF28,ZNF578,ANKRD18B,TMEM9B-AS1,RP1-159A19.4,C11orf35,LIN7A,EP400NL
6764,CADM1,DDR1,HLTF,PER2,AP000769.1,PRR4,RP11-434C1.1,TMEM106C
6765,RP11-677M14.7,PGBD4,CHRNA1,RP11-159G9.5,RP11-498C9.15,ZNF519,LINC00309,LAX1
6766,EFCAB13,SEC14L2,HS6ST1,LAMTOR5-AS1,LRRC16A,KB-1460A1.5,ZFP1,MAVS
6767,LRP12,DPF3,ZNF219,MAP4K3,SLC25A30,RP11-805I24.1,IER5L,PPAP2A
6768,RP11-1079K10.4,RTKN,HAS3,PPP1R12C,MATN1,AP000442.1,DTHD1,DCP1B
6769,HLA-DQB1-AS1,DLG3,ZNF57,HESX1,CLIC5,ALG1L,DCAF15,FOXP4
6770,SAR1A,RP11-511B23.1,AGGF1,AREG,CTD-2031P19.3,FKBP14,HAL,TNFRSF13C
6771,AXL,TMEM171,SIK3,TRPV3,RP11-10K16.1,CCDC136,PKIA,UTP15
6772,ATP13A4,PEX11A,CHMP1B,RP11-505P4.6,AC009005.2,RP11-869B15.1,FAM167A,C11orf71
6773,RP11-259K5.2,AC097713.4,CTC-241N9.1,CLEC4G,GEN1,KIAA0895L,SOX13,FUT8
6774,JSRP1,CERCAM,ANKRD10,EML6,RP11-56G10.2,RP11-192H23.4,ZNF551,TBC1D12
6775,FOXM1,PWAR6,LGALS4,ETF1,OMG,CKM,ZXDA,TUBGCP4
6776,PTPDC1,C1orf172,ARG2,CTB-113P19.5,RP11-544A12.4,PCSK5,RIC8B,PTCD1
6777,TMEM200A,RP11-77H9.8,GPR34,RP11-532F12.5,RP11-158M2.3,REG4,RPS6KC1,TOE1
6778,PKN3,PAOX,STK25,RAB14,AC116614.1,LRRC57,OBSCN,DTYMK
6779,MOCS1,IFNL1,TMEM68,ZBTB5,TSKS,MCF2L-AS1,DGKG,WDPCP
6780,NOXA1,RP11-391M1.4,A2M,RP1-191J18.66,TGFB3,ZNF670,GS1-393G12.14,SLC9A6
6781,PCNXL4,HADH,AC012074.2,PRCD,AC068580.6,BOLA3-AS1,SLC14A1,NKRF
6782,RP4-813F11.4,HPS3,C9orf41,ARHGAP33,PXDC1,MIR181A2HG,AC093627.10,RNF144A
6783,FBXL18,KIAA1324L,NUAK1,EXOSC2,AC073283.7,ACTR5,RP11-666A20.4,SMAD5
6784,PTPN13,LINC00925,PTPN13,AC103563.8,SLC35F3,CDC20,USP53,VILL
6785,RP1-100J12.1,PRDM15,NDOR1,ATP8A2,RP11-701P16.2,FLJ20306,NHLRC1,TP53I11
6786,RP11-458D21.6,RP11-305L7.1,RP11-641A6.2,ZNF587B,RAVER2,PADI2,NEK11,CLSTN3
6787,KIAA0895L,GNAO1,PLA2G1B,AC069513.4,RP11-424N24.2,PTK6,RORC,TLK2
6788,TCP10L,RP11-666A20.4,KRT2,MIEF1,MRPL30,GSTO2,BIVM,TTLL5
6789,RP11-361D15.2,STK33,RP11-442N24__B.1,LIN9,RP11-571M6.7,RP11-307C12.12,NFIA,PTCHD3P1
6790,PTOV1-AS1,ZNF155,CEP170B,PTOV1-AS1,KANK1,RP11-196G18.24,GPR146,SETD6
6791,NPTN,RP11-290D2.3,USP32,RP11-58E21.3,SLX1A,RP11-875O11.1,MCM8,MARCH9
6792,ENOPH1,B3GAT2,KIF18A,RP5-1042K10.10,C10orf111,VWDE,MAN1C1,HMG20A
6793,CTC-507E2.1,LINC00299,RHOD,AC024940.1,RP11-805I24.1,TIGD2,NUPL1,RP3-325F22.5
6794,PRSS53,AC009404.2,TAF13,PRRC2C,CD1E,MIR940,PRR19,HARS2
6795,SIRPD,KIF2C,RP11-342K6.1,RP11-46A10.5,MAP7,MUC12,OSBPL5,ZNF570
6796,RP11-509J21.2,SLC35F2,PRIM2,FGFRL1,AQP10,LINC00663,MEOX1,IKZF3
6797,NLRC4,TRIM59,CYP4F35P,CTAGE9,RP11-84C10.2,RP11-867G23.8,KIFC2,FANCL
6798,SLC35A4,ZBTB3,KIAA1671,LINC01013,SLC2A9,LRFN3,CCNT2-AS1,PRICKLE3
6799,RP11-305L7.7,MCOLN3,MTSS1L,LRRC69,AC005932.1,SDR42E1,AC021860.1,ZNF43
6800,OTOF,RP11-430H10.1,ZBTB6,ADAMTSL4,ZNF738,NBPF3,BICD1,NRL
6801,RP5-935K16.1,MIR155HG,CRIM1,AKR1CL1,ECHDC3,ABCC6,ZNF354C,IKBKAP
6802,SEMA4G,GEM,JARID2-AS1,HAL,AC005944.2,CTD-2555O16.4,PPP1R3F,LYPD3
6803,PBX3,PLEKHH2,S1PR3,HRK,LGALS12,PLAG1,RP11-37B2.1,RNF139-AS1
6804,TMUB2,BSPRY,ZNF624,CAD,HCFC1-AS1,HTRA1,PGLS,RHBDD1
6805,MADCAM1,SSTR3,ZNF616,RP11-469M7.1,KLHL32,RP11-305L7.1,RP11-53I6.3,CXCL10
6806,FAM72A,RP11-680G24.5,RP11-730K11.1,C17orf80,ZNF711,HOXB-AS1,MAP4K3,PHLDA2
6807,RAPH1,NFATC2,AC004447.2,UBE2G2,RP11-247A12.2,HSPBP1,ADORA2A-AS1,PAX5
6808,CCDC154,TOX2,ARMCX6,GBA,RP11-388M20.1,RP11-560J1.2,ZMYM6NB,PET112
6809,PRDM11,KDM4A-AS1,SPDYA,RP3-486I3.7,TPO,GDF11,USF1,RBKS
6810,LNP1,NRG2,TMEM150B,AASS,MERTK,CHCHD6,EDEM3,SYTL2
6811,RP11-157J24.2,TVP23A,AIFM3,C15orf48,GPRASP1,PYGM,EFCAB13,AACS
6812,ADAMTSL4,PPIL6,SLC46A1,CTD-3074O7.12,WNT5B,KIAA0391-1,FAM46C,TADA1
6813,ARC,AP001412.1,FAM83G,CDK2AP1,AMER1,CRTAM,CCL4L2,ZC2HC1A
6814,AC010226.4,MDGA1,AC109333.10,ZNF391,UNC5CL,CEP55,EBLN2,RNF157
6815,NUF2,ZNF540,DSC2,DENND2C,CTD-2410N18.3,BMI1,ZNF550,C3orf62
6816,CTC-378H22.1,PAK3,CTB-12A17.3,MIS18A,ZNF579,ZBTB37,PAQR3,FRS2
6817,AC015922.6,GTSE1,SNX33,SYT17,TPRN,ROM1,ENKUR,TP53BP2
6818,CLTCL1,AC092667.2,LSM11,TTC26,AATK,EIF4EBP3,AC104820.2,FBXO7
6819,PRDM10,ALG1L,RHOH,STON2,FSD1L,ZCCHC24,CC2D1B,SCAF8
6820,CABLES1,RP4-561L24.3,RP11-420G6.4,PPP4R1L,FCGBP,TEF,CRYBG3,RP11-500C11.3
6821,SUFU,PVRL3,RP11-279F6.3,HEXIM2,OCM,KBTBD6,EFNA4,PPP1R37
6822,RP11-568N6.1,PLS3,C20orf197,NR2C2,TNFRSF21,IFNLR1,RINT1,TTC39B
6823,ZNF418,MYO1D,C1R,LYNX1,AIFM3,ZNF540,RNF219-AS1,ABCG1
6824,AC104809.3,RP11-793H13.11,KCTD1,NKIRAS1,TST,AC026202.1,UTS2,ATG9B
6825,GNA11,CTC-523E23.1,BFSP1,SHF,RP11-261C10.3,AC012360.4,DVL3,KDELC2
6826,GTF2F2,ZNF30,RP11-600F24.7,HSPA2,C9orf24,MAPK11,FLJ00104,PPARGC1B
6827,WFS1,HIST1H4K,SERINC4,APBB2,C19orf18,DIP2A,PXDC1,TSHZ1
6828,PDGFC,RSRC1,LATS2,TRBV11-2,INSR,TMEM144,RP11-410L14.2,LRRC57
6829,RP11-126L15.4,RP11-890B15.3,COPZ2,RP11-382J12.1,ESR2,ACVR1C,TTC16,TCEANC2
6830,POU6F1,TMEM169,DPY19L2,LINGO3,SERPINF2,RP11-307C12.13,PAGR1,FYCO1
6831,RP11-317J10.2,LAMTOR5-AS1,NET1,RP11-111J6.2,RP11-342M1.3,ASAH2B,RP5-935K16.1,TBC1D10B
6832,EPHB3,PTPN1,GNG5P2,RTKN,RP11-977G19.12,RP4-794H19.1,RP11-6J24.6,USP37
6833,C5orf54,ZNF667,NPEPPS,SEMA4F,C17orf51,NCALD,SLC36A1,PDGFD
6834,VIPR2,THUMPD2,ORC6,XPO5,GLB1L,DNAJC28,RP11-713P17.3,HKR1
6835,RP11-1151B14.4,ASAH2,DIP2B,RP11-259K5.2,SOX7,ZNF772,ZNF443,PAFAH2
6836,SNORA40-1,EPHA4,KRT8,AC068580.6,XPO5,RP11-176H8.1,SLC25A25,SLC25A42
6837,MAP7,RP11-112J3.16,NUF2,PNMA3,SEMA6B,RFPL1S,SLX4IP,RP3-402G11.25
6838,SLC46A1,LAYN,RP11-758P17.3,USP13,IQCK,CTB-55O6.4,RP11-350N15.5,BPHL
6839,RP1-168L15.5,VSIG2,RPS6KA2,AL928742.12,RP11-292F22.7,IL21R-AS1,CLPB,C4orf29
6840,RP5-1024G6.7,RP11-484K9.4,BBS4,COPG1,FAM114A1,SCRIB,LOXL1,KIF21B
6841,CYP1B1,ZNF416,RP11-274B21.10,COL19A1,HIST1H2AL,RGL1,GEMIN5,C1orf216
6842,SPATA21,RP11-713M15.2,TMED8,SPHK1,ALDH7A1,LL22NC03-75H12.2,YPEL4,ST6GALNAC2
6843,AC009120.6,ZFR2,ZNF649,PAPD7,C1orf233,CTC-297N7.8,NDFIP2,STAG3
6844,KIAA1467,HAS3,FGD6,RP11-707G14.1,KLHL25,HOXA10,C9orf116,MTA2
6845,FFAR2,RP11-315I20.1,BAMBI,SLC9A6,ZRSR1,RP11-158K1.3,MORN3,CNOT6
6846,TTC12,STEAP1B,ZFP30,AC011893.3,HGF,FAM174B,ING1,SYT11
6847,CYP4F35P,GDF11,PAX8,PPIL6,RP11-110I1.14,FSIP1,CHERP,GPR160
6848,OPLAH,BOK,CERCAM,SNX21,LINC00211,RP11-960L18.1,ARHGAP19,RP11-545E17.3
6849,EFNA3,CHST10,CMTM4,RP11-415F23.2,AC016700.5,RP11-490M8.1,PRMT6,DGAT1
6850,CTB-129O4.1,FAM154B,DCHS1,KCNK7,RP11-76E17.3,FOXP3,SYTL1,GABBR1
6851,RP11-469M7.1,CASD1,KLHL29,TMEM179B,RP11-338I21.1,GPR34,RP11-23P13.6,UBN2
6852,WDR11-AS1,TSPAN7,RP11-540O11.6,NLRC4,NLGN4Y,QSOX2,ATP8B2,ZNF641
6853,RP3-462E2.5,CADM1,PEX11G,RP11-429E11.3,RP11-473M20.16,RP11-356C4.3,AC074117.10,PI4K2A
6854,ZNF213,AP001462.6,TCAIM,CTD-2371O3.2,PTK6,TRAPPC12-AS1,PPRC1,FAM98B
6855,JARID2-AS1,CIB2,RP11-42I10.1,ADORA2B,LL22NC03-86G7.1,FITM1,ARL17A,TESK1
6856,HOMER1,RP11-603J24.5,RP11-680A11.5,RP11-707M3.3,KDM4D,RP1-266L20.2,BLOC1S3,TM7SF2
6857,ZNF492,AIRE,CBWD3,SCGB1C1,RP11-191L17.1,AC142528.1,AC013449.1,IL2RA
6858,RP11-91G21.1,C11orf84,RP11-392P7.6,RP5-884G6.2,FAM20C,STARD10,RIMKLB,CEP41
6859,RP1-265C24.8,IRGM,CTD-2047H16.4,PYCR1,EFHD1,VNN2,ZNF200,PARG
6860,LTB4R2-1,MYOM1,C3,RP11-137H2.4,TEC,RLN1,CDKL5,L3HYPDH
6861,ADAM23,RP11-92K15.3,RP11-90P5.2,CTB-91J4.1,RNU11,RP11-758P17.3,PSMD6-AS2,PURB
6862,RP11-930P14.2,WDHD1,PRR7-AS1,SCARB1,CEBPE,RP11-305L7.3,CPD,SLC19A1
6863,CTC-444N24.6,ANKS1B,ZNF284,RP11-420A6.2,MORF4L2-AS1,CTD-2341M24.1,GK5,COL18A1
6864,TOP2A,KCNC4,PTK7,CTC-209H22.3,CAND2,PIK3R6,H3F3C,BTBD2
6865,CASS4,7SK-2,RP11-701P16.5,FRS2,SAMD12,PDGFRB,NHSL1,MYBBP1A
6866,NLRP12,RP11-350F4.2,NEURL4,AC008440.5,AC026471.6,CBFA2T2,DICER1-AS1,C1RL-AS1
6867,ARHGEF3,SGSM2,ZNF529,PPP5D1,RP11-339B21.11,FAM127C,MICALL1,KIF13B
6868,RP11-661A12.5,C2orf44,ZNF391,RP11-72M17.1,PCSK4,C9orf9,EPHB3,RBBP7
6869,GTSE1,CENPU,RP11-46H11.3,NCSTN,MAGIX,XXbac-BPGBPG55C20.2,AC007246.3,SLC25A53
6870,RP11-23P13.7,AC131056.3,RNF175,NCAPG2,FAM66C,AL592284.1,PRPF3,RABL5
6871,RP11-425D10.10,RP11-359K18.3,ZFP37,RP11-598F7.3,ADAM23,RP11-312B8.1,ABCA1,RP3-402G11.26
6872,IGF2BP3,RP11-568N6.1,ZKSCAN4,RP11-56B16.4,GFRA2,CD1E,ZNF41,KLHL9
6873,HOXA10,TET1,RP11-119F19.2,HTR3A,CCDC163P,RP11-637A17.2,AC002116.7,DENND6A
6874,POMK,PRPF40B,C9orf114,SMAD1,ZNF629,CCDC102B,ZSCAN25,DNAJC13
6875,EXOSC8,DONSON,HBQ1,MTAP,FFAR3,RUSC1-AS1,AARS2,HELB
6876,JMY,ZNF680,ENKUR,SLC26A1,LINGO3,RP11-355B11.2,RP5-1092A3.4,SERPING1
6877,CENPE,RP11-588G21.2,SYCP2,RP11-575L7.8,THNSL2,CCDC138,ZP3,POT1
6878,RP11-498C9.3,HSD11B1,FIZ1,YOD1,HCG25,C17orf107,SGCE,RP11-661A12.7
6879,ZNF486,IQCK,PHLDB2,CTC-297N7.8,SERHL2,STAP2,CXorf57,CHRNE
6880,TRIM74,SLC5A2,CDC7,SPOPL,LRRC46,KIAA1009,DIP2B,RP11-473M20.9
6881,ANKLE1,RAB12,RP11-127B20.3,FAM167B,AP001412.1,AP000476.1,ARFGEF2,SLC30A6
6882,DGAT2,PLEKHA4,VDR,RP11-279O9.4,RP11-317N8.5,GAREML,ZNF827,LINC00528
6883,F11R,RP11-110I1.14,SLC16A10,ADPRH,C8orf37,TRIM52,BAIAP2-AS1,COBLL1
6884,VMP1,ZWILCH,AC004463.6,TRIM34,RP4-773N10.4,RP11-271K21.11,AMZ1,MBD5
6885,AC137934.1,SLC45A3,ITGA10,GTF2E1,MAP1B,SNTA1,ZNF205-AS1,RCCD1
6886,PPIL3,AGAP5,PARK2,AC011558.5,CTD-2366F13.1,TMEM105,KIAA2013,RWDD2A
6887,RP11-656E20.5,NHS,WBSCR27,AC062017.1,MAN2A1,ANKS6,SPAG1,LINC00526
6888,AC007285.6,RLN1,RP11-89F3.2,ABCB9,OVGP1,SEPN1,PDE9A,RDH13
6889,FAM151B,ZNF620,CTD-2616J11.2,RP11-750H9.5,RP5-1103G7.4,LINC00264,SAMD9,DDX20
6890,TNNC2,MARC2,EGR2,ARHGAP6,RP11-297B17.3,USP46-AS1,RP1-90J20.12,PGAP3
6891,ITIH4,ZCCHC18,PRRT2,HKDC1,RP11-243J16.7,CCL20,SLAIN1,FAR2
6892,MAFF,NEK11,CLIC5,NAPSA,GALNT12,FAM179A,SMAD4,CENPB
6893,RP11-644F5.16,PBK,TMEM164,TCL1B,RP11-265N6.1,UBBP4,SLAIN2,DPH2
6894,FBXO36,MC1R,RP11-286E11.1,AMZ1,PGGT1B,GINS4,WNT7A,MB21D1
6895,FANCC,C2orf40,GPR84,C15orf38,LSM14B,FAM132A,ELOVL4,SARM1
6896,JDP2,SLC26A1,CCDC13,IGSF22,PPM1J,WBSCR27,GGT7,USP18
6897,CH25H,WFS1,KLRK1,LRTOMT,RP11-484K9.4,SH2B1,PTX3,C16orf72
6898,UPK2,CTD-2288F12.1,C10orf111,RP11-305L7.3,THBD,SLC25A23,CEP72,ULK1
6899,RP11-13P5.1,HOOK1,CDH26,HEXIM1,ABCG2,ACSBG1,MYO6,TMEM168
6900,RP11-252C15.1,DNAJC11,NCAPH,CD101,TEX2,ZFP69B,ELOVL6,KDM4A
6901,GNPAT,INSL3,ANKRD6,PRKAR2B,RP11-415F23.2,TSGA10,ZNF598,DHX57
6902,ACAT2,CCDC136,CTD-2227I18.1,AGO2,SLC41A2,RP11-288H12.4,C12orf61,OSBPL10
6903,hsa-mir-1199,DNAJC27,ANKRD22,ZNF711,KCTD3,ASMTL-AS1,MIEF2,WASH4P
6904,PALLD,ZBTB26,AC024940.1,DBNDD1,NIPSNAP3B,ABCD3,PNISR,RP11-166P13.3
6905,BTBD19,RP11-932O9.7,TLDC1,SH3TC1,RP4-536B24.3,ZNF443,EPHX3,ABL2
6906,GPR61,IFT140,AC124944.3,MRVI1,TSTD3,MAP3K10,AREL1,ITPRIPL1
6907,UBP1,C21orf58,MLLT4,CEP120,AGAP4,CR2,LINC00910,SPATA33
6908,CDON,CASZ1,CYP2J2,MMP28,RP11-265P11.2,RP11-705O1.8,PPP2R3B,AP001055.6
6909,RP13-131K19.6,RAC3,KDM5D,DRAM2,RP11-661A12.14,ST8SIA1,UFSP2,TAB1
6910,PEAK1,TMEM200B,LNP1,RBBP5,RP11-761I4.3,RP11-15H20.7,RP11-279O9.4,XPO5
6911,ZMYND15,MFSD4,RP11-563N4.1,PLEKHM3,RP11-90D4.3,TTN-AS1,LRRC24,ACACA
6912,RP4-803J11.2,HLCS,FBXL19,CDKL5,MOK,CACNA1I,ZNF18,CD200R1
6913,SLC36A1,RP4-773N10.4,YY2,NPAS2,AP001610.5,ZFP28,HIST1H2BD,RGS12
6914,AC006129.1,RP11-119D9.1,SUGCT,EPPK1,RP11-72M17.1,AC093388.3,ABHD16B,DHRS13
6915,C22orf43,DBF4,RP11-348F1.2,TCTN3,NEDD4L,RNF165,POLR3F,APPL2
6916,CTC-273B12.10,ST6GALNAC1,GVQW1,CDK9,ENAH,CIB2,FAM198B,FAM101B
6917,SRCRB4D,BAIAP3,FAM179A,NMNAT3,HAR1B,ZNF708,KIAA0586,RP11-258F1.1
6918,SERPINE1,NBL1,RP11-867G23.8,MOB3B,RP11-60I3.5,DNLZ,RP11-803D5.4,KBTBD3
6919,CRISPLD2,RP11-196G18.24,CTD-2547L24.4,CYP2D6,FITM1,ZMAT4,SH3PXD2A,MORC2
6920,RP11-483P21.2,MIR181A2HG,RP6-206I17.2,EMR3,MARVELD1,CTD-2369P2.2,ZNF235,C21orf119
6921,C1orf115,RNFT2,MEIG1,CYP2J2,SLC1A4,PKNOX1,IL11RA,ALG14
6922,ZNF57,ATP1B1,TIPARP-AS1,MTFR2,AMIGO1,POMT2,NOP9,LZTFL1
6923,C2orf27A,TRIM23,SLC5A10,ZNF532,KCNH3,DSEL,APPL2,FOXJ2
6924,CTD-2659N19.9,LINC00623,BIRC5,EPB41L2,BOLA3-AS1,RP11-805J14.5,SEPT8,TMEM131
6925,ZNF432,RP11-486G15.2,RP11-307C12.12,TGFB3,LINC00309,AC021188.4,RP11-1151B14.4,GPR162
6926,C7orf25,WWC3,AP4E1,RP11-774O3.3,RP11-483I13.5,ZNF627,PTPLA,GATSL3
6927,C15orf52,FCGBP,SLC2A13,RP11-879F14.2,RCAN1,PLCG1,RP11-176H8.1,ERCC2
6928,SLX1A,MED20,AKR1E2,TLR9,MFSD2A,SENP3,NQO1,PAM16
6929,SDK2,RP11-355B11.2,RP4-798A10.2,ICAM4,CTC-209H22.3,TRIP13,ZNF442,CRAMP1L
6930,METTL20,SLC51A,KLB,ZNF804A,KLHL14,AP4B1-AS1,CSF1,PPARA
6931,IFITM10,KIR3DL1,AMDHD1,FAM129C,RP5-1042K10.10,CRIP3,AMER1,ADAMTSL4
6932,NEUROD2,PDP2,ARHGEF9,ANG,CTC-428G20.6,POLR3B,RP11-527L4.5,SOCS5
6933,FLJ45079,ZNF549,ALS2CR12,RP11-862L9.3,C5orf27,HRASLS2,RP11-359K18.3,LRRIQ3
6934,FBXO2,TRIP13,HABP4,STX2,ACVR2B,ANKEF1,PM20D2,PLEKHG3
6935,CYC1,BOLA3-AS1,CCNI2,C1orf233,AL353354.2,NBPF15,PNPO,TAF9B
6936,PTX3,APBB2,FSIP1,RP13-516M14.1,TLR3,RP11-498P14.5,ZNF628,PEX6
6937,RP11-477N3.1,DEPTOR,B3GNT5,SPOCD1,RCC2,F2RL1,RP11-617D20.1,ACP2
6938,AC074117.10,RGMB,ARHGEF10,ARID3A,CTSK,GPT2,EIF5A2,ZC3HC1
6939,ABCC6,MTMR1,ANGPTL6,AC013449.1,CABP7,CTD-2035E11.4,RP11-1149M10.2,SMURF2
6940,SYDE2,SGSM1,AC007246.3,RASL11A,ZNF433,ZNF70,C19orf82,GNB4
6941,CECR5-AS1,GSDMB,AC017002.1,RBM28,GSTCD,C6orf99,SNPH,ZNF100
6942,FAM209A,MFGE8,CTB-43P18.1,RP4-798A10.4,TSPYL5,PRKAR2A-AS1,CETP,ISYNA1
6943,MCM9,SGCE,KRT7,GNAI1,DYX1C1,PIWIL1,TAGLN,SPAST
6944,RP11-213H15.1,HPDL,TNS1,CMTM4,TMEM51,CENPA,IDUA,MTA3
6945,RP11-221J22.2,RP11-502I4.3,RCAN1,RP11-351D16.3,GS1-114I9.1,RP11-58E21.3,PNPLA7,ZNF516
6946,PPIL6,RP5-1024G6.7,CCDC15,TAL1,TMEM86A,PCSK4,GFI1B,AMBRA1
6947,RP11-342K6.1,LINC00996,GOLGA2,SOX12,PLLP,NHLRC4,HCG14,ETV3
6948,AF131217.1,GRIK4,RP11-798M19.6,UBE2T,WNT16,LONRF3,VPS37C,TK2
6949,LRRC20,DOCK9-AS2,ZFP2,CHCHD4,NDN,RPGRIP1L,KLHDC8B,TP53I3
6950,DUOX1,ZNF141,VSIG8,UNC5CL,C8orf31,ASPM,FAM98B,IRAK2
6951,RP1-266L20.2,RP11-798G7.6,RP11-110I1.13,RNF32,CDKN2B,NPTN,CCR9,BDH1
6952,CTH,NUDT12,AMER1,AC008174.3,ZNF69,LINC00494,PGLYRP2,RP5-1180E21.5
6953,CTD-2192J16.22,RP11-420A6.2,RP11-558F24.4,ZNF667,AC002116.7,KANK3,ACP6,ENG
6954,GPR20,EPB41L5,RBCK1,ZNF768,C1orf51,RP11-308N19.1,CUL2,CDK2AP1
6955,RP11-863K10.7,RP11-161M6.2,RRM2,DMWD,PTPRM,LINC00174,RP11-350F4.2,LINC00094
6956,PABPC3,METTL20,ZNF286B,GLT1D1,ARHGAP33,RP11-379H18.1,ATP11C,METTL6
6957,PIGZ,DOLK,DHX33,RP11-260M2.1,RP11-502I4.3,ZDBF2,ABHD6,ERCC6L2
6958,RP11-505P4.6,BTBD8,TOP2A,RP11-327F22.2,CPNE5,IL12RB2,PTER,NFYA
6959,CTC-260E6.6,RP11-488L18.8,CTD-2555C10.3,LOXL3,HSPA2,AIM1L,AC107081.5,ZXDC
6960,TMCC1-AS1,RP11-950C14.3,EFCAB7,RP11-195F19.9,CDH1,RP11-10K16.1,TMPRSS13,IL18
6961,SPOPL,RP11-802O23.3,ATP6V0E2-AS1,NHSL2,LINC00959,CTD-2020K17.4,MAGEE1,FPGT
6962,AC016700.5,WNT16,DUSP6,RP11-504P24.8,AQP9,KRT86,MYO18A,ZNF680
6963,HSF5,AC073072.5,RP11-73O6.3,FOXD2,RP11-294J22.6,RP11-73O6.3,ZNF267,HEATR3
6964,AC124944.3,PSPH,LRTOMT,ABHD16B,CCNF,C20orf197,SYT17,FKBPL
6965,ANKRD55,SERHL2,ECT2,RP1-43E13.2,CTD-2227I18.1,RPPH1,LINC01137,YEATS2
6966,CDC6,HIST1H2AH,PRSS36,AL133245.2,CCNJ,RP11-297N6.4,MPZL3,WDR27
6967,TBX19,KCTD21-AS1,MYH9,AC144652.1,CTU1,UST,PEX11G,ZC3H7B
6968,MSTO1,CCDC122,RNF157-AS1,ZNF605,FBXO10,RNF212,CSTF2,PPP2R1B
6969,ZNF185,CUZD1,SGSM1,RP1-265C24.8,MTUS1,RP11-1055B8.4,IL17RC,IL10RB-AS1
6970,PACRGL,HRK,GALR2,RP11-434H6.6,TNNC2,ZBTB32,CTA-292E10.6,TTPAL
6971,VPS13A-AS1,STAP2,LINC00304,RP1-224A6.3,RP11-258C19.7,AGBL3,ZNF771,RP11-332H14.2
6972,LUCAT1,NCAPH,CNKSR2,CEP112,RP11-713P17.3,CDCA4,RP13-638C3.4,NDUFAF5
6973,C15orf38,H1FX-AS1,RLN1,RP4-803J11.2,CTD-2086O20.3,DLL1,COLQ,SMN2
6974,GPR27,RP11-159H10.3,NPIPB3,STEAP4,ZNF594,TAS2R14,ZDBF2,CXorf21
6975,ATP6AP1L,RP11-876N24.2,DVL1,H2AFV,AL020996.1,RP11-509J21.2,RP13-580F15.2,SLC2A1
6976,FRMD3,WBSCR27,NLGN4Y,AC004540.4,VDR,RP11-498C9.3,MMP9,MRM1
6977,RP11-293A21.1,OOEP,DGCR8,KDM4D,IGSF9B,ZNF343,MIR497HG,NCOA5
6978,RP11-98D18.9,METTL21B,RP11-266J6.2,SDK2,TRIM34,AC011893.3,VPS54,FOXO4
6979,ANKDD1A,ZNF670,RP11-137H2.4,ORC6,NHSL2,TGFBR3L,TXNRD3,TUBGCP3
6980,KLHL25,ZNF165,SMU1,DNAJC25,RAP2C-AS1,BGLAP,MYH11,PDE8A
6981,SWT1,LINC00920,SHF,GS1-114I9.1,BBS10,ZBTB6,RABGEF1,RP11-505P4.6
6982,CACNA1C,AC026202.1,GID4,PSME3,RP11-382J12.1,ZNF558,C5AR2,SDR42E2
6983,RPGRIP1L,CENPF,RP11-181C3.1,AC116614.1,RP11-159H10.3,PPIP5K1,CTD-2287O16.5,LPAR2
6984,DMC1,ZNF502,TCEAL2,RP13-516M14.4,TMEM255B,CGRRF1,AC074138.3,ACBD4
6985,L3HYPDH,VAV3-AS1,NKIRAS1,DOLPP1,HPDL,NARFL,DNAL1,TCTN1
6986,INSR,ZNF75D,UNC45B,PRKCE,GNAZ,SGOL1,TAF4B,PPP1R16B
6987,CTD-2619J13.14,LRFN3,RAC3,ZKSCAN7,PP13439,GPR89A,LINC00984,CDHR3
6988,RP11-96K19.2,RP3-455J7.4,RP11-750H9.5,RP11-117D22.2,CTD-3065J16.9,SLC41A2,TMEM241,TCAIM
6989,CTC-518P12.6,THNSL1,LGALS9C,GATA2,NEU3,RP11-395B7.4,TBC1D2B,PPTC7
6990,ARSD,AC011893.3,ENC1,GAS6,SLC22A18AS,KRT2,DGCR2,LANCL2
6991,ZNF667-AS1,RPEL1,RP5-1157M23.2,AC007228.5,FCHO2,CORO6,ITIH4,CYP27A1
6992,PVALB,USP51,RP11-265P11.2,COX7A2L,RHBDL1,FAN1,RP11-542M13.3,SH3BP5L
6993,AGTPBP1,MCF2L-AS1,AQR,SYTL4,RP11-367J11.3,ADC,NACC1,RP11-274B18.2
6994,RP11-890B15.3,RP1-244F24.1,SLC4A5,RGPD2,IFT172,PIGB,ARL6,PCNT
6995,RP11-80H8.4,RP4-800J21.3,GIPR,FAM174B,AP1AR,BPHL,IGF1R,SERINC2
6996,CHAF1B,FAM179A,SSSCA1-AS1,CCDC24,ZBTB42,FBLN2,SNAPC4,ZCCHC3
6997,PKMYT1,CENPA,ZNF213,CETP,AK4,RP4-816N1.6,ABCB4,PIP5K1C
6998,PODN,ZNF793,CCDC136,RP11-288H12.4,TIMD4,ZNF613,ZNF839,N6AMT2
6999,CTB-114C7.4,MEIG1,CDK1,CACNA2D3,AC103563.8,GTF3C4,ROCK2,ZNF574
7000,PARD6B,RBM11,CTD-2165H16.4,PRRT3,CTC-273B12.10,NAPSA,NCAPG2,ANGEL1
7001,C10orf105,NHSL2,DMPK,SLC5A6,CXCL9,DICER1-AS1,TIPIN,HDAC4
7002,SHCBP1,RP11-305L7.3,RP11-126K1.2,CTD-2545M3.2,GPR34,SLC9B1,RP11-566K11.5,ZNF420
7003,INPP5F,TJP3,MAP10,P2RY14,ZNF84,ZXDB,TMEM102,E2F5
7004,STARD8,AP000442.1,RP11-284N8.3,CYP51A1,EML5,ZNF324B,CNNM4,LZTR1
7005,P2RY13,AC006116.20,RPA1,ANKRD6,PCNA,RP11-566E18.3,TEX10,TNNT1
7006,C12orf4,SOX13,RP11-582J16.4,PTK6,STEAP1B,HAR1A,RP4-816N1.6,TNKS
7007,RAPGEF3,RAB25,PIWIL4,RP11-292F22.7,PPP5D1,FCHO2,FIBCD1,HEATR5A
7008,SLC3A1,BICD1,ZNF573,SAMD12,RP11-732M18.3,PNPLA7,SBNO2,PDE4D
7009,SPIRE1,LRRC61,RABEP1,DYX1C1,HIVEP2,ZNF616,OSBPL11,LGALS9B
7010,DYNLL1-AS1,RP11-159D12.5,SEMA6B,FBXO10,CRIP1-1,AP003419.16,SLC16A1,RBBP5
7011,IER5L,KCNMB4,RP1-266L20.2,ECHDC3,ZNF804A,LINC00422,CEBPE,RTN4IP1
7012,CCDC26,ARL10,CRISPLD2,GPATCH11,RP11-83N9.5,ZBTB41,ZNF347,NREP
7013,CTD-2012K14.7,AC159540.1,ESPN,C1QB,LSM11,ZKSCAN2,RP13-270P17.3,FAM179B
7014,ZGPAT,MEOX1,CEP41,RP11-96K19.5,PKD2,ZNF461,THAP8,SLC31A1
7015,OSR2,WDR53,CACNA1C-AS1,RP11-225H22.7,JSRP1,C3orf18,POU6F1,LRRN3
7016,CTA-293F17.1,IGF2BP3,PLA2G4C,WDR77,NPHP4,LTB4R2-1,TMEM182,CPM
7017,ZNF547,CTD-2012K14.7,RP5-1074L1.4,MAP3K9,ZMYND15,DEPDC1B,ANKRD50,NID1
7018,OSGIN1,SDR42E1,RP11-245J9.4,RP11-641A6.2,CTD-2012K14.6,CAND1,CTAGE5,ZDHHC20
7019,DOCK4,RP11-492E3.2,TPP2,RP11-158K1.3,BACE1,SCD5,ZNF222,HEATR1
7020,RP11-286E11.1,TLCD1,DOK6,U47924.30,RP11-483P21.2,SEC61A2,KIF27,HBEGF
7021,KIAA0907,RP11-415F23.4,PSMD6-AS2,FBXW8,AC026806.2,CRYBG3-1,SLC16A4,TXN2
7022,SAPCD2,AK8,POMK,CIB2,SCIN,CAMK2N1,MACROD2,SMG5
7023,MYO10,STON1,RP1-191J18.66,MAP1B,FZD1,USP44,TM7SF3,NUDT7
7024,RP4-684O24.5,MICU3,SCARF2,CTD-2366F13.1,MARC2,DEPTOR,PDPR,TNFRSF10A
7025,PLD3,RP11-474G23.2,KANK1,WDR35,FAM178B,PRCD,PLCL1,ETV7
7026,RP11-206L10.9,LTK,KANK3,RUSC1-AS1,RP4-816N1.6,RP11-493L12.4,IRGQ,NUP155
7027,RHOBTB1,RP11-490M8.1,ADAM12,PIWIL1,FGD6,IDH1,TSHZ1,XPO4
7028,ESAM,C11orf63,ZNF415,EFHD1,RP5-894D12.3,ZNF823,MDM1,PPP4R1
7029,RP11-106M3.3,KBTBD6,TXNRD3,RP11-77H9.8,RP1-224A6.3,ZNF347,SFMBT2,GTDC1
7030,CYP3A5,C11orf82,TRIM34,MCTP1,EBI3,CARNS1,TMEM254-AS1,ZNF669
7031,RP11-212I21.4,STON2,SLC16A5,GRB10,TLR9,PRSS36,SAMD10,C18orf25
7032,CTA-407F11.8,MAPK11,RP11-47A8.5,TRUB1,SLC27A4,RP11-456D7.1,TMSB15B,AHDC1
7033,PLIN5,EPDR1,GNAO1,KRT72,LRP5,ME1,RP11-108P20.1,PCDH9
7034,KB-1507C5.4,KIAA0391-1,RP11-506M13.3,MBNL2,PYCR1,SLAMF8,UNG,KLC2
7035,CECR6,KANK3,RP11-538P18.2,FFAR2,RP11-553K8.2,LINC00656,RP5-1050D4.3,NANP
7036,HLA-DQB2,MTMR8,LRP12,RP11-498C9.3,CTD-2350C19.2,VSIG10L,LINC00115,DDX43
7037,IL1RN,GAREML,LMTK2,MRVI1-AS1,FCAR,ZNF860,LINC00863,ZNF738
7038,TACR2,AP003419.16,HIST3H2A,CABLES2,FGF9,RP11-390B4.5,KIFC3,P2RY11
7039,RP11-525A16.4,TCTN2,RP11-803D5.4,RP11-536K7.3,RP4-789D17.5,RPS4Y2,RP11-398K22.12,SEMA4B
7040,RP11-282O18.3,JSRP1,HKDC1,RP11-666A20.4,CTD-3131K8.2,BZRAP1,BCL2L2,H2AFY2
7041,LINC01094,DNLZ,RP11-597D13.9,RP11-267N12.3,PPP1R32,SRGAP3,BRCA2,ITPR3
7042,RP11-552D4.1,ZMYM1,ME1,KB-1460A1.5,CTC-297N7.5,EEF2K,OXLD1,AGO1
7043,LINC00694,ZNF519,CMTM2,7SK-2,SALL2,ZNF329,SEPP1,FBLN7
7044,RP11-764K9.1,RNF165,TATDN1,PHYHD1,RP5-884G6.2,HOXA5,TBCCD1,ADNP
7045,RASA4B,RP11-513M16.8,RP11-343H5.6,DENND6B,RP13-270P17.1,CD274,POLR2D,EIF4G3
7046,LINC00656,CDC7,AC123768.4,PTCD2,PEX12,PSEN2,KCNMB4,ZNF674
7047,OTOA,XXbac-B476C20.9,AC016757.3,PIK3C3,RP11-1149M10.2,ANGPT2,EDC4,KIAA1731
7048,AC137932.6,TLDC1,CDH20,HSD17B14,DBF4B,STPG1,SLC40A1,DZIP3
7049,RP11-245J9.4,FSIP1,ATAD2B,GNG3,RNF212,CENPF,STK36,NBPF1
7050,ZNF554,NEDD4,STRN,CENPB,CCL27,HEATR2,APC,ATE1
7051,EMP1,CTD-2035E11.5,TBC1D10B,GORASP1,KCNMA1,SEC14L2,PKD2,RP5-1091N2.9
7052,ZNF784,AXIN2,C10orf95,RP11-410L14.2,RP11-513M16.8,MIR29A,LIPN,GCNT1
7053,PROS1,ZNF135,CPA5,COL13A1,CCDC121,ERF,TCP11L1,ATG16L1
7054,TMEM200B,ARHGAP11B,CACNA2D2,RP11-60I3.5,SLC15A2,CTLA4,HECTD3,TEX10
7055,BTN2A2,ZNF69,RAPGEFL1,C3,CCL2,PIGL,AC061992.2,ITGB3BP
7056,CTB-178M22.2,RHOBTB3,ECHDC3,METTL2B,SMTN,MAP3K12,INHBA-AS1,RP11-252A24.7
7057,ITLN1,TTC34,RP11-305L7.1,BOK,COL9A3,BAALC,FZD6,ZNF589
7058,CEBPA-AS1,MMRN1,ARHGEF4,SNX15,AMDHD1,CKAP2L,ARHGEF10L,AHI1
7059,LHFP,AC093388.3,C2,CTD-2547L16.1,RP11-876N24.2,RP11-324I22.4,PIK3CA,THUMPD2
7060,WIPI1,DSEL,PANK1,ASB9,FBLN2,TFAP2E,HCFC1-AS1,PFAS
7061,RP11-863P13.2,PPFIBP1,RP11-433J8.1,CCND1,RP11-423H2.3,STARD9,PPP2R2B,AC005082.12
7062,TTTY14,INVS,CTD-2260A17.1,ADPGK,ZKSCAN7,B3GALT2,TEX2,PHLDB3
7063,RP11-680A11.5,DEPDC1B,MYCBP2-AS1,NIPA1,RP11-755F10.1,RP11-203J24.8,ACPL2,GDAP2
7064,C9orf47,RP11-764K9.1,CHAF1B,ZNF23,CTD-2517O10.6,JAKMIP2,LETMD1,IDE
7065,RP11-338C15.3,UGT2B17,WDR36,RP11-502I4.3,APBB2,AP006222.2,NAP1L6,C7orf43
7066,HIST3H2A,SARM1,STXBP4,GATM,RP11-275I4.1,TTC30A,TMTC2,IZUMO4
7067,TMPRSS13,UGT8,USP46,SLC16A10,PRRG4,SPA17,CXCL3,TSGA10
7068,CTB-96E2.7,AIM1L,RP11-407G23.3,CDK3,PTX3,ERCC8,C14orf182,ZNF251
7069,ADORA3,KRT86,RP11-867G23.4,RP11-83N9.5,RP11-36B15.1,HIST1H2BG,RRP36,CLEC4G
7070,HOXA-AS2,CAV1,GPAM,AQR,RP11-89F3.2,SLC35E2,WEE1,RP11-403A21.2
7071,ZNF416,RP11-297B17.3,CTRL,MSRB3,HIC1,ZMYM6,SLC12A4,ZNF799
7072,SDS,RP11-314N13.3,C19orf40,GLIPR1L2,SUMO4,FOCAD,UBN2,SDSL
7073,WEE1,CLIP2,HOXA-AS2,AC012074.2,MXRA7,CD1B,WNT16,RP11-52J3.3
7074,DTNA,RNF43,ACY3,NAGS,CTD-2007H13.3,NUMBL,RANBP10,NVL
7075,IL1RL2,ZNF501,DIP2C,AC093495.4,PPFIBP1,FAM161A,CENPBD1,DOCK9
7076,RP11-356C4.3,ZFP41,CTD-3193K9.4,SLC26A6,LAMA5,AGAP4,FANCC,GNA12
7077,SIPA1L2,IFNLR1,MXRA8,STAB1,ANKRD6,TRAF3IP1,DMKN,GTF2H2
7078,RP11-277B15.3,FAM19A1,PTPRM,GPT2,SUOX,CISD1,ZWILCH,BEND5
7079,PMP22,RP11-308N19.1,OXSM,GAREML,RP11-77H9.2,TRIM23,RP11-787I22.3,CEP57L1
7080,CYP2S1,ST8SIA1,MAP4K3,MYLK-AS1,STEAP4,DMKN,ZNF670,GMDS-AS1
7081,AC099850.1,BFSP1,FCHO2,RP11-69E11.4,TMIE,CPNE7,LINC00422,CDCA7
7082,SLC22A15,TAF13,RP11-517I3.1,C10ORF68,CTB-43P18.1,BFSP1,L3MBTL1,CD163
7083,SLAIN2,HCG25,RP11-98D18.9,ZNF502,RP11-452L6.7,RP11-18H21.1,MFAP3,ZNF559
7084,CLMN,CEP55,RP1-257A7.5,MLLT4,MYO5C,ZNF275,ZNF23,YAE1D1
7085,CTD-2319I12.2,RP11-215G15.5,CLEC4G,ADAT3,PLEKHA4,ZNF527,RP4-800J21.3,ARID1B
7086,SPR,AC017002.1,DMWD,CTD-2192J16.22,HDAC9,TNK1,MCU,EP300
7087,BMPR1A,CCL20,TSSC1,CTDSPL,ZNF391,7SK-2,CMTM2,C12orf66
7088,ZNF571-AS1,NEDD4L,CTD-2532N20.1,HYAL3,RP11-666A20.4,HCG14,CTC-338M12.4,PWP2
7089,RP11-362F19.3,RP11-138A9.2,INPP1,ATP6AP1,FOSL1,RP1-244F24.1,PTGR2,LONP1
7090,ABHD1,ZNF343,HAL,RP11-243J16.7,RP11-343H5.6,CTC-338M12.6,FAM216A,WDR86
7091,RP11-81A22.5,RP11-166O4.6,MAP3K10,PVRL3,IDO1,AC011558.5,RP11-92K15.3,ZMYM3
7092,TRNP1,CTD-2371O3.2,SCD5,PHKA2,SCGB3A2,TRPV3,TSC22D2,AP4M1
7093,ARSE,MEGF8,MMP28,TIPRL,CCDC13,C6orf229,VSIG8,SETD4
7094,EHHADH,FKBP14,EIF4EBP1,IL10RB-AS1,RP5-930J4.4,ATP2A1,RP11-566E18.3,MEMO1
7095,NHS,FAM111B,ZSCAN22,GSTCD,ZNF284,LINC00544,PRICKLE1,RP1-197B17.3
7096,SERPINB2,BBS10,LINC00299,FANCB,WLS,PIK3R3,MMEL1,GLCCI1
7097,CTD-2196E14.4,C20orf197,GCNT4,GTF3C4,CDC5L,KIAA1671,EFNB1,ITLN1
7098,RP5-1142A6.8,GINS4,GRK4,GPRASP1,SPRED1,MCM8,RP11-407N17.5,TNFAIP1
7099,BCL2L2,LOXL1,AC005253.4,PDE7A,CYP1B1,RP11-141B14.1,DGUOK-AS1,LIMK1
7100,RP5-899E9.1,PDGFRB,TMEM27,LINC00494,DOCK3,INVS,ZNF860,CCDC152
7101,RTN1,SLC30A4,NRG2,DNAJC19,ZNF620,FUT10,AP000769.1,AC002117.1
7102,PBX1,ASAH2B,RP11-480D4.6,CHAF1B,LPP-AS2,ROBO3,ZC3H10,FLVCR1-AS1
7103,STARD5,CXorf57,B3GNT9,RP11-533E19.5,ARHGAP32,RP11-267N12.3,PPP6R1,PPRC1
7104,AC108488.4,DYNLL1-AS1,RP1-159A19.4,CTD-2086O20.3,AC018755.1,AC007383.3,ZNF512B,MDM2
7105,SRGAP1,MPP6,RP11-533E19.5,ZCCHC24,ANKRD22,FKTN,CCDC6,RABGAP1
7106,TMEM144,SVOPL,EMR3,MAGIX,RP11-960L18.1,GPR84,HCG25,TTYH2
7107,RTEL1-TNFRSF6B,ZNF461,PDGFB,CKAP5,HSD17B14,SPIN3,ERP27,SLC2A13
7108,PADI2,CTD-2020K17.4,C8orf88,ARHGAP12,DGAT2,PCAT1,CTD-3214H19.4,ESRRA
7109,RP5-943J3.2,AC109826.1,ZNF746,TBC1D15,TAS2R30,ZNF121,QSOX2,FAM199X
7110,GEN1,RP11-493L12.4,CCDC102B,MAML3,RP11-145M9.4,GTF2H4,TMEM9B-AS1,TTI2
7111,RP11-17M16.1,KIAA1671,RNF144A,RP11-1000B6.3,TMEM45B,ARMCX2,ITPKC,VAV3
7112,ADAM9,STARD9,TTBK2,L3HYPDH,RP11-504P24.8,CTD-2287O16.5,PITPNB,NCALD
7113,EPB41L3,LL22NC03-75H12.2,AC093609.1,GALR2,FLT3,RP3-508I15.21,RPH3A,WDR92
7114,GPER1,CNIH3,ZNF738,ZNF461,AP000254.8,MMP14,FGD6,TOMM70A
7115,LL22NC03-86G7.1,SLC38A11,IGFLR1,CNN3,MAP4K3,ARL17A,FAM206A,PTPRO
7116,SSC5D,LINC00926,TUBGCP5,TSKS,PKHD1L1,RP11-378J18.3,KIF22,FAM24B
7117,RP5-1085F17.3,RP11-498P14.5,CAPN8,PIDD,SLC5A10,PSMD6-AS2,GS1-393G12.13,TTC8
7118,LINC00482,NME8,DONSON,B4GALT6,DACT1,RP11-79P5.9,DNAJC27-AS1,LIMD1
7119,C15orf26,ZSCAN2,GOLIM4,CTD-2517O10.6,MTURN,ZNF154,KIAA0391-1,DUSP4
7120,CTD-2571L23.8,RP11-290L1.3,GNAZ,MEIG1,GTSCR1,ZNF649,RP11-1114A5.4,COL9A2
7121,FAM127C,PIK3R3,CYTH3,SMAD5,UTF1,HMMR,AC092295.7,CLYBL
7122,TMEM105,PLAG1,MRPL2,KIAA0586,TAS2R14,NME8,MARCH9,PTPRK
7123,C2orf62,RORC,CTD-2031P19.3,GTSCR1,BEX1,PGBD4,RP11-305L7.3,DAPK1
7124,OTUD7B,ANKEF1,SLC22A18AS,FAM171A1,CTD-2015H6.3,HS3ST1,MED9,UCK2
7125,RP11-159D12.5,CTB-129P6.4,PSPH,RP11-430H10.1,SLC8A1,RCCD1,RGL2,AP4S1
7126,AMIGO2,RP11-111M22.2,DGUOK-AS1,H2AFJ,RP11-432J24.2,CTA-14H9.5,PYCR1,DCAF16
7127,BTBD3,HAR1A,ZNF845,SORD,CEP112,SH3PXD2A,RBAK-RBAKDN,TIMM8A
7128,CKM,IL21R-AS1,RP11-536K7.3,CTC-338M12.5,EFCAB4A,CEP128,C1orf145,FAIM
7129,PTGDR2,DLL1,AC009133.12,ZNF155,REPS2,AC004854.4,C19orf18,SRR
7130,NEK2,LINC00174,RP11-302B13.5,AP001062.7,RP11-475O6.1,AP000692.10,GPR174,CARKD
7131,KRT23,PARG,RP11-566E18.3,MGAT4A,KB-1460A1.5,PKIA,PRKCH,PARP16
7132,USP12-AS2,IL12RB2,SARDH,SMIM5,DHRS9,PYCRL,RP5-1065J22.8,ZNF197
7133,USP11,KIF19,PLEKHN1,LINC00959,RP11-288H12.4,FAM81A,TRIM52,ZNF395
7134,LRG1,TIGD2,CHN1,TMEM234,RP11-1060J15.4,PSAT1,ZFY,MIR4458HG
7135,GLCE,KB-1507C5.2,BOLA2B,RP11-571M6.7,C1orf53,CAV1,KCNH8,TNF
7136,AC107081.5,ZBTB6,CAMSAP2,PPIE,NUP54,TMEM30B,FEM1C,ALDH18A1
7137,SKA3,NCR1,STXBP1,AC010894.5,FAM174B,CTD-2576D5.4,RP11-430B1.2,ANGPTL6
7138,CTD-2514K5.2,RP11-176H8.1,PPM1J,TMEM171,RP11-869B15.1,FAM153B,CTD-3065J16.9,RP11-706O15.1
7139,CLEC4G,MORN4,ZKSCAN2,OSCP1,CTD-2521M24.9,AD000671.6,NDN,SART3
7140,RP11-351I24.1,ZNF443,SYTL4,PXMP2,PLD1,RP11-96K19.2,ACOX3,RP11-799D4.4
7141,CTD-2256P15.4,ZNF512,AC005944.2,FMNL3,ZNF587B,DEGS2,SNED1,PRKCDBP
7142,SQLE,CAMK2N1,ASAP2,CCNJ,RP11-641A6.2,HOXA9,ZNF773,ZDHHC13
7143,RP3-473L9.4,JAKMIP2,RP5-1091N2.9,MTUS1,IRF2BP1,KIF27,ZNF232,RN7SL1
7144,AC005932.1,ZNF823,RP11-196G18.24,GDPD3,CPED1,ZNF84,NUDT19,FASTKD3
7145,TDRD9,BAALC,SLC36A1,C22orf26,CEACAM1,CELA1,TMEM105,VARS2
7146,RP11-97C16.1,AP000692.10,TADA2B,TNK2-AS1,HLX,AC006129.1,CATSPERG,DPYSL2
7147,RP11-8L8.2,RP11-219B17.1,P2RY2,SEPT10,C10ORF68,RP11-223C24.1,RP3-399L15.3,CPEB3
7148,RIPK2,ZNF718,ZNF630,PPP1R12B,RP11-950C14.3,RP5-1050D4.3,DDTL,PIAS2
7149,LRP3,C19orf18,RP11-60I3.5,ZNF555,CDKL5,HARBI1,UBN1,TIPIN
7150,DNAJC9-AS1,REM2,JMJD7-PLA2G4B,ZNF84,CAMSAP2,SLC35A1,SPAG4,MED12
7151,PROC,RP11-408A13.4,TRMT44,CENPJ,CTC-425F1.4,RP11-894P9.1,METTL20,CDKAL1
7152,NDC80,CACNA1I,GPHN,RP11-490M8.1,VSIG4,RP11-152N13.5,SLC17A9,PLEKHG2
7153,NPIPB5,TXNDC5,TPBG,RP11-111A22.1,AC005306.3,WDR43,AC026806.2,RLTPR
7154,PRRT3,ZMAT4,AP4B1-AS1,RP11-700H6.1,ELMO3,NPIPB11,C14orf28,C10orf2
7155,VPS9D1-AS1,CHEK1,NOL9,WDR65,RP11-262H14.1,ADCY3,CDC42EP1,AGPAT5
7156,PTS,RP11-867G23.8,POU5F2,VAV2,TTC28,RP11-398K22.12,RP11-343H5.6,ACSL4
7157,P2RY6,ZNF100,TRERF1,RET,IFT46,GS1-124K5.4,RP11-637A17.2,ZP3
7158,LINC00884,AGBL3,GPBP1L1,EFCAB13,EVI5L,KRR1,ZNF382,SZT2
7159,ZNF791,CLASP1,DAB1,TCAIM,CAMKK1,PLEKHN1,AKNA,ZFP30
7160,CTNNBL1,FOXP3,SLC16A4,TMEM143,LRP6,ZNF530,RBM11,ZNF429
7161,CCDC96,PGAP1,TUBB4A,SUSD3,DCHS1,C4orf36,RP5-892K4.1,MOSPD2
7162,BAZ1B,PTPRK,CMAS,RP4-798A10.7,AC093157.1,SLC37A3,MASTL,ZNF600
7163,ASAP2,RP11-359B12.2,EMC2,TIMM21,BMP1,PLA2G6,LNP1,RPP40
7164,NID1,CR2,AC129492.6,TBC1D9,KCNE1,ARHGAP11B,TAPT1,PAQR8
7165,RIMS3,C3orf18,AL136376.1,RP5-894D12.3,CTD-2623N2.11,RP11-440L14.1,CCDC58,KIAA1586
7166,PDK4,SNTA1,AURKB,CTD-3131K8.2,RP11-423O2.5,RP11-166P13.4,CCDC64,BCS1L
7167,L1TD1,GPR89A,C1orf51,DUSP14,RP11-69E11.4,MST1,ARHGEF4,MOV10
7168,RP4-798A10.2,FAM171A1,ZNF239,RP1-313I6.12,RGAG4,LRRC3,RBMS1,RP11-640M9.1
7169,DDX20,NHLRC4,ZFP3,S1PR3,RP11-391M1.4,AC011747.4,DGKH,CCL4L1
7170,SNORD3B-1,PCAT1,RNLS,AF131217.1,AC016683.5,TNKS2-AS1,A2M-AS1,PPAT
7171,IL10,ACVR2B,ZNF773,OCM,RP11-350F4.2,DGKH,PHLDB2,TOP3A
7172,CAPS2,ZNF121,OCM,ITGB3,NRN1L,GCAT,ATAT1,EFTUD1
7173,IL1R2,ZNF627,NPIPA5,ZNF596,RP11-536C5.7,NOS3,RP11-761I4.3,MAP2K5
7174,CTA-373H7.7,COG6,KDELC1,ITGA3,OSCP1,RP5-1021I20.1,ZNF461,LDOC1
7175,UBXN10-AS1,CTD-2035E11.4,KCNK7,TNS1,RP11-379H18.1,PARP2,POMT2,ZNF18
7176,AZU1,PGBD3,TIGD6,FBXL22,AP001053.11,DKFZP434E1119,CAPS2,NCOA6
7177,TMEM136,ZNF329,CYP2S1,MRGBP,RP1-92O14.3,ARMCX6,RP11-309G3.3,HECTD4
7178,HIST1H4I,NET1,RP11-17M16.1,MED14,SLC9A7,RAB11FIP5,SLC39A13,POLR3F
7179,RP11-312B8.1,ZNF831,LINC00174,PPIP5K1,ZNF667,NFIA,C10orf35,MBD3
7180,WDFY3,CARNS1,NDUFAF4,SARDH,LIN7A,ENOX2,ZNF605,ZNF236
7181,HOXB3,GS1-124K5.4,FBXL14,HIST1H2BN,C16orf93,MYH11,RP11-504P24.6,FCRL2
7182,RP11-417F21.1,SLC25A23,SALL2,RP11-1391J7.1,TMEM88,EPS8L1,GNE,NAPEPLD
7183,RP3-428L16.2,PSAT1,CD59,TNFRSF10D,TTC24,ARHGEF19,LINC00342,QTRTD1
7184,PTGS2,MIR146A,TERF2,KDELC2,RP11-16E12.1,GSPT2,HUS1B,MAPK8IP3
7185,LACC1,TROAP,AC026202.1,FOLR3,MMP28,LAMC1,RP11-644F5.11,KIAA0232
7186,CDH26,CARF,USP46-AS1,AC018766.4,RP11-128M1.1,ANKRD55,AGAP3,RAB11B-AS1
7187,NT5DC3,RP11-297N6.4,PLEC,NUDT15,DNAJC27,AC009299.3,PPT2,C11orf30
7188,ZNF205,RP11-206L10.2,PAPD7,NAA60,SLC35F6,TRIM74,ZNF441,KLC4
7189,PIWIL4,ZNF674,RP11-440L14.1,C22orf15,PAPSS2,LRRC37A,TESK2,NEIL1
7190,ASPM,ZNF275,FBXO9,TTC28,AIRE,DOK7,NIP7,CCDC117
7191,CTA-445C9.14,CTB-152G17.6,PLEKHH2,CCDC88A,PKIB,RP11-573D15.9,NPIPA1,IL18R1
7192,CSRP2,U73166.2,TGM1,C19orf38,CCDC151,ZNF79,SOCS6,RP11-861A13.4
7193,RBFOX2,PIK3R6,NR2C2,GPR63,RP11-509J21.2,TNFRSF13C,ADORA2A,TMEM53
7194,RP11-443B7.3,MCM8,RP5-894D12.3,KLK1,KCNE1L,ENC1,PRTFDC1,C9orf66
7195,AC009404.2,DTX4,SELP,C2CD2,LINC00630,LINC00092,PBLD,PDSS1
7196,IL27,KIFC1,NAP1L3,MMP11,KCNC3,RP11-16E12.2,FAM131A,METTL16
7197,RP11-156K13.3,GTF2H4,RP11-134G8.7,CALCOCO1,PHLDB1,RNF219-AS1,GNPTAB,SH3GLB2
7198,PPP1R26,FAM84B,ITGB3,RP11-873E20.1,PANX1,FAM153A,PARPBP,SMPD3
7199,RP3-399L15.3,CTLA4,PLXNA1,LINC00562,PACRGL,SLC16A13,AC132872.2,EPG5
7200,DUSP22,RP11-141B14.1,NCEH1,MED26,MCC,KIF19,KIF5C,EPC2
7201,SLC6A12,CPNE7,CHD2,SLC31A2,U47924.30,FAM72B,LRRCC1,ARL13B
7202,AHI1,USP44,SLC25A15,TRAPPC12-AS1,RTN1,MIR3615,RP11-119F19.2,C1orf109
7203,TRIM58,TEX14,RP11-700H6.1,CSTB,RP11-775D22.2,CDC14B,APOBEC3F,KRBA2
7204,AC007036.6,OIP5,FBXL22,KLF9,ZC3H12D,RP4-539M6.22,ADAT2,FAM210A
7205,CAMP,AC142528.1,AGAP4,RP11-126K1.2,AC145110.1,CTA-204B4.2,SMCR5,ZNF518B
7206,CTD-2516F10.2,RP11-73E17.2,PHLPP1,INHBA-AS1,CTB-102L5.4,SCT,CFH,RUNX2
7207,CTD-2651B20.3,NAA40,DNMBP,MORN4,TRIP10,ALG9,RTKN2,CYBRD1
7208,BATF2,MARK2,PPP2R3B,EPB41L3,NEDD4,FAM21A,GTF2H4,IPO13
7209,TUBE1,GPHN,GPR63,ADAP2,ST6GALNAC3,PRMT5-AS1,TRIM7,KIR2DL3
7210,UCHL1,MLH1,RP11-415F23.2,ZNF408,ZSWIM1,SPAG1,NUP35,AC010883.5
7211,MCM10,LAMP5,AC109826.1,GVQW1,PVRL3,RP11-404F10.2,ZNF804A,DTD2
7212,XYLB,RP11-637A17.2,LIM2,KBTBD11,RP11-92K15.3,ARHGAP11A,KLHL14,SMPD2
7213,PFKFB2,CKMT2-AS1,ZNF141,RP11-1007O24.3,C12orf68,RP11-445H22.3,C21orf58,SRP14-AS1
7214,DDO,AL928742.12,TMTC2,DOK6,L1TD1,RP11-14N7.2,FAM19A1,SLC30A1
7215,RP11-452C13.1,CCDC138,REC8,RP13-131K19.2,FAM129B,CNTNAP2,ZNF736,UBA6-AS1
7216,RNASE3,TNK1,NPTXR,TRAPPC5,RP11-566K11.5,ZNF564,TNFSF4,ZNF34
7217,GPR84,AC021188.4,DSCR9,FBF1,RP11-70C1.1,FBXO2,C19orf54,LIN7B
7218,SIGLEC12,FBXO11,AL627309.1,RP11-16E12.2,RP11-98I9.4,RP11-830F9.6,TESK1,ACTA2
7219,CTA-14H9.5,RP11-378J18.3,LONRF3,ZNF234,PGAP3,AC004463.6,SLC16A11,ACTR8
7220,RP11-472N13.3,GINS3,ZNF614,MYLK,ABHD4,GPR146,INPP5F,RAVER1
7221,AQP9,LIMA1,STK19,C1orf177,CDC20,ABCB4,ACVR1,ZFHX3
7222,FAM167A,ABCB4,LIME1,PAN2,RP11-425I13.3,ZNF596,B3GALTL,NSUN4
7223,MPO,C1orf51,C2orf44,DENND5B,RPA4,ADORA2B,SLC41A1,RP4-539M6.22
7224,C1RL,ZNF530,RABGEF1,TCP10L,MIR155HG,AC024592.12,ZNF883,RALGAPA1
7225,RP13-314C10.5,C9orf37,MUTYH,RP11-80H8.4,GANC,SPESP1,ST8SIA1,TMEM150A
7226,FAM110B,RP11-190C22.8,TNKS1BP1,C17orf51,PNMA5,CCND1,ZNF862,FLYWCH1
7227,RP11-498C9.2,SLC9B1,UTP23,PPFIBP1,TNFRSF10D,TRIM35,FAM89A,TFAP4
7228,YWHAQ,SLC35E2,PPP2R5B,RP3-465N24.6,FAM65C,PLEKHA5,C3orf33,ZNF837
7229,IPO9-AS1,ZNF527,BSCL2,AIRE,RP11-219B17.1,ZNF554,ZNF549,SHARPIN
7230,ST3GAL6,EVI5L,EFHD1,HMOX2,ZNF396,MAGEE1,LRIG2,RAB33B
7231,FSIP1,RP11-390B4.5,EHBP1,DOK7,RP11-809N8.4,NDUFB2-AS1,UBAC2-AS1,TMCO6
7232,C16orf93,CEP72,RP11-195F19.5,STARD8,PLEK2,RP11-442H21.2,NUP188,NMB
7233,RP11-96D1.11,FBXO2,MPC1,PARK2,SFXN2,PKD2L1,MRPS11,CSRNP2
7234,CLDN23,IPP,CPEB3,C10orf105,RP11-314N13.3,ZNF28,HABP4,C17orf70
7235,RAD51,LINC00544,ABAT,RP11-582J16.5,GSAP,RNF34,TNFAIP1,PPP1R17
7236,RP5-1159O4.1,DEGS2,ZFYVE9,CBLN3,RP11-348F1.2,RP3-508I15.19,GTF2E1,FASTKD5
7237,LINC00984,PKHD1L1,RP11-339B21.11,HIST1H2AG,CTC-550B14.7,RP4-594I10.3,CCT6B,TMEM110
7238,GFRA2,RMI2,KIAA0195,COX10,BAIAP2-AS1,ZNF74,ARL5B-AS1,TAF1
7239,FIBCD1,C7orf31,BZRAP1,LACC1,SNAI1,SPINK2,MTMR12,FAM32A
7240,PDPR,NDUFB2-AS1,JRKL,KIAA1107,CRISPLD2,TMEM38A,WLS,CCDC132
7241,TMTC1,C17orf67,COLGALT2,RP13-270P17.1,MMAB,PPP4R1L,PWWP2A,MAP3K4
7242,ZNF667,SH3PXD2A,PARS2,COL9A2,RAB11FIP5,ZNF202,RP11-701P16.5,TTBK2
7243,SFTPD,ZNF543,ZC3H18,LNX1,RP3-477O4.16,ZNF831,IFT80,CHSY1
7244,SLC4A4,ZNF805,B9D1,GS1-393G12.14,AC073072.5,DHCR24,MED26,PHC2
7245,LINC00894,TFR2,NUDT6,MAPK13,AGRN,TMEM25,PHOSPHO2,AP4B1
7246,AC004540.5,RP11-104N10.1,ZNF304,PYGL,GPR63,MYO6,MRPL2,CHPF
7247,PKD2L1,AEBP1,RP11-473M20.16,RP11-379H18.1,DLGAP1-AS2,C22orf46,TMEM110,POMZP3
7248,RP11-434H6.6,CTC-297N7.8,EXOSC7,TSEN15,MIR4453,CDT1,MEIG1,WDR12
7249,FCGR3B,MCU,ZFP41,ASTN2,ZNF554,NUP35,ZNF337-AS1,PCYOX1
7250,RP11-443B7.1,ROPN1L,KCNK12,KLHL32,NEB,OSGIN1,SPRY1,KAT2B
7251,RP11-481A20.11,GAN,NPR2,PAQR7,RP3-525N10.2,C9orf40,DMC1,HIATL1
7252,SOX15,ZNF507,SLC35F3,LY6G6F,ST6GALNAC1,RP1-187B23.1,NEUROD2,OGFRL1
7253,VEGFA,DGKH,PHGDH,RP11-1008C21.1,FAM198B,RP5-1159O4.1,TBC1D24,PAM
7254,RP11-214O1.3,LZTS1,RP11-160O5.1,CCNJL,CDK5R1,RP11-580I16.2,ATP6V0A2,WDR59
7255,EVI2A,C6orf57,BRAF,A2M,RP11-214N9.1,HIST1H4I,HELB,ABHD6
7256,ATP8B1,RP11-425I13.3,PNMA3,CPNE8,ECT2,MYH3,LATS2,ZDHHC21
7257,DGKG,MBTD1,NDST2,CPA5,RP5-914P20.5,FAM201A,IL1RL2,FNIP2
7258,CCDC153,AC004854.4,PTS,CDC42EP2,SSSCA1-AS1,RGMB,ANKRD9,NDRG2
7259,BEND4,RASA4B,GAL3ST4,INTS9,RRAGD,FBXO46,CAPN3,GCC1
7260,LCN2,ITGA10,MOSPD2,A1BG-AS1,FAM47E,MRM1,LINC00843,DET1
7261,TONSL,DMKN,RHOU,PI4K2A,GPR162,STXBP1,C16orf45,TTC31
7262,THBS1,RP11-535A5.1,CCL27,RP11-348F1.2,FAM72A,TBC1D22A,LAMP3,SFXN5
7263,AC004069.2,ZNF649,ABCC4,RP11-395G23.3,H3F3C,ZNF671,SIAE,ARSK
7264,ACOX2,PKMYT1,RP1-317E23.3,IL17RC,SPATA7,S1PR3,RP4-607J23.2,EPOR
7265,RP11-446E9.2,FAM153B,IFNL1,DOLK,TBC1D32,RP11-145M9.4,PTCD1,ZFY
7266,REPS2,LAMP3,PSD,CTC-523E23.11,HSD11B1,GS1-124K5.11,LGALS9B,PER2
7267,TMEM51,ZDBF2,HHAT,U47924.31,SGCA,KATNAL1,ZRSR1,HIP1R
7268,ITPRIPL2,BTBD3,SYCE3,LINC00663,ARL17A,FIZ1,BBS7,RANBP9
7269,RNASE1,LARGE,AC093495.4,IL13RA1,RPS6KA2,LINC00843,TCN2,HAUS5
7270,RP11-884K10.7,AMN1,RP11-398C13.6,RP11-89F3.2,VSIG2,CTA-384D8.36,CTD-2260A17.1,SENP5
7271,RP11-439L18.2,LINC00944,HIST1H3A,ITSN1,GPR42,RPS6KL1,ZNF525,LINC00886
7272,TET3,RP11-475O6.1,HOMER3,CASP5,AC009506.1,LGR6,XYLB,WDFY4
7273,OSBP,LINC00494,COPG2,TIFAB,LUCAT1,ADAMTS6,CPEB3,SFMBT1
7274,PEBP4,AC007285.6,KB-1208A12.3,ZNF382,SUN3,PARD6B,NAV1,IKBKG
7275,IFT81,RGS9,HSPB9,CTB-55O6.4,UGT8,GRAMD3,SLCO4A1,NAP1L6
7276,LATS2-AS1,EIF3C,CEBPE,SLC1A4,ARHGEF4,MPO,ADNP2,AC009133.12
7277,ANK3,LRRC26,PLEK2,FAM229A,RP11-894P9.1,RP11-229P13.20,ATP9A,ZNF692
7278,FMNL3,MYO6,TWSG1,ARMCX1,VPRBP,ZNF501,SMIM12,RP11-386G11.10
7279,HDGFRP3,ZMYM6,RP11-442H21.2,SMPDL3A,STXBP1,RP11-159D12.5,ZNF571-AS1,SYT5
7280,C1orf213,MBLAC1,ANKRD9,KIAA1377,RP1-43E13.2,TFR2,PLEKHG1,PARD6A
7281,SNX21,ZNF860,ASB7,KLF8,GPRC5C,LRRC37A2,GSTCD,CTU1
7282,RP4-583P15.15,GMPPA,CXCR2,CNNM4,PKP4,DRAXIN,RP11-212P7.2,PRDM4
7283,GS1-393G12.13,GPR146,C19orf47,TMPO-AS1,PDZD7,CMSS1,SLC3A1,ARMCX5
7284,TFDP1,PDZD4,USP18,C15orf26,RP4-635E18.8,CHEK1,GKAP1,MILR1
7285,CENPA,TMEM25,PIFO,CXCL3,TIGD3,RP11-527L4.5,TRIM37,SNAPC1
7286,RP11-456D7.1,SLFN13,DNAJC11,CLIC4,GBA2,CCDC120,SBK1,SH3D19
7287,RP11-288H12.4,ARHGEF19,FAM178B,EXOC5,RP11-98D18.3,RP11-535A5.1,RHBDD3,RP13-270P17.3
7288,EDC3,C9orf147,NCR3LG1,ZKSCAN2,C3,RHOU,TGFB1I1,HPS5
7289,CEP72,AC007880.1,AC006994.2,TTC7A,TSSK6,MEGF6,LINC00092,ATG7
7290,FAM3D,PLEKHA5,MMEL1,SULF2,TET1,FAM151B,MANSC1,CKMT2-AS1
7291,ITGAX,SHQ1,BRSK1,MACROD2,RP11-350G8.5,RORC,LINC01023,GTSF1
7292,CTD-2666L21.1,LEKR1,ING1,SYNJ2,CACFD1,MRPL19,ZNF154,IRAK3
7293,SEZ6L,ELOVL6,TTC21B,HEMK1,NLN,RP11-432I5.1,NDUFAF6,GNAQ
7294,CCDC125,RAB40B,TCN2,BDNF-AS,AC083949.1,EPN2,NQO2,XXcos-LUCA11.4
7295,SLC27A2,LRRCC1,RP1-234P15.4,DST,GNAI1,ZNF559,ZNF282,TRMT1L
7296,RANBP17,RP11-197P3.4,ZBTB20-AS1,RPS17,CEP55,ATRIP,IPPK,FAM129C
7297,CCDC149,TRIM35,DAPK3,RETSAT,RP11-166B2.8,IGF2BP3,USP22,RNASE4
7298,BCAS3,COLGALT2,LINC01136,C5orf66,AC009501.4,RP11-344P13.6,ZNF514,ICOSLG
7299,LINC00304,CTD-2630F21.1,DYX1C1,IQCG,CCSER1,RGS16,TNS1,TIAM1
7300,ABTB2,MCOLN2,RNF165,SLC15A3,HSPB9,TLDC1,CEP120,KIAA2018
7301,MKKS,NEB,NMUR1,ACE,RP11-504P24.6,FAM177B,F2RL1,MCOLN2
7302,DNAJC27,SPAG1,IL1RAP,TMEM40,RP11-219B4.7,ATP13A4,CYP2U1,NCKAP5L
7303,ELOVL3,AC069513.4,TIGD2,FBXO30,CTC-246B18.10,COPRS,TTC30A,RP11-862L9.3
7304,RP11-529K1.4,ZNF829,ZNF275,SAMD4A,EPB41L3,ELOVL6,CABLES2,GTF3C3
7305,CTB-129P6.4,RAD51AP1,KLF16,RP11-98I9.4,BRSK1,SLC9A7,GPD2,TLR4
7306,PHLDA3,RP11-294J22.6,KCNJ14,ZNF165,U47924.31,IGSF22,SMARCA5-AS1,TCF20
7307,ZNF408,ADAMTS6,APTX,ZNF417,RP11-430H10.1,CCR4,NLN,MRI1
7308,TRAIP,KIAA1009,RP11-996F15.2,CUEDC1,FGFRL1,AC007880.1,AC005306.3,VPS52
7309,NPTXR,HBQ1,MAPKBP1,PLEKHH2,PNPLA7,TTC12,ENO3,TRPM4
7310,RP4-781K5.2,LINC00843,SFXN1,BFAR,TIGD7,MYB,CHAF1B,ZNF140
7311,PLA2G1B,ANKRD55,TTC24,XXbac-BPG252P9.10,FAM171A1,RBM12B,ZADH2,RP11-428G5.5
7312,C16orf72,CDH1,SNPH,DKFZP761J1410,RP3-428L16.2,EPB41L3,TMEM194A,CDC42EP4
7313,LCAT,GOLGA8A,NLRX1,RP11-274B18.2,CLIC2,CTD-2196E14.4,RP11-158K1.3,WRAP53
7314,SDCCAG3,KPNA6,ACTL10,VIL1,RP13-753N3.1,ERC1,MPZ,CTC1
7315,LRRC48,RAD51,FUT4,SNX33,RP11-481A20.11,PAXIP1,RPS6KL1,LYN
7316,RP11-163N6.2,ALG8,FAM21A,RP11-815J21.2,RP5-935K16.1,UTS2,CTLA4,TAF2
7317,SLC41A2,SLC16A13,ZNF546,CEP192,RP11-575L7.8,MTIF2,BLZF1,SNTB2
7318,GPT2,RNF157,RP13-270P17.1,ENO1-AS1,RP11-96K19.5,KRT23,LINC00265,MFSD3
7319,ARHGAP29,MYCBPAP,TP53INP2,GFM2,AC005253.4,RP11-131L23.1,KIF11,TMEM186
7320,RP11-359I18.5,ARMCX2,RP11-326C3.11,CAPRIN2,ZNF34,ZNF569,RP11-67L2.2,OTUD4
7321,MITF,ZBTB32,RP11-379K17.12,VSIG2,RP11-337C18.8,MED15,FBXO30,LDLR
7322,MFSD2A,TADA1,PRR19,DLG4,ZNF596,HILPDA,GOLM1,AMPD3
7323,TST,LRRC46,AC103563.8,RP11-421M1.8,KDELC1,CXorf40A,PER3,NF2
7324,RP11-830F9.6,SLC7A1,AASDHPPT,RNASEH2B,ERP27,IRAK1BP1,WDR83,DNASE1
7325,HGF,MYO5C,PALLD,RP11-480D4.6,RP11-496I9.1,DYSF,C21orf49,RP11-327P2.5
7326,GHRL,C19orf44,SULT1B1,EIF4EBP3,ZNF883,MFSD2A,VDR,CTC-250I14.6
7327,ANPEP,FAM201A,SNAI1,TRMT61B,DIRAS1,IGFBP3,RAB30,PERP
7328,RP11-46D6.1,VPREB1,FSTL1,EBI3,PPT2-EGFL8,FZD3,NUBPL,L3MBTL3
7329,RP11-315O6.1,ZNF382,RP3-486I3.7,IQCH-AS1,TMPRSS11E,RTN4R,RP11-705O1.8,MFSD8
7330,G3BP1,FUT10,MIR181A2HG,GPAM,SH3RF1,ZWINT,BAG5,KBTBD2
7331,DYSF,MTBP,RP11-498C9.15,MYOF,RP11-428J1.5,PLCE1,GADD45G,GRPEL2
7332,AVPI1,LGR6,ERCC6,CD248,CLSPN,GPAM,PEX6,CERS4
7333,PPM1B,MAGEE1,TIGD5,MMP24-AS1,RPS10P7,IL27,FAM115C,NACC1
7334,OLFM1,TTC12,PFAS,CDK18,ZNF93,ZC3H10,MBLAC2,CTA-384D8.34
7335,LIME1,TLK2,FAM212B,L2HGDH,C1orf172,LRRCC1,RP11-383H13.1,CTC-378H22.2
7336,TDRP,RP6-99M1.2,RP11-83N9.5,SIGLEC9,NKAPL,RP11-108P20.1,TAPT1-AS1,TMEM8A
7337,MUC12,CTB-114C7.4,MICALL2,ZNF585B,NID1,CDKL1,TRIM46,TRIT1
7338,FAM154B,PROS1,INCENP,DEGS2,FBXL14,TBKBP1,ZSCAN31,THAP7-AS1
7339,NUP62CL,ZNF470,ZBTB37,ZNF197,RP11-77H9.8,PSPN,SYTL4,RP11-611L7.1
7340,SEPT4,SH3D21,HCG14,KANSL3,LRRC26,SLC16A4,CTD-2260A17.2,CNNM2
7341,SCN1B,TONSL,RP11-539L10.3,SMNDC1,CXCL3,RP11-383H13.1,AC144652.1,FXYD6
7342,LGALS4,CYTH3,PHF2,BATF3,FMNL2,RP5-1028K7.2,PTGDR2,DIEXF
7343,PAPSS2,NAP1L6,MAPK8IP3,AP4S1,CELF2-AS1,ZHX3,MED21,HIST1H1E
7344,TPRG1-AS1,CCL28,NUP153,RP11-977G19.12,SEPT10,CTA-445C9.15,RP11-108M9.6,TMEM8B
7345,WNT5B,PODN,LINC00925,CACNA1C-AS1,TPBG,SNURF,VAV2,LINC00920
7346,STAT3,RGPD2,MON1B,ERBB2,TWF1,ZNF793,CTD-2012K14.7,HOXB4
7347,CTIF,UST,RNASE1,ADCY4,NPR2,USO1,RP11-219B17.1,ALDH5A1
7348,MED4-AS1,PDXDC1,TNFRSF11A,SETDB1,CPAMD8,PYGL,RAB6B,GFPT1
7349,RP11-318C24.2,HRASLS2,TMEM200A,CABP4,SLC25A14,HIST1H2AL,ZNF573,FANCE
7350,ZNF460,LIM2,LRRC3,MEX3B,ARHGAP29,BCL2L2,AP4E1,DERL3
7351,RP11-146F11.1,RP4-594I10.3,SLC19A1,PNPLA4,ZNF619,PLEKHG1,SETMAR,TBCCD1
7352,NRXN2,IRS1,EID3,DGKD,KISS1R,ZSCAN25,SLC10A7,RBM19
7353,RBM12B-AS1,KIAA0101,UBTD1,PEX12,WNT2B,MIEF2,CBR3,LINC00937
7354,CTTN,ZC4H2,ZNF587,TMEM27,RP11-388M20.6,IGFBP4,BRD3,FAM114A2
7355,SERPINF2,CCND1,DLG3,ACTR3C,RTN4R,ZNF256,GRIPAP1,PRPF3
7356,FZD2,RP11-152N13.5,RP11-488L18.8,ZNF541,LINC00957,PDZD4,PLK4,CBX4
7357,MARVELD1,C15orf52,ACOX2,PWAR6,MTCP1,ALG1,NBPF3,HS2ST1
7358,CCDC24,PBX1,CDK5R1,RRM1,MSRB3,C12orf49,RP11-70P17.1,FAM65A
7359,GRIK4,RP11-166P13.4,FAM86C1,BIRC2,AC004069.2,ZNF654,SCMH1,NPIPB5
7360,ESCO2,FEZ1,MYOF,AC147651.3,GTF2H2C,TROAP,TMEM255B,ARFGEF1
7361,C5AR2,COLQ,RP11-84C10.2,ZNF225,NKIRAS2,ADCY9,CERS4,ZNF708
7362,ORC6,SEC61A2,SLC17A5,KB-1732A1.1,HK2,MCM3AP-AS1,TNFRSF9,RNGTT
7363,FMO5,SMPD3,RP11-644F5.11,NEO1,CREB5,DEPDC5,CDNF,PDE4A
7364,VSIG4,MCM3AP-AS1,FADS1,MS4A14,AL354822.1,RP1-28O10.1,CACNA1C-AS2,CHN2
7365,KB-1732A1.1,IFNG-AS1,LINC00562,PCNXL3,IL12A,RHOQ,PRRC2A,LARP4
7366,GFOD1,RP11-344P13.6,ZNF283,CDKL1,C9orf9,SMARCAD1,CHST14,RP5-1068E13.7
7367,CTD-2623N2.11,RPS6KL1,RP11-496I9.1,RBM12B-AS1,CTB-133G6.2,GNG3,UBXN7-AS1,NAF1
7368,RP11-1055B8.7,CEP128,SPOCD1,LAMTOR3,F2RL1,RMI2,ANKRD16,POLR1A
7369,AVEN,SLAMF8,RABL2B,HHAT,PIGZ,ACOT4,MMP17,TBC1D2
7370,ERAL1,HSF5,FCGR3B,STPG1,C1orf200,PGAP1,STARD10,ZFP64
7371,CTD-2541M15.1,PEX3,DVL3,PRRT1,ACPP,KLHL26,LTBP4,CLEC16A
7372,CDYL2,VIT,SEMA4F,RP11-423H2.3,LDLRAD3,RP5-821D11.7,TTC9,LMF1
7373,CTD-2583P5.3,STXBP5,KLHDC8B,MMP14,AASS,N6AMT1,SRSF10-1,INTS6-AS1
7374,SCARF1,AC108488.4,RAD52,VIT,MKL1,OR2A1-AS1,CXorf65,C17orf103
7375,MAP3K14-AS1,DNM3,FLJ20306,ZNF582-AS1,ZNF417,GYLTL1B,ADIPOR2,MORN2
7376,AC026806.2,HHAT,AC131056.3,RHOQ,RP11-398C13.6,RP11-23P13.6,PMM2,RNASEH1-AS1
7377,C1orf177,TXNDC9,SPEN,ZNF829,CLCN1,FBXW11,ZER1,TRIM23
7378,VENTX,AC009005.2,RP1-315G1.3,C10orf118,NCL,LL21NC02-1C16.2,TRAM2-AS1,PEX14
7379,EPHX1,PRCD,HGD,ZDHHC21,RP11-161M6.2,ZNF75D,EFHC2,LSM14B
7380,TGM2,AC004893.11,CCDC137,IGF2BP2,FAM72B,RP1-140A9.1,CYP27A1,CDC34
7381,SERINC4,CTD-2576D5.4,ARHGEF10L,PABPC3,MRVI1,TRIM62,PORCN,TGFBRAP1
7382,CERCAM,ACADSB,FFAR3,RP11-76E17.3,EMR1,TNFRSF17,THNSL1,CDK14
7383,GOLM1,GOLGA7B,UBE2C,RP11-441O15.3,TUBGCP3,MAPK7,EPG5,RP11-295G20.2
7384,CTB-55O6.4,PRTFDC1,ACADM,CTD-2023M8.1,CUZD1,AP001062.7,MRPL48,STARD10
7385,S100P,RP11-432I5.1,DNAL1,ERMP1,RP11-932O9.7,NCR3LG1,RP11-162A12.2,SMG9
7386,BNC2,SAMD10,NAA60,PHF21A,AC017002.1,TSTD3,RP11-498P14.5,C8orf44
7387,MOV10L1,GPR160,GUCY1A3,ROM1,RMI1,PSMG3-AS1,PDCD1,PARP3
7388,CELSR1,BRMS1L,KRT72,RP11-403A21.1,RP11-692D12.1,RIPK1,MAP3K10,AGO4
7389,IDO1,KIAA1377,PIGW,BOP1,ERI2,FAM214A,AMY2B,SPATS2
7390,MYH10,CABP4,RDH10,SNED1,RP11-386G11.5,RGS9,CASP10,SBF1
7391,HIST1H2BF,C7orf55-LUC7L2,ZIK1,FCGR1A,HRK,ATP1A3,CRYBG3-1,DVL2
7392,PDE4C,CTD-2135D7.5,PNPO,CDC42BPB,RP13-516M14.1,AKAP11,DYNC2LI1,TMEM229B
7393,CHST13,CCNB2,NFYA,RP11-178C3.2,SEC24B-AS1,SAMD10,USP21,ZNF714
7394,AC015971.2,SPINK2,C6orf229,RP5-940J5.6,DCAKD,MAN1C1,RP3-400N23.6,TBC1D8
7395,SLC2A9,TMEM63C,MAU2,SGSM1,ST3GAL6,COQ10A,TRPM7,C16orf70
7396,CTD-2540F13.2,RP11-96K19.2,TMEM51,HDDC3,PDE8B,MCF2L2,TRAIP,ADAM9
7397,LILRA5,KALRN,C1orf112,RP6-206I17.2,HABP4,SGPP1,UBL7-AS1,IPMK
7398,CXorf57,RGS16,WDR83,UTP23,NOL3,FAM21B,GPR68,CPD
7399,SLC37A2,ARHGAP11A,TMIE,SKA3,VARS2,ANGEL2,DHCR7,MED13
7400,SMIM10,SCT,NLRP2,GGH,RP11-274B21.10,TAF5L,CRAMP1L,OSBPL11
7401,RSPH9,LHFPL2,SPATA33,C15orf52,HAL,LAMP5,FAM219A,RAPGEF6
7402,SEMA5A,RP11-527L4.5,INO80B,RNF111,YPEL4,RP11-96D1.11,POLA2,C1orf27
7403,FLNA,PHLDA3,DNASE1,WDHD1,KRBA2,RP11-434C1.1,BCOR,TMEM185B
7404,RP1-151F17.2,MAP1B,ZNF80,SRFBP1,EMR3,LRP6,C1orf198,ZNF33B
7405,CRYM,RP11-96K19.5,MED30,RPEL1,VASH1,RP1-191J18.66,MMAA,AC009403.2
7406,DNAJC28,TTC26,HCG27,OCRL,NBPF15,ACY1,AFAP1L2,TTC21B
7407,LILRA1,ZNF268,SENP1,ACOT2,CTC-454I21.3,CXCR1,SLC26A1,PELO
7408,UHRF1BP1,FAM227B,CCND1,CRHBP,VNN1,ZDHHC23,FAM193A,TMCO4
7409,BOK,SLC1A7,AC022498.1,C14orf79,RP11-227D13.4,MBTD1,CLEC4G,DTX3
7410,ELANE,ABHD4,PUS7,TMEM45B,RP5-1112D6.4,DDX11-AS1,GALNT12,NMUR1
7411,FAM114A1,MYH11,AL645728.1,RP13-582O9.5,C2orf40,C10orf35,NHEJ1,KIAA1328
7412,HRASLS,A2M,POU5F1B,MTURN,AXIN2,TIMM17B,RP11-166O4.6,DDI2
7413,NR1H3,SLC15A2,SSTR3,RP11-265N6.1,REG4,CTC-454I21.3,ZNF674-AS1,ANKRD13C
7414,AC004381.6,PHF10,NRBP2,YIPF3,FOLR2,RPTOR,RP11-382J12.1,CEP250
7415,NAIP,ZNF425,RP11-344P13.6,DNAJC28,RP11-876N24.4,RP11-214O1.3,TTC39B,CRY2
7416,ZNF532,DET1,EYA3,POU5F1B,EFCAB13,ARHGAP5-AS1,OOEP,MAPK7
7417,ST20,PLCE1,LINC00886,SIRPA,CCDC73,BEND2,ADAMTS6,GPATCH3
7418,ZNF844,ERMN,ZNF367,CRIM1,CCND1,PIGZ,KBTBD6,ZNF577
7419,HIPK2,VPS18,HAR1B,GCNT4,RP11-793H13.10,LINC00944,ZNF484,RALGAPB
7420,HESX1,TOP3B,HDX,FPGT,TLL2,E2F5,PODXL2,ZBTB17
7421,ACAD11,GTF3C4,ADCY4,RP4-813F11.4,GOLGA7B,RP11-732M18.3,RP11-203J24.8,TLR6
7422,FAN1,AC079807.2,STARD9,TSSK6,ZNF696,ZWILCH,ZNF778,TTTY15
7423,RP11-359K18.3,RP11-597D13.9,PTPRJ,DNASE1L3,RP11-559M23.1,CMC4,ZNF582-AS1,ADAL
7424,IFT122,HILPDA,DYNC2H1,LINC00910,TMEM63C,KIR3DL2,HOXB3,TFE3
7425,ENTPD7,PPP2R2B,IFT140,CCDC120,AC025335.1,CCNE2,ASMTL,TSR1
7426,ITGB3,LRRC1,SMYD5,SNCA,JMJD7-PLA2G4B,BRF2,FBF1,TATDN2
7427,AP001053.11,MVB12B,AGMAT,NOTCH4,HLCS,AKAP5,METRN,AMMECR1
7428,SPRED1,DOK7,AVIL,NPHP1,KCNN1,TBC1D30,GMEB1,PSME4
7429,RP11-258C19.7,MOCS1,ZNF841,KALRN,RP11-536K7.3,ELOVL4,CA11,DECR2
7430,FOXN3-AS1,C10orf35,ANKS1B,CAHM,PEX11G,AC109826.1,B3GNT1,DNAJC25
7431,RAP2A,C9orf3,HDAC11,LGALSL,ZRANB3,COLGALT2,PAXIP1,C1orf56
7432,CELSR3,TOP1MT,MTMR6,RAB25,LRRK1,ZNF813,TARSL2,RIF1
7433,RP11-446N19.1,HECTD3,B4GALNT3,AC145110.1,SELP,HPD,SIPA1L3,ZYG11B
7434,BAIAP2-AS1,XYLB,SLC4A2,TEX2,KCNH2,C5orf66,GFI1,AC079767.4
7435,RP11-338I21.1,C12orf61,ZNF883,ABCC4,SNORD3A,ADAMTS10,TCL1B,FAM208B
7436,RP11-215G15.5,ZNF566,QPRT,SETD9,NLRP12,SLX1A,FSTL1,KMO
7437,BHLHE40-AS1,RP11-23P13.6,KIFC3,NPIPB6,AC009120.10,CCDC180,MICB,ATP9B
7438,ZNF665,OLFM2,ANKRD18A,ATAD5,POU5F2,LRRK1,ZNF845,FAM213A
7439,LAMC1,DNAL1,TNIP3,DISP1,AC007386.2,MED20,ARG2,DNAJC14
7440,ZNF778,AMZ1,USP51,RP11-70P17.1,C9orf169,KIAA1377,RASGRP1,POU5F2
7441,KRT73,RP11-259K5.2,TNNT1,MIR3615,KLF5,APOA1,PRRG2,ELK4
7442,AP006222.2,ATP6V1E2,SLC7A1,WRNIP1,AE000662.92,GPAT2,CDC7,RBM26-AS1
7443,XXbac-BPGBPG55C20.2,LRIG1,TNIK,ZFP2,CAPN8,CD59,C9orf96,LINC00685
7444,SYNM,PPP1R13B,RP11-428J1.5,SNAPC3,GALR2,AEBP1,RP11-378A13.2,RP11-70C1.1
7445,RP11-1055B8.4,COL13A1,ASB9,MYCL,FZD6,DVL2,ALG9,TMEM184B
7446,FFAR3,CTD-3185P2.1,ANKRD34A,RANBP17,DNM3,TUBG2,LINC00996,UBTD1
7447,RP11-809N8.4,MTA3,CRHBP,CECR5-AS1,DUSP19,RP11-533E19.5,NT5DC3,KLHL12
7448,RP11-327F22.2,WRB,BCL2L14,PTGS2,RP1-111C20.4,SMIM1,AP003419.16,CCDC151
7449,SCARA5,PIGW,RP4-673M15.1,CTD-3065J16.9,BTN3A2,PIGW,WBP1,BCR
7450,NKAPL,B3GAT1,METTL21B,EXD3,LNX1,AMY2B,TNPO2,PLEKHM2
7451,SCGB3A2,CNTNAP2,PROK2,SIGLEC1,ISG20L2,FAM149B1,SCGB3A2,TADA2A
7452,GPBAR1,SOBP,LOH12CR1,RP11-293A21.1,VPS45,AK9,SLC35D1,NUDT19
7453,CPAMD8,RP11-16E12.2,RP11-50E11.3,ATP6V0A2,DGKQ,ZNF749,CELA1,CATSPER2
7454,LRRK1,CTB-113I20.2,NRCAM,MEG3,PRICKLE1,FAM89A,IFT46,PEX7
7455,ATP8B4,RFPL2,PABPN1,PBX3,SMAD1,CTB-152G17.6,ZNF852,PDE6B
7456,FA2H,LIPE-AS1,RNF121,RP11-390P2.4,LINC00304,WNT7A,CTD-2033A16.3,ALG1
7457,KRT86,ZNF528,HOXA10,TMCC3,DEPDC5,PRKAB2,IKZF2,ARMC2
7458,TEX22,OR2A1-AS1,LAMTOR5-AS1,RP11-509J21.2,TULP2,B3GNT4,SLC35F2,AC016831.7
7459,LRRC69,CYB5D1,C1QC,IFT172,PDGFC,GALNT12,BIN3,BPNT1
7460,TDRD7,NUP35,SIMC1,CBL,UPRT,ATP1B1,PIP5K1B,SULT1A3
7461,RP11-1149M10.2,LRP2BP,ATP8B3,CCDC85C,RP1-90J20.12,SLC35F2,GPRASP1,SYNGAP1
7462,NT5DC2,NOC2L,UBXN10-AS1,SRXN1,KRTAP5-AS1,TMCC1,ATP6V1C2,ZNF200
7463,ZNF154,GPAT2,HPDL,MXD3,CTD-2162K18.4,GPER1,YLPM1,ERLIN1
7464,MRAS,ATG12,AP2A2,ZNF665,TLR8,ZNF571,MMS22L,BEX5
7465,GAB1,GEMIN5,B3GAT1,ENKUR,XXbac-BPG252P9.10,RP11-498C9.15,FAM200A,FCHSD1
7466,FAM20C,EBF1,FKRP,RBM48,RP11-553L6.5,RP11-553L6.2,CRB3,TEP1
7467,RIN2,PHLPP1,FAM200A,RP11-456D7.1,ATP6V1E2,INHBA-AS1,GIN1,DKFZP761J1410
7468,SGMS2,PEX13,XYLT2,PAN3,AFMID,ZNF93,RAB25,FECH
7469,GCNT1,CTB-178M22.2,FAM65C,CHTF8,USP31,RP5-864K19.4,TDP2,CTB-133G6.1
7470,RP11-84C10.2,ZNF28,ZFR2,MBTD1,ZBTB11-AS1,LINC01024,RP11-442H21.2,DHRS3
7471,DNASE1L3,RP3-395M20.9,CDC42EP1,ZNF79,NOTCH4,CCDC106,SDK2,TNKS2
7472,ME3,LINC00959,CPT2,AP001462.6,RNF43,RANBP6,LAIR2,PLEKHB2
7473,LINC00998,BRCA1,RBBP9,C16orf58,RP11-705O1.8,RASSF2,ZNF75D,CAPRIN2
7474,UACA,RBKS,SLC22A5,CLEC4E,CHST13,KLF8,C5orf22,R3HCC1L
7475,ATP9A,PRELID2,FAXDC2,CLIC2,SERINC4,PLEKHA3,PSEN1,SPEF2
7476,DLAT,CDT1,TTC1,MANEA-AS1,NAPSA,BCAT1,LY6G5C,LIPE-AS1
7477,TEF,DNAJC9,BRCA2,CTD-2651B20.3,TMEM150B,LARGE,CACFD1,ASGR2
7478,LRRC37A,SPRY1,RP5-1125A11.1,UBE2Q2,RP11-351D16.3,RP11-383J24.6,NUMBL,MAP3K6
7479,RP11-876N24.2,C12orf68,SPHK1,HIST2H2AB,XXbac-BPG181B23.7,DLEC1,EBF1,PIGB
7480,TANK,ACTR5,TMEM201,MSANTD4,ARHGAP22,STK11IP,FASTKD5,EDEM3
7481,SLC45A4,IGFBP4,TMC4,STAG1,CTB-61M7.2,SLC16A1-AS1,STEAP4,TRAF6
7482,CTD-2033A16.3,PLEKHG1,DPP9,PDZK1IP1,MAMDC4,CTD-2017D11.1,ANGPT2,ZNF784
7483,CLCN1,PAX5,KIF19,RP5-914P20.5,ZNF117,AC137934.1,RP11-486G15.2,TMEM161A
7484,SPOCD1,DOCK4,U91328.19,REG4,HSF4,METRN,SNX21,AGFG2
7485,NPPA-AS1,EARS2,ZNF30,RP11-214N9.1,KCNQ5,LARS2,RP11-1299A16.3,NFS1
7486,RP11-54O7.11,AC022400.2,AP000692.10,LRRC47,RP11-211G3.2,LARP4,STRADA,SLC20A2
7487,GLTSCR1,TRAM2-AS1,ANKRD28,BCL2L15,DBNDD1,RNU11,TGM2,AP001258.4
7488,MPI,ALG9,CREB5,IGSF9B,PRRT2,OLFM2,RP11-412D9.4,LINC00339
7489,RP11-761I4.3,DUOX1,PLLP,AC002116.7,SLC16A5,C14orf182,TSPAN18,DDHD2
7490,RP11-701P16.2,RP5-1180E21.5,IGSF9B,OTUD6B,AC092667.2,ZMYM6NB,ARMCX4,AGL
7491,AP1AR,RDH10,RP11-273G15.2,CCDC125,UBAP1L,ARHGAP33,MON2,RHEBL1
7492,COL13A1,KLRK1,RP11-16N11.2,FXYD6,GUCA1B,EEF1E1,RP11-401F2.3,TELO2
7493,ATP2A1,ACPL2,OTUD7B,TXNDC15,RNF219-AS1,CSF2RA,ZNF594,SLC25A32
7494,ABCA3,CTC-241N9.1,DHFRL1,ENHO,C2orf81,SLFN13,ALG11,WDFY3
7495,AIFM3,ZNF571,TMEM33,RP11-295G20.2,IGSF22,TPST1,PLA2G15,ZFYVE28
7496,CYP4F22,GNG3,ATXN7L2,AP001189.4,TMEM38A,ZBED6CL,LTK,CLMN
7497,CPED1,TENM1,GSTO2,CBWD6,NPIPB6,NRIP1,LRRIQ3,MTOR
7498,CD1B,B3GALTL,U47924.31,AC009404.2,ZNF286A,ZNF664,AC104699.1,LRRC42
7499,C1orf53,WNT7A,CHKB-AS1,RP11-421L21.3,SNAI3-AS1,FCRL5,PTCD2,TAOK2
7500,GPR34,TNFAIP8L2,GPR55,CCDC141,SLC46A2,HNRNPU-AS1,CXorf24,WARS2
7501,HLX,MTUS1,RPP25,H3F3C,RP1-29C18.10,RP11-252C15.1,RP11-326C3.15,RP5-943J3.2
7502,RP13-638C3.4,FAM177B,WFS1,CNKSR1,CCR9,B3GALTL,BMI1,WDR5
7503,SUN3,BACH2,AC026471.6,ZNF257,NPIPB4,CTIF,SARM1,WWC2
7504,SKA1,RP11-421L21.2,ZFP69B,CCDC102B,CGRRF1,LIM2,LY96,STX3
7505,THBD,DOK6,ZNF618,AC008443.1,LYG1,KIFC1,RP11-218M22.1,TDRD7
7506,CCNJL,RSPH3,FDPS,C12orf61,RP11-126L15.4,GNAL,UNKL,UGCG
7507,CYTH4,AUTS2,RP11-305L7.3,EGR2,SLCO4A1,RP11-1114A5.4,SLC37A4,DYNC2LI1
7508,CPEB2,IRF7,SUMF1,ABAT,CYB5R2,CALCRL,OLFM2,RRAGB
7509,ZNF17,GCAT,CTD-2369P2.2,GNAZ,FBXO36,FAM161B,ZNF614,BZW1
7510,ALPL,TFB1M,PATZ1,PRUNE,CEP170B,RP11-442N24__B.1,NIPAL2,METTL2A
7511,NAGS,BRPF1,TST,LATS2-AS1,TLCD1,TRAPPC6B,AC024592.12,POLR3A
7512,CTD-3093M3.1,ZNF252P-AS1,CHGB,MYB,ERLIN2,ARRDC5,RP11-383J24.6,SQLE
7513,CTD-2547L16.1,AC016757.3,RP11-294J22.6,IRAK3,ARMCX1,CEP170B,PLA2G4C,PPP2R5B
7514,EPN2,PVR,FAM129B,RP11-128M1.1,DMC1,CLEC17A,SIGLEC14,TLR5
7515,C8orf31,RP11-712B9.2,ARMCX1,CAMSAP2,CAPN3,P2RY11,EVA1C,FAM208A
7516,DHFR,RP11-103G8.2,IKZF4,FRAT1,CTD-2371O3.2,RP11-22P6.2,EIF4G1,SIAH1
7517,CBX2,WHAMM,RP11-1348G14.5,AK8,RP11-420G6.4,RP11-367J11.3,RBM38,VIPR1
7518,TULP2,PVRIG,AGPS,CNTLN,RP4-583P15.10,ZNF551,RP11-353N4.4,ABHD15
7519,GLIPR1L2,RP4-803J11.2,RPS10P7,TAF13,SEMA4F,ACPL2,CENPU,KLHL42
7520,ANGEL2,KLRC2,HPD,RP11-25K19.1,TBC1D12,TMEM209,ZMAT4,EPHX3
7521,CTD-2541M15.4,RP11-386G11.10,RP11-275I4.1,AC093157.1,RAB25,N4BP3,DDI2,PREPL
7522,RP11-390P2.4,RTTN,KCTD2,STEAP3,HS3ST1,CREB3L4,EXO5,AQR
7523,NAP1L6,BIVM,C22orf26,KLHL2,C2CD2L,RP11-166P13.3,ACE,AVL9
7524,CTNND1,VEGFB,B3GALT2,MSL3,GAS6,PRTFDC1,NCF1,PPP1R16A
7525,PGF,NAP1L2,ZNF654,ZNF799,SRC,RREB1,RP11-553L6.2,COG3
7526,RP11-432J24.2,SMG9,SOX15,ATF7IP,ADCK1,BLOC1S3,PLEKHA4,BCL11A
7527,RP11-190C22.9,ATP13A4,CTC-454I21.3,AC079922.3,KDM4A-AS1,ZNF433,PEX19,PCGF6
7528,SP1,NF1,ALG1L,RP1-234P15.4,PRCD,RP11-156K13.3,C6orf99,CTC-503J8.6
7529,CPT1B,CDK3,SNHG9,ANKRD23,RBM11,MICALL2,TTLL3,AC016629.8
7530,SESTD1,RP11-367J11.2,PEX12,GPATCH1,TRMT44,TMEM241,RP11-367J11.2,PCNXL4
7531,ANKRD22,BTK,ZNF483,CEP70,FAM153A,MKI67,CTD-3088G3.8,CTD-2186M15.3
7532,PATL1,ARHGAP22,C9orf96,NETO2,RP11-395G23.3,RP11-430B1.2,RP1-40E16.12,ZNF160
7533,HDAC11,RP1-8B1.4,ARHGEF11,CTD-2547L24.4,RP11-582J16.5,AVEN,AC002310.12,ASB6
7534,TXNDC16,MEX3B,ADCY9,L3MBTL1,TMOD1,MDS2,XXbac-BPG181B23.7,NOL9
7535,C17orf70,C16orf45,RP11-58B17.2,F2RL1,RP11-158I9.5,RP11-178G16.4,IL24,GBE1
7536,AC005253.4,ARMCX6,RP11-326C3.2,SLC4A4,TCL1B,SPTSSB,BSCL2,SEH1L
7537,RP11-216B9.6,ZFAT,FAM66C,RP4-549L20.3,CASD1,PTK7,HGD,CDC42EP2
7538,AP000769.1,FKTN,GTPBP4,NIPAL1,RP11-408A13.4,ARL15,GTF2I,G6PC3
7539,SCARB1,C8orf88,VIT,CDPF1,POLA1,RP11-479G22.8,C1QTNF6,YWHAG
7540,RNF122,TP73-AS1,SLC2A8,FANCA,PZP,PTPRK,ZNF606,TUBD1
7541,POLR1C,RAB3GAP2,ZNF513,TOR1AIP2,ST14,ZNF781,CYP4F22,MYO15B
7542,TIPRL,SMG8,BDNF-AS,NOS3,RP11-441O15.3,LINC00957,LACC1,BAHD1
7543,RP11-206L10.2,RP11-960L18.1,AURKA,LINC00623,C9orf38,FAM229B,BATF,TRPM7
7544,DTX4,SPTSSB,ZNF185,CAMTA2,CTB-118N6.3,VSIG1,NSUN4,MED23
7545,C15orf48,CCDC13,ATP5J2,FAM177B,RAD52,ARSE,NKIRAS1,ATP13A3
7546,INTU,ATL1,CTD-2319I12.2,KPNA3,AP4E1,ZNF382,IL12RB2,ZFP14
7547,FAM46A,FBXO48,WDR19,ATF3,MYH3,AC027307.3,N4BP2,GTF3C2
7548,RP11-429J17.2,RABGAP1L,TEX14,SPHK2,ANG,SLC16A11,WRN,BCL9
7549,RP11-70C1.1,C12orf42,GCSAM,TP53I3,RP11-126K1.2,VIT,CARD6,RP11-304L19.5
7550,RP11-467P9.1,PFN2,ARHGAP12,LINC00996,C1orf61,PTGR2,TONSL,FMNL3
7551,CD27-AS1,MKI67,RP11-603J24.5,RLN1,MARC1,AC018816.3,LINC00954,INADL
7552,RP3-329E20.2,SNHG10,RP11-712B9.2,HDAC11,RP1-317E23.3,MTHFD1L,RP1-28O10.1,PYGO2
7553,RP1-202O8.3,ADCY3,GNAL,AC083949.1,RP11-533E19.5,RASGEF1A,FBXO18,HAAO
7554,ZRSR1,TRAPPC12-AS1,RP11-393I2.4,TNNC2,RP11-324I22.4,ARHGEF11,DCUN1D2,APOL1
7555,COL9A3,DFNB31,TMEM144,TMEM220,LRRC1,AC107081.5,GCFC2,CCR10
7556,TMEM117,DNAJC5B,VANGL1,LONRF3,ITSN1,IRS1,SEMA4B,CDK6
7557,CITF22-92A6.1,MKNK2,ZNF519,LILRA6,N4BP3,GPM6B,HPS3,ZNF397
7558,KLHDC9,RP11-350N15.5,RNPEPL1,ROBO3,GREM2,ZNF862,CCDC57,PPP2R2D
7559,RP11-815J21.2,ENG,PHC1,TGFB1I1,CRYGS,KLHL25,OR2A1-AS1,MIER2
7560,RP11-422P24.11,RP3-400N23.6,AC096772.6,ZNF805,MRAS,CYP3A5,DGKQ,BRD8
7561,ABCC1,RP11-647K16.1,MPST,TMEM181,CCDC183,POLA1,ZNF287,AKT1S1
7562,CTD-2215E18.1,RP11-554J4.1,PHF13,LINC00511,NMNAT3,BRMS1L,CPNE8,NGRN
7563,CDC26,GPM6B,RP11-395G23.3,AMDHD1,RP11-367J11.2,CD70,ZNF16,IPO4
7564,CTD-2047H16.4,EPHX2,AC115618.1,RP11-273G15.2,RP11-89K10.1,ALCAM,RP11-977G19.11,ACOT4
7565,PAWR,IL24,GLT1D1,CTD-2054N24.2,BCORL1,RELL1,EPHA1,SOCS4
7566,SPHK1,TUFT1,HEATR5A,SRGAP3,RP11-196G18.24,ENKD1,HDAC11,C19orf12
7567,GFI1B,GDPD1,STOML1,SIAE,CALML4,FTO,ZDHHC9,HLA-DOA
7568,CRIP1-1,BRPF3,GPA33,UPK3A,ACVR1B,TRIM2,RP11-536K7.3,BCL2L11
7569,MAP1A,SLAIN1,SSC5D,CENPU,AC116366.6,MATN1-AS1,CBFB,TTC22
7570,TMEM170B,SLC16A11,ELL,TRMT10B,ALDH1A1,SLC26A2,TTLL11,KDM6A
7571,RP11-484K9.4,RP11-332H14.2,PAQR3,PTAR1,PWAR6,EAF1-AS1,ATF2,TBCE
7572,AC000003.2,RP11-57H14.2,GRASP,PMEPA1,EEF2K,MTERF,GALC,KIF3A
7573,PHLPP1,TBC1D30,MEGF6,RP11-381K20.2,TRAM2-AS1,SYCE1L,NOS3,GTF2IRD2
7574,RP11-560J1.2,EVA1C,ANKS6,ZNF205-AS1,CTPS2,ZNF251,BAG3,ANKS3
7575,CALCRL,L3MBTL1,MC1R,CCNYL1,SLC3A1,AREG,TRIM69,MBNL2
7576,HP,PTCH1,ZBED6,RP11-438L19.1,RP11-863P13.2,DBF4,POMK,PINK1-AS
7577,VNN1,GPR68,CTC-338M12.5,TSR1,LYPD3,FEZ1,CBLN3,FBXW11
7578,CTD-2587H19.1,RASAL1,MORC4,MYO1E,AK8,DUSP4,ZFP64,CHCHD6
7579,EIF3C,AC004540.4,IL12RB2,C1QTNF4,ARHGEF10L,LMF1,KALRN,CTB-113I20.2
7580,PINLYP,C12orf43,TBCEL,POLN,VSIG1,SLAIN1,ZCCHC18,PNPLA4
7581,TIMD4,PPT2,CHST10,RP3-322G13.5,DENND2C,EVA1C,GTF2H3,FOXO1
7582,GHDC,PRKAR1B,POC1A,SLC43A3,PMS2,SLC1A7,PPP1R13B,UTP23
7583,TRIP13,HIST1H3D,C1orf115,LSR,PAXBP1,ZCCHC18,ZNF436,FCRL3
7584,PLTP,RP11-559M23.1,DNM2,S100A13,CASP3,POMZP3,RBL1,EID2B
7585,TROAP,MANSC1,ZDHHC13,FAM160A2,SNED1,RP11-213H15.1,PCNXL4,CR1
7586,ITPKB-AS1,FYCO1,ZNF354C,ATXN2,FAM86A,SGK223,ENPP5,GPR35
7587,RAB11FIP3,SULT1A4,CDK13,AC005306.3,HDAC10,AF131217.1,UXT-AS1,POLR1C
7588,DLEU7,RP11-73K9.2,DDX51,ULK2,NCKIPSD,CCR6,ZNF445,FBRSL1
7589,BCL2L12,TESPA1,KALRN,GEM,SLC45A3,BIVM,ELF4,RPL38
7590,OAZ3,RP11-430B1.2,SAMD12,TMTC2,CCNYL1,SPRY1,PYGB,MGAT4B
7591,AC015849.19,SEC24B-AS1,RBM11,ZNF154,RP4-798A10.2,NAA40,ADORA3,APOLD1
7592,CAB39L,U47924.31,OPLAH,E2F5,MNAT1,CTC-273B12.10,DNMBP,VARS
7593,TMEM255B,RBM45,PPIL1,RP11-817O13.8,VAV3-AS1,MAP10,DPP4,CD200
7594,ZNF485,NCAM1,UBBP4,ZNF436,ZDBF2,KBTBD7,BTN3A1,POGLUT1
7595,WDR77,EFHC1,MPZ,PLEKHM2,RNF219,MACROD2,RP11-649E7.5,AC006369.2
7596,CDKAL1,KEAP1,MIR4453,MAN1C1,TTC4,CARF,CBWD6,BCL3
7597,RTKN,DERL3,PDCD4-AS1,PCOLCE,AL441883.1,ZXDA,ATR,RP11-936I5.1
7598,NIFK,RP11-108M9.6,CRAMP1L,NEDD4,PHLPP2,RLN2,KIAA1731,SNX21
7599,RP11-77H9.2,CTA-407F11.8,RP11-894P9.1,DLG1,AC109333.10,DERL3,RP11-863P13.2,SESN1
7600,ARHGEF10L,RHOD,RP3-508I15.22,C1orf186,SOGA1,CNR2,CTD-2231E14.8,ASNS
7601,CCNB2,EXOC6B,RP11-339B21.13,HEMGN,XXYLT1,MARVELD1,MTHFSD,NUDT6
7602,ZNF512,ABHD3,ZNF615,C2orf81,ZNF670,ARHGAP12,PFN2,PPM1D
7603,GATS,SIPA1L2,ERI1,CD300C,CTD-2260A17.1,GS1-114I9.1,CROT,ZBTB44
7604,TFAP4,RP5-1074L1.4,OBSCN,GK,SENP8,ZNF718,MAFF,PHF6
7605,CREB5,RP11-305K5.1,RP11-1100L3.8,PDE1B,ZNF2,CBR3,IL6ST,RBM45
7606,LRRC16B,RP5-1092A3.4,CTNND1,ACSBG1,FIBCD1,TESK2,AL590452.1,PGGT1B
7607,RP11-395B7.4,CYP3A5,FBXO2,TBC1D30,NLRC4,SLC35B4,ZBTB49,WDR89
7608,NCKAP1,TMEM177,GEMIN5,RBM11,ZNF503,ZNF14,AK1,RFXAP
7609,AMACR,AP003068.23,CAND2,LDHD,PCOLCE,CEP41,TIRAP,STX2
7610,CYP2D6,MATN1-AS1,RDX,SEZ6,CNN3,LRPPRC,RP3-325F22.5,ZMAT1
7611,GP6,IFT80,AC009506.1,GNMT,RGS12,KCNK12,MATN1-AS1,CAPN10
7612,TSPYL5,MPC2,RP11-206L10.2,ZNF189,RP3-510H16.3,DFNB31,KIAA1919,RNF26
7613,POMT2,DCUN1D3,HYKK,TLE1,CABLES2,KISS1R,ZNF783,ZNF792
7614,LGALS12,ZNF367,MAP6D1,ATXN7L2,NTPCR,AGAP2,TUBGCP6,ZNF227
7615,LMOD3,SMAD1,RILPL1,PHF1,SYP,SLX4IP,DNHD1,NAIP
7616,VPS25,ZNF579,BCORL1,RETN,RP11-480D4.6,RP1-8B1.4,LINC00341,IKZF5
7617,FOLR2,ATP7A,ZNF230,RP1-8B1.4,RP11-137H2.4,RP11-67L2.2,C5orf42,RP3-475N16.1
7618,GPR42,ALDH5A1,NLRP12,COBLL1,SLC30A4,KLHL3,C4orf29,ADCK4
7619,L2HGDH,RP5-1142A6.8,BANP,VAV3-AS1,ADAMTSL4,TMEM177,ZFP41,C6orf120
7620,CCL2,CD70,PPP1R16B,ZNF169,LPHN1,IFT80,AC018816.3,C15orf48
7621,VDR,DSCR3,SLC8A1,C1orf172,C17orf107,FAM13A,DIRC2,RP11-485G4.2
7622,PKIB,TMEM201,ELK4,FCGBP,CD101,ARMCX5,METTL6,PIK3CA
7623,RP11-134P9.3,JAM3,RP11-89K10.1,DNLZ,AP000769.7,FAM169A,APPBP2,NCOR2
7624,RP11-336K24.12,POLN,TUFT1,PCP2,RP11-750H9.5,TCP10L,GSTT1,DPP4
7625,RP11-624C23.1,VCL,AC144652.1,PM20D1,AC006129.4,C16orf45,CHIC1,BCKDHB
7626,SLC7A6OS,DCLRE1A,AGAP2,PDE5A,LRRC20,TWSG1,PTGS2,BCL7A
7627,AC017002.1,DUSP14,CSRNP2,TM2D2,FLVCR2,RP11-661A12.5,LARGE,PIAS4
7628,CCDC62,LRG1,PGBD3,CPLX1,PRELID2,MTX3,SYCE1L,ZNHIT6
7629,SLC4A8,CDC45,CDKN2AIPNL,ZNF490,KLHL3,CTD-3185P2.1,AMMECR1L,RP5-887A10.1
7630,TMEM86A,KRBA1,FANK1,ARHGEF10,PTPLA,CTD-2083E4.6,CYP2S1,ETFDH
7631,HTR3A,ZNF781,EPT1,NADK2,PRR19,SPAST,AC131097.3,ZDHHC16
7632,IRAK3,AP3B1,BOLA3-AS1,SMARCAD1,RP11-680A11.5,RHOBTB3,HPCAL4,ZNF317
7633,ZNF23,PKD2,AC024592.12,EXT1,EPHX3,PROK2,ITGB3,SCYL3
7634,KCNE1,AC011558.5,PLEKHG4,ALDH1A1,ZNF571-AS1,AURKC,MRPL42,GPR75-ASB3
7635,CSNK2A3,CTD-2325M2.1,SCGB1B2P,C3orf18,GRK4,C12orf42,ZNF585A,CACNA2D3
7636,UTF1,C9orf169,MID2,MTFR1L,LYSMD4,ZNF557,PRKCZ,ALG8
7637,C10orf25,ITGA3,CLEC4D,CTB-12A17.3,CLDND2,FTX,LEAP2,ORC3
7638,CDK7,ZBTB49,SH3GL1,BFSP2,GPR27,BMP1,ANAPC10,ULK2
7639,UBASH3B,DAPK2,KIAA1191,ZNF514,RP4-800J21.3,TTTY14,SLC26A6,PRIM2
7640,CLP1,ZNF852,LL21NC02-1C16.2,ATG2B,PLK1,DHRS11,ZNF513,DAGLB
7641,ABHD16B,SPECC1L,FAM47E-STBD1-1,HCAR2,MIR940,CPLX1,IGF2R,GIGYF2
7642,SMU1,C1orf101,ASAH2,RP11-378J18.3,RP11-420A6.2,NUDT19,BRPF3,FIBCD1
7643,APLF,RP11-861A13.4,EEF2K,C2orf44,EXOC3L1,KIAA1407,ANG,TRIM65
7644,USP45,GPR55,CNOT3,ICT1,PLAG1,GPR68,CTB-178M22.2,FAM105B
7645,BACE1,DENND2C,BYSL,RIPK3,SCARB1,MDM2,DHX30,DSTYK
7646,AK9,SMKR1,SLC1A7,FGD2,ANKRD40,ZNF845,ZDHHC20,ZNF568
7647,SPIN3,CBR3,FAM193A,XXbac-BPG181B23.7,LBX2-AS1,PITPNA-AS1,EIF4G3,LAMP2
7648,EXOC3L1,LINC00987,CEP97,FUOM,C15orf38,FMO4,ZNF718,MAPK8
7649,ATXN2,SALL2,CHEK1,TSSC4,AGAP3,DOLK,INF2,PDCD11
7650,ARHGAP42,RLN2,RP5-864K19.4,NFE2,PIGW,AL590452.1,SULT1A4,IGF2R
7651,RP11-73K9.2,SLC25A26,RP11-424N24.2,DCHS1,NCAPH,FAM227B,PPP1R12B,SREBF1
7652,SLCO4A1,TPST1,SV2A,QPRT,RP11-637A17.2,COLQ,DRAXIN,SKI
7653,RP3-510H16.3,C5orf63,RAB6B,COPZ2,MRVI1-AS1,HBQ1,RP11-327P2.5,EDC3
7654,PLK1,UTS2,RAD54B,FBXL5,CYP4F22,SEPSECS,GNG10,P2RY14
7655,B4GALNT3,ASNS,GPR42,CCDC71L,MIR29A,SCMH1,TOM1L2,NUAK2
7656,SEPT8,ALDH1B1,RP11-513I15.6,RP11-318C24.2,CLEC4G,HABP4,TSTD3,PLCG1
7657,AL020996.1,RP11-299J3.8,MAP7,AKNA,MMP11,SNTB2,RDH13,ZNF7
7658,PLVAP,OTUD7B,APLF,B3GALT2,CHI3L2,CTD-2514K5.2,TRDMT1,MCCC1
7659,SH3RF1,TM7SF2,RP11-973H7.1,SERTAD1,NT5DC3,SNHG10,CXCR6,MARCH8
7660,PDGFRB,EML6,LINC00422,GLA,ARHGAP5-AS1,BICD1,MRRF,RP11-488C13.5
7661,CTD-2012K14.6,PARPBP,SPTLC3,MEGF8,MYO15B,TRAF3IP2,SLC37A2,TSC22D2
7662,TMEM175,MMP23B,ANKRD35,IZUMO4,CMC4,EDC4,VANGL1,C7orf60
7663,NRP2,MAN1B1,AC009961.3,PCDH9,CTB-178M22.2,RP11-191L17.1,PROS1,IL6ST
7664,CTD-2368P22.1,MAP7,MED13L,RP11-448A19.1,MEOX1,RP11-84C10.2,FLT3LG,ABCB1
7665,TMEM150B,MEIS1,TMEM159,PPP1R3D,FAM154B,RP11-552D4.1,ZNF217,ESCO1
7666,AC145110.1,CTPS2,RP11-732M18.3,PTPLB,PIP5K1B,KLRC2,VENTX,ERAP1
7667,TFAP2E,CCNJL,C15orf61,MEOX1,KIAA1586,RP3-428L16.2,MAML1,FAM188A
7668,KBTBD11,RNF32,TRIM59,TPX2,DNAJA4,FLJ00104,ASPH,USP3-AS1
7669,ST14,E2F5,GCN1L1,NUDT14,CAHM,MLF1,RAB40C,FCRL5
7670,DISP1,AC015971.2,SYDE2,PAOX,ANKRD18A,CDCA7,ELL2,CMTM2
7671,KIR3DL1,RP11-192H23.4,SAP30L,CSAD,OSGEPL1-AS1,SMKR1,ATF6,CASP9
7672,ANKRD50,SLC35D1,BRMS1L,FNIP1,AP006222.2,ZNF574,SLC25A14,ZNF664
7673,CORO6,TAF5,TNFAIP1,UBAC2-AS1,AC093391.2,MLH3,SETD5-AS1,RP11-545I5.3
7674,CLIP2,TRIP10,MTHFD2L,MARCO,PRKCE,LIPE,PPP1R37,CENPV
7675,SOBP,CTD-2545M3.2,SPTLC1,FBXL19,C11orf63,FAM84B,EPS8L1,PDE12
7676,MYO18A,STPG1,LGALS9B,HGD,SIRPB2,WBP1,ZNF169,SLC27A1
7677,REXO1,SYT5,EPB42,RP3-395M20.9,RPGRIP1L,RP11-798M19.6,ZNF446,TRIM16
7678,CACNA2D4,TUT1,KAT2A,CACFD1,MOB1B,DPY19L3,SIDT1,MAPRE3
7679,XXbac-BPG181M17.6,FOXD2-AS1,RP11-74E22.3,LINC00969,BEST4,AC021860.1,PARG,PGBD2
7680,CD300LB,B4GALT5,FGFRL1,AC009948.5,RP11-658F2.8,SRR,MRPL52,CSNK1G1
7681,LIN7A,KCTD9,RP11-214N9.1,SLC24A1,CCDC102B,LIMA1,MIR22HG,C10orf128
7682,RP11-314O13.1,ZNF784,AP001462.6,PLA2G16,DPY19L2,S100A5,STAM,TOX
7683,BOLA2B,PLCL1,ARHGEF39,RP11-101E13.5,ZNF282,DVL1,LRCH1,AGPAT4
7684,CTC-246B18.10,RP11-734K2.4,PPP6R1,MYLPF,MANSC1,AC074183.4,DISC1,NUTM2A-AS1
7685,TEX2,RP11-66N24.4,LRP5L,C22orf34,TIGD5,MSS51,ZNF341,FAM201A
7686,RP11-309M23.1,SNX25,KLHL32,AC110771.1,AMY2B,ZMYM1,KLF12,PTS
7687,FCAR,CTD-3193K9.4,RRAGD,AF213884.2,RP11-215P8.3,C5orf63,RP11-146F11.1,PAPD5
7688,ERLIN1,HIST1H1B,ENTPD4,MYO7B,CCNE1,XXYLT1,INTS2,USP30
7689,STMN1,ZNF259,SPECC1L,AC004257.3,PAPD7,TMEM135,ZNF354B,C14orf93
7690,DNLZ,FBXO5,SPATA5,ODF2,KRT7,RP11-97C16.1,NCR1,LINC00954
7691,HSPG2,LGALS9B,MYPOP,RN7SL1,RNF103,GPR27,METAP1,SGMS1
7692,C2,AFAP1,SLC9A9,CDK2AP2,GTSE1,RP4-607J23.2,ZNF595,GTPBP3
7693,DOCK7,AP5Z1,BAHD1,OSTM1,AC009961.3,SLC22A17,MON1A,SLFN13
7694,CD1A,FAAH2,URB2,C18orf8,MYO1E,PFN2,SEPT10,RP11-73E17.2
7695,TGFB1I1,CRYM,MSS51,GSTM1,MTMR8,SYP,FAXDC2,SLC35E3
7696,LDLRAD3,YES1,IRGM,HIST1H2BK,CNTLN,AL627309.1,GIGYF2,PKNOX1
7697,C22orf29,FCRLB,NFIL3,RP11-90D4.3,ZNF239,FAM222B,NACA2,IFNG-AS1
7698,GNAL,RSG1,PPP1R3F,WSB2,COL19A1,TUT1,FDX1L,ZFX
7699,SBF2-AS1,SEMA4B,PAK4,RP11-359K18.3,KCNH8,EBF1,ERF,CTD-2020K17.1
7700,FAM132A,MAD2L1,RP11-90D4.3,RP11-290D2.3,UFSP1,CHM,RAB27B,PBX4
7701,SLC22A4,NAPSA,ELMO3,RBX1,RP11-192H23.4,PET100,LGALSL,E2F2
7702,RUFY2,GPATCH1,ADAT2,NPHP4,B3GALT2,PLXDC1,PDGFD,CDPF1
7703,WDR66,CNR2,NHS,PRR11,TEX14,CTD-2012J19.3,SDR42E1,NRF1
7704,LANCL2,CCNB1,TMEM171,LYSMD4,GHRL,KIAA0556,CARF,DOPEY1
7705,RP11-490M8.1,HCFC1-AS1,ROPN1L,SPATA21,SCD,C2orf27A,DSE,GS1-251I9.4
7706,ST6GALNAC3,ZNF175,TUBG2,KCNMB3,SYNM,CCDC51,PIGQ,RP11-343N15.5
7707,CTB-55O6.12,C10orf105,RP11-135A24.4,ZBTB47,RFPL1S,SRP14-AS1,AKT3,UNK
7708,RP11-14N7.2,NPPA-AS1,SORT1,LRRIQ3,ABHD16B,MYH10,RP11-796G6.2,DPY19L4
7709,APOA1,CALD1,PAGR1,KCNAB3,MICALL2,PVRIG,AP001053.11,KAT2A
7710,C9orf96,SNURF,RP11-10K16.1,TUFT1,C6orf99,HIST1H4A,KCNAB2,TNS3
7711,PARM1,RNF185,DIS3L2,RP11-692D12.1,CRIP3,C11orf80,PRKCI,RP11-138A9.2
7712,GPR141,ZNHIT6,FAM98A,SSPN,SYDE2,AC009948.5,PAM,TUBE1
7713,MYPOP,P2RY14,PRMT7,RP11-875O11.1,PHC2,DIEXF,GCN1L1,COQ10A
7714,TMEM187,RBM27,ETV2,CBLL1,CDC42EP1,RP11-712B9.2,N6AMT1,PUSL1
7715,ZNF613,PTPN13,OSBPL3,FAM13A-AS1,P4HA1,C8orf33,IRAK2,MED9
7716,EVI5,TTLL11,FDXR,HEATR5B,LINC01013,FAM98B,CKAP5,PIKFYVE
7717,RP11-219B17.1,POLD1,SMG8,HES1,VENTX,SLC17A9,IFNGR2,HIST1H2BC
7718,CTD-2302E22.4,CTD-2583P5.3,CTC-425F1.4,CEP170,RP11-701P16.5,PRC1,ACSF2,MCM6
7719,RP11-666A1.5,RP11-539L10.2,CCR9,AC004463.6,ERC1,TMEM39A,ZNF256,NT5C3B
7720,ZNF503,IRAK2,USP44,TTYH2,RP11-117D22.2,EIF3J-AS1,VMP1,SECISBP2L
7721,KCNQ5,C14orf79,TTC30A,BLM,TP53I3,USP35,FAM173B,TCEAL8
7722,IRGM,AC005253.2,DCLRE1A,RP11-247A12.2,RPUSD2,PLEKHH2,ING5,IL4I1
7723,RP11-894P9.1,CCDC102A,RBM41,PSPH,WBP2NL,SMPD3,UBR3,RP11-347P5.1
7724,TMEM163,FER,SGK3,UHRF1BP1,SNX33,KIFAP3,CCL2,CHAMP1
7725,RP3-508I15.21,WNT11,USP35,HSPA1A,ZNF630,ATXN1L,RANBP6,CWF19L1
7726,C19orf18,ZNF879,AL590452.1,NFIX,RP11-677M14.2,P2RY14,SLFN12,PFDN4
7727,RP11-192H23.4,CLCF1,EXOC3L1,BAHD1,RP11-279O9.4,MCOLN2,C16orf86,NUFIP2
7728,ZNF341,PLA2G6,GBGT1,METTL1,RP11-313P13.5,IL2RA,SULT1A1,AC084018.1
7729,ISG20L2,AC008443.1,RELL1,SLC19A1,RP11-803B1.8,HP,LRRC37B,EAF1
7730,ZNF490,NTHL1,PER3,FAM49A,PAK3,MSANTD2,TNFAIP8L1,PAAF1
7731,NTNG2,RP5-1021I20.1,WDR81,GPR126,RP11-522I20.3,NT5DC2,KB-1732A1.1,ENO3
7732,WLS,RP1-102H19.8,C14orf79,KATNB1,RP11-126K1.6,RAC3,TEFM,ARHGEF37
7733,CCNE1,RHPN1,PSMG3-AS1,ZNF441,PPARGC1B,PARG,PLXDC1,GNG10
7734,CCDC102A,NUDT17,RP11-247A12.2,RP11-154H23.3,CKAP2L,ZNF35,PROCA1,CEP170
7735,AL354822.1,POPDC2,SNX24,IER5L,KIF27,IL1R2,AC005253.4,PET100
7736,COL4A4,IKZF2,TBX19,CD163,N6AMT2,DNAJC18,MLC1,GEMIN8
7737,DPF3,TRAF7,PCNXL2,CTD-2047H16.4,THTPA,CCNB2,C15orf61,DHDDS
7738,DLGAP3,RP11-110G21.1,RP11-1398P2.1,RP5-1103G7.4,INPP5E,URB1,STXBP2,CSE1L
7739,DIRAS1,DNAJB12,FAM102B,SUMO4,ZDHHC23,ZBTB48,RP11-359I18.5,UEVLD
7740,DNAL1,RP11-467P9.1,METAP1D,STK36,RP11-734K2.4,PRMT6,CCNT1,MPZL1
7741,NBPF12,ZNF181,ST6GALNAC2,UGT2B17,RNASEH1,RAB8B,ZFYVE28,BACH2
7742,RP11-92K15.3,RP11-348F1.2,DICER1,AC079807.2,RP11-817O13.8,NDFIP2,RP11-66N24.3,FAM91A1
7743,CTD-3154N5.1,LEAP2,TNK2,KLC4,TNFSF13,STX1A,RP11-85A1.3,RCN3
7744,KIAA1377,RP11-66N11.8,SLC9B1,ZNF85,SPAG4,TAPT1-AS1,PDZD8,DIS3L
7745,PRRT2,MAP9,SERAC1,CTD-2007H13.3,ZNF484,GMEB2,POC5,ZFYVE27
7746,SASH3,OAZ3,GREM2,RASGRP3,SLX4IP,RP11-802O23.3,PAG1,PNKD
7747,ADAMTS6,PNMA5,OAS2,CEP350,RP11-393I2.4,ZNF268,C9orf3,ZC4H2
7748,AC007386.2,PCBP4,RSG1,ZNF670,RP11-214O1.3,CCT6B,CBX6,RP11-421L21.3
7749,C9orf169,RP11-787I22.3,ZNF821,ZNF34,RP11-119D9.1,EARS2,SH3GL1,NFE2L1
7750,UBXN6,ASB13,AC015849.19,MIR497HG,PSD,LINC01023,FUK,CCDC71
7751,MEGF8,CCSAP,LRRC48,ZGLP1,ZNF765,RP11-492E3.2,ARRDC3,TMEM234
7752,CCDC151,SLC39A14,RP11-191L17.1,ZNF619,C5orf34,TMTC2,GOLGA2,C12orf49
7753,CTB-61M7.2,TMEM163,DLL1,CD274,HIST1H4A,LINC00987,BRSK1,COG6
7754,FAM198B,CCDC106,IGFBP7,SDAD1,C11orf95,RANBP3,UBE3D,PANK3
7755,FAM81A,C10orf95,TEC,QPCT,CLEC4D,MAP9,RP11-443B7.3,EPHB6
7756,ZNF626,BOLA2B,AF127936.7,N4BP3,PRPF40B,LTC4S,DCBLD1,ECE2
7757,DDR1,ARFGEF1,MCF2L2,HAAO,CCT6B,MYEF2,PUS7L,RP11-452F19.3
7758,NME8,SLC45A1,FAM114A1,AC024592.12,SPEG,TSPAN7,FCRL6,UBR7
7759,RP11-158I9.5,CSF1,C5orf34,RP11-350F4.2,RP11-413H22.2,RHPN1,CCDC73,RFFL
7760,IL24,AC096772.6,C19orf44,LRRC16A,ANKFY1,KDM5D,ZNF568,SMPDL3A
7761,RP11-1000B6.3,PDCD1,PDGFRB,PSAT1,RSG1,C19orf35,MAP9,PDIK1L
7762,AC073072.5,ATAD3C,IL17RE,PRR14L,RP11-624C23.1,KIR3DL1,ZNF566,B9D2
7763,ZNF433,ACACB,TRIM66,CLDN12,ADAM12,AMIGO1,ALOX12,LYPLA2
7764,GREM2,RHOBTB1,ERBB2,RP5-1180C10.2,CENPE,GORASP1,LYNX1,C10orf88
7765,MEFV,SRP14-AS1,PER2,DET1,C11orf84,RP11-873E20.1,ZNF253,NAP1L4
7766,CEMP1,CTD-2162K18.5,GPR174,RTP4,CPNE8,MTFR1,EML6,HSPA13
7767,STEAP1B,MAPKBP1,PRRT1,VWDE,PTGDR2,CYP2U1,CD300C,GXYLT1
7768,CTD-2135D7.5,ZSWIM4,CDK5RAP2,BRAT1,FAM106A,MEF2BNB-MEF2B,GTPBP2,ITFG3
7769,RP11-307C12.13,RP11-706O15.1,SLC25A46,BEX1,ABCB9,C16orf58,MFSD4,HHLA3
7770,HBQ1,SEPT4,RP11-536C5.7,RPH3A,ITPKB-AS1,BAIAP3,RP5-943J3.2,ZNF529
7771,AGBL2,ZGPAT,C11orf30,PRKCDBP,FKBP1B,PLD6,BRMS1L,ZW10
7772,RP11-138I18.2,RP11-383C5.4,PAQR7,RP11-389O22.1,CEP152,KIF11,C19orf60,SIRPA
7773,SLC2A5,SEPT10,TMEM110,RP11-161M6.2,ILKAP,ZNF175,MTHFD2L,SLC25A4
7774,KHDRBS2,ADAM19,PIGZ,DND1,ZNF134,HELLS,ARL17B,DUSP3
7775,COLCA2,KRT72,CTC-301O7.4,FASN,GIPR,LINC00694,UBE2T,FLNB
7776,KIAA1671,FLVCR2,C17orf103,ZFP41,MYO16,LRRC61,UGGT1,OXR1
7777,SH3PXD2A,ELMOD3,GOLM1,RIMKLB,RP11-178G16.4,USP3-AS1,PRCD,STK11IP
7778,RP11-356N1.2,ATP2A1,RP11-573D15.9,SETMAR,MYB,PRKCZ,TPRG1,MCCC2
7779,ZNF585B,WDR11-AS1,KAT5,PTRH1,LY96,SLC29A2,SPRYD7,INPP5F
7780,NUDT14,SDCCAG8,C6orf99,RAP2C-AS1,RP11-87C12.2,UBXN7-AS1,SCAP,ZNF333
7781,FRS2,NCALD,WDR37,CTC-503J8.6,RP11-517P14.2,BBS2,ELOVL3,ST3GAL4
7782,C10orf95,KCNH8,FAM168B,SLC38A9,HARBI1,FRMD4A,TBC1D13,FBXL20
7783,EFCAB4A,TRIM47,SLC25A44,BIK,FXYD6,TRIM47,SVIL,DEAF1
7784,CTD-2012J19.3,ANKAR,AUTS2,ZNF517,AC006994.2,HMGA1P4,TRAPPC10,CES4A
7785,BAG1,PNMA1,NOXA1,ARMCX2,CTC-428H11.2,TDRD9,MIER3,RGP1
7786,AC104699.1,MDN1,RTKN2,LPCAT2,CXCL10,PRKAR1B,FAM76B,OPA3
7787,RP11-791G15.2,PRSS57,HIST1H4H,RAC3,TBC1D9,MMP9,DUSP10,DGKE
7788,CABP7,ZFYVE9,RP11-589C21.5,MBOAT2,LACC1,FBXO30,RP11-359B12.2,KCTD17
7789,UBAC2-AS1,RP11-318E3.9,DKK3,MTA1,NOD2,RP11-35G9.3,PIGL,ZDHHC18
7790,TUBB4A,ZFY,KIAA0895L,RP11-514O12.4,SLC29A2,PAQR7,DPH1,RP11-140K17.3
7791,MCF2L2,BCL2,KIF3A,PEX11A,FGD4,FKBP1B,WDR7,FAM117A
7792,RELL1,MYBL2,KISS1R,SLC1A7,RP11-389O22.1,BRCA2,FGD4,FOXK2
7793,CHCHD2,SPIN1,RP4-583P15.10,RPP25,CCDC154,MYBL2,GUF1,ARSG
7794,RND1,P2RY1,RP11-5C23.1,CTC-378H22.2,RFX7,SHQ1,TMEM164,PRKAB1
7795,ESR2,RP11-412D9.4,RP11-1407O15.2,PLAG1,MYH10,BCDIN3D,NSUN6,TSC1
7796,ZNF77,GOLPH3L,KIF11,FAM86C1,SLC31A1,GANAB,HAUS8,PSMC1
7797,FBLN5,ABHD16B,NHLRC1,TVP23A,SYT17,RP11-973H7.4,USP44,CXCR5
7798,POLD1,FAM106A,AC159540.1,NRBP2,ZNF558,PLCB1,CNTROB,TSPAN17
7799,GOLIM4,IL1R2,TVP23C,MFSD8,VPS37C,LAX1,SGK3,TPM2
7800,PIF1,C11orf80,ST6GALNAC1,ZNF582,GS1-393G12.14,FCRLB,GPHN,C12orf73
7801,VSIG10L,AC015849.19,RTN4R,NPIPA5,SULT1A4,ME3,RALGAPA2,FAM98A
7802,MAMSTR,ABCB9,EDARADD,WDR12,RP5-1136G13.2,ZNF438,TMEM184C,METTL8
7803,CTD-2544N14.3,TMEM187,ERCC8,RP11-46C24.7,PAQR7,UXT-AS1,RP11-403A21.2,KPNA5
7804,AC069513.4,BIRC5,RP11-367J11.3,RP11-457M11.5,OAF,MMRN1,MAGIX,UBFD1
7805,BIRC5,IGF1R,HOOK1,ZNF442,TMEM180,NCAM1,ME1,DOHH
7806,FKRP,ALDH18A1,SPIN2B,AC026202.1,CTD-2012K14.7,MICU3,ZNF345,SLFN12L
7807,MYO7B,LRP3,RP11-350G8.5,RP11-728F11.4,RP11-58B17.2,CTD-2260A17.2,AMMECR1,MYOF
7808,RFESD,RP11-258C19.7,CAD,TOMM34,RFWD3,LINC00623,ZNF570,KLHL8
7809,RPUSD4,NEURL4,RP5-821D11.7,NHSL1,DGUOK-AS1,ZNF404,F5,GAB3
7810,PIK3AP1,ZNF615,COX6B2,OTUD7B,AP001058.3,GPRASP1,HIST1H2AG,AP2A2
7811,LGALS9C,C10orf12,C22orf15,ZC3H3,OSBPL1A,LOXL1-AS1,CCNE2,ZFP62
7812,RP11-110I1.14,CTB-12A17.3,EPDR1,TTC24,AHCTF1,RP4-536B24.3,PCBP4,ADCK2
7813,GPR107,SHF,CRYZ,RP11-426C22.5,NKD1,SYNC,RP11-296O14.3,RP11-285F7.2
7814,MCTP1,MEG3,EIF4E3,ZNF598,RIMKLB,MFSD9,NR2C1,RP11-66N24.3
7815,SEC14L2,OXLD1,LRFN3,RPS6KA2,WRNIP1,DLGAP3,KRTCAP3,RBM28
7816,AC104655.3,CTC-534A2.2,TRIM58,CYB5R2,RP11-372K14.2,RP11-164H13.1,RNFT2,GLTPD1
7817,IBA57,B3GNT1,SOCS6,GOPC,PCBP3,RP11-841O20.2,C17orf67,SUV420H2
7818,CENPW,ZWINT,MYEF2,AP001046.5,GLTP,PAOX,PIKFYVE,SFT2D3
7819,ELMO2,MED13,HIC2,ZNF77,RP11-803D5.4,CASC5,FCRLB,STAP1
7820,CAPN3,RP11-517P14.2,EPHX1,GPR160,CD300LB,PLRG1,CSPP1,ZNF211
7821,COLGALT2,CCDC154,MT3,PGBD4,TMEM170B,CCDC102A,GTF2H2C,ABHD8
7822,SGCA,ZNF557,DDX11,PRDM11,C15orf41,RAD51D,AC021188.4,CTB-58E17.1
7823,GPR153,AP000254.8,DENND1C,RPL22L1,TLR7,RP11-169D4.2,DBR1,MYCL
7824,HRSP12,STX10,NPHP4,CCDC106,RP11-334C17.5,MYBL1,RP3-525N10.2,LMBR1
7825,ARHGEF12,RP11-47L3.1,CBY1,RRNAD1,MS4A14,TBC1D10A,POMZP3,PURA
7826,AP001412.1,MYO16,FCGR1A,ZSCAN30,C5orf51,PMP22,EXOC6B,IMPACT
7827,MMP25,MUC12,GOLGB1,CHTF18,ZNF763,LRIG1,TENM1,ARL17B
7828,RP11-511B23.1,AURKA,AC139100.2,TFR2,RP11-466F5.8,AC005253.4,L1TD1,NUP85
7829,AC007880.1,GPR153,IL23R,PUM2,EXT1,LINC01146,HSPH1,GHDC
7830,C9orf91,RP11-173M1.8,FAM13A,RP11-178G16.4,NDOR1,RP11-111A22.1,TSGA10,BCAP29
7831,STOML1,CTA-29F11.1,ARL6,RP11-787I22.3,CCDC122,SLC45A4,GRAMD4,TLR10
7832,AHCYL1,ARHGEF39,GK5,DHX40,ZNF70,ATP5F1,HES1,CHKB-AS1
7833,MARCO,RP11-54O7.11,COPA,TMEM176A,SLC37A2,AZI1,SUV39H2,ZNF814
7834,LINC00528,KCNG1,SPIN3,MAD2L1BP,WWC2,PCBP4,DNAH1,RP11-115C21.2
7835,LRRC46,LINC00893,MIR181A1HG,TMX1,UBTD1,ZSCAN22,WDR59,SETD1B
7836,RP11-54O7.17,SRR,SMC5,PPP4R2,EVA1C,KLRF1,PTCH1,NUP205
7837,ZNF70,NFE2L3,FAM89A,EXOSC1,RP11-404F10.2,RP11-1100L3.8,RP5-886K2.3,TAF1B
7838,KCNMB1,RP13-314C10.5,ARL1,CTD-2369P2.2,ALKBH1,ADAM23,AP3D1,SLC25A19
7839,DNAJC5B,KIFC3,EPHA4,TSNARE1,SNX21,ZNF778,SLC22A15,SPATA20
7840,TESK1,SEMA4C,SDR42E1,NIPAL2,STS,RRP1B,UNC119B,NUPL1
7841,CRIM1,TMEM27,LZTS1,KLC2,EXD2,TMPO-AS1,C16orf52,CAMTA2
7842,SHISA4,NOD1,BBS12,SRGAP2,UBE2T,HIST1H1B,VAV1,STX6
7843,TBC1D25,LY6G5B,TMEM161A,RP11-313P13.5,SORT1,UTP15,KCTD1,CASP5
7844,ATXN1L,RCCD1,TYMS,RP3-455J7.4,RP11-849F2.7,APC,AGPAT5,AHSA2
7845,MIR181A2HG,SETD9,SLC22A17,AC093323.3,IKBKG,CENPL,COCH,ARL8A
7846,AGAP5,COL6A2,AC009948.5,RP11-337C18.8,RP1-187B23.1,TARDBP,ZG16B,TSSC4
7847,CDC20,CTD-2541M15.1,RP11-179B2.2,ARL5B-AS1,FBXW9,TP53INP1,PEX14,SP1
7848,C11orf82,DENND4A,NAIF1,EPHA1,RP11-841O20.2,ZNF181,ABL1,ANKMY1
7849,RP11-95D17.1,SLC26A2,C4orf36,RP11-390F4.3,RP11-539L10.3,NRP2,HEMGN,RFNG
7850,CNNM4,GSTO2,LAIR2,HCFC1-AS1,HIST2H2AB,ZNF296,RN7SL1,AC006129.2
7851,RP11-324I22.4,MRPL1,RGAG4,PLA2G15,MSANTD4,TSTD2,ERCC6L2,ZFP82
7852,RP11-279O9.4,RP5-887A10.1,SART3,CANT1,RNF144A,LGALS9B,AC093642.3,CASP2
7853,P2RY2,ZNF251,RP11-815J21.2,ABLIM2,RP11-402D21.2,RP11-327F22.2,MCM3AP-AS1,SCAMP1
7854,AL591479.1,PIGM,AP000783.1,RP1-257A7.5,RNF217,CENPM,SLC4A8,KRT1
7855,C20orf197,RP11-326C3.12,FOSL1,CPNE5,METTL20,METTL18,UACA,DCTN5
7856,AP003774.6,RP11-1348G14.5,NAMPT,AP000442.1,INTU,ZNF16,PRICKLE3,LINC01004
7857,CARD6,ZNF184,OTUD4,USP6NL,LYNX1,TMPRSS13,STK35,NDST2
7858,BEND2,HIST1H2BD,ESCO1,ANKRD18B,MAP6D1,AHDC1,FAM111B,RP5-1125A11.1
7859,YY1AP1,RAP2A,HSD11B1,RP6-99M1.2,RAB11FIP2,ZNF500,BRCC3,OSBP
7860,CSF2RA,ZKSCAN2,RP11-634H22.1,NLRP2,RAD18,RP11-182L21.6,SUFU,VAC14
7861,UBAP1L,ANK1,MBOAT2,DTWD2,TRIM2,PPP2R2B,INTS9,WIZ
7862,LGALSL,OASL,ACOT11,RNF103,CD83,PLCL2,FBXO10,MAF
7863,WNT16,TMEM260,RP5-1021I20.1,KCNG1,THOP1,AMN,GAB3,RP5-1073O3.7
7864,TCEB3,RP11-104L21.3,ATP13A4,ZSWIM1,ARSB,SEPHS1,GRAMD3,IDH1
7865,RP11-218M22.1,ZNF286A,ACRC,ZBTB8A,MB21D2,GGT7,CTD-2162K18.5,GZF1
7866,PRKCE,PIGL,USP21,FMO5,CEP350,MPP6,P2RY2,CEP120
7867,LY96,KIAA1551,ALG11,MTHFD1L,FEM1C,NFE2L1,RAPGEF2,RPE
7868,KIAA1598,ATN1,GAREML,MFNG,AL136376.1,MBOAT2,KLHL21,SLK
7869,IL10RB-AS1,RIOK1,ZNF527,MDC1,RP11-410L14.2,DZIP3,VAV3-AS1,FTO
7870,CXCR1,AC007386.2,CBX8,NEB,RP11-242D8.1,MVK,ATP8B1,POLG2
7871,EPM2A,LENG8-AS1,PLEKHG5,HIST3H2A,SLC22A4,ZBED6,FANCE,RDH5
7872,UGT8,XYLT2,ICK,RP13-582O9.7,PRRG2,LRMP,MAP2K4,PRPF39
7873,CDK14,RNU12,KIAA1377,ANAPC4,ZYG11B,TM7SF2,ZNF257,SIK3
7874,ZG16B,C3orf52,C19orf35,BNC2,FCRL1,RP11-1000B6.3,CR2,DENND4A
7875,CXCL10,LYRM9,TAF5,UST,NFIX,FBXL14,ZIK1,ORAOV1
7876,TRIM44,EHD3,DOCK11,IFT80,RP11-378J18.3,DCAF12,ZNF799,ZNF689
7877,RP11-145M9.4,HELLS,RAB33A,SIPA1L3,ZNF133,RP11-796G6.2,RP11-277L2.3,PIGO
7878,ZSCAN21,LRRC8B,PLEKHA7,NUDCD1,GPR55,C5orf42,TUG1,MAFF
7879,ECI1,ZHX1-C8ORF76,CMC4,FOCAD,RP11-73K9.2,RFPL2,FANK1,B3GNT8
7880,ACRC,GATM,SEPT8,SNRPN,LOXL3,MEX3C,ZNF404,CREBZF
7881,NLN,NTNG2,MZF1,XKR6,RP11-448A19.1,C1orf86,NDUFB2-AS1,SLC12A4
7882,RP11-793H13.10,CHCHD6,DCAKD,CTB-102L5.4,ENC1,SERPINF2,ATP13A3,FAM117B
7883,COL4A3,ZNF365,ARSB,GAB3,HILPDA,MMP23B,TRIM21,TBL3
7884,FAM72B,KDM4D,TOM1,DLG3,LARGE,DGCR14,TAL1,ZNF138
7885,TMEM131,AATF,NRN1L,TPT1-AS1,CTD-3193K9.4,GSDMB,GLMN,FRY-AS1
7886,VIT,RP3-473L9.4,RP11-131L23.1,NAIP,RP11-179B2.2,C20orf194,RFXAP,ACADS
7887,RP11-805J14.5,SDCBP2-AS1,QSER1,TEX14,SGOL1,POLR3H,GPD1L,TFB2M
7888,C5orf22,CTA-373H7.7,RP11-290L1.3,CCDC157,XXbac-B135H6.18,DNAJA4,GABBR1,APOL2
7889,AMIGO1,HIST1H4H,ABL1,GOSR1,VAV2,CBLN3,DCAF17,SLC46A3
7890,ZBTB5,TGFBR2,ZDHHC7,PWWP2B,C2,VAMP1,LZTR1,MMS19
7891,SLC35D2,CENPJ,ME3,SH3BP5L,MMP25,CEP19,TIMELESS,RET
7892,ZFP28,ZNF619,ATAD2,GIPR,TMSB15B,SLC15A4,FYCO1,FBXO41
7893,ZNF35,CCDC82,PAK3,AC131097.3,ZNF516,ZNF562,TAF1,C11orf74
7894,ASAH2,RP11-98D18.9,HAAO,ZDBF2,FUT10,LZTFL1,RP11-488L18.10,SLC37A3
7895,DNAJB5,NARS2,RP11-166P13.4,BCL2L14,RP11-162G10.5,AKR1E2,REV3L,LINC00998
7896,RNU11,GSPT2,ZBED4,LGMN,RP11-223C24.1,IRAK2,KDM6A,SLC35C1
7897,CTC-550B14.7,AL136376.1,C22orf46,TRPM4,LAPTM4B,RNF31,HAUS5,MZF1
7898,AP003068.23,FCRL2,KIR3DL1,USP31,RP11-442H21.2,BIK,VAMP4,C5orf28
7899,FAM106A,RP5-1148A21.3,SLC30A9,MILR1,KANSL1L,LINC00861,AC005932.1,PRMT3
7900,TCN2,SBF2-AS1,SLC46A2,ZNF394,KLK1,MCF2L,TCF19,INPPL1
7901,ZNF30,ZXDB,NAA16,C2orf40,C20orf201,RP11-42I10.1,ENPP4,DOCK10
7902,SIAE,GKAP1,MICALL1,SACM1L,RP11-178C3.2,AC009133.14,RP11-658F2.8,STAT3
7903,AP4E1,KRTCAP3,RCN3,SEPT5,RP11-862L9.3,VMAC,IFT88,GLYCTK
7904,AL136376.1,TBC1D32,C2CD5,AL441883.1,SFMBT2,BTG3,CXCL16,FOXN2
7905,PARP2,LRP12,YPEL4,POU6F1,ZNF699,WLS,RP11-798M19.6,NAA25
7906,ZNF879,ANKRD13C,CCDC176,RP1-317E23.3,RP11-473M20.14,C2orf81,WDPCP,UBA3
7907,HES1,SGK223,DNAJC3-AS1,CBWD3,TLDC2,CA5B,SMG1,PECR
7908,TMCC2,RAB1A,MCOLN3,RALGAPA2,ZNF513,CDK10,C9orf41,LEMD3
7909,RP11-98D18.3,RNLS,RP11-351D16.3,TMEM176B,CASC5,AC023490.1,RP11-429J17.2,GHITM
7910,RP5-1098D14.1,ARL8B,TNRC18,LILRA4,TROAP,NFX1,FOXO3,P2RY13
7911,CCDC86,HRASLS,MED21,FAM65C,EPHX1,TRIM37,TLR8,SESN2
7912,MBLAC2,SLFN12L,XXbac-BPG252P9.10,BCL2L2,RP1-151F17.2,LDHD,ELMOD3,RAD51B
7913,CCDC106,RP13-516M14.1,SLC39A13,DSC2,CTD-2368P22.1,IPP,RP11-423O2.5,RP5-940J5.9
7914,MIR497HG,CTB-133G6.2,NFU1,TRAM2-AS1,TPX2,TCF20,PMS2,EFHC1
7915,RAB30,RP5-1007M22.2,LL22NC03-75H12.2,CXCR2,TMEM52,LINC00968,SQLE,FBXO33
7916,IL18,RP11-295P9.3,PLCL1,ZDHHC23,CDC26,KCNK7,IGFBP4,GPR89A
7917,ZNF772,RP11-95D17.1,TNFRSF12A,EP400,LINC00987,HEATR5B,CLUAP1,P4HA1
7918,HLA-DOA,THBS1,XXbac-B476C20.9,AC009005.2,NR2C2,BPNT1,PCSK1N,UBE3D
7919,OSBPL3,LPAR2,FZD3,AC124944.3,RP11-138I1.4,PBXIP1,APOA1,C1QC
7920,SFXN2,ELMOD2,RP13-131K19.6,PLXNC1,ENKD1,PATL2,CD8B,FAAH
7921,THAP6,ZNF726,NOL6,CD93,ACVR1C,BTBD6,hsa-mir-8072,PAOX
7922,RP11-426C22.5,GLS2,ALOX12,EHBP1,GPR137,SHPK-1,RP1-39G22.7,RLIM
7923,RBBP9,CCDC58,SETD3,PREPL,SSPN,CDKN2AIP,P2RX5-TAX1BP3,PLA2G7
7924,HOMER3,C8orf33,GPATCH4,SMC2,AP003419.16,EGR2,SLC38A6,SLC18B1
7925,HAS3,RP11-658F2.8,ZHX1-C8ORF76,LLGL1,ZNF19,CNN3,ABCA3,LIMA1
7926,AP000783.1,TMEM2,TGIF1,AC010761.8,CACNA1I,SAMD3,TLR7,RMI2
7927,NFIL3,FITM2,RNASEL,LINC00493,RNF207,PPT2-EGFL8,MAP7D3,AGPAT3
7928,RP11-203J24.8,MAST4,CDK5RAP1,C11orf95,TNNT1,DOCK9,MBTPS2,MAN2B1
7929,TRAPPC12-AS1,ERCC6,AFAP1,CCDC73,SLC6A16,C19orf40,NAA25,MFSD10
7930,PXDC1,RAD18,POFUT2,RP11-166B2.8,AP001469.9,UBQLN4,PEX7,CCDC6
7931,GEM,TSPAN18,ZXDB,SLC25A40,STAM2,OTUD3,FOLR2,ORC2
7932,RHOT2,RP11-326C3.15,MTUS1,ACER3,C2CD2,IL7,MAP2K7,CCR1
7933,ZNF546,LPAR5,NCAPG2,SMARCD2,CD274,AUTS2,TRAF3IP2-AS1,TMEM256-PLSCR3
7934,RP5-930J4.4,MACROD2,SULT1A1,C1orf200,SEC23IP,PRSS57,TMEM121,BARD1
7935,OAF,GPR150,CDAN1,MCM9,MAML3,ARMC2,CTC-503J8.6,MTF1
7936,TCFL5,PKNOX1,CNEP1R1,SMCR8,DMWD,NSMF,NANP,BTD
7937,STAP2,SNAI3-AS1,IGFBP3,WDR25,ZBTB39,PPAP2A,KIF3C,ITGA5
7938,TMEM63C,SH3BGRL2,PPP1R9B,RP11-169D4.2,TRIP6,ST7,LINC00944,TOP1MT
7939,ZBTB47,CENPH,METTL22,ST8SIA4,ATP5L2,HSF2,NARG2,URGCP
7940,RP11-297B17.3,CTD-2012K14.6,C9orf139,ALPK1,HCG27,RP11-412D9.4,ZNF460,LRRK2
7941,ZNF709,C5orf34,RP11-65J3.1,LNX2,EPHA4,HACE1,RP11-873E20.1,HCG25
7942,COL9A2,DLGAP1-AS2,ZNF74,TNFRSF13C,SEMA7A,BDH1,ZNF714,FASTKD2
7943,RP11-452L6.1,TIAM2,CDK7,PPCDC,LILRA2,LRP2BP,ZNF764,RRP15
7944,ZNF470,PON2,ZNF559,NEURL4,RP3-400N23.6,SAP30,RP11-488C13.5,CCL3L3
7945,AC007879.7,ZNF683,RP11-474G23.3,RP11-440L14.1,CTD-2537I9.12,ZNF76,PLEKHH2,C19orf18
7946,ZNF74,RP11-22P6.3,BUD13,KRT7,RP13-638C3.4,NCR1,SSSCA1,RBM43
7947,RYR1,RTKN2,LPHN1,C12orf23,RP11-266J6.2,KLC4,FAM111A,GALNS
7948,TMPO-AS1,ZNF440,HIST1H2AL,PLXNA3,TRIM54,KB-1208A12.3,ZFP62,MED27
7949,SFT2D3,RP11-192H23.6,L2HGDH,DHRS11,PKIA,ZNF354B,NFS1,ARRDC4
7950,CSTA,DIP2C,MTMR8,CLDN5,CLDN7,RP11-103G8.2,GLE1,TMEM191C
7951,ASGR2,WDSUB1,IRS2,FBXO5,POU5F1B,CKMT2-AS1,AC062029.1,ZUFSP
7952,LILRA3,ZNF432,ZMYND19,RP11-212P7.2,KDM3B,CYTL1,SUZ12,INPP5B
7953,AC129492.6,FCER2,AC104820.2,RP11-275I4.1,MTX3,SLC25A30,JRKL,SPRYD7
7954,OCRL,HOXB3,TMEM45B,ARHGEF39,MCF2L-AS1,PDCD1,SEC22A,PRKD3
7955,ACTL10,WDR73,SERINC3,SERAC1,NOG,LMTK2,KIR3DL2,FAHD2A
7956,SOS2,DVL2,DARS2,LRRC1,NPIPB11,AVL9,ZNF248,TOPBP1
7957,CCDC14,RP11-22P6.2,STRN3,ACSS1,BOP1,ZNF680,ZNF71,NDN
7958,INHBA-AS1,DDX43,HIATL1,ZNF682,CDCA8,HLX,USP14,DYRK1A
7959,RP11-159H10.3,RP11-25K19.1,RP11-401F2.3,AC004854.4,ZNF845,STX17,RP3-402G11.26,PQLC2
7960,MIR4519,COL9A3,FOXP3,NDUFA3,WDR19,GCDH,RQCD1,KIAA0100
7961,KDM5C,AC078883.3,ZNRD1-AS1,NFRKB,RP11-290D2.3,OSGEPL1,hsa-mir-1199,PPP3CA
7962,PARP4,RAP1GAP2,INSL3,ASNS,PER2,RP11-693J15.5,LINC00494,SNX30
7963,RP11-475O6.1,NUAK2,ZFYVE1,ZNF444,ZNF646,IL4I1,ELMOD2,VMAC
7964,KLHL12,CD8A,LINC00954,ST3GAL3,PALB2,EXOC8,SLC8A1,FZR1
7965,QPRT,CTC-428G20.3,ENPP5,RAB31,RP11-664D1.1,HES1,CPT1A,TYW3
7966,ZMAT2,SENP8,SLC15A2,BTBD9,S100A13,YES1,GPA33,SRSF10-1
7967,ZNF768,SEMA7A,NOD1,BTBD7,ZNF687,CLDN7,ARRDC4,C12orf29
7968,ABCB8,ZNF639,SCN1B,ZNF738,TMEM67,TMEM53,RP11-103G8.2,MED13L
7969,EPB41L5,NPIPA1,RP11-680G24.5,RP11-950C14.3,RP11-798G7.6,FADD,TSPAN7,WDR48
7970,KCNC4,RP1-265C24.8,CTD-2015H6.3,EFTUD1,LRFN1,ANO9,RP11-104L21.3,ZNF3
7971,ZFP69B,BRD2,CASD1,VARS,LINC00920,ZNF639,ZNF350,SDF4
7972,EFHD2,ZNF222,CTD-2017D11.1,AC074138.3,STK33,DUSP10,CDCA7L,ZNF280D
7973,TMEM79,PODXL2,NUB1,ZNF880,CDK2AP1,LPAR2,TMEM140,UBE3B
7974,UFL1,ATRIP,MLYCD,SLC39A3,CALCRL,UBAC2-AS1,CLASRP,RBAK-RBAKDN
7975,H1FX-AS1,NARFL,TMEM262,SETD8,CLEC17A,ZNF417,TGFBR1,SLC8B1
7976,PHGDH,CD248,AFMID,ANKRD40,COCH,FAM115C,RAC3,PLD2
7977,AL133245.2,SLC2A1,PRRG2,DEPTOR,RP11-873E20.1,ZSWIM8,CASP7,TOX2
7978,C10orf91,TUBB2A,MIR22HG,WDR60,LENG9,NUDT13,RP3-477O4.14,BTBD9
7979,RP11-308N19.1,N4BP2,B3GALTL,DMD,RP11-486G15.2,STEAP4,AREG,C19orf59
7980,CHST10,JAKMIP1,OLIG1,GINM1,SLC35A3,GPR160,TRAF3IP2,C3orf14
7981,VPS13B,CTD-2616J11.2,BCL9,SCRIB,TLR6,UBE2W,CSTF3,SLC35E2B
7982,COQ9,RWDD2A,ZNF555,MED13L,KIAA0907,TYMS,LINC00623,RAD54L2
7983,PPP4R1L,RAB30,PPP2CB,ZNF724P,DDX55,PPFIA1,NECAB3,IL1RAP
7984,FAM47E-STBD1-1,ELF2,SLC51A,SELP,PIGP,CYB561D1,RP11-731C17.2,KIR3DL2
7985,ZNF200,AC006369.2,LINC00511,AC006129.4,CBLN3,MTA3,TBC1D30,NEK6
7986,FANCI,AC004447.2,SUV39H1,ZNF485,TMEM171,ZBED4,PTPN12,KNSTRN
7987,DDX51,PYCRL,DOLK,TESK1,HID1,RP11-318C24.2,RP4-610C12.3,DOPEY2
7988,ARHGAP6,CRYZL1,CYP27A1,MANSC1,CHGB,RP11-279F6.3,UAP1L1,SAMD8
7989,RP11-656D10.3,HIP1R,PGAM5,IL6,CRB3,C9orf3,SLC6A16,JDP2
7990,EBF1,FDPS,ACVR1C,CTC-338M12.6,AC110771.1,LSR,AC145212.1,UTP14A
7991,HIGD1A,LIN54,NCOR2,IBTK,SLC5A2,MAN1A1,GZMM,PTPN9
7992,LDHD,IL18R1,RP11-415F23.4,KCNH2,C11orf82,PTPLA,UBTD1,ECI1
7993,WDPCP,GPR114,ZNF121,C1orf101,STAB1,STK39,ARIH2OS,PDE4DIP
7994,ZDHHC14,FCRL5,C17orf51,MPP7,SERPING1,ADNP2,PI16,ZNF609
7995,RP11-421L21.3,PTK2,LSM14B,LINC01137,NAP1L2,EGFL7,GIT1,NCDN
7996,RMI1,FAM161B,STON1,PIGQ,RP5-1007M22.2,ATAD3C,DFFA,CRTAM
7997,RAD52,C15orf26,WBP1,TBCK,RP3-395M20.9,AK4,C19orf47,HDAC9
7998,SUOX,TMEM50B,FAM229A,NPM2,EPHA1,TMEM187,INTS8,TMEM156
7999,CLCN4,ZNF345,TMEM79,CPNE7,ZNF304,FBXL16,CAB39,SC5D
8000,RP11-1348G14.5,TMEM194B,FAM161B,RP11-391M1.4,ZBTB26,NUS1,AP1B1,ZNF804A
8001,NHSL1,THTPA,MEST,ALS2,ASTN2,PSMC3IP,PPFIBP1,NFXL1
8002,DMPK,NUP133,SUZ12,ZG16B,PIFO,SLC35F5,DHX57,EEA1
8003,GGA3,AP001469.9,CUBN,TGM1,WDR65,PEX1,CLDND1,HIVEP3
8004,IQCH-AS1,HLA-DQB1-AS1,CSE1L,KIAA1958,CHM,FBLN7,RP1-20N2.6,ADM
8005,PRCD,RP11-483P21.2,PDP2,OTUD1,NUF2,KRT1,RP11-481A20.11,TRAK2
8006,HNRNPA1L2,ATP8B2,GTSCR1,SLC39A1,FAM177B,ARHGAP22,C11orf95,MFSD4
8007,SLC22A18AS,CXCR2,PSMD3,FAM43A,MORN4,CENPH,RNF157,GSTM3
8008,MIR4453,KRT1,DROSHA,TGM2,SEPP1,C9orf64,GPM6B,LGALS3BP
8009,TMSB4Y,AC016700.5,NEO1,LYRM1,LZTS1,TRIM3,FER,ABCC10
8010,RRP7A,PRIM1,CCDC120,RP11-876N24.4,PLD2,AGL,STX1A,NUDT14
8011,TLR6,UFSP1,EML5,MEF2BNB-MEF2B,CCDC136,P2RY2,NPIPB6,AAR2
8012,TMEM41A,HYKK,ADAM9,CLPTM1L,C1QTNF6,AC007228.9,MTERFD3,POFUT1
8013,RALBP1,TXNL4B,EXO5,RP5-1092A3.4,DTX1,FAM76A,BAIAP3,FCGR3B
8014,MXRA7,NPIPB5,YES1,IQSEC2,LINC00886,COL6A2,KBTBD7,ZNF487
8015,MTFR1,ACSL3,RNF207,TNRC18,RPS4Y2,ZNF429,SENCR,PTPLB
8016,ZNF80,TNK2-AS1,ZNF664,WIPF1,P2RX5-TAX1BP3,BAMBI,HIST1H4J,ITPR1
8017,BMP1,PBLD,LCMT2,ARPC2,ADD1,RP11-390P2.4,SVOPL,TGDS
8018,RPS4Y2,NRXN2,DNAH1,RPA4,AGO1,RLIM,TAF10,LACTB2
8019,TOMM34,ST6GALNAC3,GNL2,PARP16,PTPDC1,PDHX,OTUD3,TRAK1
8020,VAV3-AS1,TIMM50,RFPL1S,FDXACB1,ZNF184,DNASE1L3,LRRC1,MICB
8021,FSD1,PIGA,RP11-388M20.1,TBL3,LINC00342,ABCD2,THAP3,ATAD3A
8022,GFER,AEBP2,SH3BGRL2,HILPDA,RP11-61J19.4,FDXACB1,SLC26A11,SLC22A18
8023,TMEM180,DGKD,DDR1,C16orf87,RP11-111M22.2,CYB5RL,RP11-389O22.1,NUDT4
8024,CRYBG3-1,CUBN,USP53,PLTP,AC011899.9,RECQL5,ANKRD13C,ZDHHC17
8025,PSME3,SPATA7,BTBD8,ALS2CR12,RP1-202O8.3,C22orf34,C1orf200,ASB16-AS1
8026,TP53INP2,SELP,ITSN1,DLL1,RBAK,NCEH1,PIGZ,AC004951.6
8027,ADAT3,B4GALT6,C11orf63,RSPH3,ZFYVE20,PAXBP1,XPOT,ZNF740
8028,FAM21A,MINA,TMEM121,P2RY13,RP11-867G23.4,RNF157,CCDC183,PLXND1
8029,DCAF16,CACNA1A,AC006116.20,RECK,FZD3,ZNF528,LIMS2,DYM
8030,RP11-960L18.1,KLHL14,EXOSC5,USP35,AC097500.2,TIMM9,RYK,WDFY2
8031,VANGL1,LATS2-AS1,AC007880.1,RP11-317N8.5,ARHGEF19,RP1-43E13.2,ARHGAP11B,VPS13D
8032,KLHL2,DLEU1,RGS12,RFT1,RP11-273G15.2,RP11-16E12.1,STK25,SCRN1
8033,URB2,PLCG1,CTD-2086O20.3,USP51,PLEKHH2,UPK2,KIR2DL3,MRE11A
8034,CD37,RP11-164H13.1,KNTC1,PTGDR2,RGMB,RP5-887A10.1,INPP5B,FKBP14
8035,ZNF577,CDKN2AIP,TMEM170B,CUBN,PAGR1,INPP5F,ZNF197,CEP104
8036,RP11-553K8.2,DLEU2L,SLC5A2,ZACN,FAM161A,BOLA3,CDK2,H6PD
8037,SIPA1L3,RP11-212I21.4,PTGIR,RP11-802O23.3,FAM131A,RP11-90P5.2,TRMT10A,ASB7
8038,MCM4,USP49,NOL3,FZD6,AGAP6,SIMC1,TCEANC2,RBM41
8039,MEIG1,MVK,ZNF577,ATF5,ACVR2A,LENG8-AS1,RGS12,LDLRAD4
8040,TNNT1,AP001058.3,NFE2L3,SLC38A7,RP11-176H8.1,TNFAIP8L1,SLC1A4,C2orf69
8041,ZNF324B,KLHL21,C5orf66,MSH2,NTNG2,AP003774.1,RP11-802O23.3,ATP13A2
8042,AP001462.6,IARS2,GPR141,RP11-589C21.5,ME1,SLC26A11,SPATA6,GCLC
8043,WDR25,SNX16,CCDC7,GINS4,MMEL1,ZCCHC11,MIR29A,MAFK
8044,TRPM4,UBAP1L,METTL6,DDX60,MMP17,MMGT1,EFCAB4A,PDE6G
8045,LAMP5,SLC4A4,TMEM107,KLB,RP11-293M10.5,ZNF358,ZNF699,METRNL
8046,GPR162,C19orf68,PRKCDBP,DGAT1,PLEKHG5,TCTEX1D2,SDCCAG3,ATG9A
8047,YAF2,TGFBR3,TAP1,TUBGCP4,CCDC24,NET1,EARS2,SARS2
8048,DLG5,REPIN1,MEOX1,ROCK2,FAN1,PHF2,C12orf42,C11orf49
8049,ELK1,UBE2T,METRNL,GCC2,PIEZO1,KCTD3,HIST1H4K,INO80D
8050,ATP2A2,RP11-94L15.2,RP11-575L7.8,GPX7,KIAA1324,HOMER1,FGFBP3,PIP4K2A
8051,RBM43,SPDYA,GSTM1,ASGR1,NOD1,RP11-104L21.3,WDR65,SLFN12
8052,CTB-91J4.1,AC079922.3,MBNL2,FEM1C,PITPNM2,RP11-66N24.4,FPGT,ATMIN
8053,PYGL,ASB2,AMIGO1,GCC1,RET,LAMP3,HGS,NFKBIZ
8054,TPM2,CACNA1C-AS2,EPS8,TMEM131,PTPN13,CCNB1,HIST1H2AE,RP11-400F19.6
8055,CLEC4A,PLEKHG4,LOXL3,FKBP7,KIF5C,ACOT7,FAM154B,SDR42E1
8056,DEGS2,SLC25A14,CKS2,TMEM161B-AS1,ADCY4,VPS4B,COPZ2,ZADH2
8057,ARMCX3,RRAGD,TBC1D8,PPP2R2A,PARPBP,KIF3A,MYO1D,VPS11
8058,RAP1GAP2,SWT1,SACS,SCT,RAC3,SPINT1,BDH1,HIRA
8059,MIER3,ZSWIM1,CSF1,ZIK1,AC009404.2,DSC2,METTL4,C6orf203
8060,CTD-2616J11.2,RAF1,NPIPA1,TUBGCP3,ARAP3,CA11,ABCB9,GPR114
8061,ARL5B,ZNF506,LRP10,SLC6A4,LARS,FBXW9,KCNQ5,RPS6KA5
8062,RP11-65I12.1,POLG,LOXL1,DNAJC24,C12orf29,SLC43A1,MLF1,LMAN2L
8063,C12orf61,AC020571.3,AC009299.3,SLC9B1,CCR4,TSHZ1,ITSN1,RNF20
8064,RP4-773N10.4,RP11-644F5.11,ARFGEF2,CEBPA,ZNF432,LRRC48,PDIK1L,THEM6
8065,SPIN4,SCARB2,TANGO2,C9orf37,POM121,IL18R1,SHPK-1,TUT1
8066,CR2,ABCC3,MAGEE1,LCMT2,SLC24A4,AC099850.1,RP11-372K14.2,TMEM102
8067,RP4-784A16.5,WRAP53,ECI1,CCDC138,FFAR2,GADD45G,ZMAT5,ADIPOR2
8068,RP11-876N24.4,SPIN4,LINC01011,ATP6V1H,GGACT,MYSM1,RP3-508I15.22,ZZEF1
8069,RB1CC1,THNSL2,RNF167,VPS25,EGLN3,KIAA0101,MYB,GLE1
8070,RAB31,PLK4,DTX3,DUSP5,PRPF3,NRBP1,RP11-126L15.4,YTHDC2
8071,ZSWIM3,IL2RA,OPRL1,HLA-DMB,CBWD6,TACR2,SYTL2,COX10
8072,NPC1,ZNF765,HKR1,GSTA4,ARL10,RIC8B,RP11-544A12.8,TNFRSF17
8073,CCSER1,PTPN22,TPTEP1,ZNF552,GAB2,ANAPC10,AC004257.3,GOLGA5
8074,RP11-428J1.5,HS3ST3B1,RP11-973H7.4,CLEC10A,ZMYM6NB,DTX3,PPIE,NR1D2
8075,METTL21B,LMOD3,IGFBP6,TRAPPC11,RP11-277P12.20,AC004257.3,GRWD1,GALNT1
8076,LCNL1,CCDC90B,ANKS1A,CTTNBP2NL,TMEM121,MRPS27,AMN1,TMEM62
8077,RP11-65J3.1,ATXN7L2,ACVR2A,NIPSNAP3A,LINC00663,TMEM251,SPOCD1,DDHD1
8078,ZNF280C,GOT2,CTD-2371O3.2,ZNF578,KIF13A,THUMPD2,IL6,NELFB
8079,SENP1,RP11-359I18.5,KIAA1683,CSF2RB,MYLK-AS1,ZKSCAN7,FBXO38,CABLES2
8080,RRAGD,PIK3C2B,CHCHD6,RNF26,CNRIP1,ATE1,VARS,FANK1
8081,RP5-892K4.1,NHSL1,RP1-151F17.2,ZFYVE1,RP11-553L6.2,SEZ6L,RP11-404F10.2,EDEM1
8082,TMTC4,ACOT11,RP11-158K1.3,PRR19,TCF19,PIK3R5,AC093391.2,RNF111
8083,KCNN1,ZCWPW1,APOBEC3B,PTGIR,PLXNA3,ICAM3,LAGE3,FAM43A
8084,TUBA8,ZNF182,KLF5,AC079767.4,LMO7,TM9SF1,ACY3,ZDHHC2
8085,ADCY9,ZFP82,ZNF574,NAA60-1,DTWD2,ZNF45,VKORC1L1,CHST15
8086,PLEKHG4,AC061992.2,HSPA1L,SLFN12,CENPW,LINC01137,IPO4,ST6GALNAC4
8087,RHOBTB3,TSGA10,NAP1L2,CTD-2630F21.1,GPR150,TMEM168,RP4-575N6.4,FLCN
8088,SLFNL1,RP11-563N4.1,TRMT1L,SNORA40-1,WWP2,UNK,REST,CTU2
8089,RP11-274B18.2,GRAP,TRUB1,EPRS,ZNF540,NEK3,IL1RAP,TEFM
8090,LRRC26,UBBP4,BRD1,NARG2,AC025171.1,TMEM180,FLCN,CPT2
8091,SERHL2,TIMM8B,DKFZP779L1853,AEBP1,ZBTB18,COPS7A,RNF8,TBL1X
8092,ZNF347,RAP2C-AS1,ZHX2,NDUFAB1,CLDN15,ZUFSP,PIP4K2A,TMEM5
8093,UQCRH,FBF1,THAP3,RPS6KA3,SLC16A1-AS1,COBLL1,MBNL2,MOSPD1
8094,GPR160,P2RY12,DGKG,RP11-490O6.2,RP11-111A22.1,SNX24,AGMAT,SHMT1
8095,B3GALNT1,DZIP3,KANSL1L,RNF114,PIP4K2B,ZNF286A,NEO1,SIDT2
8096,EPHA4,PIK3CB,EDA,THAP9,ZFP41,USP53,PTPRJ,GPATCH2
8097,UXT-AS1,ZNF341,HNRNPM,PHF19,RP11-731C17.2,RFX2,C1orf109,ZNF354A
8098,FUCA1,C19orf82,ATAD3C,MNT,FOXO4,BCL7A,STEAP1B,PREP
8099,PSRC1,NPIPA5,TJP3,CDK1,PRKRIR,TK1,ZNF808,ATAD5
8100,PIGM,RP11-338C15.3,TTTY14,SYCP3,HUS1B,ZNF786,ZNF12,ZNF675
8101,PLB1,SMIM8,KRBA1,HOMER1,C2ORF15,ABHD3,DENND2C,GPR107
8102,PRIMPOL,ANKRD12,RP11-54O7.17,RP11-423O2.5,EPM2A,AHI1,AC023490.1,RAMP1
8103,CYBRD1,KRBA2,NPL,C9orf139,LIMA1,ZFAND4,RP11-1348G14.5,HPS6
8104,RP11-862L9.3,RBL1,MARS2,CBR4,CD163,SCIN,FGGY,CCRL2
8105,DNAJC3-AS1,CHFR,ZNF879,PLGLB1,USP13,RP11-252A24.3,ASUN,DGKD
8106,RP11-297N6.4,HIST1H2BF,CLN8,DAXX,F5,PROCR,PSMC3IP,GTF2IRD2B
8107,CALML4,PTCD2,DMKN,MGST1,RP11-634H22.1,ALDH5A1,ALPK1,USP44
8108,DNAJC18,HLA-DQB2,CRYL1,GPSM2,CCNI2,CYP1B1,BAG4,ENC1
8109,FAM66C,VIL1,ZNF234,ZBTB18,TNS3,ATAT1,MTERF,C2CD4D
8110,DNAJB14,DDO,DOCK9-AS2,CTA-384D8.36,ANKRD55,TMEM8A,MRPL33,RP4-610C12.3
8111,WNK3,HIST1H1D,CD1E,HYKK,TRMT13,PICK1,KLK1,UBP1
8112,RAB11FIP4,RP11-417F21.1,ZFYVE19,FAM117B,RP11-89K11.1,RP11-861A13.4,RP4-635E18.8,ICAM1
8113,TMEM241,RNF122,SNX25,ZSCAN31,HOMER3,XXbac-BPG252P9.10,FMNL3,CYB561D1
8114,NR2C2AP,PDIA5,RP1-28O10.1,TMEM19,TAB3,FAM213A,TOP2B,TIMM44
8115,TEN1,RP11-219B4.7,CA6,ANAPC15,TLE1,RP11-70P17.1,TATDN2,TNRC6A
8116,SLC46A2,RP11-227D13.4,ALS2CL,MEIS1,AL591479.1,SLC39A9,VPS11,RALGAPA2
8117,HIST4H4,AC016831.7,CCT6B,GTDC1,PRR7-AS1,JAKMIP1,MLST8,CENPH
8118,AC073283.7,TMEM9B-AS1,PBLD,RP11-5C23.1,SLC14A2,SLC35B2,GPR82,ZNF595
8119,CENPN,CLDN15,RP13-580F15.2,IP6K1,RHOU,RP11-74E22.3,WDR86,ARHGEF11
8120,CACFD1,EPB42,ACSS2,APOPT1,ZNF451,RP11-647K16.1,CALML4,L3MBTL4
8121,FRAT1,ENPP5,EMR1,EYA3,SAP30L,TMEM194A,FRY-AS1,UBE4A
8122,SERPINH1,CRTAM,TRIM24,EPOR,KANSL3,KLHDC1,ASB7,ZNF318
8123,AC137932.1,SLC25A29,TMTC3,NREP,RP11-666A1.5,SYNM,MTURN,PIP5K1A
8124,7SK-2,RYK,TNFRSF10D,MYCBP2-AS1,RP11-383C5.4,CNTRL,MAGOHB,NPEPL1
8125,ALKBH6,SEC14L5,PEAK1,TMEM67,VAMP5,BIRC5,ENC1,KLHL21
8126,ATXN3,PGM2L1,CDC42EP2,CTC-459F4.3,HYAL2,RP11-179B2.2,CPLX1,PEX5
8127,RP11-388M20.1,IL18RAP,UBQLN4,ERMARD,GNE,LPAR5,ZNF283,NUDT18
8128,TLR8,MEST,CTLA4,RP5-1157M23.2,SLC16A4,NRN1L,RFWD2,AFF1
8129,RP11-309G3.3,PDIK1L,PIK3R3,TNFSF4,IGFBP6,DLEU1,EMC9,ST20
8130,HS2ST1,EPS8L2,ZNF420,CTD-2616J11.2,PPP1R12B,LIMK2,TTYH2,FXYD7
8131,SLC25A29,CHPF,AURKC,CEP170B,CDC42EP2,C6orf136,RBM19,C2orf47
8132,SLC27A1,CTD-2659N19.9,CCDC9,PPM1L,ZNF79,BTBD11,C1RL-AS1,MTMR3
8133,MEIS1,APITD1,CTD-2537I9.12,PARS2,PDLIM5,JAK1,NAP1L5,CEACAM4
8134,RP11-67L2.2,NT5E,RP11-386I14.4,JKAMP,SPIN3,TNFRSF9,KIAA1324,CCR6
8135,IFT172,HIST4H4,RP11-643M14.1,PARG,CCRL2,SMYD4,U73166.2,AC008964.1
8136,WDR60,SLC12A4,ZNF438,WARS,HAR1A,FCRL2,C1orf21,BDH2
8137,SIGLEC9,RAB6B,SHISA4,UBTD2,ZNF425,ZIK1,XYLT2,SLC4A7
8138,KDM7A,BMI1,ELOVL6,FASTKD1,N4BP2,SLC25A4,FAM229B,EMP1
8139,MXD4,TOX,RP11-479G22.8,MS4A7,BRAT1,GPATCH2,FKBP14,AFF3
8140,TPTEP1,CCDC26,ZSCAN16-AS1,ARHGEF37,CCDC180,GALNT6,NFE2L3,FBXO28
8141,TNKS1BP1,RP3-322G13.5,RNASE4,MRPL44,CEP76,CLOCK,RET,ABAT
8142,C9orf116,SH2B1,TUBG1,ADORA2A-AS1,RSAD1,XXbac-B135H6.18,ASTN2,TNPO3
8143,VAV2,AC005076.5,PEX11A,ZNF879,GLTSCR1,YPEL4,GTF2IRD2B,DCUN1D2
8144,LIN7C,FOSL1,RTN4IP1,ZNF667-AS1,TRIP13,GPR180,AP5B1,ZCCHC8
8145,RNF165,ZCCHC14,AKAP5,RP4-594I10.3,PGM2L1,NUP155,ANAPC1,MAP3K2
8146,RP11-600F24.7,SMURF2,SMOX,LTC4S,PDIA5,ZFY,HOXB-AS1,CCNT1
8147,PPP2R3B,KLHL28,SLC26A11,SUSD1,C7orf55-LUC7L2,CACNB1,MRPS24,B3GALT6
8148,ADAP1,CLSPN,TRIM62,TAB3,PMEPA1,LAMP1,DNAJC16,BCL2L14
8149,HSF4,BRD1,RNF43,MRPS35,FAM83G,SYT5,TULP4,SMC5
8150,ARAP1,LILRA4,BMF,LRRC37A,N4BP1,AC079767.4,FASLG,CDCA4
8151,RABL3,RP11-47A8.5,ZNF589,SPESP1,IGFBP3,B3GNT5,LMNB2,RP11-693J15.5
8152,TTC7A,KLHL42,FYCO1,RP11-428G5.5,TTL,TTC13,ZNF738,KRIT1
8153,NRD1,NPTN,RP11-142C4.6,C19orf77,LHFPL2,ITGB3BP,AC009299.3,RASD1
8154,CLIC5,LGALS9C,C6orf57,GYS1,UAP1L1,RP11-163N6.2,ACTR8,TFCP2
8155,TCAIM,C12orf29,C11orf71,DHFRL1,MROH1,RP11-332H14.2,STARD5,RP11-793H13.11
8156,EPN1,RP11-252A24.7,RP3-473L9.4,ECD,EVI5,ENTPD5,TCF20,STRN4
8157,DUSP19,PI16,IPO11,TSEN2,RP11-345P4.9,LY75,SPTSSB,APEX2
8158,RP3-525N10.2,ZNF708,RNF130,C16orf72,BBS1,MYO7B,H6PD,MOGS
8159,CDK1,ZNF570,FAM221A,LAMA5,NBL1,GPR150,LRRC57,SLC48A1
8160,PCSK6,RP13-188A5.1,ACAD9,KIAA1841,ZNF346,PEF1,RB1CC1,BRD3
8161,RP11-706O15.1,TTTY15,ATP2A3,RNPC3,ZNF449,WDR11-AS1,CLSTN3,KCTD13
8162,METTL14,SBK1,RP13-582O9.7,WHSC1,CELA1,UCP3,INO80B,EID2
8163,ZSCAN31,PIP4K2C,ZBTB11-AS1,AC025335.1,CPLX1,PLEKHM1,DOCK9,NCOA2
8164,DLST,SIDT1,LRRC14,GALNT12,DDR1,ZNF550,ORC1,SRF
8165,XXbac-B476C20.9,RP11-218M22.1,BRWD3,UPP1,ASB13,TOP1MT,MSANTD2,RBM48
8166,KBTBD2,AC009120.6,SENP7,IRGM,ADAM9,HIST1H2AM,PSMD3,PDDC1
8167,ZNF135,LTA,XXbac-B135H6.15,MS4A4A,LIME1,ANKRD16,NMUR1,TLE1
8168,MYOM1,C11orf1,TMEM14A,YKT6,RP11-568N6.1,AMN1,CSNK1G1,ACADSB
8169,LINC00494,UGGT2,TMEM63B,ARHGAP21,WDR35,ZFX,GTDC1,CCDC127
8170,SLC17A9,MIR4453,PPP1R13L,AP001469.9,TRIM61,CMTM7,XXcos-LUCA11.4,HIST2H2AC
8171,SIGLEC5,RP5-1065J22.8,CSPP1,ZEB2,P2RX7,LIG3,KLHL15,WDTC1
8172,LHFPL2,RP11-730K11.1,CETN3,RAB30,ABCD2,C1orf228,MORN4,LRCH3
8173,RP11-22P6.3,VPS37A,ABLIM1,ARHGAP26,LY6G5B,RP11-481A20.11,SLC12A2,GOLGA3
8174,MINA,GABPB1,EGLN3,CTD-3195I5.1,ZNF563,IDUA,DHX37,RTN4
8175,OLIG1,RRN3,ZNF197,SARNP,LINC00984,ZFAND1,RP11-708J19.1,MLLT3
8176,RP11-499P20.2,GP6,C21orf119,KCTD15,SLC14A1,CTD-2037K23.2,ZNF14,RANGAP1
8177,SLC43A2,HLX,GOLGA5,COG3,EAF1-AS1,CAPS,THRA,XXbac-B135H6.15
8178,AC009133.12,CDC42BPB,MMP9,CEP128,ADRBK2,KLF3,RP1-102H19.8,ARHGEF7
8179,CDK5R1,SRXN1,GRAMD3,ARID3B,VEGFA,TMEM220,EPS15L1,GABPB2
8180,FSTL3,MSRB3,MAP1A,POLE2,PLA2G7,ELANE,FCGR3B,TBP
8181,IFNLR1,CACTIN,NEDD4L,RAB3GAP1,ZNF324B,TMEM204,C17orf80,N4BP1
8182,CORO2A,IFT88,PEX7,PNMA1,AC009299.3,LRRC8A,ATXN3,BTAF1
8183,GS1-124K5.3,AC010761.8,NCKIPSD,LBX2-AS1,NVL,CNFN,XXbac-BPGBPG55C20.2,AK9
8184,CBX8,TREML2,ZZZ3,SV2A,RP11-295G20.2,RP4-798A10.2,SPHK1,NRM
8185,CDPF1,C2CD4D,ARL4D,ZNF93,CLCF1,ALDH18A1,CD2,BTBD10
8186,CXorf23,LMBR1,ZNF781,ACVR2A,AC005523.2,MPV17L2,ZBED4,NIF3L1
8187,RP11-105N14.1,AC013264.2,FPR2,AC022182.1,NCBP1,NCAPG2,CTD-3185P2.1,JMJD8
8188,GTF3C4,TNFRSF8,AK1,RTCA,ANKRD16,KBTBD3,ZNF865,DDX55
8189,TRIM65,RP11-413H22.2,GPATCH2,C1QA,OPRL1,ZRANB1,CLEC4D,STYXL1
8190,CYSLTR2,MCF2L,GGACT,NFU1,RP11-573D15.9,ZBTB18,RP3-322G13.5,ATAT1
8191,LTBR,AGMAT,AC104532.4,ARHGEF4,RP11-131L23.1,RANBP9,ZNRD1-AS1,NARFL
8192,CTD-2350C19.2,AC079767.4,RP11-1055B8.7,KCNH3,DNAJB4,FICD,ARHGEF11,SKP2
8193,DSC2,GRPEL2,ZNF337,GINS2,UBE2W,VEGFA,CTB-58E17.1,GOLPH3L
8194,TRIQK,PAPD4,ZNF646,ZNF827,C10orf95,AFMID,CYB561D1,RP11-47L3.1
8195,AP001610.5,PIK3R4,PTBP1,B3GALNT1,MTR,ENPP4,BORA,ZC3H3
8196,CENPJ,ANKIB1,XXbac-BPG181B23.7,ALDH3B1,SPINK2,ZNF397,PTBP3,FGD4
8197,PDIA4,KDM6A,ZNF16,CSRNP2,P2RY2,CCDC146,DUSP7,PWWP2A
8198,SEC14L5,RP3-477O4.14,DLC1,GPR180,MPV17L2,POLL,CR1,KCTD6
8199,PAPOLG,EXT1,RP3-475N16.1,SPDL1,C9orf66,RP11-706O15.1,ZNF599,SGTB
8200,CPM,ACSL6,TNFAIP8L1,DENND4C,CTD-2287O16.5,CENPN,RP11-244H3.4,SGPL1
8201,CTD-2006K23.1,MBD5,ZNF320,ASL,WDR11-AS1,WSB2,IFI30,UGDH
8202,ITGA2B,DHTKD1,CYP2R1,RP11-492E3.2,AC015987.2,PMM2,KLF5,P2RY2
8203,RNF219,AK9,TECPR2,ZNF227,AHCYL2,RP11-539L10.3,LCOR,ARID3A
8204,ZNF827,POFUT2,NSUN6,INSIG2,DENND5B,XPOT,C6orf57,GTF3C1
8205,RASGRP3,THRA,HID1,CAMK2G,PBK,TCL1B,ZNF571,RAB11FIP2
8206,AATK,TNKS,ATP7A,FAM24B,INO80B,TMCC3,DAK,UHRF1BP1
8207,ZFYVE26,ZNF573,ZNF623,DYNC1LI2,SYCE1,GRAMD4,ATP10A,TPCN1
8208,C9orf72,IL32,AP003774.4,TSPAN4,CTA-384D8.34,PPAT,FOXP3,ICA1
8209,AK8,GALE,SNURF,KLRD1,RP11-110A12.2,EIF5A2,ROM1,IL3RA
8210,TBC1D9,TM2D1,FLVCR2,ANKRD35,TAGLN,AGFG2,SYNJ1,RP11-798M19.6
8211,CTC-503J8.6,KIF21B,SLC15A4,ARL5A,AC004257.3,ARFGEF1,C1orf233,TAF1A
8212,AC147651.3,FAM50B,SUPT6H,VIMP,CTD-2576D5.4,KANSL1L,NFATC2,MGST1
8213,PAXBP1,DHDH,C11orf74,C20orf197,CTD-2538C1.2,ARHGAP5,METTL16,FAM109B
8214,EBI3,BORA,RBP7,RP11-119D9.1,RNASE2,RFX3,MORC2-AS1,TMEM38B
8215,ATP8B3,BAG2,TNFSF4,C1orf35,JUP,ASTN2,TJP2,COPRS
8216,CLCN5,TMEM143,CLPB,FARP2,CHST10,WRNIP1,ACSL4,ANKRD36
8217,VPREB1,ACOT7,SGSH,GOLM1,ARMCX2,SPATA24,HNRNPU-AS1,MRPS17-1
8218,ZNF575,RP11-89K10.1,RP11-350N15.5,TMEM164,FCGR3B,ZNF683,ZNF134,ZNF444
8219,CTD-2210P24.4,DUSP19,ASNSD1,SPRTN,LINC00880,KIR2DL3,ATG16L1,ALKBH6
8220,TRIP10,TNFRSF13C,RP11-452L6.5,GOLGA8A,SLC25A29,CCDC12,ZSCAN32,NAPB
8221,ZNF473,SAMD14,IL17RC,DDX20,RP11-156E8.1,COG6,L2HGDH,KCNG1
8222,RHOBTB2,FBXO44,XRCC5,SPSB1,PLCE1,AC006369.2,GMNN,VCPKMT
8223,CABIN1,UBE2C,GIN1,RP11-473M20.16,RABL3,LZTS2,ZNF354A,SPAG9
8224,BTN3A1,CAB39L,SMIM1,ZNF397,LINC00937,PAK4,ZCCHC3,SKA2
8225,PNPLA4,ARHGAP5,MKI67,CHRNE,CYBRD1,PAX8,KIAA1468,HINFP
8226,PRICKLE1,CENPM,NOTCH1,NICN1,RP3-475N16.1,LTA,ODF2,PARP15
8227,CDC45,ARHGAP12,RAB3IP,PRSS36,SLC25A22,RP11-222K16.2,FAM13A,TANGO6
8228,CTD-2410N18.3,GPATCH2,AC132872.2,HINT3,TUBGCP5,LRP5L,RCN3,MCOLN1
8229,CCL4L2,ATAD1,ASAH2B,NBL1,CTA-384D8.35,FZD2,TRAK1,ALDOC
8230,AC061992.2,TBC1D4,NEK6,ZNF616,PARD6B,CTC-428H11.2,UVSSA,DYRK2
8231,ZNF117,CLMN,RP11-314N13.3,AXIN1,C16orf58,SIGLEC7,PET112,DUSP18
8232,MT1X,GPR61,E2F6,TRIM2,DENND6B,PDIK1L,EIF2AK3,TNFRSF9
8233,PCNT,ACCS,ACPP,SERPING1,FAAH2,ACVR2A,ZNF25,CAB39
8234,FAM19A1,TSPAN5,MTERFD3,RP11-603J24.5,RP11-267N12.3,TMEM86B,HIPK3,SCD5
8235,NEO1,RP11-80H8.4,PRUNE,RP11-378A13.2,PDE1B,CDK2,NLRC4,FBXO42
8236,RP11-423O2.5,PICK1,IBA57,KIF23,MYO7B,C1QTNF6,PDCD10,FANCF
8237,AGAP3,LMAN1,PYROXD2,RP11-1070N10.3,A1BG-AS1,RP1-168L15.5,RP11-4F5.2,CACNA2D4
8238,PDE7A,TMEM156,NLRC4,LRP6,UGGT1,ADORA3,RWDD2B,ZMIZ1
8239,BRCA2,WEE1,SFMBT2,VASH1,URB1,RP11-660L16.2,SLC25A23,SEC16A
8240,ZNF335,RP11-315O6.1,CABLES1,MLTK,C21orf49,FGFBP3,RPAP1,ZBTB48
8241,ZXDB,PDZD7,RFESD,RP1-140A9.1,ARHGAP31,ADRM1,PARD6A,LPGAT1
8242,RP11-277P12.20,NAA25,C10orf35,TECPR2,RP3-467N11.1,CTB-113I20.2,ZC3H13,PIGL
8243,ZNF273,AK1,TRIO,RP11-142C4.6,GKAP1,SEMA6B,FAM53C,ZNF506
8244,SPATA6,TCF19,KLHL15,CMTM5,ADHFE1,EXOG,CEP19,NUDCD1
8245,BMF,ZFP90,AC093157.1,CTNNA1,FAM199X,HPS3,HEATR5B,ZBTB43
8246,ABL2,SLC43A3,CCL20,COA7,SIGLEC14,KDM4A,HMGCR,EVI5
8247,HS6ST1,APEX2,STAP2,BSCL2,HBEGF,C20orf24,MYOM1,PCM1
8248,CHST7,LARP7,UGGT2,MYCBP,RP11-65J3.1,C12orf29,RBM41,SLC39A8
8249,RP11-317N8.5,AIFM2,AD000090.2,BHLHE40-AS1,ZNF519,METTL21A,TTL,CYP4V2
8250,TAF5L,PPP5D1,LRIG2,C5orf27,TNKS1BP1,APOBEC3D,RP11-54O7.17,KIAA1715
8251,CC2D1A,LIN9,TSNARE1,HIPK1,ABCC4,RAB38,TOP1MT,STAT5B
8252,RP5-1092A3.4,IPPK,GS1-124K5.4,NR3C2,IL21R,CNNM4,PHF12,FAM129A
8253,LGALS8-AS1,UGDH,NUSAP1,OSCAR,DOCK9-AS2,WDR91,PDK3,NOL10
8254,NF2,MAN1A1,RSBN1L-AS1,TRIM68,SPAG5,ZNF532,CBX2,SWSAP1
8255,PLCB3,NCR3,EFHC2,AXIN2,AMN,XPR1,GPAT2,RPP14
8256,PLD1,GUCD1,RP11-504P24.8,ALG11,TRAF3IP2-AS1,RN7SL832P,DPAGT1,NFKBIE
8257,RP11-219B4.7,CDCA4,TMCC1,CXXC1,SYNRG,SLC35C1,MAPRE3,CD93
8258,TRIB1,SERPINE1,RWDD3,RP11-439L18.2,CCDC134,ASNS,SMC5,CEP135
8259,TRAM2,TUBGCP4,EIF2AK4,WBP2NL,CAPRIN2,ZNF844,TSTD2,GINS3
8260,TMOD1,MYBL1,TMEM63C,TRIM4,SMC5,RP11-212P7.2,RHEBL1,ZMYND8
8261,UBAP2,MIPEP,VWA5A,HIST1H2BH,CENPF,CD200,AASDH,CDADC1
8262,SCO1,FBLIM1,AMMECR1,GPR141,FAM71D,GALNT3,ZNF615,TSHZ2
8263,IQSEC2,DNAJC30,IPO13,ZNF583,RPH3AL,KIAA1324,CLP1,PCSK1N
8264,GMPR,RAD54B,HEMGN,SORT1,SIGLEC5,SENP7,ERMP1,POLD3
8265,PPAP2A,FEM1C,NCR1,MRPS25,HOMER1,XPNPEP3,RGP1,ZMYM5
8266,CTD-2035E11.5,RP13-580F15.2,DYNLT1,RAB18,CA5B,NKRF,ARMCX2,PAPSS2
8267,RNASE2,AGER,BLOC1S5,KIF1C,UXT-AS1,TPM2,MAP1A,ELMOD3
8268,CCDC157,LINC01013,ENOX2,ZNF415,DPCD,KCNG1,HMGXB3,DCTN4
8269,C6orf226,RP11-701P16.5,PRDM8,ALG6,RP11-302B13.5,C8orf44,WWC2,ERP27
8270,RP11-326F20.5,TRIM58,RP11-386G11.10,ST6GALNAC1,FBXO42,VRK1,DDX39B,ERAL1
8271,CYSLTR1,PZP,PPP5D1,PRMT7,AC020571.3,SMAD4,DOLK,TBC1D19
8272,TAPT1,MBD4,C4orf27,RP11-680G24.5,IL17RE,AC009133.12,KIF13B,TRMT10B
8273,ZNF519,AC004540.5,IFNG,GS1-124K5.11,RP11-505K9.1,MRPS30,CYBRD1,NPRL3
8274,KLHDC8B,ZEB1,TLR5,ZNF17,RP11-326C3.11,CASK,FAM24B,ZKSCAN2
8275,C1R,MAD2L2,CHTF8,XXbac-BPG181M17.6,MFAP3,LRBA,TMEM51,TMLHE
8276,ZMYND10,TGFB1I1,PLK4,GNL2,SLC35G1,AMMECR1L,ADPGK-AS1,AC093609.1
8277,AASDH,PRR5L,RP11-110A12.2,AC023590.1,TXNDC5,MFGE8,FAM168A,TIMP2
8278,FAM193B,ZNRD1-AS1,AIM1L,UBXN7-AS1,PORCN,RPH3AL,FRAT1,ZNF652
8279,FOSL1,RPH3A,C5orf54,HTRA1,IL6,CCL28,ENOX2,TCEAL3
8280,ZDHHC1,CMTM8,RP4-594I10.3,NOP14,RP11-1348G14.5,NUDT16L1,ACAD9,C20orf197
8281,C1orf61,PPAPDC2,CEP192,PAX5,MACROD2,MRPL37,GXYLT1,PITRM1
8282,MYO1E,ZNF34,LINC00959,TMEM200A,BBS4,NLRP2,C8orf44,CTB-32O4.2
8283,PPP1R11,AP3M2,FRY,ZNF418,BRICD5,IL18RAP,DDX43,RP13-188A5.1
8284,USP27X,PTGS2,BIVM,AC147651.4,CLIC4,HIF1A,RBKS,RP11-355B11.2
8285,ACY1,SPATA41,MFSD11,EPB41L5,CCNA2,SCYL1,RCCD1,MFSD5
8286,IP6K1,NPHP1,GPX3,RP11-677M14.2,PLEKHA7,TMEM8B,FPR2,PTPLAD1
8287,DGCR8,SIAE,L3MBTL1,C5orf42,METTL15,RP11-25K19.1,CTD-2576D5.4,PAPOLG
8288,PPP3CB,RP11-553K8.2,RAP2C-AS1,SLC17A9,ZNF827,NPPA-AS1,TNIP2,TMEM176A
8289,PBK,FLT3LG,SLC29A3,PEAK1,YIPF2,SLC29A3,RP11-629O1.2,ARFGAP1
8290,ZNF582,EIF2AK3,ZNF771,AMBRA1,MBD3,MRPL1,RTN4R,CLEC4E
8291,FCGR1B,MDS2,GGT1,RP11-498P14.5,RP11-284N8.3,SCRN3,FBXL8,KLHL7
8292,SLC29A3,F2R,ITGA6,CPSF1,FAM47E-STBD1-1,ICOS,SYNGAP1,TMEM33
8293,CCDC146,TNKS2,DUS4L,LINC00342,FAM153B,LSS,DVL2,SLC12A6
8294,AC011899.9,C9orf72,SEPHS1,RNF217,ABL1,CREM,MANEA-AS1,ERAP2
8295,LY75,ENAH,RP11-161M6.2,KIAA1468,TNIP3,ZNF816,RP11-47L3.1,ZNF212
8296,ZNF484,NKD1,MTG2,VARS2,DUSP8,ARAP1,ARL8A,CCDC14
8297,TMED8,FXYD1,SPATA7,CRIP3,MFSD4,RP5-1180E21.5,ZMYM1,RP11-22N19.2
8298,ZNF594,CCDC142,SLAMF8,SACS,C19orf59,DNASE2,EZH1,FBXL16
8299,CTPS2,UBL7-AS1,SEL1L,MCM8,ST8SIA1,LIPT1,RP5-1007M22.2,HNRNPA1L2
8300,CEP55,ZNF85,NUDT11,C19orf33,SDR42E1,AGRN,HIST1H3D,WWP2
8301,RP11-661A12.7,CDK2,UST,CNTROB,WDR33,RINT1,PUSL1,NRG1
8302,DUSP6,C1orf56,CHRNE,SYCP2,ADORA2A-AS1,RP11-474G23.3,AC091729.9,BRAP
8303,COX6B2,RUSC1-AS1,ALDH4A1,ERMN,POLR3C,NMUR1,LRP6,MAP2K6
8304,THOC1,PLA2G4C,KIAA1143,RP11-758P17.3,MST1,TTC7A,RP11-291B21.2,DIAPH2
8305,HSD17B1,TRMT1L,GPR125,TFEC,FRG1,JAM3,ATG2B,TIRAP
8306,SIRPA,RHOBTB2,C17orf80,PIK3C2A,ITGA10,H3F3C,STOML1,TNKS2-AS1
8307,TLDC2,RALGDS,RP1-202O8.3,ZNF492,CEP19,PCNXL3,RP11-432I5.1,GPHN
8308,SEMA7A,CTD-3138B18.5,DDX31,HIST2H2BF,RP4-781K5.2,RP11-473M20.14,DDX59,TMEM187
8309,SIK2,GRK4,APOL2,CDC42EP1,RP11-162A12.2,TTC31,RP11-672L10.6,ZNF782
8310,TNK2-AS1,STX18-AS1,CLCN7,MDK,FANCG,KIF21B,UBE3A,SLC25A12
8311,CYP20A1,INTS5,XRN1,TRAF6,PRTFDC1,KANSL1,ZNF333,MIPEP
8312,DHRS4,OPTN,RP11-326C3.15,KDM7A,LOXL1,RP11-159D12.2,TTLL4,JAZF1
8313,CIT,PACSIN1,C16orf52,RP11-1191J2.5,CCDC85C,BAG2,NFXL1,MTMR4
8314,BRCA1,KLF5,RP5-1180C10.2,RLN2,ZNF287,LINC00665,CEP128,FCF1
8315,ASNS,GPD1L,CTPS1,CDC42EP4,RP5-892K4.1,CEP57,NCOR2,SH2B2
8316,CKAP2L,CEP76,ST8SIA1,IRF4,ZNF28,DDX51,RP11-154J22.1,LINC00174
8317,CARKD,LRWD1,ZFP64,NUP188,BAIAP3,WDR12,EXD3,FBLN5
8318,CCL3L1,AP001258.4,CDT1,TMEM254-AS1,SNTA1,PHF7,SHROOM1,ARHGAP26
8319,ZNF69,ZNF717,RP11-66N24.3,RBP7,BSPRY,GALNT10,KIAA1147,ZNF646
8320,C1orf21,RP11-351D16.3,ZMAT4,TBC1D10A,RP11-506M13.3,ZNF107,AHI1,MON1B
8321,RP11-566K11.5,B3GALNT2,ZNF184,DPY19L1,AC009133.14,ZW10,ARHGEF9,FMN1
8322,MAP3K5,HOXA-AS2,SLC25A30,CHN1,HNRNPU-AS1,MTRR,TBC1D14,ZBTB4
8323,RP4-647C14.3,TRMT61A,RINT1,RNFT1,ZNF816,FAM20C,LRRC28,SPIN1
8324,CEACAM4,RNF219,SOX13,STX16-NPEPL1,FYCO1,PFKM,TNKS2-AS1,STK38L
8325,KCMF1,CTA-292E10.6,RPTOR,CTD-2006K23.1,EPS8,RP11-429J17.2,ZRANB1,SLC16A7
8326,MPHOSPH6,ERCC6L2,IGSF22,E2F1,BICD1,C21orf2,ANKLE1,JAK2
8327,SCGB1C1,MCTP1,ALDH3A2,CTDSPL2,MSTO1,ARL4D,RAB11B,PGM2
8328,WDR41,HOMER2,ZNF440,ARHGEF40,RP11-16E12.2,PUS7L,SLC30A9,ELK3
8329,RP11-803B1.8,CKAP5,TRMT61A,GSE1,LINC01135,TAF1C,MCCC1,RUNDC1
8330,SLC24A4,TTC31,SIRT3,HACL1,CACNA1C-AS1,ITPKC,UBASH3B,CSNK1G3
8331,LINC00957,MIR181A1HG,RMI2,S100Z,LEPREL4,VPS52,TMOD2,ABI2
8332,PDE4D,GTF2E1,RNU12,GTF3C5,HFE,ZNF235,BRMS1,NIPAL2
8333,RP11-117D22.2,ICOS,PTCH1,RP11-367J11.2,SDCBP2,LINC00176,KIF3A,STARD9
8334,BCAT1,ABHD15,IL4I1,RBBP8,LMOD3,DIABLO,NKD1,ZC3H12A
8335,HMMR,SETD4,GRAMD1B,RP11-661A12.7,GNG3,TAF8,MSC,TMEM161B-AS1
8336,HOXA5,RP11-536C5.7,CCDC41,ASB2,KIAA0355,VPS37A,RP11-78A19.3,RP11-291B21.2
8337,TLR7,PTCH2,XPO4,RP11-559M23.1,CTD-2541M15.4,MRPS18B,RAB3A,FAM69A
8338,ABCC3,LHFP,PDGFD,SLX4,ZBTB17,FBLN5,BTD,SLC16A1
8339,HRK,ANGPTL6,TEPP,PRICKLE3,RP11-804H8.6,SYT11,FOXO4,MED1
8340,ATP6V0C,TSPAN15,RANBP6,MTCP1,NOXA1,ZFP57,ENO2,SENP2
8341,RP11-629O1.2,C10orf2,C17orf75,IL3RA,CLMN,C9orf85,TTC13,AC011899.9
8342,ZBTB10,RP11-273G15.2,RASIP1,DISC1,FAM103A1,IQCE,TROVE2,CAMKMT
8343,RP11-647K16.1,TAPSAR1,AC079305.10,PHOSPHO2,TOX2,TNNC2,RP11-713M15.2,ZNF831
8344,C17orf107,ZNF799,ZNF829,ZNF765,CASP5,TOX,AC004854.4,MAPK6
8345,RP11-819C21.1,TSKS,AC040977.1,NR1D2,CDC42EP4,KDM8,SLC46A2,NNT-AS1
8346,ATP6V1C2,SLX4,POLR3A,PDCL3,USP44,C2CD4D,PPM1D,TNFRSF10B
8347,MKI67,UNK,PRKAR2B,AC109826.1,FCGR1B,KCNMB1,MAPK7,CKAP4
8348,RP11-932O9.7,CYP4F22,ZFP91,RPP14,HIP1R,ANKRD35,SHQ1,LRRC37B
8349,RP11-879F14.2,CRADD,NR3C2,ZDHHC14,ATE1,APOOL,RP11-262H14.4,SHPRH
8350,GSTM3,BDNF-AS,GDPD1,RAD54B,LINC00562,TBC1D22B,VMAC,ZNF626
8351,LILRA6,RP1-20N2.6,GDI1,AC007246.3,RP11-1008C21.1,UNKL,TP73-AS1,KIAA0226L
8352,GPR155,ZNF398,AXIN2,ZNF420,TDRP,IFNG-AS1,CRY2,ZNF599
8353,FEZ2,ETAA1,MKS1,RP11-398C13.6,ALDH6A1,FLJ45079,LMOD3,TAF8
8354,ZNF396,LPXN,CDC26,ZBTB10,TIMM13,PDLIM5,ARHGAP5,NEK1
8355,SMPDL3A,WDR62,CCNT2,RP11-195F19.5,AVIL,MAP4K1,TPTEP1,ATXN1
8356,CTC-459F4.3,CHML,EXOC3,LYN,ZNF43,LSM14A,PDIA5,BBS2
8357,TLL2,CTBP1-AS2,RP11-445H22.3,DGCR8,XXbac-B135H6.15,WDR27,MARCH3,TRERF1
8358,CBLN3,KLHDC3,PROCR,COASY,ZNF182,CEP290,RP1-8B1.4,ITPRIP
8359,ZNF239,RP11-65I12.1,SEC23B,AL353354.2,LNP1,TULP2,ZNF317,RCN1
8360,VIL1,CLN3-1,FN3K,RP11-345P4.9,RP11-307C12.13,TBC1D25,ARNTL,CRELD1
8361,CDC25A,CASC4,HELB,ZSCAN16-AS1,SCMH1,LRRC37B,PNRC2,FANCA
8362,CCDC126,CTD-2037K23.2,SETD7,ANKRD18A,LRRIQ3,PBLD,ZNF185,TSNARE1
8363,UCHL3,SLC6A16,MOB3C,ZNF267,MICALL1,CD28,LINC01013,CLP1
8364,IGF1R,PECR,SPATA41,BOLA3-AS1,ZCCHC14,ZNF232,ZNF226,RPF2
8365,YIF1A,PAWR,SMYD4,C12orf10,AC144652.1,POLR1C,AL354822.1,TMEM41A
8366,STX6,TRDMT1,LINC00402,RP11-161M6.3,KCNMB1,TTLL1,ASB13,FAM126B
8367,ZBTB3,ZNF418,PSPN,RP11-318A15.2,ZNF407,DHX32,PPAN,GATAD1
8368,SCMH1,RP5-1085F17.3,MOGS,ARHGAP31,MBD2,ACCS,WDR36,TCEAL1
8369,BBS2,RP11-222K16.2,SLC27A2,RP11-15H20.7,ATL2,CALD1,CSRNP2,PEX16
8370,TCAP,FAM76B,FBXO31,SMEK1,CYTH3,EPHX2,ZNF567,ABCF3
8371,CCDC88A,TBPL1,RP11-334C17.5,GINS3,KCNJ14,RAB6B,SLC25A53,LINC00909
8372,FLCN,CCBL1,NBL1,LINC00937,MAST2,ZGLP1,CYP2R1,TNFRSF1A
8373,ICAM4,RBAK,SMNDC1,FAM161A,ZNF337,KCTD7,SENP2,ICAM4
8374,ENTHD2,MATR3,PIK3R6,SPIN1,ITPR2,MED26,FAM208B,CLUAP1
8375,KIAA1429,RP4-549L20.3,IQCE,PAX8,RP11-542M13.3,TAF4B,RASL11A,PRR3
8376,C19orf59,RP11-545I5.3,FAM21B,CCDC136,TMEM256-PLSCR3,NACC2,OXR1,RP4-758J18.2
8377,PLCE1,TDRP,RP11-545E17.3,PRDM8,CETP,PPP6C,SPEN,TP53INP1
8378,HS3ST1,ZBTB14,WRNIP1,G2E3,DIP2C,SUN1,CCDC180,C2
8379,AK4,RP3-395M20.12,THBD,BASP1,ZNF202,NFATC2,SIRT4,SUMF1
8380,CYB561,MCAT,RPH3A,THBS3,USP45,HAL,DFFB,TRIM5
8381,EDA,WDR5B,FOXN2,TMEM241,ZBTB22,ANK1,CNIH4,UBBP4
8382,APOL6,ZFP1,CCDC92,RHOB,ZC4H2,MATN1,KBTBD3,F5
8383,TTC30B,EXOG,POLR2B,ZMYND19,NOP14,ING5,PIGW,TMEM57
8384,UBE3A,RASL11A,ZNF831,EMR1,RP5-894A10.2,BTBD2,CIITA,TBC1D14
8385,ADPRH,RP4-612B15.3,TBCCD1,TTC21A,ZNRF2,TTC34,CENPC,PITPNC1
8386,BEST4,PTGDS,RP5-1180E21.5,AHCTF1,FAF2,C1orf115,ZNF212,RALGDS
8387,C2orf74,RPS6KA2,TLE2,KPTN,ABCC1,ABCA2,DFNB31,TNPO1
8388,LY6G6F,TIRAP,CAAP1,CDK6,GLS2,GNE,TTPAL,CYB561
8389,RTKN2,ZNF552,NAV1,SIDT1,ZNF367,ZNF436,PDS5A,UBE2M
8390,LRP1,EGFL7,GPD2,PDK3,ADNP2,TMEM156,FSCN1,KIAA2013
8391,SLC45A3,GCDH,BCL6,SENP8,SLC4A5,FAM69A,CRY1,TNFSF14
8392,CARF,DDX47,ERCC6L2,PSEN2,ZBTB21,ASF1B,WDR70,ST3GAL2
8393,RPPH1,HSBP1L1,AC093627.10,RP11-14N7.2,PTGIR,SLC41A3,SOS1,TRAF3IP2
8394,FCHO2,SYCE3,ACVR1,NOD2,CEP70,CLEC16A,GTPBP10,WDFY1
8395,RP11-803D5.4,RAB38,RNF219,RFX3,AGO2,NAA25,LINC00685,ATXN2
8396,PUS10,RP11-505P4.6,TCP11L1,FAHD2A,MYOF,MED13L,STAG3,CBFA2T2
8397,RP11-849F2.7,CCDC134,TMEM245,ZNF365,RP11-511B23.1,OASL,BCAS2,INTS1
8398,NXPH4,RP4-575N6.4,DSEL,CBFA2T3,FLJ00104,FAM171A1,TMEM57,C12orf79
8399,NUSAP1,SLC25A28,ABHD8,KRTAP5-AS1,CNIH3,SPATA13,PFKM,MTHFR
8400,KLRF1,SDSL,FUT10,STARD4,RP11-6J24.6,ANO6,RP11-143J12.2,INO80B
8401,AGBL3,YWHAG,REEP6,MORC4,ROCK2,SYTL2,ABCB1,TLR7
8402,HMCES,RP4-798A10.4,FAM160B2,GEMIN5,FKBP14,SLC22A18AS,LPAR2,FAM53B
8403,TGOLN2,ZBTB9,NR4A3,KIAA0247,RP11-395B7.4,KIF5C,TSPAN2,SLC39A6
8404,CERKL,COX5A,LDLR,LINC00893,MYO1D,SDCCAG3,SLX1A,GPA33
8405,UFSP1,MFSD2A,PSMD2,RFX2,TRAPPC12,RNGTT,UBAC1,USP30-AS1
8406,CCL27,FASLG,NELFB,CHST14,RP5-1180C10.2,EPC2,IL18R1,RRP8
8407,WNT10B,SH2D2A,R3HDM4,CIITA,MINA,TMEM150B,TMEM186,VPS53
8408,KNTC1,FAM193A,LRP5,RP11-190C22.8,EHD3,CRELD1,AC104532.4,POLG
8409,LRRCC1,SLC35F5,C9orf147,MEAF6,RP11-457M11.5,C1orf177,RP11-44N11.2,KLRC1
8410,TLR9,DDTL,CTC-246B18.10,JAM3,SPINT1,TLE2,GTPBP3,C20orf112
8411,MOB3B,C9orf38,VKORC1L1,SPICE1,AC008964.1,FSCN1,ALDH6A1,SGPP1
8412,CLSPN,SMARCC2,RBFA,NFKBIB,PPP3R1,ZNF595,MYNN,C10orf11
8413,FOXP4,EGLN3,BTBD11,FPR2,DST,AP3M2,TIGD1,CMTR2
8414,SPAG5,SUSD4,CHMP6,SLC6A16,NCKAP1,NRL,ACLY,KLHL20
8415,SCRIB,AVIL,CALML4,GALNS,SNPH,RP11-393I2.4,CNTNAP2,SLC15A4
8416,PHF6,ZNF490,KIAA0226,F13A1,RP4-610C12.3,TOLLIP-AS1,RP11-65I12.1,ZNF548
8417,EPB41L2,CCDC15,PTRF,GAL3ST4,RDH13,SRSF11,ST3GAL3,RPS6KA2
8418,POMZP3,LYRM7,TK2,RP11-505K9.1,TRIM23,PALLD,BTBD1,ZMAT3
8419,ZFPM1,TNFRSF17,RP11-112J3.16,JDP2,CTA-250D10.23,IRAK3,TSPAN5,SH3TC1
8420,RP3-402G11.25,C10orf25,WDR12,NDN,C16orf95,OSTM1,ESAM,TCEA3
8421,SFMBT2,RFXAP,P2RY11,RAI1,EDA,ZNF692,RP11-426C22.5,PLEKHB1
8422,SMG5,RP11-611E13.2,NAGS,RNF19B,RP11-872J21.3,ZBTB7B,RP11-98I9.4,RGS9
8423,POLA1,NMT2,HCFC1-AS1,MYO5C,DGAT1,NCDN,FAM192A,B3GNT2
8424,ASRGL1,MMAA,CCR1,C10orf35,TET3,GNA13,SHISA4,S100Z
8425,GORAB,TRAPPC2,CELA1,TFAP2E,ICAM4,CDK9,TXNL4A,COLGALT2
8426,PEX10,ERO1L,MTCP1,RP11-1060J15.4,ATXN7L2,RQCD1,HYPK,TTC27
8427,DGCR6,SH3BP5-AS1,CTD-2562J15.6,SMIM8,IPPK,AC115618.1,ANKRD52,ADRBK2
8428,AC018816.3,WDR76,COG7,P4HA1,PAXBP1-AS1,NSFL1C,C2orf27A,RP2
8429,MRVI1-AS1,SFPQ,ACTR5,USP27X,SLC35F2,CTB-43P18.1,SRSF6,RAB35
8430,ERAP1,PCSK1N,CAMKMT,GPR75-ASB3,LIMK2,NT5DC3,RP11-498C9.3,MAP1LC3A
8431,CXCL2,RP11-849H4.2,PUM1,ARHGAP19,ZNF790,CCDC149,LINC00937,FGFR1OP
8432,CMTM5,SLC36A1,FEZ1,NDUFB2-AS1,IL13RA1,CHEK2,PI4K2A,FAM160A2
8433,RP11-849H4.2,DFFB,AC025335.1,KLRK1,ASPHD2,RPL7L1,RPP21,NCAPH2
8434,BRPF1,TUBD1,PTPN7,PLEKHA4,RNFT2,NDUFA4,FHL1,MAP3K13
8435,AHSA2,CLDND2,ZNF627,GPATCH2,MIR146A,EPS8L2,GNA12,SEC24C
8436,WWOX,PPWD1,LGR6,RPS6KA1,STAG3,ZMAT3,HES6,MARCH3
8437,RP11-809O17.1,RP5-894D12.3,HARBI1,LARS,UBE2O,MYPOP,FAHD2A,CNOT3
8438,EIF5A2,IER5L,SETMAR,MBNL3,HIST1H2BG,CETN3,ZNF48,ARNT
8439,RP11-388M20.6,ARL5A,KIAA0754,DGUOK-AS1,HIST1H4J,FBP1,MAP3K4,RP11-110G21.1
8440,SEPT10,RSAD1,FAM13B,LSM14B,ZNF136,GET4,USP6NL,SETD2
8441,DTWD2,ZNF248,SDCBP2-AS1,HAUS3,MID2,PTCH1,FMO5,MRS2
8442,CCNG2,TMEM14A,RN7SL832P,HYAL2,CORO2A,RP11-731C17.2,PRDM4,ENOSF1
8443,GBE1,RP11-142C4.6,MNT,PLOD1,SLC35E4,CDC42BPB,AGO1,ACAD8
8444,PROCR,LL22NC03-86G7.1,STARD4,AC074289.1,COMMD2,RP11-545I5.3,CEMP1,UQCRC2
8445,HSPA1L,RP11-485G4.2,VILL,HOXA9,ASGR1,ACADSB,ACSL6,ZNF195
8446,CACNA2D3,STARD5,PGLYRP2,MAPK1IP1L,ZNF500,WDR44,CEP78,CCR2
8447,RNASEH1-AS1,PTGDR2,SPOPL,ALG14,ATP8B2,WDR53,RP11-533E19.7,VPS45
8448,C9orf9,ZNF700,STX2,ARIH2OS,PCID2,C3,FSD1L,RP11-727F15.9
8449,RP11-513I15.6,TARDBP,C22orf29,SLC35A4,ATG14,CAT,NPM2,C12orf23
8450,COX19,SMIM4,ZNF189,C11orf24,B3GNT8,CPNE2,STXBP1,FBXO8
8451,CSF3R,AC104820.2,RP4-561L24.3,RP11-178L8.7,ME3,TFDP2,ZNRF2,SKIV2L
8452,ZNF805,DLGAP3,SLC41A2,CSTA,C1RL-AS1,C10orf128,TRMT61A,RUSC1
8453,RP11-407G23.3,ZNF3,TFE3,NEK3,TUBG2,UBE2C,RP11-110G21.1,DENND4C
8454,PKHD1L1,HELQ,ZCCHC14,MARC1,IL4I1,RP5-1091N2.9,B3GALT2,DDX59
8455,TMEM81,PCGF6,STXBP5,TRIM61,BZRAP1,DUSP12,MGLL,JAK3
8456,DEPDC1B,CTA-293F17.1,PLEKHA8,RP11-350G8.5,FAM19A2,HIAT1,GALE,NPHP3
8457,ITGAM,RANBP17,CRIPT,RHBDL1,SLC25A13,KCTD9,RP11-693J15.5,TMEM161B
8458,CLEC10A,AC147651.4,RP11-66N11.8,MTF1,FAM132A,HIST1H3A,LOXL3,PPP6R2
8459,HHAT,DND1,TCEANC2,SLC38A11,RABL2B,PTDSS1,APITD1,FAM86A
8460,SENCR,CCDC146,THAP9,FARS2,NEK8,ANKRD36,SLC14A2,ZHX1
8461,NIP7,RFX7,ITGA2B,ITGA2B,MYOM1,CTNND1,AC016700.5,DNAL4
8462,C10orf12,LINC00863,ZNF496,C16orf98,MEF2BNB,C1orf109,UTP14C,TFB1M
8463,NAV1,TCTEX1D2,MVK,RP11-407G23.3,ACP6,ALDOC,GYPC,RAP1GAP2
8464,TMEM129,TGFBR1,ZNF35,MTERFD1,PLB1,AMPD3,CCDC104,TMEM79
8465,SYNC,TEX22,REM2,CAMK2D,PHLDA2,ZNF764,CSDE1,ZKSCAN8
8466,LYSMD2,SSX2IP,RLIM,PAQR4,IL23R,STT3A,SOCS2,TAOK1
8467,DHRS11,VAMP4,RP11-430H10.1,LOXL1-AS1,TRIM27,GNL3L,MTG2,PCTP
8468,DBNDD1,NME7,EME2,CHCHD1,SSFA2,ZNF830,EXOC3,EEPD1
8469,RP11-131L23.1,SLC15A4,VPRBP,SENP3,PMM2,CMTM8,C9orf38,ZNF639
8470,MPZ,PDE9A,USP45,SUGCT,TBC1D24,SLC33A1,GAMT,SHC1
8471,DGKQ,SNED1,LINC00544,METTL20,RP11-345J4.5,SPINT2,CD226,HSF2
8472,RBM45,UCHL5,CCNB1,SERPINH1,TMEM136,MAD2L1,RP1-168L15.5,SENP7
8473,AC093391.2,HEXB,GYLTL1B,DSTYK,PFDN4,TM2D3,HPSE,ZNF766
8474,TFEC,SAMSN1,SLC19A2,RBMS2,RNASE4,CCDC132,KIF1C,RP1-28O10.1
8475,FKBP1B,NUDT16L1,RP11-223C24.1,RP1-90J20.12,BAHD1,HLA-G,C3orf38,PRICKLE4
8476,TMEM201,PDZD8,ALG9,ARHGEF12,CASP6,C7orf31,AC007879.7,NDUFAF6
8477,TTC26,SOX15,GFRA2,GPD1L,ZNF667-AS1,ZSCAN12,LL21NC02-1C16.2,TNFRSF8
8478,PLA2G7,COG3,GMDS-AS1,MRPS24,HARS,XRRA1,TMEM39A,DTNB
8479,TIFAB,FAM69A,FAM19A2,PIP5K1A,CCDC88A,TMEM14A,RP11-635N19.1,ZFR
8480,ZNF559,ITGAV,NFIA,NOG,TMEM8B,DENND4C,TULP3,ZNF592
8481,ZNF565,SGOL2,PLA2G15,DPY19L4,ASPH,ZNF503,PHF6,DENND3
8482,ZNF284,LINC00910,ALDH7A1,LEO1,DIS3L2,HIST1H2BN,TCTN1,FAM172A
8483,FRS3,PYGB,ZBTB9,RASSF4,SLC25A43,GHRL,SLC2A13,SNX19
8484,GRAP,CTA-445C9.15,ZBTB20,MIER3,TP53INP1,SETD1A,CENPW,HEG1
8485,MOK,HSF2,C1orf198,ABCC1,WDR5B,PAX5,SUV420H2,RAD1
8486,RP11-159D12.2,ZNF827,SDS,GALK1,NUMBL,FBXL8,ZNF175,C10orf76
8487,CDK3,C8orf82,KLHL20,TOR1AIP1,MECR,PARK7,HTT,ENTPD4
8488,RP5-1042K10.10,CTD-2538C1.2,THAP2,RP11-553L6.2,RP11-326F20.5,SUSD3,RANGAP1,ADTRP
8489,TRIM32,RP11-862L9.3,COLQ,SNORD3A,RP11-112J3.16,SNTB1,NRF1,FNDC3B
8490,SEPP1,CDK17,CXorf40B,NRN1L,ARHGEF37,FKBP2,AMIGO2,XRN1
8491,HIST1H4J,COQ10A,PINK1,SCLY,JMJD8,WRB,DNAJB12,ZMPSTE24
8492,USP6NL,SYTL4,XRRA1,ZNF615,MBLAC1,GOLGA8A,PPOX,PDSS2
8493,MTAP,TNFSF4,MIB1,PPP1R13L,DHTKD1,PAM16,CPSF1,TRIM32
8494,SLC43A3,RFNG,MLF1,ZBTB32,CACNA1C,FBXO44,CHCHD7,GALNT6
8495,HLCS,GS1-124K5.3,C3orf33,HIVEP1,GTF2A1,TBC1D12,RNF111,RNF169
8496,ARL15,HN1L,GOLGA7B,RP1-244F24.1,WRN,PTPN22,MRPS22,IL18BP
8497,CROCCP2,APOL1,IL13RA1,IL15,LINC00544,MICAL2,MAD2L1BP,GOLGB1
8498,RP6-91H8.3,WBP5,TTF2,RILP,MKI67,MSRB3,MICAL3,DPAGT1
8499,GNG3,ZNF559,BAG2,SIK2,PEX2,GPR82,NPHP1,PFKM
8500,AXIN1,PIKFYVE,C10orf91,C19orf44,OBSCN,ACY3,FMR1,GABPB1
8501,C16orf91,TMEM161A,RP11-426C22.5,CLEC4C,RP11-47A8.5,ZNF250,C7orf31,CTC-241F20.3
8502,HAR1B,LYPD3,C4orf32,GIMAP8,RHOBTB1,RALGPS1,VWA9,GALNT2
8503,ARMCX4,CD200,CCR4,ESCO1,MYCL,AC005944.2,HEATR6,C3AR1
8504,FAM111B,MMS22L,SYNJ1,AC093818.1,ATP13A4,TBC1D4,TTBK2,PSEN2
8505,NCKIPSD,ILKAP,RPAIN,ATF6,CDNF,SLC25A13,GSDMB,TRIM13
8506,GAS6,EDRF1,TM6SF1,CCDC13,TP53INP2,FBXO32,TUFT1,SLC35A2
8507,PGLYRP2,RP11-1007O24.3,MAPRE2,ARFIP1,TMEM184C,ZNF790,NCALD,IPO9
8508,HACE1,CCDC73,DSTYK,IBA57,MORN2,RP11-293M10.5,STAG2,ADAM17
8509,MILR1,WDR47,MTERFD1,AC010642.1,TNS1,TMEM106C,C2ORF15,PPIL4
8510,RP11-390B4.5,BACE1,GUF1,USPL1,AC062029.1,SLC25A32,TXNL4B,NDRG3
8511,CDCA7,CEP290,SHC1,IAH1,CXorf57,FAHD2B,RP11-841O20.2,MICA
8512,ZNF7,RP11-572O17.1,LINC01024,ZSWIM4,PBX1,PGAP2,SLC9A9,STAC3
8513,SECISBP2L,NCAPH2,CLEC2D,AKAP8L,RP11-359I18.5,PRPF39,ANGEL2,KAT6B
8514,SMG1,SETD6,FAM73A,TMIE,PPP1R3F,DNAJB5,CREB3L2,ABR
8515,PHKA2,ZNF439,FAM210A,ITGB3BP,FANCE,MANEA,KLHL9,MRAS
8516,EML6,MIR4519,HECTD3,TPM2,TBC1D13,C9orf139,ZFHX3,ESF1
8517,SMIM5,IKBKG,CTD-2020K17.4,DPYSL2,IPO9-AS1,LEPREL4,GID4,UBE2W
8518,ZNF841,CTD-2256P15.2,COG8,ZNF283,TEPP,PI16,CTB-43P18.1,CITED4
8519,CHST2,C4orf46,PLOD1,CYB5D1,ENHO,LINS,ACTL10,WWP1
8520,XXbac-B135H6.18,NXPE3,C2ORF15,ZNF384,PPP1R9B,RP11-473M20.7,CTC-428H11.2,RECK
8521,CCDC77,AP003774.1,EIF5A2,EFCAB2,OLIG1,CROT,SLC4A10,LLGL1
8522,SGMS1,PXMP2,RRP36,C3orf17,ZBTB41,KDSR,NOL8,RXRB
8523,SLC25A51,CPAMD8,PYCR2,DFFB,NCKAP5L,AKAP10,NPAT,S100PBP
8524,MYO6,ELOVL3,C10orf88,FCF1,MILR1,AL928768.3,RAPH1,HMOX1
8525,REL,CHKB,ZNF554,RP11-452L6.7,NR2F6,TBCK,VPRBP,TET2
8526,ANKS1A,MPZL3,ITGAX,HAUS5,U73166.2,GABBR1,NBEAL2,BASP1
8527,C12orf10,PRR3,USP3,XRCC3,UGT2B17,HMBS,RP11-492E3.2,SLC38A2
8528,PTTG1IP,GFI1,MICAL2,NET1,GUCY1A3,MAST4,RFNG,RP1-8B1.4
8529,MRPL38,WDR7,CCSAP,AMPD3,LPCAT2,MCEE,MTA2,PRR5L
8530,PDE8B,DKFZP779L1853,TMEM237,LRFN1,ADCY3,TCTN1,CCDC127,EIF3J-AS1
8531,LEAP2,DNAJC16,SLC25A10-1,AP000476.1,CSNK2A3,DOHH,PPM1N,WDR70
8532,TCL1B,LAG3,EVA1C,ATP10A,GPR35,ABCB1,FBXO48,DDX19A
8533,AP001189.4,OAT,COA7,DDX55,HIST2H2BE,BEX5,ZC2HC1A,RP11-802E16.3
8534,EXTL2,GBA,KCNH2,ERI1,RP11-98D18.9,ZCCHC10,SMEK2,CYSLTR1
8535,ABCB4,MTIF2,ZNRF2,CES1,NOP14-AS1,AC013264.2,THEMIS,HDHD3
8536,ATAD3B,RBM42,PSMC1,ZSCAN12,ACSL3,NSUN2,ZNF717,ZBTB22
8537,CARM1,MOB3B,SLC14A2,C16orf62,NFIA,PSMC1,C12orf29,SRP14
8538,FKBP1C,RP4-539M6.22,DISC1,CARF,MED18,HSBP1L1,HAUS2,CTSF
8539,DLL1,ADRBK2,RP11-390P2.4,RP11-869B15.1,IGF2BP3,NEFH,RAB38,KDM1A
8540,CUEDC1,ITIH4,IFT43,ENDOD1,C3orf14,RP5-894A10.2,PLCB1,PDS5B
8541,UBE2E2,ZC3H18,ZBTB39,TSPAN33,MTPN,RP3-465N24.6,MPHOSPH9,RP11-262H14.3
8542,ATP6V1E2,HIST1H4J,TLR2,VBP1,SFT2D3,TOB1,ZNF528,VHL
8543,RP11-603J24.5,DUSP22,ZFR,H6PD,ALS2CL,COA7,REEP6,LIM2
8544,INPP5A,RP11-469M7.1,NPTN,CTD-2288F12.1,CXorf21,MAP2K6,ZW10,STRBP
8545,RP5-1068E13.7,HIST1H2AM,RNF103,SENCR,SREBF1,KDM3A,ALMS1,POMT1
8546,TMEM192,GTF2A1,PTDSS2,DSCR9,ASAP2,CYP51A1,CLDN7,ELMO2
8547,PPRC1,CASP7,LHFP,TMEM256-PLSCR3,PLXNA1,PMS1,SUPV3L1,RNASE2
8548,HOMEZ,LAX1,SORBS3,POLR3A,SPECC1L,PON2,ABHD10,ZNF136
8549,CTD-2555O16.4,RP11-124N14.3,CLEC4E,HNMT,AC097713.4,A2M-AS1,IGHMBP2,GPR141
8550,SSPN,NAPEPLD,SMAD7,RP4-800J21.3,TTC21A,CTD-2541M15.1,PRKRIP1,GCDH
8551,HSPB9,ERMP1,STT3A,SP1,AP1S3,C1orf50,HBA1,BTN2A2
8552,SMARCAD1,FNIP2,TNFRSF1B,AP001258.4,DKK3,SLC30A9,VCP,APAF1
8553,ZNF174,TMEM254,ZNF470,GRK5,RP11-326C3.2,ZHX1-C8ORF76,TADA1,PRKAG2-AS1
8554,SEPT5,CANT1,HMGXB4,ZNF678,ESPN,TMEM184C,MATN1,COG1
8555,CLDND2,FBLN5,DCLRE1B,TUSC1,SNAPC4,FRY-AS1,TTC34,RBFA
8556,SPAG4,ZNF740,PFKFB4,MARCKS,PAWR,PPM1A,NFE2L1,PEMT
8557,MIR146A,LINC00884,PPAN,PLK4,PPP1R26,MAPK13,SLC22A18AS,HYLS1
8558,CCDC115,AL645728.1,ITGAV,C16orf70,MSANTD3,PGM2L1,THBS3,LEO1
8559,ITFG3,DCAF4,SIK1,TMTC3,C6orf47,SDCBP2,ANKRD35,PLCD1
8560,NCOA6,PEMT,PPP2R2D,DAG1,NBPF9,RP11-47L3.1,ACTR3B,BCKDHA
8561,PIK3C3,CDK9,SLC33A1,AKAP5,GBGT1,ARL11,VNN3,RP11-708J19.1
8562,LINC01013,ZNF546,LANCL2,IRF2,UBAP2L,VPS8,COPA,AKAP8L
8563,TMEM57,SOCS1,MTX3,RP11-176H8.1,HMMR,HIST2H2AB,ENO1,TTC5
8564,CATSPER2,ARHGAP6,RORC,C16orf95,BEND2,RP11-162G10.5,RUSC1-AS1,KPTN
8565,CEP76,PRR4,NUP107,CERS6,ZNF737,TCEA2,FAM104A,TMEM214
8566,THTPA,RP11-693J15.5,UTP14C,GTF2A1,ZNF483,B3GNT1,B3GALT4,RREB1
8567,HDX,CENPB,ORC5,PLEKHN1,SYNE3,HUS1B,BAHD1,ETV5
8568,CDK5RAP1,PRPF38A,ATP13A3,NEK1,VPS18,ZG16B,MYLK-AS1,ATP6V0A1
8569,RP5-864K19.4,TCP11L1,GLRX3,DAB1,RP11-1070N10.3,LILRA4,PSMC4,GPALPP1
8570,TMEM53,POLA2,GFOD2,GRPEL2,SLC8B1,C20orf96,SDCBP2-AS1,TERF2IP
8571,CLEC4E,TRIT1,IBTK,JMJD4,IRF4,RP4-583P15.10,SOX7,ZNF606
8572,SERINC2,IL23A,SUSD4,MPZ,LL22NC03-75H12.2,PYGB,KNSTRN,KLHDC4
8573,ENGASE,ZNF667-AS1,NCAM1,MTL5,C7orf25,AC018755.1,KHK,NFAM1
8574,MICALL2,AC002117.1,DHX32,BAMBI,C4orf46,LACTB2,CLEC16A,KDM1B
8575,HFE,DBT,RLTPR,FAM115A,RP1-140A9.1,PSKH1,AGFG1,RIN1
8576,CTC-241N9.1,MCM2,THBS3,CAB39L,RP11-532F6.3,INADL,C11orf1,ZNF350
8577,LINC00996,DCUN1D2,SETD1B,SLC22A5,RP11-452L6.5,UHMK1,CEP192,C11orf54
8578,RP11-162G10.5,RP11-727F15.12,SESN3,AGBL5,GPR174,SEL1L3,UQCC1,EMC1
8579,CCNA2,ZNF736,MCF2L-AS1,DLGAP1-AS2,GORASP1,LINC00341,FAM171A1,DHX8
8580,PROCA1,ITPRIPL1,ZNF710,KCNE1L,TOMM70A,HIC1,ASNS,CLASRP
8581,TMEM260,PHIP,BCAS2,LILRA3,ABCA2,GNG5P2,SYT5,TTC32
8582,ATP13A1,CLPTM1,VWDE,DENND1A,HIST1H2BH,TAOK1,USP37,POLM
8583,TNIP2,ZNF407,TIMM23,MAPK11,ADC,ST8SIA4,RNF146,MCM3AP
8584,RWDD2A,ODF2L,CEP63,RSBN1L-AS1,SHPK-1,MAN1B1,TTTY15,CIITA
8585,STAM,ZKSCAN4,CACNA1C-AS2,HDAC6,NAT1,PPWD1,AGBL2,FDX1L
8586,ELK3,LRRC23,SNAPC4,GPS2,ASAH2,ULK1,ATL3,AP4E1
8587,IL1RAP,INSR,RP11-553L6.2,PPP1R3F,AP000350.4,BTBD10,PIWIL4,CEP78
8588,PINX1,UQCR10,RP11-301O19.1,ZNF345,STX16-NPEPL1,RAVER1,PRR3,ANKRD36C
8589,KPNA5,FAM200A,TLR3,LINC00544,HSD11B1L,RP11-686O6.2,RP11-5C23.1,GANC
8590,ZNF14,CRB3,NEK11,ARL5B,RNF170,SFT2D2,RP6-99M1.2,MPHOSPH9
8591,S100A13,RP1-315G1.3,LEAP2,TBC1D7,RP1-261D10.2,NIPSNAP1,JARID2,FTCDNL1
8592,SLC9A1,C2orf43,AGER,SECTM1,SSBP2,MLLT6,ZNF160,IL13RA1
8593,PICALM,GCC2,RP11-1000B6.3,MRPL30,CBR3,SYNJ2,CBX8,VPRBP
8594,CRYGS,CD1B,GALC,PARP4,ZWINT,RP11-538P18.2,RHOBTB2,DIP2B
8595,DENND5B,AMDHD2,PDZD4,AKAP7,MRPS24,FLNB,SPERT,BAG4
8596,TMEM38A,NHLRC2,CRIP3,ATP6V1E2,CENPO,ZNF687,RAPGEF6,MYPOP
8597,IFT43,TTI1,DYRK1A,TAS2R14,ABCC5,VEGFB,C11orf80,BACE2
8598,TAF13,CHM,ZNF703,MIR24-2,ZNF12,PDSS1,SMG6,CREB3L2
8599,NDST1,LLGL1,TNFAIP2,B3GALT6,LINC01024,MTX1,CRIPAK,NR2C1
8600,UGT2B17,ZNF587,AC005082.12,BICD1,UTP14C,TELO2,ZNF286A,AC074289.1
8601,WDR86,RNPEP,CYB5D2,GAS2L1,GCLC,STAM,AC073072.5,TIPARP
8602,SLC16A6,CTA-384D8.36,CADM1,SPPL3,CLN5,BTBD7,RNASE4,EIF4E3
8603,GANAB,RP11-589P10.5,TBKBP1,ARMC5,RPE,SMPD2,ZNF641,PAQR4
8604,MTERF,HSPBP1,F8,MAGOH,F8A1,LEMD2,GCNT2,AP3M1
8605,KIAA0556,ZNF410,IL15RA,SNX24,SERPINE1,SLC37A2,ZNF696,L3MBTL2
8606,EHD3,MOSPD1,RP11-295G20.2,KDM8,AC104820.2,POLR2A,SERPINI1,CPSF2
8607,FGD6,TMEM126A,SEMA4C,RNPEP,SMCR8,CDR2,AC009133.14,SYCE1
8608,C10orf11,RSPH9,IL1R2,GAPT,ZNF418,SIDT1-AS1,RP11-334C17.5,TARSL2
8609,MIR29A,ZNF77,AC004540.4,NUDT17,AC040977.1,METTL12,DHRS4,JOSD1
8610,SEC24B-AS1,PAM,AC020571.3,STK39,FAM111B,KLHL7,SIRT5,KIR3DL1
8611,SSH3,AC139100.2,IKBKG,AL590452.1,SUV39H2,SLC25A5,NSUN7,FAM175B
8612,NR4A3,AC022182.3,TARS2,INPP5B,HYKK,MED24,TMEM181,GFM2
8613,SIGLEC14,ATG9A,SIK2,LMTK2,RHOQ,IL23A,TLR1,FAM104B
8614,CALHM2,SHMT1,SIPA1L1,GTF3C2,AEBP1,SLFN12L,SH3GLB2,SOAT1
8615,ZNF696,C19orf52,ZNF432,ADAM12,CEACAM4,WIPF2,MIS12,PGM2L1
8616,SCRN3,GNAZ,PPP2R5E,AC108488.4,AL928742.12,C16orf95,RP11-22N19.2,IL1RN
8617,RPS4X,TYMS,TRIM37,TERF1,COBLL1,PCMTD1,PTMS,TM9SF4
8618,PPP2R2D,KIAA0040,HCAR3,CCNDBP1,MFHAS1,RP3-467N11.1,KDM8,BUD13
8619,ABCA7,ZCCHC6,MOCS3,MEST,CLIP2,ELMOD3,AC010226.4,PPP1R21
8620,RBM47,TFDP2,GPR75-ASB3,TAF4,SEC14L5,ZNF7,ABCA2,PJA1
8621,ANGEL1,IFT172,ZDHHC8,ERCC2,HCFC1R1,EHBP1L1,ZNF273,GBGT1
8622,ZFHX3,TIGIT,CDKN3,BRICD5,GPR180,BLCAP,ANKRD26,C19orf68
8623,GABARAPL1,CAPN2,REPS1,NDUFS1,ZNF778,PP13439,CYP51A1,COQ6
8624,LINC00880,LCAT,TOPBP1,CHM,THNSL1,TMEM30A,PHRF1,CTC-228N24.3
8625,CSRNP2,POLR1C,ZFP69,RP11-566E18.3,ZDHHC9,TNFSF8,AP3M2,SCAI
8626,ABHD6,CCSER1,C4orf33,RP11-111M22.2,LTK,ACTR3B,CD99L2,DENND1A
8627,FARP2,ZW10,LYPD2,ZNF251,ELOVL6,RIOK1,ARL15,SYTL3
8628,GTF2IRD2,HS3ST1,ACAD8,TPM3,RORC,CCDC174,ZNF264,SRD5A1
8629,DAB2,PITPNA-AS1,PXN-AS1,CCDC115,ZBTB49,RFX1,KIAA0754,OXSR1
8630,KCNK12,ZNF217,H6PD,FMNL2,LAMP5,NAALADL1,LRP10,NCLN
8631,SLC12A2,SLC25A19,ARHGAP22,DDX11,GYLTL1B,SLC30A6,HLA-G,SLC35F6
8632,SS18L2,RP11-620J15.3,WDR76,DPH6,CD93,TGFBR3,SLCO4C1,ZNF398
8633,SEC23B,TTC9,MYO5C,ZP3,CASK,TRRAP,CCDC137,TRIO
8634,AC022182.3,NUPL1,CPLX1,TRIM23,ARG2,C5orf28,KIAA0195,DNAJC30
8635,PLXND1,AHDC1,DUSP4,CRB3,RP11-820I16.4,SNAI1,MORF4L2-AS1,LOH12CR2
8636,APAF1,LDOC1,URGCP,WDFY4,OTUD3,TMEM161A,CDK20,ST8SIA4
8637,CXCL9,BTBD11,LRIG1,PRKAG2,XXbac-BPGBPG55C20.2,RALGDS,CDCA7,USF1
8638,ZNF561,CFDP1,ATL3,RPS17L,AC004893.11,BPTF,RPS6KA2,VAMP4
8639,IRF2BP2,FOXN3-AS1,GTF2H2C,RP4-610C12.3,EML6,PGAM1,RP11-799D4.4,LTBP4
8640,GSTO2,PARP15,AP2B1,RP11-15A1.7,INPP5A,YAE1D1,ZNF473,THAP6
8641,MTMR1,ACVR1B,MLC1,DEPDC5,PIK3C2B,AP001816.1,C2orf81,TMCO3
8642,DNAJB9,KLRC4,HIST1H2AM,MRPL15,IDUA,ZKSCAN3,DZANK1,SMAD4
8643,RAVER1,CAPN12,ST7,PAXIP1-AS2,CYTH2,SPDL1,POLR1D,ENTPD6
8644,RP11-637A17.2,SPEF2,GNAI1,FASTKD3,SEC61A2,HIST1H1D,ASB6,CTD-2228K2.5
8645,MYCL,SRRD,FAM228B,ZNF273,SEC22A,RP11-147L13.2,RP5-1103G7.4,EXT2
8646,AHR,CTNNAL1,C19orf83,OPRL1,OSBPL10,CDKL5,ZNF85,MMP23B
8647,ZW10,ORC1,IFFO2,QSOX2,RP5-1091N2.9,AVPI1,PAN3,CHP1
8648,MGAT4B,FNTB,DHCR24,CTD-2555C10.3,C10orf91,MAPKAPK5,CRTC2,NLRP3
8649,DOK7,AC005944.2,S100B,FLJ27365,MAP1A,FASLG,CCRL2,DAK
8650,LIM2,CSNK1G1,ZNF691,MRPL27,hsa-mir-1199,DCAF5,BCL9,ZNF836
8651,HMGCL,EDA,TMEM127,RAB11FIP5,LDLR,RLF,ZNF180,TMEM185A
8652,HEG1,AC002310.12,RP11-535A5.1,RP11-841O20.2,IPMK,C1orf54,SSPN,USP42
8653,PHLDB1,RANBP3,SNIP1,MGLL,JHDM1D-AS1,FAM210A,RP11-222K16.2,MIER1
8654,FCRL5,EFCAB7,CXorf24,ZNF736,HRASLS,IZUMO4,AP003068.23,PACS2
8655,C1orf204,STAM,CCL4L1,TXNDC11,RETSAT,PHF21A,GAS2L1,MNT
8656,ACACB,AGAP3,MRPL19,HIST1H4A,GUCY1B3,CAHM,ARL10,APC
8657,INCENP,APOBEC3H,IPMK,ZNF467,STOML1,SLMO2,DCAF4,FAM111A
8658,SETD7,TAL1,CWF19L1,SPATA24,EFCAB7,TTF1,AZIN1,C16orf45
8659,MTMR11,C5orf54,NOD2,FEZ1,EIF4ENIF1,F2R,FAM86A,SAP130
8660,HES6,GMEB1,CROT,NEURL1,SENP3,SMG9,TMC4,RPN1
8661,ZNF544,GPAA1,CENPN,GPR137B,RP11-498C9.3,HP1BP3,FAM201A,GNG2
8662,SCD,GTF2H3,HEXIM2,SERPINB8,ZNF777,ZNF273,ZNF677,MSI2
8663,GP9,SLC38A9,SBNO2,SH3GLB2,SENP2,B4GALT5,SAV1,YIPF1
8664,RP11-426L16.3,TRAF4,AC074183.4,SIRT4,HIST1H4K,MEIS1,SLC36A4,PHYH
8665,TCTN1,CBR4,RAB40C,SMIM10,SLC15A3,PTOV1,PTK7,PID1
8666,PKD2,XPOT,RP3-428L16.2,PLXNB2,ZNF718,BEX4,CD1A,INPP1
8667,CHST15,SMARCAD1,CMTR2,STK19,BTBD7,AZI2,SWT1,ACSF2
8668,MTA3,DOLPP1,TTYH2,ATP7A,CCNB2,COPZ2,RP11-285F7.2,SLC25A36
8669,TUBB6,MTAP,NR1D2,AP001058.3,CTC-338M12.5,RNF44,AK8,CAMK2D
8670,FANCA,PRRT1,TBC1D15,ZFP30,TDG,FAM175A,UBLCP1,IGHMBP2
8671,TRAPPC13,CTC-523E23.11,IL11RA,GMPR,EXOC8,RP11-539L10.2,LYSMD3,EGR1
8672,KDM4A-AS1,ZSCAN21,SENCR,RP11-466F5.8,NBPF12,RP11-589P10.5,FRS3,SGSM2
8673,RP11-339B21.13,C1orf198,NAT14,RP4-789D17.5,FRY-AS1,TRPM2,ZNF444,SMG6
8674,TAOK2,EPS8,SLC35G2,SNX29P2,PPARA,TMEM191C,TLK2,RPP25L
8675,PPP2R3A,PLEKHA3,FAM111A,DLGAP3,TMEM5,NOP14,ANKRD46,TOPORS
8676,CTB-58E17.1,PRICKLE1,RP11-418J17.1,PARPBP,ROM1,NREP,C2CD2L,C12orf43
8677,SLC14A1,CTTN,CYP3A5,C9orf91,SYCE3,IPMK,FAM114A2,HCG18
8678,SLC16A4,ACAP3,ROBO3,NSDHL,HES1,RTN1,DPH2,USP19
8679,CENPBD1,PHF2,SCAF8,DNAJA4,DOK4,FXYD2,BEX5,C9orf91
8680,FAM229B,ABHD17B,RP11-452L6.1,MATN1-AS1,ACER3,AXIN1,MRPL35,FOSL2
8681,SLC4A5,GCSH,APBB3,KRAS,ADPRH,ZNF526,RP11-588G21.2,ZNF281
8682,IFT46,GFPT1,PKP4,RP11-589P10.5,KIAA1324L,ACOT8,MTMR3,PTPN22
8683,ZNF860,BOLA3,ZNF558,PDS5B,PUS7,HAUS6,CCR5,MBD6
8684,RPAP3,TBX19,ZNF212,HS6ST1,RP11-159D12.2,LINC00211,LBX2-AS1,FAM122B
8685,ZNF12,ST3GAL3,REG4,TRAF3IP2-AS1,CLEC11A,NAA16,C19orf55,RALGPS2
8686,ZNF133,FKBP7,MRE11A,RP5-1115A15.1,ACTR3C,RP11-325F22.2,RP11-849F2.8,DIS3
8687,TBC1D22A,MAST2,HK2,ZNF561,NUSAP1,YEATS4,TAF13,RP11-290D2.6
8688,MRGBP,PRRG4,MSANTD3,ASB7,CBWD5,ZNF516,FBXL18,ZNF644
8689,ZNF461,ATP6AP1L,LRFN1,PAFAH1B2,AC073115.7,SLC9A3R2,COX10,ARL4D
8690,MPP5,NT5DC2,DNAJC18,SP4,RP11-164H13.1,WARS2,SGSM3,CSGALNACT1
8691,TCEANC,KIR3DL2,S100Z,ZNF30,BRD1,RAD17,NEK8,CLCC1
8692,LARGE,DAB2,SLC9A8,ARID1B,FANK1,TKTL1,C8orf31,ERCC5
8693,LINC00341,RP11-6J24.6,C9orf156,TMEM68,HCAR3,CDC42EP1,GPR75-ASB3,ZBTB16
8694,ZNF638,CENPBD1,TAL1,MED12,KCTD1,RAB5B,SMPDL3A,BNIP1
8695,NRIP1,USP37,ZNF678,RP11-319G6.1,ITFG3,AP000783.1,CTC-273B12.10,EXOC5
8696,TM9SF4,AC092580.4,ZNF70,C21orf119,NAV1,GCSAM,LINC00694,CBLB
8697,WDR59,C11orf68,MFAP1,FAM53A,TMEM39B,VEZT,KCTD13,DPYD
8698,EPB42,CTB-32O4.2,RP11-796G6.2,MOSPD3,AC011558.5,SCLY,CENPQ,C4orf32
8699,AFF4,GCC1,KLRC4,BCR,C12orf39,SLC25A51,FADS1,DLG1
8700,HIST1H1D,BCO2,ALDH1B1,IQCE,FOXD2,SIAE,ZNF346,SEC24B
8701,SLC25A43,TRANK1,AP3S2,SLC35E2B,HSPA1L,SPATS2,DVL1,EXTL3
8702,FGGY,TAF9B,RP11-672L10.6,SRRM5,NEK11,NR1D2,ERO1LB,MS4A14
8703,TMEM258,TATDN3,ZFX,SURF2,RP5-1115A15.1,PPP1R3D,PTRH2,MAPKBP1
8704,SLC15A3,C14orf28,TK1,CDK12,CDC25A,AC093642.3,RP11-337C18.8,NFKBID
8705,SIGLEC1,DDX20,PMS1,VSTM1,GRAMD3,CCDC167,JMJD8,KIAA1468
8706,CTC-250I14.6,FCF1,ZFP90,MKL2,CDC45,C8orf59,EPB41L2,CYHR1
8707,CENPO,RAP1GDS1,VTI1A,KIAA0391-1,CHST15,BYSL,KCNMB1,CLEC4C
8708,LRCH3,INTS12,SIRT4,HIPK3,SRRD,FAM115A,LRRN3,SIRT6
8709,P2RY14,RP11-452L6.1,IKZF5,CDC37L1,CR2,INTS8,ZNF518B,SLFN11
8710,RP11-11N9.4,NELFA,GDPD5,NCAPD3,AC079807.2,UBAP2,CCDC149,ATXN7
8711,SMARCC2,AMACR,KCTD9,PATZ1,NUDT4,GPD2,LENG8-AS1,ENPP4
8712,CPNE5,SMCR8,RBM26-AS1,HIP1R,EVC,C14orf28,TSPAN33,CHD7
8713,GDAP1,KPNA1,KDELC2,ZNF10,PRMT10,RNF19A,SH3YL1,PPP2CB
8714,RP11-305L7.3,TUBGCP5,SCO2,MYO6,RP11-22P6.3,NOL3,TBPL1,KCNA3
8715,ZNF629,DUS4L,CNTLN,KIAA1109,CYP27A1,EPM2AIP1,U47924.30,TNRC6C
8716,AGRN,MLLT6,ZNF598,ZNF823,MOB3B,MAP2K3,BRAP,SIPA1L1
8717,SS18L1,LIN52,ZNF362,CXCR5,JAM3,CTC-444N24.6,CSNK1G3,ADRBK1
8718,FBXO30,ZRANB3,RGL2,MIER1,OOEP,FAM103A1,TMX3,NCBP1
8719,OLFM2,PET112,DNAJC17,ZNF569,HAUS5,GLB1L,C9orf66,RAB20
8720,C1QB,GEMIN4,C2CD2,RP11-301O19.1,ZNF35,FCRLA,AMACR,C9orf114
8721,FUK,RP11-11N7.4,RP11-87C12.2,ZNFX1,DHX57,PXMP2,BSPRY,MDN1
8722,SULT1A4,ARVCF,MMS19,SUFU,XYLT1,KIF13B,CDCA8,RMND1
8723,WASH4P,ZUFSP,MARS,ATF7IP2,ECI1,AC016831.7,RP4-798A10.4,TMEM41B
8724,RP11-89K10.1,VWA5A,KHSRP,ZNF557,CCDC71L,ENOSF1,SLC17A5,LEAP2
8725,NUP210,CCZ1B,GLTSCR1,ASPH,SPINT2,ARVCF,AC002467.7,AKAP7
8726,TRIM52,RP11-701P16.2,SCARA5,R3HDM4,CCDC6,MON1B,C6orf25,BBIP1
8727,KANK3,FAM229B,SH2B3,LILRB1,KCNC4,RP5-1103G7.4,NUF2,PSMD5
8728,AL928742.12,EME2,GLTP,ZMYM6,KCTD21,RP11-115C21.2,LINC00886,KIAA0196
8729,HCAR3,LTN1,LIPC,AC012358.8,SNHG9,PSPC1,RP11-51J9.5,TIMM23
8730,MARK4,CKS2,AC007228.9,BTBD2,DOCK7,RRN3,AC006369.2,HIST1H2BN
8731,EHMT2,TUBA8,CEP72,NKD1,AP003774.6,HCFC1,CCNY,LYRM4
8732,GPX7,MED8,AVPI1,TFAP4,MARK4,LIX1L,TM9SF3,ZNF561
8733,CTC-338M12.4,HBA1,DDX10,PITPNM2,HSPA13,DENND2D,ACCS,PAF1
8734,WFIKKN1,ALOX12,CCDC138,CNNM3,ZNF57,RUNX2,RP11-553K8.2,CDK13
8735,SYCE3,YPEL1,CCL3L3,NOL3,ADM,SH3BGRL2,GPR150,XRN2
8736,PLS3,GOLGA8B,RP11-156E8.1,MRPL37,MCF2L,LUCAT1,OSGEPL1-AS1,KIAA0430
8737,C10orf111,ACRC,HS1BP3,SLX4IP,ASAH2B,TSPAN3,ASPM,MAP7D3
8738,PRRC2C,INSIG1,DKFZP761J1410,TMEM262,TCFL5,SLC35D2,TNFSF14,YPEL1
8739,RP4-561L24.3,C19orf54,LILRA6,DUSP22,HAS3,BLM,GPR89A,BRF1
8740,EPM2AIP1,ZNF841,CCDC134,KRT86,SCYL3,TAGLN,RP11-872J21.3,LPCAT2
8741,PNMA5,PUS3,FAM76B,LINC00211,SIAH1,FAM209A,PGRMC1,TXLNG
8742,TRIM54,ZNF234,ZNF507,OBSCN,ACRC,RAB30,FAM210A,PLEKHM1
8743,SLC35G2,BEST4,SRFBP1,BTD,PAPOLG,C6orf47,UGT2B17,ETAA1
8744,CCNL1,PAPD7,ANG,LYST,SCAF8,TRIM16,BAD,ADAM28
8745,DKFZP434E1119,RP11-159G9.5,LINC00937,RP1-315G1.3,PPP1R16A,TGFB1I1,YEATS2,KIAA1109
8746,MAP3K7,ATP9A,FSTL3,ZNF135,FAM212B,APAF1,SNAP47,ZFP69
8747,ACVR2B,RP11-758P17.3,STK33,DGCR6,TUBB4A,TTC37,SMIM1,TMEM2
8748,TNKS2-AS1,CRYZ,PIGV,EPHX3,RSPH3,STK35,KLC4,SCML1
8749,MRPS2,FAR2,HYAL3,DMAP1,PIAS3,CCDC134,CTC-534A2.2,RAB3GAP1
8750,ZNF627,ZFP69B,MPP5,ZNF565,ANKIB1,AC145212.1,BOD1L1,DUSP10
8751,SYNJ2BP,XXbac-BPG181B23.7,ARNT,SPATA33,ZNF592,CRY1,GIPR,RNF14
8752,UBE2W,AC093609.1,RP11-152N13.5,MAP1S,CYFIP1,ZNF219,ZFAND4,FAM193A
8753,CMKLR1,CDC27,MAK16,WWP1,ROBO3,ZNF510,CCNG2,PPP1R15B
8754,PDIA3,DTX3,PLA2G7,ZNF589,VEZT,ZNF180,NBAS,DTX2
8755,GBGT1,FXR2,HNRNPH2,FAM122A,TEF,DNAJC9,AGAP2,ELMSAN1
8756,FAM189B,DCAKD,STAM,RAB3D,TNFRSF13C,GPR56,CARKD,KHK
8757,PP13439,CCDC61,DHCR7,HOXA5,METAP1D,ZNF605,PDZK1IP1,IRF2BPL
8758,LINC00893,LIG3,FAM168A,DHTKD1,AFAP1L2,RPUSD2,SLC33A1,GFM1
8759,CTC-425F1.4,THAP3,CENPW,RGS12,AKR1E2,UBAP1L,PLK1,LINC00324
8760,ZBTB39,LRRC8A,RP3-395M20.12,CNOT4,RP11-196G11.2,MYL6B,PHLDA3,CTDSPL2
8761,KISS1R,RP11-432J24.2,GSPT2,AC097500.2,ZNF507,STAB1,CENPA,CEP68
8762,PPAT,DYRK1B,LY6G5C,S100A5,RNPEPL1,DUSP14,KIF2C,EED
8763,ZNF415,CASP9,TNFRSF10B,LGALS8-AS1,TBCE,CCDC64,GBA,NOTCH2NL
8764,RP11-539L10.3,FRS2,POLD3,NDC1,LILRA6,MBTPS1,CDK5RAP2,THOP1
8765,DPCD,TTC30A,GSE1,CUX1,RP11-95D17.1,LINC00886,ZNF575,ADSSL1
8766,ELF1,RP11-489E7.4,HERC5,SAMD10,SH3BP5L,PIGO,HDAC6,NCAPD2
8767,ZNF100,SLC10A7,ATP10A,BMP2K,MEG3,ARID1B,RP11-138A9.2,YLPM1
8768,TUBB1,RP11-803B1.8,H1FX-AS1,CRAMP1L,C19orf73,ANKLE1,ZSCAN29,THOC3
8769,ZNF777,RP11-81A22.5,RP1-187B23.1,KIAA0226L,C17orf67,TMEM38B,IPO13,CNFN
8770,AC007383.3,HIF1AN,SH3BP5-AS1,TCF7L2,HPCAL4,CCNH,MAPK6,RNF40
8771,ZNF337,GUCY1A3,DOCK5,WIPI1,PGAP1,PIP5K1A,RBM27,SLC9B2
8772,PPP1R17,OBSCN,FRAT2,PNPLA8,ZNF541,MSANTD3,RLN1,FCGR2B
8773,EEFSEC,IL6,SREK1,XXbac-B476C20.9,CEP128,YPEL1,HIST4H4,RP11-143J12.2
8774,ATL3,AC132872.2,ASB13,RP11-78O7.2,LY6G5C,MTHFD1,HDAC8,PARN
8775,AC010761.8,ZNF613,RHOB,IL1RAP,CCNB1,CEP76,HOMER3,EVA1B
8776,SLC1A7,C22orf26,IGF2R,DFNB31,CLPX,MCM3AP,ALDH5A1,EFCAB4B
8777,KCTD18,ATAD3B,CHN2,ZNF790,CYP2U1,HEATR1,SERPINB6,ATP11A
8778,AC092667.2,RABGGTA,GPR162,PDCD4,CDCA5,CCDC26,ZNF45,SGSH
8779,ABCA2,TBCEL,KANSL3,AC009506.1,MAP10,GNB1,TPX2,PDCD4-AS1
8780,THAP7-AS1,FAM13B,NDUFS1,KLHL12,ABCA5,PYROXD1,CENPE,BET1L
8781,FANCE,AC009065.1,KIF9,RP1-159A19.4,YTHDF3,CTA-211A9.5,PHGDH,ATP10D
8782,APOBEC3D,CAPN15,TNIP1,TESK2,ANK3,UBASH3A,VPS8,RBM12B
8783,OXSM,CTC-444N24.11,MEG3,RP11-532F6.3,NDUFAF5,KIAA1328,PAQR4,TMEM106A
8784,CCDC47,TEPP,ARL13B,CASP7,MED14-AS1,PTAR1,ZNF140,CCDC88A
8785,ADAP2,GMPPB,KIAA1958,SERPINF1,SLC2A1-AS1,GPX7,RNF217,NEK8
8786,SDR42E2,RP11-458D21.6,ITPRIP,CHKA,SAMD14,TIAM2,UBFD1,PINX1
8787,NAT14,MIER3,PTPN23,TNFRSF11A,NUP35,ZDHHC14,SLC31A1,PIK3R2
8788,CMTM6,STOML1,BNIP1,CDCA7L,ZNF528,LAG3,RP11-76E17.3,PIGK
8789,GDAP2,FBXO45,GS1-124K5.3,LMO7,NBPF1,RP11-426L16.3,NMRK1,GLI4
8790,PAOX,ZNF684,TMEM220,ICAM1,DEPDC1B,ANKMY2,E2F1,PDCL
8791,EHBP1L1,RP11-114O18.1,GMEB2,ZKSCAN8,BRCA2,CNNM2,KIF23,TMEM44-AS1
8792,NUDT19,NKAPL,TOLLIP,FAM160B1,LINC00894,ZRANB2,PHC1,ALKBH4
8793,NPR2,VNN1,RP11-522I20.3,ZDHHC16,SLC35E2,RP11-94L15.2,ORC3,CBFA2T3
8794,PHC2,SP2,RANGAP1,NUDT13,RLF,ZNF669,SLC35E2B,GLMN
8795,CCDC9,PFKFB2,ACER3,STK35,PODN,SYNE2,MRVI1,RBM47
8796,DHX32,LCN2,MARCH8,NUDT6,DDX26B,RTEL1-TNFRSF6B,SPATA33,THEMIS
8797,MYBL2,MRPL35,PPM1D,LRRN3,SMIM1,CTC-523E23.11,INADL,UBE2Z
8798,TOP3B,CENPN,MON1A,RP11-558F24.4,CAV1,RP6-109B7.3,ANKRD22,ARVCF
8799,NUDT21,ARC,CTB-152G17.6,RP11-867G23.4,NR3C2,DMXL2,RP11-326C3.12,CBX7
8800,ERGIC1,C8orf76,NAT10,TMEM55A,KIF11,SPAG16,SPESP1,NPLOC4
8801,CTBP1-AS2,SLC25A16,ATP6V1C1,LILRB3,RP11-511I2.2,REPIN1,MMP11,LINS
8802,TRAPPC8,RP11-407N17.5,NUP205,THAP8,SAP30,PWP1,RPGRIP1L,MTRF1
8803,AP000254.8,ALG10,TGDS,RP11-46J23.1,GADD45G,TSPAN17,RP11-379K17.4,FAM76A
8804,SEC61A2,C16orf54,TLR8,KCTD21-AS1,TMTC4,COPB2,PEX5,SNRNP48
8805,DOK4,PRSS23,RP11-15A1.3,BSPRY,AC007879.7,HTRA2,KIAA0513,ACAD9
8806,DVL1,PVALB,ZKSCAN5,RP5-887A10.1,BCAT1,TMEM79,CTD-2037K23.2,ACOT2
8807,RP11-996F15.2,KANK1,HFE,C16orf91,RP11-527L4.5,AIG1,RPH3AL,MTMR9
8808,OXT,ERP27,AC002467.7,HNRNPLL,C22orf29,RIF1,FAM229A,EIF4E
8809,RABGAP1,CARM1,IL24,ZNF33B,COA7,RP11-421L21.3,ZNF254,MMAB
8810,MIEF1,APLF,NT5C3B,ZRANB1,ZNF234,NUDT11,CSE1L,CTD-3138B18.5
8811,TRMT61B,TSNAX,NEFH,FAM153A,KIF16B,PEX13,AP3S2,PI4KA
8812,ANKRD34B,ADAMTS10,IKBKAP,BRD8,BATF3,ORC2,WDR5B,CDK8
8813,HAUS6,PLCG2,PEX1,TRIM11,MRPS26,CAMKK2,NNT,EHMT2
8814,ZNF829,GEMIN2,EPG5,HSD17B1,IFNAR2,SCAI,MCFD2,KHNYN
8815,LAIR2,GS1-393G12.14,RP11-79P5.9,MCU,AC115618.1,MORC2,CTC-378H22.1,FCHO1
8816,RP11-73O6.3,BSCL2,TAB3,BCL2L1,SMPDL3A,LY6G5B,MUT,AC022182.3
8817,RBM15,C9orf85,MYH3,FKBP14,ZNF232,RASGRP3,GPR42,FBXO22
8818,SRP14-AS1,ETV5,KLRC2,MPP6,RAB3IP,TEX30,FSD1,GTF2E1
8819,DTX1,NDRG3,CTA-292E10.6,SLC35A5,CROCC,FAM76B,FASTKD3,BRAT1
8820,APTX,MARCH9,ENGASE,KMO,MPND,MARCH6,RP11-580I16.2,CLCN7
8821,ANGPT2,BCORL1,PLIN2,ZNF746,HOOK1,GALK2,SNW1,MSL2
8822,HGS,SPSB1,CDYL,PDE8A,HINFP,ROCK2,METTL25,STK11
8823,NDUFS8,USP46,DHRS13,OSBPL1A,AP003068.23,TRIB3,PRKAR1B,TCTN3
8824,POFUT2,LRRC48,MFHAS1,DAZAP2,RP11-142C4.6,C3orf17,AC009404.2,KCNN4
8825,TTYH3,PACRGL,C19orf59,LCAT,NOP2,DNAJB12,SMTN,VPS37B
8826,EVC,NUDT8,UTS2,DRAXIN,LARS2,TMOD2,IER5,SLC6A6
8827,NFKB2,NAPG,HSF2,CTB-32O4.2,RP11-433J8.1,RP11-326F20.5,WDR73,MXD1
8828,LONRF1,SRC,GALNT3,KRT2,HPS3,GINS2,ZYG11B,IFFO1
8829,LPGAT1,CUEDC1,CPEB2,EIF4ENIF1,RP11-110G21.1,CHERP,B3GALNT1,HYPK
8830,MRPL52,ZNF138,C1QTNF4,SIMC1,MGST1,RP11-434H6.6,NUDT15,ABHD5
8831,CLN6,PRKCD,ACVR2B,RP13-270P17.3,CDC42BPB,RNASEH1,ZNF107,PPP6R3
8832,POLR3H,UEVLD,SBK1,NEXN,NKAP,LAGE3,NUDCD1,ZNF384
8833,RILPL1,TMEM33,LINC00920,P2RX7,PCYOX1,SQLE,KATNAL1,NUP98
8834,CYP27A1,LYSMD3,ARHGEF7,GTF2H5,BMS1,P2RY12,CHEK1,TSC2
8835,MERTK,ECE1,BAG5,POLB,ZNF749,THBS1,ARID3B,NCAPG2
8836,GIGYF1,RP11-452C13.1,C11orf84,ULK1,TLR5,AIM1,CRISPLD2,EXOSC10
8837,IL13RA1,ARIH2OS,OAZ3,SMG8,RP11-467D6.1,FCAR,CUX1,ING1
8838,RAD23A,TMA16,RAPGEF6,CHPT1,STAC3,TAL1,RP11-110A12.2,PROSER1
8839,PIK3R2,ANKRD46,DLGAP3,PTBP3,NEURL1,ATP11C,FUT8,GSTA4
8840,TXNDC17,FSTL1,RENBP,GS1-124K5.3,GNAO1,HOMEZ,MRVI1-AS1,PPIL2
8841,TLR3,TMCC2,FBXO8,KLF5,EPHA1-AS1,NCAPH2,TEX22,WDR83
8842,LGR6,AL928768.3,MED18,RSG1,FTCDNL1,ASMTL,SMG9,ZNF480
8843,CC2D1B,ZNF2,GAMT,RP11-773D16.1,ZNF624,TRAF6,FKBP1C,RABEP2
8844,MSH5,ENTPD7,LIPT2,ATAD3A,WNT11,RP1-100J12.1,MAP4K5,MAML2
8845,TIGD7,DSTYK,CCSER2,TMCO6,ZNF710,RPAP1,HSF2,CXCL2
8846,PDGFD,RP13-317D12.3,ZNF839,ZNF624,SPATA6,PAPD4,RP11-111M22.3,RPS6KC1
8847,KIFC1,RP11-338I21.1,RP5-1085F17.3,CLTC,TUG1,NDUFAF4,JAK2,IWS1
8848,MUTYH,BCL2L15,PDCD5,PNPLA7,LINC00422,HIST1H2AE,SCIMP,COG2
8849,SDSL,TNNC2,RP11-119D9.1,TMPRSS3,TMEM237,ZFP14,SLC9B1,MFN2
8850,NAA25,MOV10L1,TMEM30B,RP11-446N19.1,RP11-37B2.1,LSG1,ZNF775,RP13-977J11.2
8851,E2F5,UTP11L,GPR89A,HEATR1,CBX8,HADHB,SLC25A26,LINC00649
8852,HIRIP3,PKN3,THAP6,GBAS,TBC1D9B,STIM1,TDRKH,FAM63B
8853,ZBTB9,FOXP4,KIAA1324,STS,SLX4,JARID2-AS1,ACTN1,RP11-589C21.6
8854,DDX58,PELP1,NEURL1,SEMA4B,SEPT8,RP11-439L18.2,AMDHD1,GMFB
8855,CLEC4C,TMEM262,SPRYD3,CCDC159,ATAD5,TULP4,SLC39A6,MRPL35
8856,RP11-141B14.1,FAM109A,CNTD1,ZNF571,AP4S1,BTK,WBSCR16,RELL2
8857,ERBB2,AATK,F5,MLLT3,PDE6D,DIMT1,KCNA3,KCNMB1
8858,PCSK5,GATA2,FXYD1,RP11-156E8.1,ZNF813,GRAP,CTC-250I14.6,FADS2
8859,EGLN1,KIF5C,RNGTT,ABCA5,PID1,LMAN1,CCDC136,LYRM5
8860,HPDL,SSH3,IPPK,HABP4,ZC3H10,GLS2,TMEM237,USP28
8861,AC006129.4,TSNARE1,PTPLA,DPAGT1,SMG1,NMT2,URB1,P2RX4
8862,LIPE,RP4-728D4.2,RP11-78A19.3,NCDN,ANK1,KSR1,KANSL3,C9orf85
8863,SLC35A5,FAM86C1,XRCC4,ELAC1,ELOVL4,CAPN12,METTL14,SBF2
8864,UBE4A,OSBPL10,SMARCAD1,CARNS1,STAM,C9orf47,CAMKK1,GCSAM
8865,C21orf119,SKIV2L2,PCNXL3,MIR155HG,FKRP,CCDC121,ARHGAP21,CHPF2
8866,RP11-181C3.1,INCENP,GYS1,KLHL17,KIAA0391-1,DAAM1,CCSER1,TMEM209
8867,CTD-2256P15.2,E2F1,DNAJC24,RP11-314N13.3,RBM47,HMGN5,SLC48A1,RP11-539L10.2
8868,UCP3,CDK20,RAB11FIP2,POLR1C,TMEM191C,ABCD1,HERC6,APBA2
8869,NCR1,CRLS1,CBX4,ZEB1,ZBTB3,SIPA1L1,VDAC3,RFX5
8870,GSTCD,GP5,ZSCAN16,RP11-367G6.3,DPYSL2,MLST8,CLCC1,SNHG10
8871,KCNJ14,INO80B,VAMP4,CLEC4D,SLC39A4,PIGK,SENP5,HERC6
8872,BFSP1,ATP6V1C2,TBC1D9B,ARMCX3,ZNF189,DTX2,KAT7,NFYB
8873,NFKB1,ZNF674-AS1,C1orf233,CTD-2287O16.5,OSBP,PDE4D,PECR,THAP2
8874,TMEM9B,PPP2R3B,RP11-804H8.6,RP11-252A24.3,UPK3A,GALT,MSH5,SLC7A6OS
8875,ALOX12,PHF14,LEKR1,MPC1,MRPL1,COG4,TC2N,PLEKHA2
8876,NMNAT1,CTD-2215E18.1,RNF20,ZNF300,RP11-22N19.2,GATA3,RBBP4,RPS6KA3
8877,ANKMY1,SLC35B3,TRPM4,IMPAD1,PCAT1,FLVCR1-AS1,SIGLEC5,POLRMT
8878,SLC31A1,CCDC96,DCTD,SEMA7A,SLC7A7,TRIB2,ZSWIM3,COLGALT1
8879,TRERF1,EXOSC10,CCDC115,C14orf132,HIST1H2BC,NDUFB3,CAPN10-AS1,TRAF4
8880,NADSYN1,RAD23B,TMEM86A,RP5-882C2.2,MARCO,TP53I3,NFU1,KIAA0247
8881,C3orf52,FAM73B,AP006621.5,RP11-442H21.2,IFT88,RP4-781K5.2,GCNT1,CRTC2
8882,AC093388.3,CTD-2619J13.14,NEDD8,HOMEZ,LILRB3,RNF135,DMTN,LINC00176
8883,FAM212A,RP11-160O5.1,MSRB3,CHML,TCTN2,BCL9L,CTA-445C9.15,CIDEB
8884,MYL6B,ADAL,SASS6,COPS7B,ZNF726,METTL15,GPR132,EHMT1
8885,RMI2,FRAT2,PIGM,NT5C3B,PHKB,PLEKHF1,NAA30,APBB3
8886,CEP170,GS1-124K5.11,SLFN12,ATP8B2,UBE2K,DPH2,C14orf119,C8orf33
8887,NEU3,TBL3,SHROOM1,ZNF669,CTC-378H22.2,C19orf47,CDC25A,FRAT1
8888,TIGD2,AK5,TRIP6,PSMB7,SGCE,RNASE4,TP53INP2,ACSL5
8889,RRNAD1,SGTA,TRIM39,ZNF473,GS1-124K5.11,TUBG1,ZNF81,TAF6
8890,CD300C,SEZ6L,RUNX3,JUP,PROCR,RNF10,SCFD1,NBN
8891,KIF13A,TTC22,DLG4,ZNF654,PDE2A,KLHL20,ROPN1L,SNRPN
8892,TOP2B,AFAP1L2,HES1,FCRL3,RP11-514O12.4,AP003774.6,AURKA,HBA1
8893,FAM153B,AXIN1,TP53INP1,PICK1,KLF9,CREB5,RUNDC1,NFX1
8894,RPP14,AC097500.2,TSPAN18,HIST1H3A,RPEL1,SOCS1,TBC1D10B,MED22
8895,TNFRSF13C,DUSP16,PCBP2,AC021860.1,TMEM216,ZNF287,AP1AR,SLC35B4
8896,RP11-701P16.5,PAPSS1,UBP1,C21orf58,THAP7-AS1,HGF,FKBPL,NPL
8897,DMXL1,SGMS2,KIAA1147,SLC25A32,FASN,TIMM8A,CDC45,AC093323.3
8898,SLC22A17,KAT2A,CHD6,MOB1B,RP4-575N6.4,MCM6,RP11-22P6.3,BCDIN3D
8899,ARL11,CTA-384D8.35,CTC-273B12.10,BACH1,CTD-3088G3.8,XXbac-BPG252P9.9,SGPL1,PXMP4
8900,DYNC1I2,RASD1,METTL2B,LMNB1,RP1-20N2.6,NAA60-1,ZNF195,RABEPK
8901,ZNF343,RAB2B,PLBD2,NME8,ZNF708,ZBTB14,B3GNT8,FBXO4
8902,ALCAM,FGFR1OP,PELI3,FANCM,KIF1C,EML6,TOX,AMN1
8903,SLAMF8,MSN,MEIS1,BUB3,CFL2,RP11-752G15.6,TIMM9,ZNF493
8904,KIF2C,CTC-301O7.4,NEK3,PSMD6-AS2,GP6,CRADD,E2F5,DUSP14
8905,ZNF852,RP4-610C12.3,PVRL1,AC025171.1,RP11-428G5.5,GNPNAT1,AMN,NACA2
8906,FAM149B1,PHF13,GMCL1,GRAMD1B,ATP9A,FAM129A,PLEKHG3,IRF5
8907,PDZD7,IFFO2,LDOC1L,LIMA1,RP11-1100L3.8,NOP2,PBK,USP8
8908,AC073115.7,RABGAP1,CCDC132,HMGN3-AS1,BCAT2,ZDHHC8,C16orf72,SRBD1
8909,TYW5,NLN,PI4K2A,LEPR,SYNE2,CTB-133G6.2,ZSCAN5A,HIPK1
8910,ENKD1,DNASE1L3,MPZL3,LNPEP,TP73-AS1,CKAP5,RAB40B,CDK19
8911,RSBN1L-AS1,TBXA2R,SERPINB8,SIRT1,GYS1,CXorf24,TTC33,UBR3
8912,MDGA1,CRY2,PRKCI,TOPORS,CTC-241F20.3,HAUS8,NOP14,RP9
8913,RP11-455F5.5,MED19,AP5B1,AC040977.1,SMEK2,CCP110,CTD-2369P2.2,FOXO3
8914,C12orf66,SZT2,MROH6,RP11-6J24.6,RSPH9,ELK1,AP1G1,LYSMD3
8915,PIK3CB,ZNF555,BBS1,PLA2G4C,ZNF440,HFE,RP11-70C1.1,TREM1
8916,ARAP3,HIST1H2AE,RP1-20N2.6,CHRNA1,ZNF525,FUT8,SGOL1,MBTPS1
8917,RP11-505K9.1,INTS3,ANKRD13A,IRGQ,PRKD3,LIPT2,XRCC4,SLC11A2
8918,RP11-279F6.3,POLI,NUDT7,BCL7A,BRCA1,ENDOV,MAP10,KLRF1
8919,GPR132,BTN3A2,TBC1D22B,DCAF8,KIDINS220,TFCP2,NIF3L1,POLR2A
8920,KRTCAP3,SLC35A1,INTU,LACE1,LINC00526,TMEM176A,IGF2BP2,ZNF460
8921,RPH3AL,GAL3ST4,NCAPD3,LAPTM4B,PLCL1,CLEC4A,PAX5,NFATC2
8922,ANKS6,ZNF140,CD99L2,LRRC29,PRR14L,RP11-488C13.5,TFE3,ZNF770
8923,PPT2,RP11-181C3.1,PPP1R3D,DHCR7,RP11-102N12.3,ZBTB25,RP11-553L6.5,AGO3
8924,COBLL1,PTRH2,HPSE,ZNF749,SMG9,IPO9-AS1,GPSM2,NME6
8925,ZNF558,ZBTB16,SAP130,WDR3,CTA-211A9.5,CEBPE,OXNAD1,EXOG
8926,COG6,FAM13A-AS1,PCSK5,CENPT,DUSP11,RAB21,PGAM5,EMR1
8927,C17orf100,KIF21A,ZNF510,USP46,RP11-350N15.5,HPGD,FZD1,ZSCAN16
8928,PSPN,CD7,DUSP7,NIF3L1,SMAD7,SLC12A7,CEP55,AIDA
8929,AARS2,MLC1,SCRIB,SGCB,IRGQ,SLC25A26,AC006129.2,PUM1
8930,FEZ1,LZTS2,AP5M1,RP11-350N15.5,KIAA1919,TIPIN,C16orf62,IL18RAP
8931,MFGE8,KIAA0430,ZDHHC2,HIST1H4E,RNASEH1-AS1,ITGB1BP1,TMEM150B,DLST
8932,C6orf120,RP11-291B21.2,RASGRF2,TBC1D22B,ATG4A,ATAD2B,RP11-572O17.1,STYX
8933,EVA1B,KDSR,GGT7,PNO1,AGPS,RSPH9,CTA-250D10.23,SRRD
8934,TCEB1,ATP6V1H,RFC5,IFT74,ZNF564,TTLL5,KCNC4,WDR43
8935,ZNF703,C3orf14,HIST2H2AC,PKIA,DONSON,PIGQ,DAG1,ANGEL2
8936,ERLEC1,ADORA2A-AS1,HSPA6,MYH3,TMEM25,LNP1,DONSON,EREG
8937,DHCR24,CLCC1,ETV5,ZNF668,GTPBP2,CTD-2007H13.3,CKAP2L,UQCC1
8938,USP36,KIAA0947,MTM1,STAMBPL1,UBXN7-AS1,COG8,PRR5L,GIMAP8
8939,TMOD2,RP11-286E11.1,NDFIP2,SLC29A3,CTNND1,LUC7L,LRP2BP,MTRF1L
8940,EMC1,SLC25A42,TTC27,C1orf216,CHSY1,TAOK2,ADAM10,SNX22
8941,SLC30A6,RP11-660L16.2,RP11-457M11.5,FCRL2,SLC25A19,DYNC2LI1,AKAP9,GLYR1
8942,AGAP1,ZNF18,TBCE,MS4A6A,MVB12B,AC092580.4,RP11-706O15.1,KIAA1430
8943,PDCL3,LANCL1,RP5-886K2.3,RP11-74E22.3,RP11-327P2.5,CDKN2B,NCAPD2,IMMP2L
8944,AGTRAP,RPPH1,NOM1,SPATA7,ZNF682,GMCL1,IFT140,DCAF10
8945,ZBTB40,CSPP1,FCGR1B,CTC-523E23.1,KCNQ1,RMND1,ZNF813,DGCR6
8946,HSF2BP,CXorf23,ZNF319,RP11-415F23.4,SYTL4,TSR3,UBIAD1,OSER1
8947,LILRB4,MINOS1-NBL1,EFNB1,DNASE2,COG7,WEE1,GBGT1,BOLA1
8948,SCYL1,ADO,RP11-383J24.6,IRAK1BP1,CCDC176,APBA2,XPO5,ZDHHC1
8949,C19orf68,MED26,ZC3H12D,SYP,ZNF470,CD163,ISY1,AP3M2
8950,PDE4A,GFM2,ICA1L,RAB3IP,NT5E,NCKIPSD,ZNF35,THG1L
8951,CD226,PLIN5,MBTD1,PDIA5,S100Z,AK1,CNNM3,ATXN1L
8952,RP11-872J21.3,ZNF582-AS1,COLGALT1,EVA1C,LONRF1,KBTBD11,RCOR1,UBXN2A
8953,ANKRD27,ZKSCAN5,N4BP2,GLUL,NET1,FUK,SNORD3B-1,PCCA
8954,ZFAT,TIPARP-AS1,TUSC1,HIST1H2AE,NLRP3,RPL39,EXTL3,RAB11FIP4
8955,RP11-274B21.10,SLC25A30,SLC9A6,ZKSCAN4,RP11-104N10.1,ACAD8,P4HA1,WDR45
8956,SLC2A13,AC009961.3,IRF8,SLC16A5,C5AR2,WDFY3,WBSCR27,BYSL
8957,UBE2J2,TTN-AS1,PTPN4,SPECC1L,MMS22L,CLASP1,HYLS1,C2orf76
8958,PLD4,DBNDD1,WAS,SEPN1,OSBPL9,TRIM7,ZC3H12D,CA5B
8959,NPIPA1,TRIM32,ABCD1,LANCL1,AP000692.10,U2AF1L4,CD274,CCDC137
8960,PITPNB,DNAJC8,AC012360.4,KIAA0930,RP4-561L24.3,WDR3,CASK,CTC-524C5.2
8961,MDP1,C11orf49,SIRPA,SOCS6,NOL11,RP11-1149M10.2,CLSPN,GAS7
8962,STARD3,DDX31,CTD-2270L9.4,FASTKD5,TAL1,MOB3B,VPS41,MLST8
8963,GGPS1,OTOA,SARM1,ZNF717,PLEKHA3,CTBP1-AS2,TBC1D19,HSPBAP1
8964,NUP93,RP11-793H13.3,FLJ00104,KNSTRN,TLR4,FOXRED1,THEM6,DENND4B
8965,AC003075.4,WDR43,RP11-291B21.2,C10orf11,GCSH,KIAA0226,PPIL3,SIGLEC7
8966,FAM214B,ZDHHC4,CRELD1,NTPCR,CPEB2,ACSM3,PERP,ASPHD2
8967,MSC,SCD,RAP2A,KDM6A,WBP5,SYTL4,TOP2A,PKN2
8968,RPAP2,TTC33,PLB1,PDK1,ZNF512,SUCO,CTC-228N24.3,PFDN2
8969,ZNF821,WDR65,PDP1,TMEM79,KIFC1,SPAG5,ZNF34,DDX28
8970,ARL8B,NFX1,TNFRSF9,AC021188.4,DLEU2L,GBP3,TACO1,DDX10
8971,POLR2D,PKD1,TRIM68,RP2,POMT2,AC015987.2,SENP1,TMEM129
8972,NUAK1,PGM3,PHF10,RPS6KL1,NPIPB3,FCRL6,MRE11A,TMEM206
8973,MTSS1,B9D1,FAM193B,RTTN,HMGA1P4,CPNE5,CEP95,INTS8
8974,TTC17,MAGEF1,ANKRD42,SEMA4C,SEMA4B,RBM19,SOCS5,VPS39
8975,CD200,RP11-36B15.1,TMEM86B,TRIP6,RP11-22P6.2,RMI1,KISS1R,ZBTB24
8976,UBAP1,AP003733.1,ZNF443,ZMYM4,UNC119B,PWP2,CASP3,CEP63
8977,ANKRD42,HNRNPA0,LSM2,IL7,CDH23,AC147651.4,DAAM1,NARS2
8978,DCTN3,CXorf40B,PLTP,SLC27A5,SPRY1,LRIF1,C6orf136,PMF1
8979,SLC26A2,MAN2A2,SMG5,CCR4,RBAK-RBAKDN,ZCWPW1,OAS2,C16orf98
8980,KLF3,ALDOC,RP11-214O1.3,PIAS3,PCDH9,ABCB7,AKR1E2,SMARCD3
8981,OSBPL9,CCNJ,NAB2,IL23A,NAIF1,SERPINF1,RP11-162G10.5,ANAPC10
8982,TMEM52,RP11-4F5.2,RP11-466F5.8,ERCC6,METTL7A,SPATA2L,LINC01136,EGLN1
8983,GAB3,DISP1,BRD4,NEU1,ABAT,TUBE1,NBPF1,QKI
8984,HAAO,KDM6B,CLK2,ZNF223-1,THAP5,ABCE1,RP11-343N15.5,MLH1
8985,RP11-393I2.4,PPP1R14A,POC5,MYBBP1A,ST6GALNAC2,HNRNPH1,HPDL,PUS7L
8986,SCAMP3,QPRT,SNX30,SNX16,FLNB,HIRIP3,CTD-2192J16.22,RNF19B
8987,TIMP2,PTCD1,SLC25A16,PLEKHG5,HIST1H3D,DIDO1,RP11-178G16.4,IARS
8988,ENTPD1-AS1,C19orf59,GPR126,STAC3,ZNF485,GGH,BCAT1,ELL
8989,RNLS,TTPAL,GPR137B,CDC7,VPS11,NPC1,GFM2,KIAA0319L
8990,RP11-61J19.4,DUS1L,DGAT1,P2RX1,ZP3,SEPT4,RWDD3,PDK3
8991,CASP2,OSBPL11,MEX3B,KCTD13,FAM212A,DPP4,MYOF,CASP7
8992,TCOF1,SERPINI1,CTAGE5,RP5-1091N2.9,PGLYRP2,RNF111,MFAP1,SKIV2L2
8993,ZNF525,COG1,SLC26A2,ZBTB22,RHPN1,ZNF182,ZNF740,FAM175A
8994,TGFBR1,UBE2Q2,HIST1H2AG,SLC14A2,PTCD2,SREK1,LNX2,BLOC1S5
8995,TRIOBP,KAT2B,ZNF444,AP4B1-AS1,RP11-479G22.8,MTOR,SCAMP1,TARS2
8996,AUTS2,CORO7,FBXO34,PROCA1,ATAD1,AMBRA1,TMEM68,RMND5A
8997,MMP9,KIAA2026,NME1,CTD-2537I9.12,BAG3,ZBTB2,RWDD2A,ZBTB7B
8998,CD1D,XCL1,TRIM28,SLC35E2,SLC7A6OS,PAXBP1-AS1,PRPF39,ARID2
8999,SLC45A1,WASL,OSBPL5,C11orf63,TBC1D15,FAM175B,SLC4A2,MSL1
9000,RP11-367J11.3,RNF26,ALKBH6,OSER1,AGMAT,FAM3D,SLC37A3,UBE2T
9001,TMEM161B,MXD1,MRPL35,PAGE5,RP11-647K16.1,TMEM206,EXOSC9,SPHK2
9002,GTF3C6,RP3-510H16.3,PEPD,C1orf122,IFT140,AQR,ARHGEF37,TPT1-AS1
9003,FAM131A,NFRKB,TRNT1,FAM65B,FAM53A,ZNF101,LEPREL4,PRKAR2A
9004,MMP23B,PINK1-AS,SMAD5,RP11-434C1.1,HLA-DOB,SLC39A11,MAPK14,KCNQ1
9005,TBC1D8,RP11-532F6.3,PTRH2,MTMR11,TRAK2,ATG16L1,C21orf33,C11orf1
9006,FAM13A-AS1,AHCY,AIDA,COMMD8,CEP78,PTPN9,RP1-29C18.10,DMXL1
9007,GPR108,CD320,ZSCAN29,RP11-359B12.2,PLXNC1,HBA1,LINC00662,KIAA1429
9008,LILRA4,PARD6A,FGD4,FBXL4,RAB6B,ZAP70,NCAPH,ADAM15
9009,PDXDC1,C5orf51,PEX5,CORO2A,TMEM91,ISYNA1,KB-1507C5.2,TRMT61B
9010,NIPAL2,RIMKLB,WDR59,RABL5,ETAA1,UBIAD1,USPL1,KIAA0355
9011,KIAA0513,KIF20B,ZNF668,RBBP7,RAB13,ATL1,ST20,MEF2A
9012,RP11-307C12.12,CEACAM1,RP11-378J18.3,C5orf51,BAIAP2,AMDHD1,NOMO1,RPS17L
9013,NRG2,HCG18,EFTUD1,CD82,DNHD1,AC004069.2,RP13-977J11.2,SYNJ2BP
9014,BRD7,HSPA1B,C2orf40,KB-431C1.4,ZMYND19,TET2,IPP,ATP11B
9015,PPM1J,NIPA1,MYSM1,CELF2-AS1,ZDHHC2,VARS2,PPP1R17,PLA2G6
9016,RP11-728F11.4,RP11-70C1.1,HCFC1R1,RNF144B,AC145212.1,C16orf54,UBE2F,TRIM52
9017,FOXN2,SMIM5,CLCN5,C7orf26,TNFRSF13B,RAB3GAP2,TMEM127,UBE2N
9018,NAPSA,SC5D,CTD-2054N24.2,ENGASE,RP11-485G4.2,EVI5,C7orf43,UBE2D4
9019,SMOX,DDX1,YARS,AUH,CTC-459F4.3,AACS,NCAPD3,CYTH1
9020,OSCAR,DHRS1,EID2,IL1RN,ZNF587,ALDH1A1,BMP2K,ASF1A
9021,RP11-160O5.1,USP38,MTHFD1L,ACOT9,BCL3,RP11-422P24.11,AASDHPPT,SSBP3
9022,TRIM27,NEIL2,FOCAD,KAT7,SIAE,DOPEY1,RP11-87C12.2,ZBTB2
9023,C1QTNF6,NAPA-AS1,RFPL2,MEN1,RP11-425D10.10,BRICD5,APLF,ELP4
9024,C9orf37,RP4-647C14.3,ZCCHC8,ARHGAP11A,FUT8,AGTPBP1,RP11-1008C21.1,GRAP
9025,TRIM60,SRSF10-1,ADIPOR2,PTAFR,PRIM2,RDH5,ANKRD28,WBP1L
9026,MMS19,KIAA0020,EIF4ENIF1,CAND2,SLC9A9,ATPIF1,SMIM13,PTER
9027,SNX29P2,ABCA5,TOR1A,KCTD9,ABCG1,TOR1A,POLB,DDX39B
9028,DAG1,PPM1J,SSX2IP,MBOAT1,SCLY,LEMD3,POU5F2,SNORD3B-1
9029,TMEM41B,ATP8A1,MORN3,PLXNA1,WDR92,RP11-559M23.1,MCPH1,HNRNPUL2
9030,AC078883.3,BCL9,BAALC,REL,FAR1,LPCAT2,RAB14,YARS2
9031,RP11-56G10.2,FBXO32,TOB2,SEC16A,FOXN3,GBE1,RP11-539L10.2,TSPAN4
9032,GPR133,DOCK11,SEC24C,CCDC77,RNFT1,TSPAN15,CCDC7,RCC2
9033,ALG8,P2RY10,SEC22A,NOLC1,CAPS2,DENND2C,IQGAP2,FBXW4
9034,CCDC127,ITGB3,HMGCS1,CXCR1,HES4,PUM1,MDC1,LANCL1
9035,HUWE1,AXL,HELLS,LMNB2,TBC1D8,SRSF10,FAM199X,POLK
9036,TCTN3,SEC23IP,BBS7,NPIPB11,AC074289.1,ID3,RBBP5,GART
9037,CCR5,PARP6,ZNF823,TPST1,BTBD2,RP11-211G3.2,APOO,LARP4B
9038,AL590452.1,COPZ1,SLC27A4,GCA,SIN3A,ZNF367,TADA2B,NAT6
9039,PCDH9,MED15,RBBP5,CLK1,PAQR8,RP11-96K19.5,TRIM23,PRKCA
9040,STMN3,MRPL19,ZNF286A,PUS3,CDK5,GLTSCR1L,AMIGO1,HRAS
9041,PRTFDC1,IBTK,ACY1,CD200,RBM34,CDC45,TMEM185B,GRWD1
9042,CCDC69,FAM195A,DHX40,TRAF7,ATAD3A,POM121C,COPS2,ARIH2OS
9043,C12orf49,TRABD2A,DGCR6,DNAH6,RP11-538P18.2,TMEM170B,STX2,IFIT5
9044,LOXL1,AC012358.8,TMEM65,PSMD5,CCL3L3,HCFC1-AS1,ERCC5,C9orf69
9045,TMCO3,PASK,DPH6,RP11-146F11.1,WNT7A,TRIP10,RP11-809O17.1,PIK3R5
9046,BYSL,PSMG1,IL10RB-AS1,AC006547.15,SIDT2,IGF1R,RP11-299J3.8,SERTAD2
9047,CCDC121,EXOSC1,ADSSL1,AC002310.12,SMIM5,DNM3,C16orf98,SERPINB8
9048,TBC1D10B,AGK,METTL2A,SCYL3,CALD1,GPR55,PHF7,RP11-277L2.3
9049,IL7R,LRIF1,PTPN12,OMA1,WDR24,RNF20,TXK,SEMA4A
9050,YPEL4,ACYP1,PRDM4,PLD6,SLC31A2,DCLRE1A,SKAP2,DXO
9051,ZBTB20-AS1,RP11-351I24.1,MS4A4A,MPND,RP5-887A10.1,RRP15,ICA1,DYRK4
9052,CCDC59,PALB2,MARC1,CBFA2T2,ZNF200,OTUD7B,MPP6,AP5B1
9053,KLRC1,GXYLT1,POLB,CDA,C7orf13,DAPK2,RP11-134P9.3,SLC35A5
9054,RAB27B,S1PR5,TBC1D13,PAGR1,ULK1,RP11-215G15.5,KCMF1,HERC2
9055,NFATC1,CTB-58E17.1,SLC37A4,FLVCR2,ZBTB2,RP6-91H8.3,PISD,PHF12
9056,IFT88,LGALSL,PTGS1,SHKBP1,TMEM33,RP11-734K2.4,PWP2,SMG7
9057,VPS9D1,POLK,CPNE8,TMEM97,RTN4IP1,PPTC7,TST,CD1C
9058,IRAK2,AC093673.5,DST,PRMT6,IL11RA,MCM9,TCEB3,CTD-3074O7.5
9059,RP11-705O1.8,CDKN1A,BCL9L,DBF4B,PUSL1,USP18,BTBD2,THAP1
9060,TXNRD1,ZNF451,SSFA2,LEPROT,RP11-611L7.1,PLCB3,AC093818.1,TRIM27
9061,DNAAF1,CNOT3,MYO1C,FAM206A,SBNO2,SNX30,GSTM1,RABL2B
9062,RP4-798A10.4,ZBTB5,BUB3,ORC5,MBTD1,STON2,TMCO3,KATNA1
9063,PTCRA,AAK1,CTD-2302E22.4,OSBPL10,BRWD3,KIAA0947,GPR180,FTSJ3
9064,FAM210A,CKAP2,APOL1,TEC,INF2,TIMM21,CCDC77,SFR1
9065,OGFRL1,MYOM2,SP1,CEACAM1,RP11-362F19.1,PERP,MTHFD1L,RAB30-AS1
9066,ZNF445,UCKL1,TAB1,STARD3NL,PTRH2,EXOC3L1,OSBPL10,AIM2
9067,PGGT1B,CD82,HARS,TM9SF1,NDUFV3,TMEM163,CDKN2D,SLC39A11
9068,C16orf98,ANKRD10,AP000769.7,THAP7-AS1,CR1,CCNJL,SAP30L,GPR132
9069,MRPL3,TMEM185B,BEX1,CTD-2302E22.4,AL627309.1,CHKB,KIF13A,BRAF
9070,RP3-380B8.4,AIM1,RP11-138I1.4,NLGN4Y,ZNF3,SP140L,WDFY3,RCC1
9071,SHQ1,CPD,NRG1,DSN1,RASL11A,ZNF615,FLYWCH1,EXOC3
9072,MAP10,CSNK1G3,RBL2,SLC39A4,PTEN,PIGP,CLMN,SKIL
9073,NCAPG2,FAM198B,PTCHD3P1,RGMB,CTD-2341M24.1,AFAP1,ZFP69,RP11-664D1.1
9074,ENOSF1,CTC-338M12.5,GPATCH3,IL17RA,DENND4A,MAPK9,MTMR10,SERPINF1
9075,TBXA2R,TNFRSF4,BLZF1,KIF3C,KLHDC7B,POPDC2,SYNC,ERO1LB
9076,TUT1,RP11-140K17.3,FAM72A,CTC-428H11.2,SEPT4,TRMT10B,DENND5B,FAM73A
9077,C6orf229,TTC38,FBXL16,PPP2R3B,PCNXL3,AP003068.23,TOLLIP-AS1,TMC6
9078,TMEM19,RP11-455F5.5,MYBBP1A,TBXA2R,PRRT3,FGFRL1,C5orf63,BTLA
9079,PTGS1,UNC119B,AK9,SGOL2,SPATA5L1,ATP6V0A2,AC115618.1,LYRM9
9080,POLR1B,FAM206A,SMURF2,JOSD2,HSPA1B,ZNF699,C2orf74,HEXDC
9081,AEBP1,GPR133,MAN2A2,LCN8,TMEM135,RP11-356N1.2,POC1A,COG5
9082,RAD51AP1,YRDC,PSAT1,RP11-271K21.11,TNNI2,FOLR2,INTS3,MKKS
9083,UBXN10,KLRB1,CPNE7,HERC3,RP11-295P9.3,CRYM,RAB2B,CAPN15
9084,CTA-204B4.2,PUS10,RAD54L2,SPTLC1,ZNF41,ATAD2,GGA1,LINC00426
9085,GOT2,NUP107,HIST1H4C,OVGP1,RP11-563N4.1,RP11-359I18.5,PDXDC1,S1PR1
9086,RP11-227D13.4,CRELD1,PLEKHB1,AP1G2,OR2A1-AS1,C15orf26,C15orf41,MIEF1
9087,ITGA3,CLCN7,CTD-2260A17.2,CIAO1,C19orf82,MAU2,ENDOD1,MYL5
9088,ENC1,CCDC14,FAM189B,BFSP1,CNNM2,MEST,RGS3,GPR82
9089,ATIC,RP11-930P14.2,ASGR2,AL592284.1,RALGPS2,FAIM,RPS21,KRI1
9090,RP13-753N3.1,STOM,CDS2,HLA-DOA,SETD9,RP11-98D18.9,SETD8,GATAD2A
9091,PRC1,SYNGAP1,ANKRD55,ZNF350,NAA60-1,CENPJ,FBLN5,GPATCH4
9092,ZNF282,KLRF1,SCYL1,STX3,IPO4,SLC39A6,KIAA1109,CLPX
9093,ELOVL1,RP11-505K9.1,AP4S1,FLJ00104,COPS3,SLC39A14,LIN54,RP11-18H21.1
9094,ZNF367,SLMO2,LINC00528,TVP23C,SMOX,EFTUD2,GPATCH1,GID4
9095,SLC19A1,RP11-1008C21.1,MED27,SFR1,VGLL4,RP11-126K1.6,RP11-589C21.6,SCAMP4
9096,MAD2L1BP,PPARGC1B,GPR146,SYCE1,RP11-468E2.5,USP25,SLC38A11,USO1
9097,CHPF,BCL7A,FAM122B,SAC3D1,DRAM1,GCNT2,TMEM67,IRS2
9098,NDOR1,ZBTB21,RP11-692D12.1,ZNF684,IPO13,LETMD1,PXMP4,THOC1
9099,NAP1L5,PMEPA1,NPIPB4,POLI,LTBR,WASH4P,CEP76,SRFBP1
9100,SMNDC1,ZNF577,ADAM17,RP1-28O10.1,ALPK1,PJA1,FAM63A,IL23A
9101,CKAP4,CSNK2A1,PAFAH1B3,DCUN1D2,TMEM53,RP11-339B21.11,TAZ,TRAF1
9102,NEK6,CEP250,RCN1,FABP5,E2F5,ZNF212,ARID1B,CIZ1
9103,RP11-22N19.2,ZNF778,PVRIG,TCEB3,ZNF627,CTD-2562J15.6,RP11-262H14.1,OSBPL5
9104,CCDC43,TLR7,LENG8-AS1,COL6A2,POC5,FXYD1,RGS16,AP3D1
9105,FAF1,AASDHPPT,MAN1C1,TCF20,NDUFS3,C11orf54,C16orf58,IMPA2
9106,TAB1,KAT6B,KIR2DL3,EED,C22orf34,IVNS1ABP,CENPP,NUMA1
9107,FADS2,PPP2R2D,C12orf44,DOCK5,SCFD2,NR1H3,SESN2,TP53
9108,GXYLT1,ETS2,TRAF3IP2-AS1,RCBTB1,NME7,WDPCP,BTAF1,CYFIP1
9109,UCK2,BCL2L1,ZNF445,CASD1,DHX34,RUFY3,SPRTN,GMDS
9110,ZNF780A,RP11-750H9.5,ZCRB1,CDC14A,ZNF691,C14orf64,TNKS,RP11-108M9.4
9111,RP11-404F10.2,C1orf233,NSMCE2,RP11-20B24.5,LIPE-AS1,SNX15,CDKL1,MIS12
9112,POC5,MARCH3,MARVELD1,PTP4A1,SORD,MST4,CDC20,NIPSNAP1
9113,TRAPPC10,TMTC4,RAD51C,PTBP2,HPSE,AGO4,DNAJC13,PRRC1
9114,PHF19,COG7,PIP4K2A,MEF2BNB,GNAQ,MARCH8,PUS10,CREBL2
9115,WNT11,NACC1,THOP1,SLC35G1,RFNG,PPP1R13B,LFNG,OGDH
9116,RP11-47A8.5,CABIN1,SLC35G1,FAM199X,MPDU1,INO80D,HSD17B7,CXorf24
9117,ADORA2A,RP11-525A16.4,MGA,NDUFAF2,SCAI,GAS2L1,STPG1,EMC2
9118,BRF2,ANKRD54,COG6,CD300LF,FAM98B,RHOBTB1,SH2B2,RP11-244H3.4
9119,PLEK2,TNFRSF13B,PSMC5,ZNF776,MRM1,SMG1,POU2F2,ENHO
9120,SPNS1,XRCC3,NR2F6,GEMIN6,RP11-418J17.1,SIGLEC12,CERS5,METTL4
9121,GPR35,LRSAM1,HOMEZ,NHLRC3,WDR59,AC022182.1,RFPL2,DPP8
9122,ARHGAP22,DGKQ,GFI1,COL4A3BP,DEGS1,FAM8A1,MECR,CCNT2
9123,ADCY3,ZDHHC20,NT5M,FSCN3,CA11,TBC1D13,CCDC97,NSG1
9124,AC026471.6,FAM189B,GORASP2,STMN1,HLA-DOA,TIMD4,F8,TRIM33
9125,UTP14C,CHI3L2,ARAP2,HHLA3,RGL4,SNX25,EPHB6,SOCS1
9126,RETN,KBTBD2,HDAC4,THNSL2,FBXO41,SCRN1,ERCC3,ORC5
9127,ITPR2,RP11-58E21.3,RHBDD3,ACOX1,CTD-2256P15.4,WNT11,CSAD,PHF21A
9128,VNN2,OMG,P4HTM,MIR142,KHDC1,RORA,TLDC1,DPH7
9129,MBD6,TLE1,DHRS9,PTPRA,CTDSPL,ARFGEF2,PCBD1,MUL1
9130,SGCE,TMEM192,SYCE1L,FAM109B,POLE,GTPBP10,CORO2A,H1FX
9131,AGFG2,ZFP30,CFH,ZNF217,HRH2,RP5-892K4.1,ADAM17,DRG2
9132,KAT2A,SLC25A10-1,C19orf82,ARAP1,PTDSS1,ST7L,PYCRL,PAFAH1B2
9133,QPCT,NOM1,AP001058.3,ZNF883,RETN,SLC16A7,AC074289.1,MRPL38
9134,CEP95,APPBP2,RP11-44N11.2,MDN1,C12orf45,IP6K2,PCNXL3,CLEC12A
9135,SH2D3A,LRRIQ3,CSNK1E,ABCB8,TULP3,PEBP4,FAM89B,PRMT7
9136,HK3,MKS1,SHQ1,CCDC176,MMRN1,LINC01011,C5orf55,CC2D1A
9137,EPS15L1,RP11-446N19.1,UBOX5,CTD-2162K18.4,ZNF397,SDCBP2-AS1,RNF139-AS1,RIOK1
9138,DTX3,CAMKMT,CEBPZ-AS1,AGO4,RYR1,PBX1,TBC1D25,MAP1LC3B2
9139,PPM1L,DLC1,TSFM,ABHD11,SNX16,RBM4,PLA2G6,DEDD
9140,PNPO,TRIP12,UTP11L,SLC26A11,TTYH2,RN7SL1,HDHD1,NF1
9141,FAM178A,MBD3,RP11-448A19.1,CPOX,IQCG,TIGD7,TIPARP-AS1,SGSM3
9142,ZMAT4,C18orf8,CEACAM3,RALB,TENM1,ARID4B,C12orf44,HRH2
9143,ZNF740,HDHD2,AMT,IPO8,HIST1H2AH,LINC00482,PXN-AS1,MIA3
9144,CIITA,CENPO,HOXB-AS1,SFXN5,RPP30,RPL26L1,MEF2BNB-MEF2B,REV1
9145,RNF169,BBS2,RP3-467N11.1,METTL22,KCTD12,BBX,TGIF2,EML2
9146,SLC25A26,BBS9,TYW1,SBF2,ATP6V0A1,RP5-914P20.5,TMCO1,PDLIM5
9147,EEF2K,RP11-17M16.1,DLST,DNAJC15,C12orf60,AC078883.3,TMPO-AS1,FAM98C
9148,RP4-728D4.2,NUFIP1,ADHFE1,YPEL5,TMEM176B,ITFG3,TM7SF2,SMYD4
9149,PLEKHM1,VENTX,VPS37A,CATSPER1,HUS1,TRPM7,AGPAT4,DEDD2
9150,CAPN10-AS1,TMEM42,FBXL12,CMSS1,RP11-517I3.1,PHC1,ATRIP,HEBP2
9151,SGK223,CTD-2085J24.4,RP11-400F19.6,RP11-527L4.5,LINC00116,SIRPG,MPRIP,UPK3A
9152,CARD9,HIVEP2,FZD1,RP5-894A10.2,COA6,AC005523.2,TIMM23,RPA3-AS1
9153,SMG6,RAVER2,TMEM57,TMEM63A,CWC15,RP11-863P13.2,CTD-3138B18.5,ANKRD32
9154,FBXO41,UBA6,FBLN2,FSD1,ZHX2,ZNF544,CBR4,CLN5
9155,ACVR1B,TMEM186,ZNF681,CD96,SLAMF8,SKIV2L2,ZNF792,FAM71D
9156,SCAMP4,DNAJC24,PIP4K2B,BID,RPAP1,TAF1B,ZMYND19,RP11-473M20.7
9157,RP11-379H18.1,GPR162,MRPS22,RNASEH1-AS1,RAB38,DHX29,DROSHA,PWWP2B
9158,ANKMY2,LSM11,UBTD2,SYNGAP1,C12orf43,AC007879.7,UBE2W,VPS13A
9159,KDM4C,CTC-338M12.4,DCAF6,NBPF9,CTD-2020K17.1,PUS7,SART1,NTHL1
9160,ZNF91,RP11-244H3.4,GEM,ISG20L2,HEXIM2,FAAH2,BEST4,TRIQK
9161,CLEC12A,LOXL1-AS1,TIA1,HUS1,PHLPP1,KIF2A,SEC24C,SURF6
9162,MLST8,DDHD2,FRY-AS1,FAM216A,TTC9C,FOXO1,TMEM201,FOPNL
9163,RP11-16E12.2,LRTOMT,CTD-3074O7.5,NRIP1,HOMER2,MARCH2,SNX18,ATG4D
9164,PELI2,CSRP2,FAM3B,GATAD1,RP11-427H3.3,GTF2IRD2B,ACADSB,MUM1
9165,NBPF15,HSPBAP1,GTPBP6,BZRAP1-AS1,TERF2,IDH3B,TTYH3,KLHDC10
9166,C9orf64,RLTPR,DDX59,FAXDC2,DOT1L,GNA12,ANKRD27,R3HDM1
9167,SETDB2,RABEP1,C10orf105,CDHR3,RP11-342K6.1,RP11-143J12.2,SLC25A12,SYVN1
9168,THNSL1,ZBTB22,MGAT5,ZNF526,ACO1,FAM114A1,OSER1-AS1,C21orf2
9169,ZWINT,SNAP23,CUL7,GSTM2,TBC1D10B,COCH,CDK17,CCDC82
9170,TTC8,WFIKKN1,RAB39B,HRH2,MTHFD1L,CUL7,BTBD11,FHL3
9171,EP300,CCDC107,ZNF25,AC018816.3,SULT1A3,ANKRD17,NEK7,ING5
9172,METRNL,ZNF789,DDX58,FAM134B,SYNJ2,BHLHE40-AS1,POGLUT1,PHTF1
9173,SMARCAL1,C2orf69,FAR2,RP11-617D20.1,ARPC5,SIRPD,BLOC1S5,GNGT2
9174,ACSL4,TCIRG1,ZNF726,AC159540.1,LYRM7,FGFR1,LRR1,PIGG
9175,POGLUT1,RP4-758J18.2,TRIM5,NUP62CL,ABCC3,C9orf114,POLD3,MCAT
9176,PIGK,PRPF8,CCDC61,TKTL1,ZCCHC2,NEK7,CAMTA2,KIAA2026
9177,CX3CR1,RNF31,GIGYF2,RAD54L2,SH2B2,KCNQ5,TRIM3,RGL2
9178,PWAR6,C5orf66,EXOC2,BTBD10,KBTBD7,CSNK2A1,HOXA9,TUG1
9179,NFYB,ORC4,CLNS1A,PPAP2A,SLC30A6,VPS9D1,BBS4,CD19
9180,CTB-133G6.2,NAT14,SYT11,RPS6KA5,RP11-46C24.7,TNFRSF4,HDHD2,RP11-138A9.1
9181,KIFC3,ITLN1,KIAA1598,RNFT2,KAT2A,MOB1B,VEGFB,DYNC1I2
9182,C11orf73,RP11-85A1.3,ZNF765,TSGA10,AC137932.6,SP2,STK16,PIK3C3
9183,FAM168B,SKI,TMEM234,C19orf54,VIL1,RBM42,EED,DNAJC10
9184,MTA1,WIZ,RHOBTB1,AHCYL2,SBF2-AS1,RP11-819C21.1,SPHK2,ECHDC2
9185,CYP2U1,KLHL9,MYO6,REEP6,ICA1L,CHI3L2,MFGE8,THRA
9186,MT3,AP4M1,AKT1,SSSCA1-AS1,SLC25A42,LTBP4,NKRF,CERS5
9187,VPS54,C3orf33,STK35,ALKBH6,ZKSCAN8,NUP205,CRAT,IER3
9188,TNPO1,SLC19A1,C1orf159,NAP1L5,LONP1,CTC-246B18.10,NAPB,IPO7
9189,C1GALT1,MSC,WDR27,RBFA,ZNF430,TEX2,MRPS36,SPATA2L
9190,OSGIN2,THAP11,TCF20,LRP2BP,GFI1B,CDK14,ERLEC1,METTL3
9191,RP11-36B15.1,RP11-66N24.3,SEZ6L,RPS6KC1,C2orf68,SETD7,LIPE,NAGPA
9192,ZNF583,CTD-2537I9.12,KNSTRN,RP11-16E12.1,TMEM102,PARP12,EMR2,RP11-222K16.2
9193,NLRP2,HINFP,CCPG1,PIGV,MYLK,PPP2CB,RP11-265N6.1,FUCA1
9194,METTL6,RP11-867G23.4,MATN1,CDH23,HDX,USPL1,BATF3,ZNF672
9195,LDOC1L,RP5-886K2.3,REEP3,NOMO1,COL9A2,PFKL,B3GNTL1,C9orf41
9196,ARG2,SSPN,ZNF621,NOL6,AC093388.3,MTMR2,UBE2Q2,UVRAG
9197,EXOSC4,ZNF598,SKIV2L2,ADAM22,PTPLB,PHACTR2,ARRDC5,NSMAF
9198,SOWAHD,PAPSS2,GSKIP,RP11-634H22.1,FCRL2,RAB30-AS1,RP4-647C14.3,TRNT1
9199,EREG,ENTPD4,UTP14A,RB1,WDPCP,CTD-3214H19.4,PSME4,GNL1
9200,IRS1,KIAA1919,SLC9A7,PARP14,RERE,AP4S1,PBX4,RB1CC1
9201,ATG4B,CD28,METTL3,TRMT10A,GEMIN2,MCU,CNOT6L,REV3L
9202,KLF4,RP11-1079K10.4,RP11-527L4.5,TIMELESS,C11orf24,TTI2,CTD-2186M15.3,ZNF264
9203,PEX5,EMG1,KLHL3,EPS8,RP11-378A13.2,CCDC141,TRAM2,PLAA
9204,WDR34,RNMT,CEP85L,YAE1D1,MLLT6,CLEC4E,PRUNE,EIF1AD
9205,GNAQ,ELF1,FUT11,DCP1B,MEN1,TIMMDC1,C9orf40,ASH1L
9206,ACOT8,AMFR,HIC1,CSF1,HMGB3,KIAA0355,GSTA4,COMTD1
9207,ACRBP,RP11-514O12.4,ACP6,SUZ12,NDRG2,MATR3,OGFOD3,MAML1
9208,CBWD2,NBPF9,KCNMA1,ANAPC2,SRXN1,FAM188A,CYB5A,CHD6
9209,C1orf123,KCTD2,ZNF777,PPP1R3E,SLC43A1,AP5Z1,CHCHD6,COA1
9210,RP11-343N15.5,SLC12A2,RP11-468E2.5,LRSAM1,DAK,TMLHE,TPRA1,PPP3CB
9211,GPRC5C,RP11-342K6.1,USP25,TPPP3,MAF,TSPAN18,C20orf201,SDHA
9212,CNFN,RNF111,HIST1H1D,CES4A,FOXJ2,MT-ND6,LINC01135,UBE4B
9213,DBR1,EED,SLC4A10,RP11-134P9.3,ARIH1,PASK,DGCR8,ITPKB
9214,FCGR1A,CATSPERG,LINC00341,EFCAB7,ICOSLG,TNPO2,WIZ,USP32
9215,RP11-463J10.3,RP11-761I4.3,CBX5,RP11-712B9.2,DPY19L4,DENND6B,UBE2C,R3HDM2
9216,TLE1,PTP4A2,OSER1-AS1,ZNF18,CHRNA1,ANKAR,TAOK1,SNORD3B-2
9217,MARCKS,PDK4,KIF13B,CDK2,RP11-279F6.3,DALRD3,SLC39A11,NDEL1
9218,LEMD3,MYO1E,DNAJA4,CRIPAK,RP11-996F15.2,C9orf91,PTPRK,CNOT11
9219,ZNF595,RAB27B,GMNN,TMEM30B,CRBN,DGKD,CCDC14,TRMT61A
9220,ZC3HC1,SMAD7,ZC3H6,CCR9,USP35,PTCHD3P1,FAIM,DDX47
9221,CYTH3,MAPK6,SLC39A3,DXO,TADA2A,SEC24B,TARS2,ZNF467
9222,ACSS2,SNCA,BTN3A3,LSM5,ATP13A3,OBFC1,C20orf112,MCFD2
9223,APOL1,TTTY14,CLCN1,ZMYND10,MEMO1,SAMD14,TOP3B,HERC4
9224,PPARGC1B,CATSPER2,ACOT4,KMT2B,RP11-318E3.9,RP11-544A12.4,HBP1,RP11-25K19.1
9225,GLT1D1,RP11-367G6.3,RUSC1-AS1,SIRT3,FAM63B,TMEM260,RBM45,NDUFV1
9226,E2F3,PI4K2A,UBFD1,GP9,FNIP1,RNF185,BRD1,NINJ2
9227,PIAS2,NDN,SNX17,TVP23B,RILPL1,STK36,C10orf88,PRPSAP1
9228,SERPINE2,C1orf216,GADD45G,TMEM167A,SPIRE1,PDCD11,TSPAN17,RNF168
9229,SLC15A2,ZNF623,LTC4S,MAN1A2,FCGR1A,GTSF1,GOLGA5,TRIM25
9230,PLOD3,CAPN3,DNAJC7,CTC-228N24.3,SLC35D2,ERN1,UCK1,NISCH
9231,NFKBID,PRR14L,FTCDNL1,CEP57,SCGB1B2P,CTSF,EPHX1,C14orf64
9232,HDHD1,ZNF599,GTF2H1,RP11-258F1.1,STK11IP,GTDC1,SRF,VPS16
9233,RP11-284N8.3,PEX1,DIEXF,POLE4,TTLL1,CMTR1,P2RY11,COIL
9234,GDPD1,KIAA1958,LENG9,TMEM229B,SKIL,TPPP3,DGKE,DTX3L
9235,SLC25A23,ZNF23,PCYT1A,NOL9,RP11-805J14.5,CHMP5,LRRC8A,PISD
9236,KIDINS220,CLK2,POP1,PTGR2,KCTD9,KCTD5,TREML2,SUPT3H
9237,RP11-166P13.4,RUVBL1,CD93,SCAMP1,HIST1H2AM,FLVCR1,RBAK,PYROXD2
9238,BAG3,ADPRM,HSPA14,CHORDC1,AC092295.7,SERTAD1,KIAA0368,ZBTB40
9239,TXNDC5,FOCAD,RP11-544A12.4,ZNF772,CCR1,PNPT1,HMGB3,ZNHIT2
9240,MFSD7,HDAC8,AP1M1,SLC48A1,L3MBTL1,FXYD7,ZNF43,PIGU
9241,CASC5,CTD-2017D11.1,ZEB1,CD58,GOLGA2,POLG,RP11-349A22.5,RP3-477O4.14
9242,HBEGF,NOP10,AC009005.2,SLC35F3,NIPA1,SMYD2,EXOC2,KCTD5
9243,CCDC3,VWA8,RBM47,RBM27,AC003075.4,MORN3,CHKB-AS1,MLKL
9244,ATG7,LINC01137,CES1,TOM1,ERMP1,DGCR8,LRRC8D,MRPS11
9245,C4orf47,KIDINS220,APBA3,PGM2,TARBP2,SNRPN,HIP1R,FES
9246,GLA,SLC23A2,SRSF10-1,TRMT5,C3orf62,KIAA1429,FAM177B,TMEM251
9247,NICN1,APTX,APPBP2,DNASE1L1,POMGNT2,RAPH1,HSD11B1L,IKBKB
9248,ATAD2B,CTCF,SERPINE2,CFH,PON2,ABCB10,ETAA1,LILRA4
9249,SERPINF1,MAPRE3,MORC2-AS1,LRRCC1,RDH10,BCKDK,ZNF493,AC013264.2
9250,CHKB-AS1,SLC25A12,ZSCAN30,ZNF431,ZNF213,MYO15B,ARMC1,DCUN1D1
9251,RP4-816N1.6,FCRL6,C16orf72,PATL1,NEFH,CD300LB,PNPLA8,LTN1
9252,RP3-477O4.16,ACTL10,TTC34,COPS5,RBBP5,SART3,AC120194.1,RASGRP4
9253,SLC39A7,RP11-977G19.11,ZNF430,HCG14,EIF4E,TTC28,RP11-166P13.3,HEMK1
9254,UAP1L1,ZSWIM3,TNKS,C6orf47,SH3BP5-AS1,WBP1L,NAPA-AS1,ZNF335
9255,RRP36,ZNF473,HLX,TNF,LIMS2,SERPINB8,SEC31B,DICER1
9256,PVRL1,SHROOM1,MTA3,N4BP2,MMP9,TTC21A,PABPC1L,RANBP2
9257,AC009501.4,RP11-446E9.2,HCFC1,FGD5-AS1,RP11-309G3.3,KRBOX4,ARHGAP11A,RP11-1399P15.1
9258,GRWD1,PATL2,PRMT3,VEGFB,GINS2,C2orf74,TTC21B,CD2AP
9259,LYSMD3,PDE8B,TM2D3,SF3B14,RP11-452L6.1,UVSSA,SLC25A16,MST4
9260,RABL5,EPHX3,FSD1L,BOLA1,TMEM234,RP11-53I6.3,MED30,REEP3
9261,BAD,USP40,ANKHD1,SPINT1,GSE1,MED23,NOD1,RP11-403I13.4
9262,ANKRD35,MUS81,MAFF,INPP5F,CAPN7,DPP9,SLC29A2,KLHL24
9263,CTNS,ST7,DHX34,RP5-1065J22.8,TTLL11,CAMLG,RP11-229P13.20,TRAPPC10
9264,DKFZP779L1853,C4orf36,C16orf45,UGCG,KIAA0247,TMEM161B-AS1,DYNC1I2,SIGMAR1
9265,MUT,ZFP62,ARID3A,CA11,SCN1B,CRELD2,FAM120B,NLE1
9266,HELLS,SLC2A4RG,GCH1,PARP6,PRKAG2-AS1,DYNLRB1,TFEC,DMXL2
9267,ARL5B-AS1,PRRT3,ZNF200,DSE,RP11-44N11.2,CTDNEP1,C12orf49,NSDHL
9268,C1QA,GCLM,POLR3C,ELOF1,CENPBD1,AFF1,ABHD5,TM9SF3
9269,ACO1,C9orf41,KDM8,ATN1,SUPT16H,CBY1,TSC1,SMS
9270,RP11-517I3.1,WDR5,PTPLB,SLC41A1,NECAB3,SERPINH1,DDX47,ANKLE2
9271,HMBS,CHPF2,HNRNPA1L2,TBX21,C8orf44,CAPS2,HK2,KIAA0141
9272,ZSCAN30,RP11-282O18.3,STK3,NCR1,RECQL5,UTP14A,PLD6,MOAP1
9273,ANK1,ID3,CHCHD4,ZNF48,TUBA8,ARL2BP,STAT5B,C12orf5
9274,SGCB,C7orf13,MOK,HMGB3,TRIQK,SLC17A5,PACS2,CTNNA1
9275,KRT10,NCOA6,SLC43A1,C19orf68,RP11-78O7.2,FUNDC1,LDOC1L,LARP1B
9276,CEP120,TLR6,CXorf65,YPEL1,AP001372.2,MCTP2,NUDT11,ZNF37A
9277,RP11-319G6.1,LYSMD4,IPO8,RAB13,SF3B2,UBR7,KIFAP3,RP5-1148A21.3
9278,NSDHL,PPP4R1L,POGLUT1,ATG4B,AC009403.2,EBI3,CLEC4E,SPATA5L1
9279,MCM8,TMPRSS11E,LINC00426,MTHFSD,CYLD,CTC-507E2.1,METRNL,MCPH1
9280,POLH,RP11-379F4.9,LRRC40,PARP9,LL21NC02-1C16.2,GZF1,FBLN7,PPOX
9281,UBE3D,MSANTD3,EVI5L,RGL1,NEXN,XCL1,NUSAP1,TLR2
9282,GIN1,THBS3,VPS18,BRD1,HACE1,RIOK2,MAPK8,RASSF4
9283,KLHL26,RNF146,CCNJ,ERAP1,HAUS4,RP11-245J9.4,LRCH3,MFSD11
9284,BEX2,RP11-319G6.1,ZSWIM8,THOP1,TRIM68,ZNF260,FAM84B,RNMTL1
9285,NHLRC1,ITSN1,HTATIP2,SYNJ2BP,PICALM,RP11-52J3.3,MIDN,C7orf50
9286,C4orf36,CDK18,TRIOBP,TNFRSF12A,PCP2,CPEB4,MUTYH,CHD3
9287,MINOS1-NBL1,ORC5,FAAH2,CA6,C22orf43,AAMP,ADSSL1,SNX29P2
9288,PPIL2,RP11-538P18.2,GOLPH3L,ERI2,CLEC12A,TMSB15B,AC002117.1,ZNF586
9289,FAM21B,AC025335.1,NR1H3,DVL3,CEP192,EHD3,MLLT11,FUT7
9290,RP11-111A22.1,HP1BP3,PTPN11,AC093609.1,LINC01119,NR1D1,RP11-661A12.7,DPF2
9291,KIF19,SGCB,FAM214B,ASPHD2,FAF1,PSMA4,CTD-2267D19.2,ANKZF1
9292,POLR2C,CEP95,PET117,SREBF1,ZMYM3,ARL8A,AC013264.2,MXD4
9293,NARFL,RP13-516M14.4,KIAA1328,LINC00174,GMPR2,OSBPL1A,NF2,DUS2
9294,VOPP1,NKIRAS1,COMMD10,MAPK7,SULT1A1,PHRF1,KIAA1279,CES2
9295,PDE6G,MIAT,FTO,AKTIP,POLR2M,ZNF629,TRMT2B,RBMXL1
9296,RWDD3,RP11-582J16.5,ZNF251,GABBR1,C1QB,ZC3H12D,FARSA,FARSA
9297,NMUR1,ZNRF2,RP11-467D6.1,CEP97,SEMA4A,KCNC3,RAMP1,ZNF830
9298,RARA,CISH,PVR,DHX58,CCR6,SNRPE,ZNF324,MC1R
9299,ZNF787,ZC3H4,RASGRP4,YPEL2,RBM4B,SNX18,PLCE1,FAM178A
9300,RP11-383H13.1,AC005306.3,CLUH,UBL3,PRKCZ,TXK,IER3,NSUN2
9301,AIMP2,TSPYL5,RBM34,BEND5,CITF22-92A6.1,UCK2,POLL,GOLGA4
9302,F2R,RP11-79P5.9,MTR,RP11-164H13.1,IL7,PHLPP2,NOL11,CCDC28A
9303,AEBP2,SYCE1,NMNAT1,TP73-AS1,BDNF-AS,CSNK1E,HMGA1P4,EPHB2
9304,ZBTB37,ANKRD49,IGF2BP2,LRRC7,SGMS1,ERCC5,POLR3A,KLHL5
9305,PLCXD1,SAP30L,SNX18,COPS4,CCDC22,THAP8,THEMIS2,KLHL36
9306,TJAP1,PAXIP1-AS2,RP13-270P17.3,EID2,BAP1,MAMDC4,ZNF485,FEZ2
9307,PAG1,SENP3,CDK19,RPAP1,PDE8A,ATG14,FTO,MPI
9308,CCNI2,LUC7L,HIATL2,IPPK,CPA5,CES4A,USP18,HIST1H4I
9309,ANO6,EDARADD,ZSWIM7,NF2,EMC6,SLC20A2,CENPK,CHTOP
9310,ZBED4,HDX,RXRB,RP11-1100L3.8,ACACB,AKR1C3,TRUB2,ANKRD17
9311,PRAF2,CTC-459F4.3,NSMF,CLECL1,RPP25,HOMER2,MDFIC,CREBRF
9312,AEN,MGST2,NUDT15,ACD,COPRS,ASB16-AS1,VPS13A,ADPRM
9313,AC027307.3,L1TD1,GPR68,RBM26-AS1,ADAM28,GALNT1,SLC25A51,RP11-326I11.3
9314,PDP1,DNAJA2,DDX26B,FAM212A,GRB10,NCOA3,SH2D2A,ZCCHC6
9315,MDN1,SETD8,ZBTB45,ATP1B1,CDC14B,MED12,MDS2,TXLNA
9316,BTRC,ZNF785,DUSP28,ELMSAN1,CTD-2035E11.5,LDLR,WDR26,GOSR1
9317,SLC15A4,HMGCS1,AHCTF1,TTL,PAGE5,RP11-117D22.2,PLA2G12A,NECAP2
9318,BCKDHB,PRICKLE4,LIN9,RP11-85A1.3,SLC25A25,RANGAP1,CASP2,ZNF430
9319,DNAJC14,PMS2,ZNF384,CCSAP,NIN,SDHD,PHF10,PCF11
9320,SLC26A6,ZFPM1,KIAA1467,KDM4C,EIF3J-AS1,XRCC5,CEP350,KIDINS220
9321,ANKRD40,DLG5,B3GNT8,UHRF2,WEE1,CMIP,DUSP4,CCDC159
9322,THOC7,C4orf29,PNPLA4,DHX37,SUMF1,NFYC-AS1,ZNF681,AGGF1
9323,TMEM176B,TMEM41B,THAP1,MSANTD2,DET1,ECI1,TNRC6A,GAN
9324,KLHL8,UNC50,LRRC24,RECQL5,BCL7A,DPY19L1,UBA6-AS1,SIGLEC5
9325,DMTN,LPCAT4,TCEB2,AKIP1,PDGFB,BCKDHB,HEXIM2,WBP4
9326,TNIP3,SPRYD7,DECR2,CAMK1,PRR11,DHX33,KXD1,LEMD2
9327,MTHFSD,PPP2R1B,ATG5,PITPNC1,BBIP1,TDRP,GOLGA8A,CCDC97
9328,RP11-108M9.6,METTL12,CTD-2555O16.4,ZNF43,RRP12,NIPAL2,CDIPT,FUT11
9329,POPDC2,SUB1,FBXW2,GORAB,MICB,TMSB4Y,PTPRN2,SEC22C
9330,STXBP1,VPS33B,GSTM4,MFSD10,EYA3,C1orf159,SLC25A43,SERGEF
9331,LANCL1,SIAH1,PECR,ZMAT4,ADPRM,ZNRF2,TSR3,CLEC11A
9332,CDK2AP2,LPAR6,ZNF180,ASB13,ZCWPW1,RNF8,PAIP2B,SLC4A8
9333,FKBP2,OTUD6B,DDX54,FBRS,CORO6,SLC25A45,HEMK1,RMND5B
9334,ZNF782,RAD51B,EPHA1-AS1,LINC00920,PHKG2,AGBL2,PHLDB3,ELP3
9335,MTHFD2,ATF2,CEP85,TCEANC2,RP11-588G21.2,RP4-673M15.1,MRM1,DUSP12
9336,ZNRD1-AS1,FAXDC2,GPN1,PUSL1,FNIP2,MORF4L2-AS1,PAM16,WDR73
9337,CTB-43P18.1,TXLNG,VPS39,LAIR2,EDC3,CLSTN3,ZNF281,NPDC1
9338,RHBDD3,MRPL42,C2CD4D,CYP4F35P,LENG8,SPIN2B,ZNF708,ATF6
9339,CKB,DST,PORCN,MON2,KXD1,ZNF205,RP11-773D16.1,ENDOV
9340,CEP85L,MCTP2,MRVI1,MCOLN3,PTP4A3,AHSA1,AARSD1,FAM131A
9341,SNX11,MTRR,SETD9,SSTR3,IZUMO4,RNF24,TIMP2,CTD-2369P2.2
9342,SZT2,LSR,ZNF48,ZNF407,ZNF382,MYNN,DBF4,RRAS2
9343,MPZL3,TBCK,RAB33B,ATP13A3,PPP1R3D,ZBTB7A,NIPA1,C19orf47
9344,USP47,CEP44,CKB,MPI,SPAST,ZNF383,RP11-640M9.1,CTLA4
9345,RP5-1021I20.1,RP11-46D6.1,CCDC96,HPS4,ZNF839,TMEM69,PHACTR4,ARNTL
9346,RP1-102H19.8,PHF12,C2CD2L,PAWR,NCSTN,FSD1,AP4S1,FOXJ3
9347,ZFP3,LMBRD2,KLHL9,SMYD5,DCUN1D1,RP11-443B7.1,RP11-66N24.4,IFT27
9348,ACP2,CCR5,EXT2,TIGD6,CTNNAL1,SH3RF1,MROH1,AC104532.4
9349,CTC-428G20.6,LRRC34,ZNF503,RNF31,PANK4,WDR36,UBE2A,ATP1A3
9350,BRSK1,YIPF1,JAKMIP1,TK2,BFSP2,VPS45,ZNF184,SNAPC3
9351,KIAA1324L,PCYOX1,RIC8B,CTA-292E10.6,CEACAM3,MAGED1,TRPM4,HDAC7
9352,ZKSCAN2,PAQR4,MMP25,ZNF148,DDX51,FGD4,RP11-809N8.4,AIM1
9353,FXR2,RP13-1032I1.7,CUL2,TSPAN18,RPS25,ARFGAP1,IL18RAP,ICK
9354,C17orf58,OSBP,SETD1A,RP5-1050D4.3,NLK,TNS3,RP11-455F5.5,BMS1
9355,FGF9,RP11-169D4.2,CCDC102A,TNFRSF9,TGFB1I1,GLA,DHRS11,CTD-2020K17.4
9356,DHX36,CTD-2086O20.3,ABHD14A,RNF40,ZNF837,EPHA1,ADCK5,ZNF860
9357,LGALS9B,CTD-3074O7.5,CHAF1A,PUS7,LINC00877,KLC2,ALKBH6,TSPAN31
9358,TRIM62,CD72,GOLGA8A,AC009403.2,TAPT1-AS1,CTC-479C5.12,KLRF1,SLC12A7
9359,H6PD,PRMT3,TNRC6A,STAG3,FAM201A,CD96,SSH3,IFIH1
9360,GLE1,PLEKHB1,SDR42E2,SPEF2,GPA33,KDM1B,ZNF664,MTAP
9361,NEFH,MCCC1,ZBTB17,FCRL5,VPS13B,FTSJ2,ZNF526,CDK5RAP1
9362,LINC00299,POC5,ABCB1,RP11-326C3.15,SPESP1,GPATCH11,ZBTB11-AS1,FBXL12
9363,FANCG,HYLS1,HCFC2,RP11-57H14.2,KLHDC2,BCL7B,COQ10A,SUPT16H
9364,HERC2,ZSCAN32,HAUS7,EXOSC6,STX1A,TMEM62,ZNFX1,CLEC10A
9365,STARD4,IFT46,ZNF799,DNAJC14,NUDT22,RP11-575L7.8,TMEM229B,MTIF2
9366,KLRC4,SLC24A1,ANAPC13,CHAMP1,TM9SF3,DDX49,RFX2,MTFP1
9367,GNGT2,GPR56,AP1B1,NCEH1,MANEA-AS1,HMG20A,HMGN2,RBM15B
9368,PIGG,PRIMPOL,C22orf34,LDLR,RBMXL1,SUPT16H,SPAG16,RP11-66N24.4
9369,RP5-1074L1.4,ZNF644,ENTPD3-AS1,DCTN4,KATNAL1,SAC3D1,SUV39H1,PPIL3
9370,CAPN8,METTL18,RP11-799D4.4,CWC25,KIAA0754,PSMA1,MAP4K4,BCL6
9371,CTD-2023M8.1,KIAA0319L,SLC16A1,PPP2R5D,IQCB1,CREBBP,TXNRD1,ABHD17B
9372,LSM11,TMEM159,PIK3CB,BRPF1,VWA8,MCC,C5orf28,RP11-362F19.1
9373,SOX13,ANO9,TTC16,C18orf32,CIDEB,EGR1,ZNF546,TDRD3
9374,TMPRSS11E,TMEM182,ENTPD6,UGGT1,FBXL16,SLC25A44,CLIP1,UMPS
9375,NAPA-AS1,RP11-119B16.2,FGFR1OP,RPE,WDR62,IMPACT,KIAA0247,TRPV2
9376,AC006369.2,PSMD10,RBAK,MTX2,CTD-3185P2.1,TADA2B,RNF103,OSTM1
9377,HPS3,ZFYVE21,RHNO1,NRF1,TFR2,ALG13,CNR2,PER1
9378,COPS7B,RCL1,KIAA0586,POLRMT,LL22NC03-2H8.5,PTPN23,APEX2,CRIP2
9379,KLK1,ZNF837,LYPLAL1,ZBTB11-AS1,PSRC1,ZMYND11,ZNF790,PTMS
9380,ZNF404,XPO4,FAM109B,DENR,NPPA-AS1,PDRG1,DIEXF,SPRTN
9381,PPP1R32,EIF1B,IL21R,ZNF510,AGPAT9,URB2,TOB1,HAUS3
9382,B3GNT8,BCL2A1,MCEE,TRIO,TBXA2R,ZNF197,ZNF837,LRRC8C
9383,SNAI3-AS1,MTHFR,MPV17,TTC17,USP3-AS1,RP11-214N9.1,RP11-73E17.2,MPP7
9384,XPO1,ZNF749,RP11-108M9.6,TNFSF8,ARHGEF11,PTGDS,DENND2D,SRCAP
9385,MSL3,ZDHHC17,PACS2,SLC9A3R1,ZNF431,P4HA1,WDR75,SPTY2D1
9386,APOPT1,ZNF780B,CDR2,VPS37C,TMEM168,RRP1,CBWD2,SLC15A3
9387,PTPRK,FAN1,EVI5,RP11-315I20.1,METTL1,CCDC107,PAX8,SIGLEC9
9388,UBR5,RP11-309G3.3,BTRC,PSMB4,RP11-15H20.7,SEC11C,ITPRIPL1,CDCA7L
9389,CDK2AP1,FAM76A,RP11-11N9.4,KIAA1324,RP3-455J7.4,BCCIP,ABCC10,GMCL1
9390,DIRC2,TIAL1,CTD-2020K17.1,CD27-AS1,BTLA,ZNF48,RABGAP1,MBTD1
9391,FAM8A1,NAPB,WASL,TMPO,PPIP5K2,DTHD1,GEMIN4,TRAPPC13
9392,FGD2,MT-ND3,KATNB1,ZMAT5,CCDC94,HRASLS,MBD5,FAM120B
9393,NDUFAF6,B3GNT8,RP11-192H23.4,MIEF2,RFC4,AFG3L2,CREB3L4,ETNK1
9394,LATS1,NUDT22,SNX1,RP11-517P14.2,CARD11,FMNL3,MYO7B,RQCD1
9395,NOL9,EXT2,ZNF516,CTB-113I20.2,WFIKKN1,TMEM65,C9orf156,EFNA4
9396,MED24,RP11-126K1.2,SLC2A9,DDI2,RP11-890B15.3,YARS,PPP1R16A,SLC36A4
9397,FTSJ1,BEND2,IAH1,MUC12,ASPSCR1,FMR1,ATRN,LPIN2
9398,TUBB2A,RP11-265N6.1,PLXDC2,MYO5A,EZH2,FAS,C16orf95,ZFAND4
9399,FRMPD3,FADS2,RP11-285F7.2,LINC00115,RP11-134G8.7,SEC14L5,ZNF77,DIDO1
9400,TESC,GLRX3,LPCAT2,HIST1H1E,MCM4,CEBPA,GLT1D1,C18orf21
9401,TMEM135,EXD3,RP11-159D12.5,SOWAHD,CDK14,CSPP1,FAAH,CKAP2
9402,CLEC1B,ACLY,MGST1,LINC01003,RLN2,JADE1,TMEM189,STX17
9403,CTC-209H22.3,ADPGK-AS1,PET112,CCDC183,TRIOBP,CFDP1,POLR3D,TNK2
9404,CHN2,SPATA5L1,ANK1,C7orf55-LUC7L2,CYP3A5,LARP1B,RP11-295G20.2,MEFV
9405,KCNH8,PLEKHF1,ISYNA1,GNG2,AC129492.6,PPP1R14A,ANKRD11,DKC1
9406,RP4-536B24.3,ULK4,GCSH,LILRB4,RNF168,C15orf40,KCNMA1,DNAAF2
9407,GNB1L,TMEM222,ADCK4,EGFL7,PWWP2A,KLRB1,SLC39A9,DNAJC3
9408,CCZ1B,PIK3R2,GPD1L,CNFN,UNC93B1,HARS2,NUDT6,RPS6KA4
9409,MNDA,DMWD,RP4-728D4.2,TMEM251,PIGX,ALG11,SIRPG,STXBP3
9410,METAP2,SASS6,NDEL1,DOCK9-AS2,TRAPPC11,PLA2G4C,PIEZO1,ELF4
9411,FURIN,ZDHHC21,PPIP5K2,CRTC1,STRN3,SECISBP2L,TRIM28,TMEM192
9412,ELK4,FAM208B,SEPT6,CXCL16,ZNF681,ZNF768,SYPL1,LRRC40
9413,SRPK1,FLYWCH1,RP11-446E9.2,SH3PXD2A,MLTK,SLC25A25,SORBS3,SUGP1
9414,HOOK2,HDAC5,SLC11A2,TMEM168,PAICS,SLC5A6,FAM50B,PNPLA8
9415,RICTOR,KCTD11,CIC,ELMO2,RP5-1024G6.7,FBXL18,HCFC1,ZNF14
9416,PEX3,PPP6R3,ZFHX3,TOPBP1,RRP1,BBIP1,KHNYN,RASA2
9417,POP1,ORC6,FUCA1,ADAT1,CTC1,RMDN2,NPEPL1,TAZ
9418,FAM109A,PTPRC,TOB1,CROCC,MATN1-AS1,SCAF8,RP11-395A13.2,ARMCX3
9419,RP11-493L12.4,KAZALD1,FAM8A1,MORF4L2-AS1,TRAPPC12-AS1,RRNAD1,ZNF776,BANP
9420,STK39,BTBD1,TDP2,PRR14,OGDH,KPNA5,TRERF1,HLTF
9421,G2E3,SMN2,RNF123,AD000090.2,MAX,PTCD3,AMPD3,RNF146
9422,RP3-400N23.6,TRIM68,DYNC2LI1,PSENEN,NEK4,NIN,SLC24A1,SLC35B3
9423,TNFRSF11A,PHTF2,PYGO2,MYH11,ENDOD1,CCDC7,TMEM115,MAP4K4
9424,SCIMP,C16orf98,DDX20,TUBB6,KANK3,TIGD6,GOLPH3L,CDC25A
9425,PMS1,GAMT,HIST1H4A,KCTD17,TNFSF4,PDK2,EDA,FPR2
9426,PPP2R5D,MEF2A,KCNC3,TRIM37,GORAB,ARAP2,AC009065.1,AP5M1
9427,DNASE1L1,ZNF773,PITPNC1,ACRBP,SARDH,PDCL,PDPK1,HTT
9428,RNF13,UTF1,COL6A2,PHF20L1,ZBTB43,PRKCSH,RSBN1L-AS1,KCNC4
9429,MICU1,HERC2,CDK20,RP4-758J18.2,CHN1,DTNB,THOP1,CLIP1
9430,SCT,ANKRD39,SYAP1,ANO10,ATP7A,GXYLT1,CLCN5,C1orf21
9431,TATDN3,FAM73A,PLXND1,PPM1F,ERMAP,RPP14,ZNF841,COPS7A
9432,SLC39A3,SETBP1,PAPSS2,RP11-266J6.2,PRDM15,CAMSAP1,AC011899.9,AP5Z1
9433,TBC1D13,ANAPC7,KIAA1109,ZNF75D,ADORA2A,SAMD1,ANKS3,SNAP47
9434,PAPL,RP11-1407O15.2,ZNF700,WWC3,WDR89,TBC1D19,PLEKHG5,HGS
9435,CYB5RL,AGFG2,FAM188A,PCGF3,MGAT5,RP5-943J3.2,DCAKD,STK32C
9436,ACPP,RP11-879F14.2,NOG,TBC1D22A,TOR1B,EPB41L2,PGPEP1,ZNF775
9437,TTC4,RER1,ATAD3A,ZFYVE21,HIST1H1D,SMARCAL1,SLC25A28,OSBPL2
9438,BCL7C,FBXL16,PVRL2,SH2B1,GATA2,ZNF865,SFT2D3,PPP2R5D
9439,SYTL1,DTNA,TMEM88,SMU1,SDCBP2-AS1,UBTF,SPTLC1,RP11-22P6.3
9440,AHDC1,TBC1D19,AXL,ASAP1,CLEC10A,ELK4,TRNT1,ZNF721
9441,C17orf59,LEMD2,RP11-252A24.7,SPRYD4,ZNF174,NNT-AS1,TECPR2,DDX58
9442,C8orf37,MEGF9,ANK3,ITPKC,NDUFB2-AS1,POP4,ZMIZ2,NUP43
9443,DHRS13,ZNF281,ERAL1,COQ10A,SLFN11,CHD4,SPIN2B,FAM3C
9444,WWC2,PRKRIR,TMEM70,CD84,SNURF,FPR2,C4orf3,MFSD12
9445,DOCK11,VRK1,PPARD,H2AFX,PTCD3,HTT,TBCEL,MRPL42
9446,C12orf60,CDKL3,RPF2,LITAF,TAB1,COL9A2,PTPN9,HENMT1
9447,SEPSECS,C17orf72,NRAS,ATG14,TAF5L,RP11-1151B14.4,SIDT2,TCF4
9448,CDC16,PSEN1,XXbac-B135H6.18,POGK,CDC25B,SLC27A5,SIK2,LTA
9449,ARFGAP1,FBLN2,NAGLU,SOS2,ATRIP,VTA1,VPS33A,DONSON
9450,STRAP,GOSR2,MMD,SCO1,SPSB2,VAV3,RAD51B,TCOF1
9451,WBP5,TTC7A,C17orf85,WNT10A,ADAM15,C16orf86,GON4L,KIAA0907
9452,SUPT5H,RP11-262H14.4,NMNAT3,RCE1,RP11-326C3.12,KIFC3,WDR27,MAP10
9453,PHF11,TPT1-AS1,ZNF468,REXO1,CLCN6,FARS2,PDLIM7,ZNF35
9454,MLC1,CRIP3,METTL25,EXOSC4,FAM13B,APBB1,SLC15A4,ERGIC2
9455,ZNF33B,TRABD,PTBP3,RP11-385F5.5,FAM188A,DIRC2,PPP2R5B,CD180
9456,KLF16,C16orf72,GMEB1,MAP7D3,COPS2,HCG11,SNORA76,C4orf27
9457,AAMP,TFE3,CARNS1,GPHN,SLC24A1,TOMM70A,SLC38A1,INPP4B
9458,SNRNP48,ZSCAN12,RIN1,TUG1,ZNF217,ACTL10,COG2,TTLL3
9459,CLDN5,REEP4,SEC16A,ING2,HNMT,EIF4E,BPNT1,MAGOHB
9460,GNG5P2,SCARB1,PROSER1,NPC1,SLC25A28,RPP25,C15orf40,IFT140
9461,MCTS1,ADM,A2M-AS1,ZNF551,ZGLP1,ANKIB1,SPATA2,RARA
9462,GCC1,C3orf62,NDE1,ALDH6A1,PBLD,RP13-638C3.4,VPS16,PRRC2B
9463,ERC1,TRRAP,SPTSSB,AP5S1,FBXO28,C9orf37,FAM227B,BIK
9464,PRKAR2A-AS1,IL10,ZEB2-AS1,TADA2B,NPL,CARD6,NABP2,ERGIC3
9465,CDCA7L,C8orf58,ALDH1A1,C12orf4,PRKAR2B,PRSS23,PSKH1,RANBP10
9466,C18orf25,DDB1,RP11-218M22.1,NUDT11,FOXP3,RP11-1055B8.7,DNAJC14,RP11-468E2.4
9467,TMCO4,TP53I13,FAM120C,PPME1,RAPGEF2,KANSL1-AS1,RC3H1,TARBP1
9468,WBP4,PER3,IRAK1BP1,RNF214,EREG,TSNAX,C12orf66,TNFSF12
9469,GK5,CCDC174,SDF2,KIAA1598,BACE2,SUFU,NHSL2,FAM115C
9470,CNNM2,MUM1,ARHGAP33,RP11-293M10.5,SEPT6,RP11-37B2.1,TUBA8,XKR8
9471,SLC33A1,RP11-452F19.3,C16orf58,TLR5,ZNF141,ERO1L,C2CD5,ZMYND19
9472,ARL16,ZBTB33,PPM1N,SORBS1,ADAP2,FAM127A,TAF1B,RP4-728D4.2
9473,PLEKHM2,ARHGEF7,MAP1LC3A,IKZF3,KBTBD8,MESDC2,APBB1,AKR1E2
9474,SCAF11,PLD2,RP11-455F5.5,CCDC180,LYST,UBP1,EML2,XPO1
9475,AMN,CNN2,PDS5B,HSPA4,MIOS,TRA2B,TRIM47,FARS2
9476,CLDN15,HIST1H1E,XXYLT1,RFWD2,C1orf159,ACTL6A,CDK11B,RRNAD1
9477,RP11-215P8.3,LINC00665,TASP1,GCFC2,BASP1,ARL5B-AS1,ZNF589,EFCAB2
9478,COCH,MYO19,QDPR,LRRC42,ANKAR,RP3-402G11.25,TIMM8A,MIR181A1HG
9479,TSPAN15,USP9Y,ZFP57,POMGNT2,ATRN,PCNT,C2CD4D,CDKN2C
9480,CEP19,BAG3,NCOA3,MAPK6,SMARCA5-AS1,RP13-1032I1.7,PIGP,GNB1L
9481,PIGB,ESYT1,RP11-345P4.9,FAM19A2,C9orf89,CAPN10,GFPT1,CMTM8
9482,CNTNAP2,RP11-416N2.4,STRIP1,PIGN,ARAP1,ZC3H11A,TET2,KIAA0226
9483,SLC7A7,ACP2,PLBD1,RP11-635N19.1,FAM117B,NBPF1,YPEL1,CDH23
9484,SMEK1,KIAA0195,IRF2BPL,LINC00402,TCP11L1,POLM,PCYT2,RP11-1348G14.5
9485,OSBPL10,ERMARD,LSR,TTC22,IL17RA,CD1A,ACP2,PHACTR2
9486,ZNF564,PHGDH,PDGFC,POGZ,TUFT1,SLC7A6,RCN1,KANSL2
9487,CCDC117,ACSF2,CNOT7,MORN2,VPS13A-AS1,CIAPIN1,SLC2A4RG,UNKL
9488,TMCC3,ITPR3,MRPL13,PKP4,NSMF,AL139099.1,ST8SIA4,HAT1
9489,ASCC1,NCKIPSD,LINC00662,FAM101B,RAB3A,FAF1,LTN1,SLC25A40
9490,GNE,RBM47,SMKR1,GDAP1,MAN2A2,DHX40,ACADVL,PFKFB4
9491,ARSB,KANSL2,WNT7A,CLN6,RP11-385F5.5,CTNNAL1,SART3,ZNF224
9492,ZBED6,EPB41L4A-AS1,CNOT6,GPX3,MED16,CHRNE,RP11-664D1.1,CLSPN
9493,C5orf34,SUV420H2,CPNE1,EXOSC10,TNFRSF10A,CNPY4,GZF1,GAA
9494,IFT52,WDR24,RP1-43E13.2,FITM2,ITGA6,DIS3L2,MYBL2,LOH12CR1
9495,DDAH2,ERBB2,SNTB2,PLOD3,MARS2,IRF2BPL,CDKN2AIP,NCOA7
9496,SCOC,KIF9,AGRN,NDRG2,AC093495.4,CD160,GOT1,ZMYM2
9497,IL21R,GP1BA,PIP4K2C,PRR3,GNPTAB,CCDC125,GLCCI1,TMEM218
9498,CDCA5,ALS2,SYCE1,MPPE1,LRRC8C,NNT,DPY19L3,P2RY10
9499,FOLR3,FBXO34,NINJ1,RAPGEF2,TRIM62,TIAL1,MTFP1,YKT6
9500,MOCS2,BBS12,FAM174A,NFKB1,BLOC1S3,DCTN4,ZNF280D,STAU1
9501,APOBEC3C,ACSS1,CLUAP1,TET2,LILRA1,CTD-2031P19.3,ARHGAP26,CCZ1B
9502,GNPTAB,RP11-629O1.2,FBLN7,PHLPP2,ZNF467,STARD8,KBTBD11,C5orf22
9503,SHPK-1,ZNF260,CRIP2,TMUB1,ZNF623,DECR2,SPATA13,DGCR14
9504,UGGT1,PRR7,DRAM1,RP11-66N11.8,LINC00265,KLHDC8B,CLASP1,FKBP4
9505,DCAF15,TGFBRAP1,ZNF287,ZNF614,GSTT1,CTSK,MAP3K13,DENND5A
9506,MYCBP2,KIAA0825,SEC31B,CTSC,HIAT1,WDR81,BCORL1,BCAT1
9507,AUH,B3GNTL1,RAB35,PCSK4,PDXDC1,ASB9,CERS6,FYTTD1
9508,PDE2A,RHEBL1,GIPC1,TOP1MT,TTC19,UBAP1,RLN2,ARHGEF18
9509,PTCH2,RNASEH2C,MCU,VMP1,TRIB1,LOH12CR2,VARS2,DCAF5
9510,FBXO6,FMN1,ELK1,C1GALT1,MTM1,VAPB,FZR1,NABP1
9511,MSH2,CFLAR,STAC3,IL12RB2,KRTCAP3,TPRG1,ZNF75A,NOTCH1
9512,CUZD1,SIRPG,MIEN1,DPY19L2,CCDC141,ZNF213,ANKRA2,PLXNC1
9513,RP11-588G21.2,KRR1,RP3-402G11.25,RP11-52J3.3,RGS16,RASGRP1,ACVR2A,C14orf159
9514,SRD5A1,LACE1,NCALD,LARP4,DHX16,TK2,TNNI2,CBX8
9515,CALD1,RP11-996F15.2,TBC1D1,WRN,MS4A4A,CHAF1B,FAM134C,TMEM164
9516,HBS1L,RP11-89K11.1,MED16,ACP6,TK2,GCNT1,HNRNPLL,RHBDF2
9517,JMJD7-PLA2G4B,AASDH,ALG6,RNASE4,ZNF609,SMPDL3A,RP11-301O19.1,PBK
9518,MYO1B,STS,CNPY4,VWA8,KIF23,UHRF1BP1,PUM2,C9orf40
9519,RP6-109B7.3,KIAA1731,CNNM3,FLVCR1,MAPK3,KIAA0907,SGTA,GEMIN6
9520,C14orf28,SLC39A13,MAN1B1,ZNF446,AHCYL1,ATP9B,PARP16,SGK3
9521,C17orf75,HAVCR2,KIF3C,MAST2,RP11-572O17.1,ABHD17A,ZBTB32,SIRPB1
9522,TIGD3,RP11-54O7.17,AGTPBP1,KDM4A,AC006129.1,AC093627.10,RAD18,RBL1
9523,CBL,WDR3,OSGEPL1,TMEM57,PUS1,VCPIP1,ATP6V1E2,KRT18
9524,COMMD8,TCF4,FMR1,SLC52A2,TSPAN7,C2CD2,ACOT4,TCEA2
9525,RP11-539L10.2,SLC2A9,TVP23B,RNF207,HCFC2,PLEKHG3,RPAIN,ATP2B4
9526,EID3,PDZK1IP1,COA6,CASP10,ZNF74,PRKD3,ECHDC3,CUL4A
9527,SLC4A2,RHBDD1,ZFY,SETD6,HIST1H3A,DTWD1,HS2ST1,GAK
9528,NR1D2,ALKBH1,SOS1,CNOT1,ZSCAN22,DYRK1B,LIPT1,AC092580.4
9529,ZNF674,NVL,ZNF460,ARHGEF9,TMEM81,BAG6,C14orf93,USP36
9530,IARS,RAB11FIP3,RPP38,TAF3,TAF5,RP11-13P5.1,CCDC130,CREB1
9531,SPAG1,RNF20,C16orf70,FADS1,NR4A1,TMBIM1,NPHP3,ALDH3A2
9532,MIR940,SLC35E2B,RABGAP1L,FAM86A,DGCR6L,PABPC3,TTC9C,MARCO
9533,HERC6,REL,TXNDC11,VMO1,POFUT1,RP1-197B17.3,KIF1B,LTBP3
9534,ZNF184,BIRC3,RMI1,UBN2,REPS1,NFYA,SCN1B,RNMT
9535,RP11-50E11.3,ADRBK1,ITPKC,TAPT1,SLC9A6,VPS13D,DHX34,LINC00341
9536,CORO7,FBXL3,KIAA0825,TEX10,SLC26A11,UBE2J1,SLC25A15,PRKCQ
9537,SCAF8,TECPR2,FFAR2,RP11-620J15.3,SRR,MARC1,ORC5,RP1-40E16.12
9538,RP11-553L6.5,PTGDR,VPS33B,FANCD2,CSNK1G2,TRAF1,RP11-258F1.1,TRAPPC2P1
9539,GGACT,CTD-3131K8.2,GTPBP10,TRAF5,ZNF764,RBM34,B4GALT6,CTC-523E23.11
9540,HIST1H2AG,HGD,DNMT1,RP11-430B1.2,USP30,RP11-1398P2.1,DOLPP1,ARHGAP24
9541,SUV39H2,FAM160B2,GLRX2,MAFB,RAB32,SLCO4C1,RP11-485G4.2,LYRM7
9542,KLHL18,TLR8,MRAS,RP3-402G11.26,IGFLR1,MAP3K2,CDK3,USP24
9543,TCF25,SLC25A15,PLCXD1,ACLY,ATP6V0A2,CACTIN,RNF170,CTC-378H22.1
9544,RP11-102N12.3,VILL,FAF1,PPAN,KLHL6,RP11-506M13.3,ACSF3,POC1A
9545,PSKH1,SDCBP2,RNF111,GPD2,WDFY1,OCIAD1,HDLBP,OSGIN2
9546,ABCF3,GIT2,TUT1,IGF2R,TOR4A,LINC00954,NAGPA,CKAP2L
9547,GTF3C3,INTS7,SLC25A22,HERC2,BST1,ZNF142,TBC1D8,WDR53
9548,SMAD3,CAPN10-AS1,TTC26,RQCD1,PSMD3,ABTB2,VCPKMT,GLT8D1
9549,RP11-108P20.1,NBPF10,MUC12,FCRL1,C19orf47,XIAP,ARHGAP18,PIGM
9550,MT-ATP8,RP11-138I1.4,UBE3B,AARS,KLHL5,ESRRA,SLC9A7,FASTKD1
9551,CCDC159,MAGT1,FBXL6,SF1,FOXP4,ALYREF,COQ10B,RSAD1
9552,HEXIM1,AIFM3,HADHA,PITPNA,KLF7,CPEB3,KLHDC7B,POLDIP3
9553,C1orf85,ZNF738,CLEC12A,IDUA,DFFB,NCLN,IL15RA,ADCY7
9554,RNF219-AS1,HRSP12,YWHAQ,HEATR5A,SOS1,DNHD1,CHUK,MAPK3
9555,ERMAP,HK3,ZNF552,THBS1,AC022498.1,PNPO,HRSP12,MED17
9556,GATM,SIRT4,RP11-70P17.1,FAM120AOS,AP2B1,SOS1,FBXO4,PIGW
9557,SIAH1,CCL3L3,PAXBP1-AS1,MKRN2,GAPVD1,CHUK,TPST1,AUTS2
9558,SLC25A14,PPIE,SKI,TMEM121,LIN54,PQLC1,SCAMP3,SAMD9
9559,ABI1,RP11-401F2.3,B3GNTL1,ARMC2,NCAPD2,ZNF652,WRNIP1,RP11-428J1.5
9560,SLC39A8,CTD-2341M24.1,LRRN3,RP11-355B11.2,SBF1,BCL2L1,ZNF746,STAU2
9561,INTS9,ANKRD36,HMGA1P4,CTD-2231E14.8,DCLRE1A,PIGC,HKR1,LRIG2
9562,TNNI2,XKR8,ATP1B1,MARCH3,RBM12B,RP11-708J19.1,FAM134B,NDE1
9563,PIP5K1A,ACP6,LLGL2,AC009299.3,SEC24D,PIP5K1B,MRPL1,HPS3
9564,PIK3R3,DUSP10,NSUN7,FBXL14,RNLS,KPTN,FMO4,DERL2
9565,EZH2,PAQR8,AGBL3,WDR26,KCNK12,EYA3,MED27,LINC00847
9566,PFKFB4,CD22,ZNF787,SLC12A2,SPHK1,FAM20B,HRASLS2,ZNF256
9567,DNAJB4,ZGLP1,RNF185,TLR10,CBWD3,GPN1,PIGV,SUV420H1
9568,VPRBP,DDX11,RP11-109G23.3,METRNL,PVALB,FNBP4,RECK,SNX27
9569,ARID3B,ZMYND10,LYSMD3,MKL1,INPPL1,CDC14A,HSPA14,FMR1
9570,CAMK1,DCTN5,STAT1,RP11-755F10.1,DAG1,SFMBT1,ATAD5,KCTD12
9571,SOX7,PGRMC1,TRIM47,DNMBP,HCG11,VCPKMT,SREBF1,NEFH
9572,FBXO46,DLEU7,SLC22A4,TAF5,TNFAIP2,RP11-72M17.1,KRT1,RCHY1
9573,ZSWIM7,CRAT,NPIPB5,CHEK2,HDAC1,HERPUD1,PARP3,CTBP2
9574,CDA,OSER1-AS1,PRDM15,CTSK,LZTS2,HESX1,ZMYND11,BLNK
9575,APOLD1,IKZF4,CTPS2,EPHA1-AS1,SOX13,SPSB1,RAP1A,ENSA
9576,NEK11,SPOCD1,MEMO1,LILRA5,C14orf64,DARS2,ITPRIPL2,MTHFD1L
9577,CDCA8,OXCT1,HES4,DNAJC8,NETO2,ANKH,BRAF,RNF25
9578,TMEM184C,DFFA,AGO4,C10orf128,RFPL2,HMGB3,C2orf49,NUP93
9579,ANKIB1,FBXW2,CERS6,AFG3L2,ANKMY2,RP11-317J10.2,TBXA2R,NAA15
9580,CLINT1,GALT,PPP1R12C,MFN2,ENKUR,ENO1-AS1,ZNF326,TTC37
9581,EIF1AX,ENTHD2,EBLN2,GKAP1,DECR2,KIAA1211L,SFSWAP,CEP350
9582,SEMA4B,POLE3,PARVG,ETV2,MDS2,DNAJC25,AP000350.4,RP11-1008C21.1
9583,TMEM191C,NPC1,DPYD,RCC2,UBE2D4,PTRH1,MYL6,FASLG
9584,CSE1L,GMDS-AS1,C5orf24,MTCH2,SPATA5,P2RY6,SNHG9,ZNF583
9585,AC115618.1,RP11-661A12.7,LRRC28,NUDT12,IKZF5,DHFRL1,IL7R,UBE2Q1
9586,AL139099.1,CMTR1,RICTOR,MFSD4,RP11-672L10.6,PANX1,MTR,CYP20A1
9587,PAQR3,ENKUR,GAPVD1,NDUFA8,NBPF3,CTD-2020K17.1,ABCC1,PPME1
9588,TIMM17B,RP11-513I15.6,B4GALT6,TUBGCP6,PLSCR1,C1orf53,SC5D,RPAP3
9589,BAALC,PTPRN2,ST14,C21orf49,AURKC,SLC16A6,CKLF,TMEM42
9590,PFDN4,PSME4,CAHM,VEZT,NKRF,MEF2BNB,ST7,ECD
9591,MAFB,C15orf41,SEC23IP,USP47,TPTEP1,CLASP2,RP11-325F22.2,SP3
9592,DERL3,TTN,WBP5,C5orf24,TMED1,CEMP1,CCR10,NDRG1
9593,FBXW4,CEP85,MAFK,ICOSLG,MRRF,MMP11,LSR,LIN54
9594,DMAP1,RALGPS2,HDAC8,PVRL2,RP11-712B9.2,SH2D2A,FBXO44,TM9SF1
9595,CENPM,CAPS,EPB41L3,PLXND1,JDP2,RFC3,CEACAM21,DHRS7B
9596,ARIH2,PBX4,C1orf85,NRAS,FAM24B,PINLYP,INO80D,CDCA5
9597,COL4A3BP,CEP68,C3AR1,LAYN,STARD5,PRMT7,FOXK2,VTI1A
9598,TET1,SECISBP2,AC027307.3,MID2,GCNT2,RBMS2,PRKAG2,SMN1
9599,GAN,RP1-159A19.4,EXOSC6,RC3H1,PDE3B,SERGEF,GGA3,NXT2
9600,TIPARP-AS1,NPDC1,ZNF264,PDCD2L,ZNF230,C5orf55,SMIM8,B3GALT4
9601,TAOK1,U2AF1L4,CRYM,SPIRE2,ARHGAP11B,FKBP15,CEP104,OSBPL3
9602,ZNF644,RP5-1028K7.2,HARS2,MPV17L2,CFH,RP11-178C3.2,MCTP2,GLS
9603,ARRDC5,AC104532.4,NKD1,IFNL1,AVEN,FCGR2B,HAAO,FAM210B
9604,ZNF330,TBC1D8,CPNE2,BAG4,PLD6,ZNF583,NXT2,MATR3
9605,UBAC1,AC084018.1,C20orf96,DOCK3,RP11-861A13.4,SESN1,EOMES,KIF5B
9606,INTS2,THOP1,IDE,WDTC1,EFEMP2,LMO7,BTRC,BLM
9607,SNX25,MPND,CARD9,RP5-1112D6.4,AKAP1,STRN3,NDUFAF5,NTPCR
9608,FAM133B,SPEN,OSBPL2,IER5,DUSP14,HAAO,TMED7,TRIM56
9609,CTA-445C9.15,ZBTB17,STX17,OSBPL5,CRY2,CAMKK1,NBPF20,FKRP
9610,ZNF773,EXTL2,LAMP3,RAB6A,C9orf41,MAFF,GLT8D1,SETD7
9611,TREM1,USP31,NACC2,NDUFAF1,RP11-23P13.7,AP1B1,CHST15,CCDC88B
9612,FRMD4B,ANKRD9,SIGLEC5,SCRN3,KLF16,SNRK,EHMT1,HMGN5
9613,PPP1R13B,DCLRE1C,PSRC1,SETDB2,MIER1,ZBTB11,C11orf21,SPTLC1
9614,KLF8,GPR20,RNASE2,BCL7C,GSTM1,LINC01094,RALGPS1,SENP1
9615,AKAP1,FASTKD2,CTSK,NEDD1,ZNF518B,RP11-589C21.5,TTLL1,SCML4
9616,COL6A2,LDLRAD3,HIVEP2,RP11-420G6.4,SMC1A,MRPS23,PARP2,RP11-81H14.2
9617,ZNF814,RPL39L,PAXBP1,VOPP1,CYHR1,NAIP,DHTKD1,ACAP3
9618,ELOVL6,BCS1L,LDOC1,ELL2,CPNE7,RFT1,TNFRSF10A,TRAM2
9619,SLC5A2,CLIC2,HYAL2,SCYL1,CATSPERG,RNASE1,LINC00672,ZNF346
9620,TTC30A,ANAPC4,NFKBIZ,PQLC3,POGZ,GTPBP4,ULK3,E2F1
9621,FAM161B,KLRD1,SWI5,RNF44,OGFRL1,ZNF677,RBM3,SGTA
9622,ZER1,ELK1,HOXA9,PPM1B,CTD-2006K23.1,KIAA1524,HINFP,INO80C
9623,AC022498.1,ERI1,RP11-173M1.8,NRGN,SNX25,MSRB2,HIRIP3,CTNND1
9624,AC062017.1,PER2,OAF,HOXB-AS1,FBXL15,REPS2,STAB1,CARD9
9625,DNAJC13,SFXN2,SRP14-AS1,ZNF124,SLC25A23,EXD2,ZNF468,TOP2B
9626,DIS3L2,CDC26,PICK1,NVL,ZBTB20-AS1,VPS13C,TSC2,FCGR1A
9627,RP11-110G21.1,RP13-753N3.1,SYNE1,ZC3H10,CD46,TIMP2,AP001258.4,ARSA
9628,ZNF440,SPECC1,PIGS,TBCCD1,FAM32A,C14orf93,LCORL,CCDC130
9629,ALAD,CXCL3,SLC25A36,KIAA0430,AC024592.12,C2orf68,NOC3L,PARP2
9630,ALDH18A1,hsa-mir-8072,TRAPPC6A,ZNF611,FRAT1,RP11-649E7.5,ST6GALNAC6,NAA16
9631,PMM2,METTL4,HSPA1B,ELP6,ATP10A,AC011899.9,ATP10D,TMEM170A
9632,CASK,DHX38,RASA3,ETV5,CPOX,ACAD11,KIAA1407,HIAT1
9633,HADH,SMEK1,TMEM176A,C2CD3,RIMS3,FANCI,NGRN,AP1S1
9634,RP11-403A21.1,AC006129.4,RNF25,MOSPD2,DLG3,C21orf49,ATP1B1,TOR1AIP2
9635,ITGA10,RP11-385D13.3,RP11-402D21.2,CCDC92,RNF41,CCAR2,HIST1H2BJ,CEP55
9636,MPEG1,HEXDC,RAVER1,ANKRD10,KIAA1407,LINC01136,NCOA5,HOMEZ
9637,PIKFYVE,PCED1B,NHSL2,C19orf35,WDR13,BRWD3,RP11-427H3.3,GSS
9638,TMEM40,ATP6V0C,DOCK9,ALKBH8,FRMPD3,USP42,UBBP4,BAZ2B
9639,GUCA1B,ATG9B,AIFM2,NT5M,NPM2,ANKRA2,ZC3H4,ZNF184
9640,UTP20,FOXO4,PDCD2,APOOL,SUDS3,RP11-361D15.2,BRWD3,IFI27
9641,NANP,DOCK3,TFB1M,TRAF3IP3,CCSER2,TMEM51,APOL6,SMEK1
9642,ICAM1,KCNQ1,GUCY1B3,RP11-433J8.1,POC1A,TSSC1,COG8,FMO5
9643,TGIF2,HERC5,CXCR5,CTC-534A2.2,RP11-258F1.1,RP11-166B2.8,ZDHHC18,EIF2S3
9644,RPS6KA3,HSD17B8,TMEM62,POU5F2,ZCCHC17,BBS7,C6orf203,CBX1
9645,TNFRSF13B,FUCA1,TTC39B,RP11-973H7.1,CD47,NBPF14,PRICKLE4,POLA2
9646,LINC00847,MORN2,ZNF638,LATS2,CKAP4,MNAT1,PLCXD1,PARP8
9647,MED12,RP11-354P11.3,RP11-545I5.3,ERCC5,USP53,HEMGN,RP11-403I13.8,DHRS1
9648,VBP1,GSN,PDHX,TTC19,PTCHD3P1,SEC24C,MAF,PXN-AS1
9649,VAC14,PGAM5,HSF4,C19orf83,PHF2,ITGA5,LGALS8,PHC3
9650,LHPP,TMCO6,DENND4C,CETN3,SUSD3,PCNXL4,C12orf79,ACSS1
9651,AACS,CD1E,MXD4,CENPQ,ZNF571,CLUAP1,PEMT,VKORC1L1
9652,FER,ALMS1,DENND6A,ZNF24,LARP1,GRAMD1B,PHLDA1,JADE1
9653,KIAA0930,B4GALT1,KHK,TOP3A,DTD2,ZNF148,RP11-936I5.1,CASC3
9654,PEX13,TNFAIP1,CEP250,SESN3,ZNF181,TBC1D9,KIF20B,KIAA1033
9655,RPL24,LSM14A,BOD1L1,N6AMT1,ACOT9,PTDSS2,SF3A1,C6orf47
9656,USP32,ZNF426,FAM171A1,NBPF14,STRN4,TCEANC,SLC35B2,UBAP2
9657,VPS18,UBE3D,PGAP1,KIF11,MIEF1,DHRS7B,RNGTT,ADAM10
9658,SLC2A8,CLIP4,ZNF562,ITM2C,FHL3,CCHCR1,RP11-849H4.2,CSTA
9659,RGS14,MRVI1-AS1,ZNF605,AC010226.4,ZEB2-AS1,CTD-2547L16.1,LDB1,LINC00662
9660,SNAPC4,TMEM62,ZFAND4,HSCB,AGPAT1,KIAA0247,DENND4C,R3HCC1
9661,PARL,FAM46A,MARCKS,FPR1,EMR2,TCEAL3,RP11-15A1.3,MKLN1
9662,DPM3,RP11-499P20.2,BRD8,LMF1,LRRC7,MDC1,SAMD1,C1orf54
9663,TTC13,RP11-817O13.8,LYRM9,MCCC1,ZDHHC1,PPP1R12B,SLC35A4,ZFPL1
9664,LRRC47,METTL2A,GGA3,TMEM214,TRIM24,HIST1H2BK,ZFYVE20,SERPINI1
9665,LINC00909,LAIR2,NIT1,PIBF1,XRCC3,NETO2,CXCR5,SEPT11
9666,STRADB,AKAP1,BRAP,HECTD3,RP6-99M1.2,C5orf22,PRPF19,MED19
9667,USP46-AS1,TNK2,SLC24A4,TMEM254,NCOA5,HCFC2,SP1,PLEKHJ1
9668,GTF2B,UBE4B,CCDC14,ARL10,MPLKIP,FAM3A,DPY19L1,MFAP1
9669,VPS8,SIK1,PHYH,TREX1,KIF21A,UBA6,DDX60,DUSP28
9670,PHF21A,METTL17,PIAS2,VAMP1,HSBP1,ANKRD40,LETM1,KIAA1279
9671,NDUFAF7,KRT18,HEMK1,KIAA1143,CCDC41,RPS6KA2,DNAJC10,SHQ1
9672,SART3,CEP70,NCLN,LBH,CRIPAK,C10orf91,HERC2,PIK3R1
9673,ZNF570,FPGT,ARHGAP26,TAF1A,CBX6,ST3GAL3,TBC1D15,ATAD3B
9674,GOLGA8B,PELI3,HOMER2,CAAP1,ALKBH2,RP5-935K16.1,ZNF143,PHKA2
9675,TPP1,WWP1,RNFT1,ZNF37A,UCP3,NAF1,PARL,APOBEC3D
9676,AREG,RP11-78A19.3,SGTB,RFC3,NSUN4,RP3-399L15.3,C17orf58,ZBTB20
9677,AC195454.1,CENPE,GAS2L1,FRY-AS1,ARID1B,USP28,FAM149B1,TMEM69
9678,TSGA10,RCOR3,AC008964.1,KIF27,FXYD2,SPAG4,BDH2,MESDC1
9679,REEP6,POLDIP2,PZP,PLAGL2,MEF2BNB-MEF2B,PDE1B,C11orf68,TMED7
9680,PLAA,VAMP1,KDM2A,PTS,PI4KB,RCOR1,ZNF142,DDX60
9681,QSOX2,RAD1,MLST8,FAM201A,MPG,CLEC4C,RAB5A,ZNF76
9682,ANKAR,KIAA2013,TMEM180,PTCRA,RITA1,CYB5R2,KIAA1328,PEX1
9683,S1PR4,IFT57,KSR1,NSMCE2,KRR1,SDS,PIGG,RSRC1
9684,FSTL1,HTR3A,FGFR1,PELI3,SSX2IP,POC1A,NIPSNAP1,RHBDD2
9685,SLC39A9,SLC4A7,ERBB2IP,ARHGAP24,YKT6,CROCC,APOBEC3D,RAD51C
9686,HIST1H2BG,SPATS2L,LINC00847,ARFGEF2,AC074183.4,RP11-46C24.7,TYK2,RASSF2
9687,LIMK2,MICALL1,ARHGAP10,TMEM39A,MRPS25,PLEKHA1,R3HCC1L,SPEN
9688,FAM173B,RP11-640M9.1,NCKAP5L,CAMSAP1,C6orf229,ARHGEF9,GABPB1,NOMO1
9689,TNK1,ARL1,PPP1R21,RP11-327P2.5,OSCAR,SLC8B1,GNPDA2,ZNF326
9690,SLC35B2,PYROXD2,C6orf25,LINC01024,NUP133,TRNP1,ZNF786,MNAT1
9691,COL19A1,FADD,MTL5,DECR2,ZC2HC1A,TNFRSF10D,ARPP19,CD40
9692,IARS2,ARRDC3,EXOSC2,SEC14L1,FLI1,EFCAB11,MIS18A,RAB21
9693,DPY19L3,SYNGR2,FAM84B,LMAN2L,SLC7A1,BAP1,RP5-1136G13.2,RLN2
9694,HMGA1,NPHP4,E2F3,DNAJC1,PRKCDBP,STK3,GGT1,ZNF92
9695,ATXN7L3,LONRF1,ZNF780A,HIST1H2BJ,EGFL7,UBR1,RP11-473M20.7,TTC13
9696,ZNF385A,LAPTM4A,RP11-141B14.1,TWSG1,MARCH3,AC144652.1,PREP,MLYCD
9697,PLXDC1,ZC3H15,PPP2R2B,L3MBTL2,UNKL,BATF2,CDKAL1,GEMIN4
9698,PDCD2L,TSPAN13,HESX1,KIF9,RP13-188A5.1,ZNF395,AC017002.1,PHRF1
9699,WDFY2,CLN6,FAM111B,FRY,RP11-154J22.1,STARD4,PFKFB3,NUPL2
9700,RP11-661A12.14,SIRT6,XXcos-LUCA11.4,RABEPK,NME6,TMUB1,LIPT2,LMBR1L
9701,WAC,TMEM5,EFR3A,GTF2H4,TNRC6A,ST3GAL4,RP11-862L9.3,OAT
9702,RP11-112J3.16,AKT3,NECAP2,PSTPIP2,CTTN,ATP8B1,BDP1,RP11-104L21.3
9703,CLPTM1L,MAP1A,MDM1,RP11-332H14.2,USP49,PCYOX1L,TNRC6C,MTMR1
9704,FAM73B,ZNF414,PXMP4,ZNF248,FCHO1,GALNT7,POMT1,HAVCR2
9705,CDK11B,ZDHHC9,TMEM185A,LAMTOR5,XPO7,ZNF548,ADHFE1,AGA
9706,EXTL3,ATL2,ARHGAP21,NAGLU,DNAH1,KIF13A,SEC63,RNASEH1
9707,OTUD1,KBTBD8,ITGA1,RP11-713M15.2,BARD1,ZNF33B,MRPL45,SNX1
9708,TIMM44,LCNL1,DCP1A,MFSD6,ATP6AP1L,DOCK5,IFNLR1,TMEM138
9709,LINC01119,PYROXD1,WDR3,SESTD1,TRAPPC9,AIFM1,PTAFR,CBFB
9710,RPL12,RP11-755B10.4,TM7SF2,UBE2N,BTBD9,LRIG2,GLTSCR1L,IQSEC1
9711,CD14,HPS1,SLC31A1,HERC4,RP11-498P14.5,HINT2,PDE3B,CASP10
9712,SLC35E4,TANK,KIR3DL2,INTS6,ITGB3BP,FBXL19,TSC22D3,AAGAB
9713,MTMR8,PPP1R3E,UCHL5,KIF5C,FAM221A,FAM131A,TNPO1,SECTM1
9714,C10orf76,BTBD7,GTPBP8,INPP1,CNNM3,ARHGEF37,TBC1D4,RANBP6
9715,RP11-261C10.3,CRTC3,LINC00116,OTUD4,RP11-798M19.6,ZNF737,CTC-523E23.11,TRIM47
9716,KDM5B,INTS6,CRTC2,XPR1,CRYM,COMMD1,UCHL5,TSPAN3
9717,DAPK3,GATA3,TRAF3IP1,COMTD1,CIB2,EOGT,ARL5B,LZIC
9718,NDUFAF2,RP11-403A21.2,ARHGAP35,ANKRD13C,LYSMD3,HIPK2,DUSP11,C1orf228
9719,THUMPD2,RP11-146F11.1,TP53I3,HSD17B4,KIAA1731,NFXL1,OSTM1,TXNRD2
9720,ZNF212,AC144652.1,MAP2K5,PTPLA,STK25,USP45,CEP44,CDC37L1
9721,C9orf40,ZNF511,DTD2,C3orf14,RP11-386G11.10,LZTR1,PLEKHA1,SLC7A6
9722,NAT6,C1RL-AS1,EFCAB4B,CNOT11,APOL1,FNIP1,SLC4A1AP,TOMM5
9723,TRPM7,LY6G6F,OSBP,ZNF781,CLUH,ZMAT1,G2E3,NFAT5
9724,CCL3L3,NEO1,SLC35A1,TRMT44,CCL20,YARS2,SFXN2,ZBTB25
9725,RP11-483I13.5,GFRA2,RP11-849H4.2,RAB21,MAFB,BET1L,IFT74,RSBN1L-AS1
9726,RP11-536C5.7,RP11-672L10.6,SLC25A35,CTB-31O20.2,MPP5,CC2D1A,RP11-102N12.3,TYK2
9727,CXorf38,FRMD3,SAV1,STK33,FAM98A,ICOSLG,SIGMAR1,RP11-752G15.6
9728,POLR2I,AMIGO2,NDC1,MAP3K5,VPS54,PNO1,ITGA6,SPATA13
9729,LAP3,CCNE1,GFER,APOM,AC011893.3,RAI1,LSM2,PITPNA
9730,METTL13,CTA-250D10.23,MTAP,RGAG4,HNRNPL,CCNYL1,GALNT6,TMEM97
9731,SLK,RTN4IP1,CCDC64,RPRD1B,GFM2,HSDL1,TAMM41,CCPG1
9732,ADSSL1,ATF4,ENG,MAPK8,PRMT3,HIST1H4E,PCED1A,SIDT1-AS1
9733,PCAT1,PRDX3,DDX23,ZNF714,CHAF1A,PPCS,ADCK3,GBP3
9734,LARS2,ELAC1,ATM,RP11-347P5.1,TMEM9B-AS1,ADAT3,MBNL3,PRSS57
9735,TTLL1,BCL7C,RP11-1191J2.5,BLNK,ASRGL1,ZNF584,CDHR3,PRKAB2
9736,CHAF1A,ZNF678,RP5-882C2.2,KLHL21,DDX60L,MYO10,CCDC61,TMEM216
9737,OGFOD3,CENPK,LINC00863,DIAPH2,HELB,BDH2,AKR1B1,OSBPL7
9738,NDST2,CDCA5,TAF1,JAK2,RBP7,ZNF91,FAM160A2,PRR12
9739,TSC22D1,RBM15,GATA2,CRELD1,HAUS7,ACAP3,UTP23,TBC1D2B
9740,ZNF292,SLC22A18,RHBDD2,AGMAT,CISD2,ORC1,ABHD17B,TMIGD2
9741,CCDC18,ZNF638,RP11-617D20.1,CD247,HESX1,MTMR6,IFI27L1,CEP44
9742,NTMT1,PHLDA1,ACTL6A,CHST7,GSR,GK,IL7,PTCD3
9743,SFI1,PRICKLE3,MAP3K5,GIT1,LZTR1,CSGALNACT1,CD93,RHOBTB2
9744,LYL1,DTX1,MXI1,IFI27L2,ANO6,TRAPPC10,BNIP3,SNX16
9745,SPATA20,ADSSL1,CD226,SLC35D1,CDCA7,POLDIP3,CEACAM3,POMGNT1
9746,RAB18,MRFAP1L1,ALDH3B1,RP11-119B16.2,PTPRO,AGBL5,EPHX2,DCAF15
9747,CKAP2,PIGB,ZKSCAN8,LINC00672,RP11-656D10.3,SGSM3,FBXL20,PLCB2
9748,CROT,TMEM38B,LINC00987,AP2A2,CMTM8,AC015922.6,MCTP1,GDAP1
9749,SLC30A4,CNOT10,MACROD1,TTC21B,TJP3,MAPRE1,ZNF136,ZNF254
9750,MMS22L,WDR33,C6orf136,BIN3,KCTD13,PDE6D,RPS13,RCE1
9751,CARD11,LXN,MUM1,CAMKMT,PIDD,SPTY2D1,GPI,LRPPRC
9752,TREX1,MAK16,GATC,KRT1,TBC1D23,CASP3,POLRMT,SPIB
9753,DMD,FAF2,PHF1,PLEKHO1,TBC1D22A,CD72,ARHGAP10,RARS2
9754,AAR2,NUDT18,PROC,NAPB,MSRB2,PSRC1,ZNF17,FHIT
9755,DOT1L,WDR89,DAB2,APMAP,PGAP2,DNAJA1,RBM43,CSTF2T
9756,FKBP9,BPTF,F11R,TMBIM4-1,GIN1,SPOPL,PIGN,CLIP4
9757,LCK,AP5M1,LRR1,IMPA2,AMBRA1,KIAA1598,XPNPEP3,WIPF2
9758,GAB2,APP,POLR2D,ZDHHC20,TRIM47,HMGCR,LRRC45,HGSNAT
9759,GRAMD4,BROX,DHX35,MCM2,STX18-AS1,TSPAN2,FURIN,ABCD3
9760,NUP160,PEX5,SLC35A3,RAPGEF1,CENPT,CCL2,DPM3,CXCR6
9761,RP11-326C3.2,ALPK1,KCTD10,CDKAL1,SLC25A37,HEMK1,SERTAD2,TP53INP2
9762,DTNB,TNRC18,VMO1,CD180,STRBP,MAN2C1,LINC00426,COL6A2
9763,FGD3,UBE2K,ACOX1,RP11-693J15.5,TTC7A,INPP5A,SRBD1,CAMK2G
9764,RP11-488C13.5,RP11-18H21.1,WAPAL,TOX2,TNFRSF1B,RACGAP1,STX17,NUDT8
9765,RP11-103G8.2,DPM3,WSB2,KIAA1586,GANAB,CALR,TRMT5,FBXL3
9766,RP11-104L21.3,HIPK2,MAFB,B4GALT5,RP11-343N15.5,FNTB,EFR3A,VRK2
9767,KSR1,LEMD3,NAT6,TUBB1,H1F0,GPAA1,RBM26-AS1,ZCCHC11
9768,RHPN1,ARF1,SECISBP2L,GPATCH8,TIFAB,SMIM10,RP11-326I11.3,FOXK1
9769,FAHD2A,SP3,SRP54,TMEM106A,STAT5A,SKIL,NVL,TGIF1
9770,PARD6A,USP12,ZBED5,RP11-325F22.2,RP5-821D11.7,MLTK,IPO8,AGPAT6
9771,SYT17,AC104809.3,FAM134C,SUCO,MT-ND6,CHPF2,TRAF3,MSMO1
9772,POM121,RNF130,ARSG,DCAF7,RP11-290D2.6,SERAC1,RAE1,IL21R
9773,RPP21,ZNF485,G6PC3,KLF3,SLC16A13,KBTBD4,EIF2B2,MTPAP
9774,NHLRC4,CDAN1,RASGEF1A,LINC00309,MEST,RP11-635N19.1,SCYL2,KLHL2
9775,R3HDM1,DUSP5,CDKN1A,ALDH1B1,LCOR,TEFM,ZBTB16,RRBP1
9776,MON1B,NSDHL,ZZEF1,METTL10,LRBA,TCL1A,SCO1,SEC23IP
9777,RP11-4F5.2,MAVS,MLH3,GPR55,NFXL1,ARL17B,PTS,OGG1
9778,RPP40,CDK5RAP2,RP11-598F7.3,POFUT1,CTB-133G6.1,HIST2H2AC,ZKSCAN4,AHSA1
9779,PNPLA8,MFN2,FASTKD1,PPM1D,RLTPR,TANGO6,MUL1,EIF2B3
9780,TCF19,CFL2,CDC42EP4,ATP1A3,CKB,HEATR6,PNRC2-1,POGK
9781,GTF2I,APOLD1,ZMPSTE24,NMUR1,TMEM176A,HEG1,THADA,HAUS6
9782,CNR2,RNASE1,BEX5,LENG8-AS1,AFF3,LENG9,FGL2,RETN
9783,MFAP3,PRDM2,AGAP3,ALYREF,TSPAN33,TBC1D10B,SOCS4,ZNF451
9784,VPS26A,RP11-69E11.4,PAM,RP11-522I20.3,FAM98C,URGCP,PRSS23,PYROXD1
9785,ZBTB21,NFIX,ZGLP1,NEIL1,LPIN1,DENND5A,VPS25,PARVG
9786,PARP8,TRIM16L,FNDC3B,PDE9A,PPARD,SLU7,MFSD9,MORC3
9787,PFKM,AC002467.7,FAM195B,MIR4458HG,KCNE3,PCSK6,RP11-313P13.5,RCBTB2
9788,SRFBP1,ATXN7L3,NDUFAF5,RP11-496I9.1,METTL25,AL441883.1,CYB561,MTX2
9789,EIF4A3,MTPAP,NOL12,RHOD,FBXL8,FAM173B,AP5M1,KIF21A
9790,HS1BP3,TBC1D14,USP37,MASTL,SYNJ1,EXOC5,AP1S1,YARS
9791,RP11-305L7.1,LRRC59,YTHDF1,EIF1AX,RHOBTB2,RAB35,BCL2L1,HMGCL
9792,NFAM1,DIP2A,PPP2R1B,ARHGAP11B,CDC14A,PRR3,METTL22,MSH3
9793,COPZ1,USP21,RP11-244H3.4,C4orf29,ADAMTS6,S100P,CCDC65,HLA-DOB
9794,MAGI3,GOLGA1,ATG9A,FBXL18,KIAA0430,PRDX3,RP11-158M2.3,CYSTM1
9795,C7orf26,POMGNT2,SIGLEC14,TRIM65,RP11-1000B6.3,STAM2,PIBF1,NME7
9796,KLHL17,LEPR,ITPK1,TSR3,RBBP9,RP11-349A22.5,MEX3B,EPHX2
9797,NOS3,HEXA,POLR1C,TREML2,MAFG,ZNF782,RP11-25K19.1,FAM213B
9798,FBXW7,ITPRIPL2,PPP4C,RP11-1017G21.5,CCNE2,DIP2B,RP11-16E12.2,SLC25A22
9799,SLC25A15,LRRC47,KTI12,SDF4,PLBD2,DGAT1,SGOL2,AC027763.2
9800,MAPK7,CLIC3,DAP,GTF2IRD2B,GAN,CPSF7,TIAM2,MAP3K3
9801,LEPREL4,AMBRA1,RUVBL2,ZNF789,BCR,DNAJC13,SLFN13,C16orf74
9802,MAP3K4,CAD,GTF2I,ZHX1,ORAI2,HDAC2,TMCC1-AS1,ATP6V0A2
9803,PPP2R5E,C12orf23,RP11-820I16.4,CCZ1B,COL18A1,HAUS7,KIAA0232,EDARADD
9804,ZNF2,PTPRO,ASCC2,MRPL38,CUEDC1,NOC2L,REC8,GNG7
9805,LPP-AS2,GLUL,RP11-297N6.4,SNX12,SPOCD1,LTBP3,HIST1H4E,MTM1
9806,GTF3C5,BPGM,SLC35F5,LINC00886,VTI1A,HARS,SCML1,ASF1B
9807,M6PR,PSMD5,CAMSAP1,COG7,SLC51A,CDK5RAP1,SLC39A10,UTY
9808,PTK2,KDM4C,CALU,RGL2,PSMD1,AC091729.9,ZNF510,GALNT11
9809,MED23,LIX1L,NAPG,CTSL,HTR3A,CRYZL1,HLCS,ERI1
9810,SYPL1,DHX58,NOP56,TRIM52,PCNT,CYBRD1,FAM115A,MAGED1
9811,KIAA0754,FGGY,ZNF268,RP5-886K2.3,PAQR4,SESN2,FA2H,ANKMY2
9812,ZNF785,TRIM26,MAD2L1,USP30,LILRA5,AP000769.7,RRN3,STK40
9813,STAP1,TRAT1,GHDC,SPI1,PRCP,ATF5,RP11-63P12.6,C17orf85
9814,RASGEF1A,SH3BP5,DNAJB12,GRAMD3,NFKBID,NFU1,LINC00877,SDAD1
9815,ALG1,TMEM70,IRAK3,RP11-10L12.4,DHCR24,TRAF3IP2-AS1,CCDC153,WDR60
9816,CFP,RP11-154J22.1,FBXL8,HLA-DQA2,ATP8B1,C16orf93,MARC1,ZNF512
9817,C9orf24,COPB2,UBAC1,LINC00852,LRRC23,BCL2,POLE2,SURF4
9818,RCL1,GZMH,PHPT1,ZDHHC2,ANXA4,ZCCHC17,ZCCHC8,ZNF292
9819,AP006621.5,ANAPC10,VSIG1,TNFRSF17,MRI1,SCAF1,FAM21C,STX18
9820,PZP,FASTKD1,PPFIBP2,SMIM20,IL15RA,SH3GLB2,TCTA,XXbac-BPG252P9.9
9821,NOP14-AS1,FHL1,GPR150,TXNL1,ZNF689,CYSLTR1,VSIG10L,ZNF131
9822,CUL7,NCAPD3,CCNB1IP1,PSMG1,C19orf55,COL18A1,SSSCA1-AS1,COG8
9823,GBP5,GSTM1,AL592284.1,INPP5K,RECK,CAMKMT,ZMIZ1,ASPSCR1
9824,CBFA2T2,LTC4S,RFX3,WDR36,RP11-973H7.4,DNAL4,KCTD20,KCNK12
9825,SNRNP70,SENP1,LRRC29,ACADM,APBB3,FAH,ETFDH,ALG2
9826,AP4M1,PCDH9,SUPT5H,PAF1,MFSD9,BLOC1S5,GSK3A,ALYREF
9827,ATAD2,MTHFD2L,CXorf23,ZNF700,CD6,RP11-572O17.1,DKFZP434E1119,HIST1H1D
9828,ZNF799,NF2,GCDH,AFMID,SCT,CHAC2,FAM160B2,SUPV3L1
9829,C19orf12,CD226,PGAP3,ABCD1,ZNF649,TFAM,IQCB1,DNAJC11
9830,KIAA0825,C6orf203,KMT2B,PRICKLE4,PNKD,ZC3H7B,RP11-428J1.5,NADK
9831,ELMO3,CRCP,MDS2,ABHD4,TMEM260,FMO5,LYPD3,NXPE3
9832,SPATA2,UBL5,SARS2,ZNF808,P4HB,TBPL1,S1PR3,PLEKHA3
9833,RYBP,HIST1H2BJ,PLEKHO2,PLCXD1,APIP,RP11-395A13.2,ELF1,NAPA-AS1
9834,RPP38,AIDA,ZUFSP,LRRC56,TPPP3,GOLPH3L,UBE2G2,GALM
9835,RHBDF2,SPATA6,MDK,APOBR,CXorf23,RER1,PABPC3,ZNF90
9836,KLHL7,BZW1,CCDC106,ZNF837,ATAD3B,ZNF200,GGACT,AHR
9837,DNAJB6,TRIM21,DENND5A,KIAA1429,MORF4L1,KIAA0125,PSMG3-AS1,ENDOG
9838,AP003419.16,ZNF346,C4orf29,DZANK1,NDUFB9,DPYD,RP11-138A9.1,CBL
9839,CCL20,C11orf74,RMND5B,KLHL20,PHF13,CRIP2,RP11-154H23.3,DNAJA3
9840,ASF1B,TTC27,ACO2,DRAM1,ATF5,ZFP64,C4orf32,RNF219
9841,NEDD4L,PPM1A,WDR20,HYPK,KLRC4,C20orf112,ZNF487,OCRL
9842,RHOQ,DHRS13,D2HGDH,DAB2,RNF24,AC113189.5,RCAN1,SMG1
9843,SLC16A11,YIPF2,TMEM143,METTL7A,FBLN5,PDPR,PPP2R2D,PHF23
9844,MFSD2B,SCNM1,PFDN4,AKAP11,GCNT1,EPHA1-AS1,AVL9,DFFA
9845,FGD4,SQLE,UBR1,DYM,GCAT,RNF2,RBM48,HAPLN3
9846,ZDHHC13,SPAG9,CDC23,APOL6,MCCC2,SEL1L,FAM162A,CEBPZ
9847,DNAJC16,TERF2,FAM153B,ZNF91,TARBP1,OCIAD2,HIST1H1D,METTL22
9848,QARS,RP11-221J22.2,MKL2,DNTTIP1,SRGAP3,IMMP2L,RP11-73O6.3,SLC39A7
9849,ARHGAP26,SLC25A17,GAB2,CD302,ZNF551,SSH1,C3AR1,SPAG7
9850,TEP1,AC007246.3,ATP6AP1L,WAC,ARMCX5,MPHOSPH9,AHSA2,LRRC47
9851,VIPR1,ARHGAP19,FEM1A,KIAA0226,CORO1C,CTD-2192J16.22,CHSY1,ZNF385A
9852,PLCB2,HDDC3,PPFIA1,MRI1,ARHGAP24,SMARCD2,SHPRH,ZBTB14
9853,ZNF324,PMPCA,SEC24B,SNORD3B-2,SLC41A1,STX4,LEMD3,RIOK2
9854,MYC,RBM33,CCDC28B,IFT122,ICK,LTN1,MED17,SMARCC2
9855,NSUN2,RP11-1070N10.3,MIR4519,MCF2L,RASA2,PRKCI,SNRNP48,SETDB2
9856,SH2B3,NMRAL1,SEC23A,PIN1,LIN9,C9orf41,UBXN2B,WDR75
9857,RRM2,PAN2,KCTD17,NSMCE4A,MBOAT1,MYBBP1A,TMEM168,ARID1A
9858,HIST1H2AM,KIF23,ADCK1,ARSD,CCR5,NEMF,SLC2A1,LYSMD2
9859,DACT1,TAF2,NNT,MYEOV2,TMCC2,ERCC4,ZFX,ZNF75A
9860,ZNF3,FASTK,HHLA3,CROCCP2,LCN2,KRIT1,FCAR,CD22
9861,TRIM47,ALKBH8,CNOT10,C1orf159,FMN1,ZNF580,TPT1-AS1,FIG4
9862,PLIN2,DMTN,PIGP,RP11-138A9.2,RPTOR,LGALS12,GYLTL1B,MTR
9863,CENPV,TMEM150A,MVB12B,MAP3K3,PLEKHB1,TRPS1,FBXO28,GTF2F2
9864,IKZF2,PLEKHM2,QKI,LRWD1,TSEN2,RP3-395M20.12,HRAS,SCYL1
9865,MB21D2,MAGIX,SPATA5L1,SMAD4,NOL8,CLUH,RGMB,BUD31
9866,MACROD2,ZMYND8,PPM1F,AAMP,RFFL,ZNF236,ALKBH1,AKAP1
9867,SNX22,SCML4,PTAFR,ZNF41,TXNDC16,PIP4K2B,HEATR5A,STK25
9868,DIP2A,MMP24-AS1,LTBR,B3GALNT2,PWP2,TMEM160,KIAA1683,SMUG1
9869,NOP2,GPX7,KIAA0513,PDIA4,GABBR1,ACIN1,ANKRD32,ANKRD46
9870,WDR19,SNRPA,CD101,PARP3,OSGEPL1,RP11-522I20.3,RNF19B,RP11-395A13.2
9871,KCTD21,MED22,LOXL1-AS1,DYNLL2,IRS1,ASPH,MNT,TRIM44
9872,GNB4,RP11-215P8.3,SMIM13,PJA2,MTIF2,FANCD2,DNAJC11,ME2
9873,SMARCE1,LIMK1,PI16,PPP2CB,FBXL20,MRRF,KIAA2018,CCDC93
9874,RP9,MTERFD3,GEMIN8,TRIM32,FOLR3,CCDC88B,ZNF592,ZHX2
9875,ASGR1,DENND1B,JAK2,GM2A,ZNF185,CMAS,PPP2R1B,KMT2A
9876,GTF2IRD1,PGAP3,ULK2,HHEX,TMEM242,MMS19,ZDHHC1,NDC80
9877,CLOCK,ZNF836,MTRR,PRKAB1,RP1-244F24.1,GCLC,C9orf114,NOA1
9878,TRAF7,KXD1,RYR1,UPF1,ZNF264,HBS1L,GNG3,RNF38
9879,ASB6,MTFMT,RP11-412D9.4,RAB11FIP2,CDK11B,SPICE1,MTPAP,MTA1
9880,INO80D,IL23R,DPY19L1,LXN,RP3-402G11.25,ABL1,PCNX,TBX21
9881,RASSF4,BICD2,LFNG,TRIM66,AMPD2,TRAPPC11,C11orf30,C3orf58
9882,MALT1,FANCE,ASXL2,GNA15,CTC-366B18.2,ZC2HC1A,MIAT,CEP95
9883,FBXO45,METTL25,KDM1A,HOOK3,DTX2,PPRC1,CHD1L,PRKRIP1
9884,ZNF836,ARHGEF6,EXOC8,EME2,KIAA0513,STK17B,THAP7-AS1,SASS6
9885,TP53I11,FBXL12,RAP2B,PGLS,DAGLB,SNX29P2,TBC1D20,TMEM39A
9886,C15orf39,UGCG,RP11-553L6.5,SLC2A1-AS1,ZNF506,MPND,ANAPC2,COX15
9887,RP4-575N6.4,VPS11,AC025171.1,ADHFE1,MYO18A,BRAT1,AGBL5,PGAM5
9888,RP11-242D8.1,FCRLA,ZFYVE26,SLC9A3R2,RBM48,CD83,GTSE1,JPX
9889,MSH6,NPLOC4,SSH1,SETD1B,ING1,SMNDC1,KCTD11,MS4A7
9890,LEPRE1,KCTD6,GNAQ,AC011747.4,NXPE3,CPEB2,FAHD2B,COQ4
9891,TP53BP2,FAM43A,NACA2,ZNF181,CHAMP1,SLC36A4,GRAP,RAB3D
9892,MED20,CSRNP2,FOXK1,PUM1,ASNS,TXNDC17,BCDIN3D,RPUSD2
9893,MOV10,KIAA0753,PYGL,RAB3A,ABCF3,NAT6,SBF1,PCMTD2
9894,IKZF5,UBE2H,ASUN,BCL9L,ADAL,TSPAN13,AHCTF1,DLEU1
9895,RBP7,CEP41,SRF,SEPW1,ADCK5,VKORC1L1,MFSD5,ZNF259
9896,PCBP4,ZNF770,FHL3,GRAP,DEDD,TRAT1,INTS7,EIF2D
9897,RP11-452L6.5,ZCCHC3,CLEC11A,ZSWIM6,TAOK1,HEXIM1,ING2,SLC37A1
9898,C3orf33,LCN8,MEFV,EIF5AL1,WDHD1,SEC23A,AACS,ATAD1
9899,LMBR1,HIST1H2AG,COX11,DGKA,PURB,SIPA1,CFL2,SMAD3
9900,APOBEC3H,STAMBPL1,PBX4,MFSD5,ALCAM,ZNF784,RP1-187B23.1,IL15RA
9901,CAMTA2,EPG5,HBA1,THADA,SF3B1,AC120194.1,CTC-428G20.6,PNOC
9902,RAMP1,C6orf62,SAMD8,PKN1,SGSM2,EFNA4,FBXW2,ZNF101
9903,ZNF395,PTS,ZMYM5,RABL2A,SQLE,TIFA,TDRD7,SCRN2
9904,CAND1,ANKS1A,STAMBP,DTD2,ANKRD9,POLG2,IL21R,FBXW5
9905,RP11-87C12.2,RP3-462E2.5,TMEM205,PCBD2,WBSCR27,NSMAF,ZC3H18,ARID5B
9906,TFDP2,RP11-101E13.5,KCTD13,RCN3,GALC,CC2D1B,CTB-61M7.2,IVD
9907,ADNP2,ZNF75A,ZNF671,SDSL,ERI1,AEN,PRRT3,TRIM39
9908,SLC31A2,LEF1,ZNF250,SOX4,CRCP,SLC38A6,C9orf47,KIAA0040
9909,CATSPERG,C1orf112,C9orf64,RAB7A,GIT1,TAF12,TATDN1,AP000783.1
9910,EOGT,CEP192,SFXN4,GMPPA,ANKRD34A,NSUN4,ZNF318,NFIX
9911,ACLY,MED27,RP11-620J15.3,AP4M1,CDKL1,VSIG4,RP11-439L18.2,SMARCC1
9912,SPATA41,PPP1R11,KDM1B,RP11-106M3.3,RP11-347P5.1,ZNF696,CCL3L3,ULK3
9913,TRMT1,RAB39B,CCNL1,BTAF1,SYNC,RCN3,TMEM64,USP25
9914,GID4,TDRKH,MKKS,SLC35A1,HGD,RP11-876N24.4,HIST1H1E,RPS6KB1
9915,RNF185,COG2,SCYL2,PKM,FLVCR1-AS1,RPA1,PCSK6,RP11-158M2.3
9916,GNB1,ABHD17A,SCYL3,MORC2,ZNF585A,QSOX1,TRIP13,RP11-809O17.1
9917,DHRS7B,REEP3,RP1-244F24.1,C19orf43,PPIL4,GIT1,LINC00657,NOC3L
9918,MFSD1,CTAGE9,REST,EIF3J-AS1,CD1D,DENND6A,LINC00938,LAMTOR3
9919,PGPEP1,NAP1L5,AC093673.5,WDR89,DDI2,LACC1,FKRP,ENTHD2
9920,SPCS3,ZNF630,NADK2,U2AF1L4,RP11-867G23.8,FAM167A,RP1-100J12.1,FPR1
9921,FOXK1,OSBPL7,CDK8,RP11-63P12.6,SLC2A13,SLC8A1,ZNF675,TSSC1
9922,RP1-223E5.4,DDX59,PLEKHF1,BBIP1,NFE2,MSH2,C12orf10,PEX13
9923,SARNP,TRMT2B,CIB2,FAM89A,BCL6,TTLL3,FAM103A1,ZBTB10
9924,TTN-AS1,RP11-285F7.2,ABHD2,SMC5,LARP1B,PPAN,NUDT12,OGFOD3
9925,FAM222B,DTD2,RPS6KC1,KDELC1,EIF4B,MARCH1,CEP68,CXorf56
9926,RP11-473M20.9,NHEJ1,JMY,MST4,NUAK2,UBE2Q2,PHYH,ARRDC1
9927,MBD2,WDR11,KIF21A,RP11-467D6.1,RP11-463J10.3,NPHP1,PIP5K1A,REEP4
9928,PGM1,PNPLA4,ALKBH4,C11orf68,TMEM161B-AS1,RAD9A,CYSLTR1,RSF1
9929,NR2C1,FBXO3,PDIA4,ADAM17,RP11-305L7.1,MYO1C,MEF2A,ERCC4
9930,ABHD17B,PARP16,CD300LB,ENO3,WDR75,ZNF195,CENPF,LMNB2
9931,RP11-504P24.6,LRCH1,PGBD4,ENOX2,TTLL4,STAP1,ECD,CNTRL
9932,SARS2,APPL2,MPEG1,CDON,STK19,C3orf38,PRIMPOL,LTB4R
9933,TAF8,P4HTM,RP11-427H3.3,ADAT2,QTRTD1,CYFIP1,RAD51,CDK5
9934,SLC25A39,CD200R1,TMEM176B,SPATA5,RAPGEFL1,NKD1,PRR14L,SLC2A4RG
9935,PYGM,SLC14A1,VASH1,ZNF90,RRM2,SLAMF6,TMEM156,SLC29A1
9936,TARS2,LBX2-AS1,ERLEC1,NUP133,TAF6L,CTSO,CASP5,TATDN3
9937,TMEM63B,TTC32,C1orf216,RP11-732M18.3,KLHDC1,CNOT10,RHOQ,TMEM106B
9938,TOR1AIP2,WRN,TPGS1,NME6,TTI2,GS1-393G12.13,ZBTB43,PPP2R5E
9939,TRIM26,SEPT1,PCYT2,ISOC1,SGSH,IFT74,NEFH,ZNF263
9940,IL4R,ZNF581,TP53BP1,PIP4K2C,COX10,AMER1,RNF40,GPR56
9941,BCS1L,REV3L,MAN2C1,PLXDC2,DGKH,RP11-480D4.6,ADCY9,KBTBD8
9942,RCC1,CD69,AC023590.1,RP11-390E23.6,FAH,ZNHIT2,CCDC34,NUS1
9943,GRK4,ZNFX1,ANKRD36,CCR1,SIRT6,MTA1,BTBD7,CMSS1
9944,TPBG,CLP1,ASB2,NAB2,ZNHIT3,VAC14,EEPD1,LRRC41
9945,VAT1,SPTSSA,TCEAL3,HIP1,MTFMT,EPHB3,BBS2,RPLP2
9946,POLR2M,LINC00938,GNA13,SH3YL1,RP11-544A12.8,RABL3,CEP89,CBR4
9947,EML5,FBXO31,ANGEL1,UBE2E3,KDM2B,KLF5,ATP5L2,DHX9
9948,FCHO1,CACNA2D2,STOML2,PPP1R9B,AP3M1,LINC00115,DEPTOR,VPS8
9949,RP11-182L21.6,PREPL,SERPING1,GRIK4,STPG1,IL17RC,SNAP23,PHC1
9950,ATP9B,ADPRHL2,GTF3C1,DNM3,PEA15,RP11-803D5.4,EDARADD,EXOSC2
9951,FUT10,RFWD3,NARG2,NKIRAS2,NAP1L6,ZNF717,UBR5,HMGCS1
9952,SBK1,LRBA,IST1,HIST1H4K,EDARADD,ATP8B4,ACOT9,MCMBP
9953,NOTCH1,ERAL1,TRAFD1,DENND4B,SIN3B,STAU2,ZNF638,NMT1
9954,C10orf2,HES6,SMARCC2,POLD1,LPCAT4,TLR10,GMCL1,PPM1F
9955,HERC3,RP11-589C21.6,CXCR6,TRAF3IP1,LMTK2,NAA50,MANEA,DDX41
9956,ABCG2,MIEF1,EREG,PADI4,WWP1,EP300,CTD-2228K2.5,CCDC61
9957,RP11-115C21.2,HAUS8,CCDC88B,CENPV,ZHX1,MOCS3,CCDC151,TARS
9958,NAA15,SNRK,PRPF4,TATDN1,PDSS2,TTC8,NUAK2,SCAF1
9959,ZNF326,PDXK,TMEM199,RP11-127B20.3,HN1L,SARDH,NCLN,RAD51
9960,IPO13,BTLA,GABPB2,SSH1,SETD5,AKAP8,TEX30,OASL
9961,PKN1,GPN1,NIFK,CTU2,PUM1,TRIP12,PMPCA,BZW2
9962,RP11-66N24.3,MIER2,TRIM32,VTI1A,USP10,ATXN7L1,ARHGAP6,CASP8
9963,RBAK,GLA,AC023490.1,ZNF543,NMNAT1,RP11-390E23.6,TAF8,DCAKD
9964,D2HGDH,TJAP1,GALK1,HINFP,HIST1H4I,VPS4A,PPP2R5C,COPS7B
9965,SRRD,TOR1AIP2,ADAL,CHFR,RP5-1148A21.3,RP11-356I2.4,NMRAL1,C2orf43
9966,MTRF1L,LPP-AS2,CCP110,H1F0,ARNT,FKBP9,ZSCAN18,CHUK
9967,ZNF429,SNX21,ENTPD5,EIF3M,TBX19,SLC27A1,NOTCH1,ZNF567
9968,FCRL2,RUNDC1,ITGAM,TM6SF1,AP3M2,WDR62,JARID2-AS1,TRMT5
9969,GCAT,RNASE3,PCM1,ZWILCH,CETN3,RP5-940J5.9,ENTPD6,SMU1
9970,NUCKS1,WDR59,RPP30,AMY2B,TM9SF1,CDYL2,AC069363.1,YBEY
9971,ST8SIA4,RP11-296O14.3,ARFRP1,CLEC11A,RAB30-AS1,PAPOLA,ZNHIT6,GTF3C5
9972,C11orf35,RP11-134P9.3,TMEM229B,PAM16,PPAN,CLPX,GPAA1,HRSP12
9973,AC062029.1,RASA2,MECP2,FUT4,CDCA4,CTNS,MUS81,SETD5-AS1
9974,CXorf21,C20orf196,MYO9B,RP11-334C17.5,EPHB2,RGAG4,GGPS1,TIPRL
9975,TRIM16L,PPP1R37,RP11-103G8.2,FAM21C,SAMHD1,STMN1,NT5E,ACOT7
9976,ZDHHC9,ZBED5,RAB3D,NIP7,TNFAIP1,PNN,CDK5RAP3,PCGF1
9977,HEATR2,SCAMP3,ATMIN,RP11-97C16.1,PHRF1,NR4A3,SMIM4,ZFC3H1
9978,C8orf82,CD3EAP,LILRA1,NAA16,RP11-403I13.4,SNX4,NCAPH2,SNHG8
9979,POLR2G,ST3GAL2,MTFR1L,C2orf42,ARL11,ABCG2,PSMD11,HMBOX1
9980,TTI2,RP11-634H22.1,SLC37A1,SLC7A7,MTRR,RP11-342M1.3,PTAR1,AC002467.7
9981,TTLL4,CHTOP,CPEB4,RP11-644F5.11,TUBB2A,PIP5K1C,MPV17,CUL9
9982,PYGB,GNPDA2,PCNP,CD320,ARID3A,CCDC127,INSIG1,ZNF683
9983,RHOU,VAV2,LEPREL4,MFSD12,CBFA2T3,SHPRH,AURKB,TM7SF3
9984,CCDC130,ITGA5,BCR,PBLD,SLC4A8,H2AFY2,ADCY4,LIN52
9985,SEH1L,COG5,ZNF28,RNF165,TIMP2,RFWD2,ICOSLG,REL
9986,ERN1,ZFYVE26,PGRMC1,ZNF606,KCNG1,AGPAT5,TOR1AIP2,HPS4
9987,GTF2H5,RABL2A,C2orf47,RHOBTB3,ZNF780A,MPP5,CD58,ERCC3
9988,ZDHHC21,TBC1D7,IDI1,AC015987.2,USP20,FTSJ1,UIMC1,LRP1
9989,AMT,GAB2,ETV3,NF1,RP11-407N17.5,PRKCQ-AS1,RPS6KA5,DOLPP1
9990,ACAP2,FKRP,YPEL2,ARRDC4,TTC13,AC007036.6,RNF19A,ETF1
9991,RFX5,MRPS24,EFCAB2,KLHL42,FAM84B,MB21D1,PTRH1,C7orf55-LUC7L2
9992,TBC1D12,FH,PPP4R1,CENPC,C11orf30,TTLL12,AC016831.7,PLEKHO2
9993,KPNA4,PEX26,SH2D3C,ELOVL1,TTYH3,LRRC8B,IK,FRAT2
9994,MAP1LC3B,PBX3,TAF3,UBXN2B,MAP3K4,CD81,LRRC59,BCKDK
9995,SH3D21,EFCAB14,EDRF1,SLC23A2,TMPO-AS1,C11orf49,TRIQK,RP11-849H4.2
9996,SAP30L,DPH1,DIRC2,WDR18,RNPC3,NOP14-AS1,DDX49,PTGDS
9997,FBXO28,RPAP2,RTN1,TMEM64,TPT1-AS1,ZNF681,PLEC,TEX30
9998,ARHGEF19,PAIP2B,TMEM140,ATRN,GCFC2,MBD4,TSFM,SLC30A9
9999,XXYLT1,ZNF408,SCP2,TUBB4B,CCDC86,C9orf38,XYLT1,ZNF677
10000,CTRL,EZH1,PRRC2A,PRKCQ,TRIP4,CDC42EP3,GCDH,EFR3A
10001,RP11-304L19.5,MTFP1,BAG3,PDE6G,IL3RA,CWC25,CNTLN,SGK1
10002,FARS2,SHISA4,PDCD11,RP11-110I1.13,SELPLG,SMC2,ZNF703,KCNQ1OT1
10003,RAB40B,BLNK,GTF2E2,ANKS1B,LHPP,ZC3H14,SNX10,QRSL1
10004,EIF2B4,GTF3C1,PRKCZ,TBL1X,HIPK3,FBF1,KCNE1,ZMAT5
10005,RNASE6,POLR2E,SLC7A6,ANKRD34A,CIRH1A,SLC4A1AP,GTF3C2,PARP4
10006,COQ3,ABHD1,SREBF1,PDE6D,XPO6,HS2ST1,GRASP,OPN3
10007,NUFIP1,POLL,NFXL1,JAKMIP2,SLC37A3,AC092295.7,CLCF1,PITPNM1
10008,ARNT,TPRN,NINJ2,OXNAD1,MAML1,PDPK1,TRAM1,RBM34
10009,BET1L,RBAK-RBAKDN,PPIL2,SRSF9,RASGRP4,RP11-773D16.1,ZFC3H1,KAT5
10010,FHOD1,PDK1,ALDH6A1,HDAC4,RAB39B,FBXL6,C1orf122,MTMR11
10011,NRROS,ATIC,PIGN,RNF157,C19orf54,ACPP,CKMT2-AS1,APPL1
10012,PTCH1,ARL5B,ARMC5,CA2,ARHGAP6,DHX34,HTATSF1,LIX1L
10013,LEMD2,NADK2,PDS5A,AC116366.6,SPTAN1,GPR18,RP11-267N12.3,RPRD2
10014,ENAH,HS1BP3,ERAP1,RDH13,TRMT10B,PDGFC,CHST13,MYBL1
10015,IPP,XCL2,PLEKHG2,SREBF2,AC104532.4,RP11-398C13.6,BBS9,DUS3L
10016,ARHGAP25,ZNF189,ST7L,PTPRO,FAM21C,OPA3,MPP1,MLTK
10017,TBC1D32,PLEC,TMEM129,NOC3L,HEMGN,HIVEP1,MTFR1,ERCC6
10018,SSX2IP,AP001372.2,MSTO1,RP11-473M20.14,CTC-338M12.4,ADCK5,TKTL1,ISOC1
10019,FAM219B,NUMA1,CBWD1,RP11-229P13.20,PLIN2,TTC1,DEPDC1B,FBXL17
10020,GET4,MRPL49,SNORD3B-2,PSMC3IP,ACSM3,AP1S3,HMMR,METTL14
10021,DCUN1D4,ZNF354A,ARL3,ACIN1,SUSD4,ZFYVE28,ZNF559,FCRLA
10022,IDNK,UBE4A,AC005076.5,TMEM117,JAK3,FSD1L,EPHA1-AS1,TRPC4AP
10023,GPATCH2L,C10orf128,HEG1,SCAMP2,DUSP6,MSTO1,SLC44A1,CCT6A
10024,MKS1,ADPRH,POGK,ZC3H12D,RP4-647C14.3,TSR2,KLHL2,CBX6
10025,PPIF,CCR2,KIF16B,CCDC7,MRPS33,CCDC90B,ATP6V1B2,CLPTM1
10026,HRASLS2,SERPINF1,SLC25A38,PCNX,TBPL1,CUL2,CNST,PHKB
10027,FBXO34,KIFAP3,LAS1L,ADAM19,PCGF3,CLPB,SENP7,AP003733.1
10028,LGALS3BP,GANAB,SLC35D2,ZNF175,GNPDA2,RP11-490O6.2,MAP1LC3A,PIGV
10029,ADCK5,SLC12A9,CR2,RNASEL,CC2D1B,WDR5B,PSTK,ATP11C
10030,RP11-658F2.8,TARBP2,ZNF383,ZNF862,SLC26A2,TNFSF4,BRCA1,NARG2
10031,RANGRF,UBXN7,PSMA6,MSRB2,TM2D2,STARD3,IMPAD1,TPRKB
10032,GRASP,C19orf55,SLIRP,MYO15B,GPR68,SLC30A5,EVI5,PTAR1
10033,CCDC93,FAM220A,CLIP4,LIG3,LMAN1,ZNF776,ACSL1,HIBCH
10034,FAM43A,CEP57L1,B3GNT2,SPDYA,MARCH1,NEK1,GIGYF1,SLC35D2
10035,ZCCHC8,CSTF3,FKTN,BTBD11,FUCA2,PPP1R14B,TMCO4,CTSO
10036,RP1-92O14.3,NSUN7,MBTPS1,JUND,ZNF256,HPS6,NRL,BCL9L
10037,EMC2,VPRBP,TMUB1,NME1-NME2,TBCEL,RAD50,ANKRD54,PCYT2
10038,IP6K2,ZNF672,HIST1H1B,HIST2H2BE,GTF2E1,RP11-138A9.1,PCDH9,C7orf55
10039,TMEM87A,SF3B4,CCT6A,WDR54,ZFYVE19,AK2,HIRA,ORAI2
10040,GPAA1,RP11-362F19.1,TBC1D19,CYP20A1,KRT1,TSEN2,RP11-452F19.3,SLC25A33
10041,TMBIM1,PRKD2,RP11-85F14.5,AC005082.12,PGM2,SGCA,EBPL,ASCC1
10042,HIATL2,GMNN,ST3GAL2,HSPBP1,RAB31,ZBTB16,SDSL,HDAC3
10043,SCYL2,ZDHHC2,SLC27A3,PDE4A,ATP6V0C,POMC,CEACAM1,CD160
10044,HSPA13,SWSAP1,DENND1A,EXOC6B,FBXL4,ANKRD6,ATHL1,S100B
10045,MRPL43,ADD3,RP11-197P3.4,BARD1,PHACTR1,GHDC,PHYKPL,GLT1D1
10046,COMMD5,TYW5,C12orf4,SLC10A7,MFSD12,KLRD1,DCP1B,CCNB1IP1
10047,ZBTB45,CCDC65,ZBTB18,AC009065.1,SPAG9,APLP2,ZNF407,TJAP1
10048,BLM,DNM2,HYI,CYFIP2,RP11-11N9.4,SRP68,SMIM15,TMEM245
10049,SETDB1,CCDC88A,EMD,KDM1B,ZNF672,SGOL2,TRIM34,TIMM50
10050,MALSU1,RPP40,TMX3,LPP,NARG2,TNFRSF12A,FFAR2,TMEM80
10051,BCL7A,NSL1,PRMT6,STARD3,HMG20A,INSIG2,ZBTB2,HMGB3
10052,TGIF1,UBE2M,TFIP11,TOMM40L,PAK4,MSH6,BAIAP2,CHST7
10053,CCL4L1,DNM1L,GRPEL2,RRM2B,PIK3CG,ATP1A1,HIST2H2AC,HNMT
10054,RP11-343H5.6,CYP2S1,RP11-262H14.4,NOTCH1,FADS3,IGFBP7,SPAG5,GGA2
10055,DKK3,TUBGCP6,YWHAG,C11orf71,SEC16A,RASSF3,GEMIN2,SNX29
10056,CFL2,DCAF5,DPY19L4,MTM1,MAP3K12,LY9,MTRF1,C16orf54
10057,SRR,AC003075.4,FMNL3,MYL9,UPF1,JMJD4,MAN2A2,HES6
10058,POMGNT1,SOX4,C4orf46,TRAPPC13,PTCH1,MAN2B1,DGCR14,PAFAH1B3
10059,ZHX3,ARHGAP21,RGP1,GOLGA2,PFKFB4,TFEC,UBR1,SLC2A8
10060,SNX19,DDX10,HEBP2,TANGO6,YTHDC1,QSER1,HIST2H2BE,STARD3
10061,MPP6,IL6ST,SIGLEC1,C22orf46,PLK4,SLC35E4,ZFAND3,C2orf42
10062,ENHO,ZNF496,VCAN,CYTH4,CTD-2020K17.4,C2CD5,RP11-390P2.4,RAD50
10063,ZBTB43,PTTG1,AACS,NCR3LG1,IKZF3,KIAA1279,PLEKHB1,TUBGCP2
10064,ZNF354C,RP11-326I11.3,TFDP1,RP11-372K14.2,SLC10A7,UBOX5,KCTD9,EZH2
10065,CCDC51,ITM2A,CYBRD1,SYCE1L,FAM63A,RP11-305L7.7,ZNF138,ZNF611
10066,KTI12,KBTBD11,FNDC3A,SWT1,RP11-879F14.2,HUWE1,LINC00176,TBL2
10067,NEK8,TRMT5,CAMK2N1,FOXP3,SRSF10-1,RP11-872J21.3,C2,USP9X
10068,SYNGR1,CTB-55O6.12,RAD51B,VAV3,WDR53,NBPF20,ISOC1,LETM1
10069,BPNT1,ZNF487,MT-ATP8,TANK,TANGO2,HLA-DOB,NMT2,PARP6
10070,RP11-154J22.1,RPA1,HPCAL4,ACP2,ENTPD4,ARHGAP32,OLFM1,PBRM1
10071,NBPF1,REPS1,RAD50,RINT1,B4GALT5,C2orf47,GDAP1,ZBTB38
10072,SF3B4,TMEM86A,DIAPH2,PTPN23,GLUL,DDX39B,CREBZF,FAHD1
10073,DCLRE1B,AC074289.1,ZFYVE28,CADM1,ZNF615,SOX4,PGM2,SMIM4
10074,RNF20,ALG6,CXCL2,ARRB1,UNG,SPTBN1,ZNF821,DUSP5
10075,CEP250,CD160,UCK2,CLOCK,TRPS1,CAMTA2,YTHDC2,FOXRED1
10076,ARMC7,ZFYVE27,GPATCH11,MYEF2,HPS6,DISC1,TTC22,APMAP
10077,NNT,DAAM1,RP11-706O15.1,DSEL,FAXDC2,RP11-309M23.1,FXYD2,MRPL49
10078,TNFRSF14,PPP1R17,RP11-138A9.2,OASL,UFL1,CALCOCO1,PRPS1,SUPT5H
10079,LINC00092,GK5,PPIL4,ST8SIA1,CTD-2288F12.1,SLCO3A1,CEP70,UBA7
10080,MORC2-AS1,DENND5B,C11orf49,UVSSA,ARSK,RGP1,TMEM87B,RP11-169K16.9
10081,NOP9,KIAA1841,KLHL28,C1D,TCTA,BTD,CPNE2,MTRR
10082,PLEKHA5,PPP6R2,ZNF133,CYSLTR1,ZNF860,ZNF585A,MAP3K7CL,JMJD4
10083,UBA6,GNAQ,FASN,INVS,UTP23,NXPE3,GALK2,ARFIP1
10084,CLCF1,TRAPPC4,GTF2H3,NHEJ1,RP11-74E22.3,RP11-428J1.5,CREBRF,ATP2C1
10085,SNRPB,CDC42EP3,ASAH1,SNTB2,GSTA4,EHMT2,ANKRD49,INTS3
10086,EIF4E,SMC6,PHACTR2,PDZD4,PKIG,ZNF282,TNF,FUOM
10087,IGFBP4,PLEKHA1,ABL2,LRPPRC,APOO,GIGYF1,NAT10,USP11
10088,LMBRD2,RP11-1017G21.5,PPARGC1B,RWDD2B,CCNY,E2F3,FAM210B,SLC35E1
10089,ATF6B,XXcos-LUCA11.4,KLHL7,ZNF562,LINC00528,CDKN2C,PJA1,CHD1
10090,ITPRIPL1,BLZF1,HK3,CBFB,KYNU,ALS2CL,COASY,ATXN3
10091,APOBEC3B,RET,ZBTB40,RNH1,PNPO,GAB1,ATP11A,ECH1
10092,NSUN6,C19orf12,RRAS,ADAM28,HERC5,APEH,CAAP1,HMGN4
10093,RTN4R,DUS2,ZNF791,SNURF,FAM109A,LAT2,BCL2L11,TIMM22
10094,NME2,USP1,KLRF1,MAN2C1,SMKR1,ALKBH8,FOXP1,PRR4
10095,ZNF48,HEATR3,NTPCR,DUS4L,PACSIN2,FBXO22,MTRR,PIGP
10096,ARL17A,MRPL36,LARP1,UBASH3B,NDUFB1,IRAK1,KIAA1841,ABCD4
10097,CTSC,SRPRB,NUP133,FBXO2,WDR18,IFI27L1,RNF212,NME2
10098,AC022400.2,CHD7,FAR1,POLR1B,SWSAP1,NADSYN1,NAA60-1,ARSD
10099,EMILIN2,BRAP,EIF1AD,TMEM242,RP13-270P17.3,KIAA1551,RP11-1100L3.8,SIRT5
10100,ABCA1,BCL10,FAH,CCND2,MFN2,SLC44A1,CCDC141,FAM168B
10101,ZNF318,ZNF747,SMARCD3,KIFAP3,DNAJB5,TBCCD1,NIPAL3,DTWD1
10102,SNTB1,MEI1,RFX5,HEBP1,CXCR5,CDH26,TMEM191C,TMED1
10103,ATMIN,TRNAU1AP,MTF2,EHD1,CD33,CAMK2D,STK24,BCL2
10104,FBXL17,METTL8,TPMT,TMEM25,GFM1,TREX1,KLRC1,ZCCHC10
10105,CNOT4,B3GALT4,SNAI3,APOA1BP,VIPAS39,PDE4A,GPATCH3,ASB1
10106,KBTBD8,MFAP3,SOGA1,MED7,RP11-600F24.7,IFT27,UTP3,BANK1
10107,RELL2,DDX28,RBKS,FTSJ2,PGBD4,RABL5,FRAT2,DCTD
10108,B3GNTL1,CTD-2521M24.9,C2orf76,G3BP1,RP11-455F5.5,ARFGAP2,RABEP2,METTL1
10109,SAMD9L,PTGIR,NAPEPLD,ZSCAN22,AGL,VIL1,SASS6,HMGN2
10110,MMAA,ZNF24,C19orf77,CTC1,H2AFY2,IFNG,PGAP2,EXOC2
10111,FAM32A,ARMC8,KCTD15,SPRY1,ZCCHC3,FBXO6,ROMO1,NUSAP1
10112,NUDT8,SMC3,HSD17B12,ACSF2,CKS2,TULP3,APOL1,POGZ
10113,IL18RAP,COQ5,C2orf49,LYG1,CDK5RAP1,THAP11,CBWD1,SDE2
10114,RREB1,SPIDR,CPSF7,NEK7,TCF12,SEC63,C16orf70,ATG13
10115,RASSF2,SLC31A2,GTF2IRD2,SRP14-AS1,BCL2L11,KHDC1,KCTD5,IQGAP1
10116,DENND6A,NCOA5,ATP6V0A1,TOR4A,UBA7,THADA,DTX3L,ESYT2
10117,ZNF250,VPS41,ST3GAL6,RP11-452F19.3,C21orf91,KIF3C,OPRL1,SDHAF1
10118,UBL7-AS1,NDUFB4,NCAPH2,RXRB,RNF25,CLPTM1L,KCNK12,MAP2K4
10119,SIGLEC7,ANKRD26,KIDINS220,RP11-640M9.1,AC023590.1,C2orf62,PTGER2,PATL2
10120,AP3M1,ABCB8,CD200R1,CCDC22,STAU1,NEU3,PCNA,SNHG12
10121,ZNF449,DNAJA1,HK1,ATP13A1,BTAF1,MZF1,TRAPPC9,SRRT
10122,ZNF540,PIGH,ABHD15,SGPP1,C1orf85,ATG5,WDR89,ZNF791
10123,LCOR,HK2,RP5-940J5.9,ATF2,VMO1,ETAA1,RP11-727F15.12,RPS17
10124,MARCH1,TNFAIP2,SLC25A33,IL6ST,SCGB1C1,PPP2R2A,SSBP4,PCNX
10125,ZNF585A,AKR1C3,UTP6,CDK8,AC027763.2,PITPNM2,CTA-384D8.34,FBXO44
10126,TEX30,RORA,PACSIN1,C17orf67,CENPM,XCL2,MIEN1,NPRL2
10127,ZNF232,C2CD2L,PRKAR1B,BAZ2A,RTKN2,FUZ,PCBD2,LRRC58
10128,NAIF1,QTRTD1,CHUK,AP2M1,CSF3R,TRPM4,F2R,SLC35A3
10129,ASB1,CEP135,TIMM44,HOXB4,FDXACB1,PTK2,HERC1,TESPA1
10130,LZTR1,HLTF,ATG16L2,B3GAT1,GPR107,DGKG,SLC10A3,ZNF780A
10131,ANAPC1,TAF11,GATAD1,MIIP,B3GAT2,BTAF1,CLN5,RNU12
10132,NOL10,TMEM68,WDR26,TNFAIP8,MC1R,MGA,CDCA5,PPAN
10133,DCTN6,HSPA1A,TRAF2,SLC25A36,TMX1,IL7R,SNX11,GPS1
10134,ELMSAN1,WDR75,GPR107,YTHDF1,SERPINB8,RNF125,ERAP1,LSM14A
10135,SMARCA5-AS1,KDM5C,PLEKHA3,KIAA0040,TJP2,SSX2IP,SLC39A1,IKZF1
10136,NAPG,MARCH6,PCNT,GALNT1,DDX41,LINC00852,SH3TC1,TAMM41
10137,CCP110,RSBN1L-AS1,AC003075.4,LIN54,RP13-516M14.4,RP11-815J21.2,COG4,ARHGAP10
10138,VAPB,RP11-206L10.9,ADAM15,DMXL1,RP5-882C2.2,SCYL3,HSPBAP1,SDCCAG8
10139,C11orf84,TMC4,AP1G1,RP11-138A9.1,TGFBR3,KTI12,VPS26A,DMTF1
10140,KLC1,MAP7D3,MAGEH1,RP11-425I13.3,LINC00954,C6orf120,ANK3,ZC3H18
10141,CPSF3,GLTPD1,SCML1,LPCAT3,GCC2,ZNF300,ADCY7,FCRL1
10142,ZCCHC2,PLA2G15,EVA1B,PID1,YPEL2,SULT1A3,SNRPA,ZZZ3
10143,OSER1-AS1,PELI2,FAM104A,F5,MUT,ZNF207,SUCLA2,RAD17
10144,NEK4,SCGB3A2,TKTL1,RNF141,POLR3H,CTD-3093M3.1,SNRNP35,TNFRSF25
10145,GOSR2,TRAK2,CEP78,IGHMBP2,LCLAT1,ZNF131,FAM78A,RBM14
10146,SENP2,PRIM2,TYK2,AP000769.7,RP11-849H4.2,RNF139-AS1,SSH1,CISH
10147,FBXL6,ECE2,TMEM44-AS1,KIN,MEFV,FAM104B,TBC1D2,CD300C
10148,SLC43A1,PRPF3,RFNG,PTPN12,CSF1R,DPP8,ELP6,ITFG2
10149,UBTD1,NPHP3,PRR14L,MLC1,SLC27A5,SLC22A15,GABPA,ZC3HAV1
10150,SEPHS1,SUZ12,GATAD2A,NDFIP2,WDR3,NDUFAF7,XPO4,XRRA1
10151,MEAF6,OGT,SCAI,PIKFYVE,SERPINE2,KIAA1432,RPAP2,FRMD8
10152,PCED1A,CHAC2,ZMYM4,TMEM116,MYBBP1A,MRVI1,MMAB,SNAPC2
10153,C14orf93,MRPS28,MMAA,ZNF3,KLC4,MYO5A,EIF4E3,IDH3A
10154,AGPAT4,NIPAL3,MANBA,TAF1B,YAE1D1,PDZK1IP1,TJAP1,INO80E
10155,SMAD5,EIF4ENIF1,TIAM2,TBC1D17,TSNAX,NOL10,LARP4,ANKRD54
10156,RP11-428G5.5,ATF7,IDUA,CYBB,LINC00176,AGO3,PUS1,EIF2B4
10157,SPAG8,PIN1,CIZ1,FGFR1,SLC2A4RG,ELP2,COMMD9,OLIG1
10158,RP11-386G11.10,TMEM97,KCNE3,AP1G1,CTD-2033A16.3,TFPT,CDK7,CCDC66
10159,SLC37A1,TRERF1,DPM3,NGFRAP1,AC007246.3,CRISPLD2,CCDC92,FEM1A
10160,HIATL1,LPGAT1,UCK1,PTCD1,ATP6V1E1,MED4,CD6,CTA-217C2.1
10161,SLC12A5,UBE2V2,TET2,KMT2C,RIN2,MCM4,KBTBD8,LATS1
10162,BCL6,PARL,ZNF395,STXBP4,ZNF677,GORAB,GTPBP8,FAM35A
10163,BCDIN3D,ZAP70,EPOR,RP11-65I12.1,HDAC3,TNFSF14,ENTPD3-AS1,GATAD2B
10164,OGFOD1,C1GALT1C1,EIF3J-AS1,SNRPB2,PEX6,PSTK,ARV1,PTPRN2
10165,FBLIM1,RP11-425D10.10,TRAPPC2,UNKL,TAF1A,SLC16A1,IFI16,PSMD3
10166,RP11-290D2.6,KHNYN,APAF1,OSBPL7,TRIM5,GPX3,ZNF784,NDUFAF2
10167,HLTF,FEM1B,RAB20,RP11-544A12.8,POP1,SOCS6,ULK1,MDFIC
10168,LUZP1,NAGA,TSPAN5,DICER1-AS1,ING2,MYLPF,EAF1,IGSF8
10169,PITPNA-AS1,LILRB4,SF3B4,FADS3,SWI5,RP11-195F19.5,AEN,CSF2RA
10170,RP11-693J15.5,TAB1,PCBD1,TP53BP2,SEPN1,CHCHD7,PCMTD2,CXorf40A
10171,C19orf40,ZMYM4,C21orf59,FAM47E,SLC22A17,KIAA1430,MRPS15,TRNAU1AP
10172,SRPR,AP4E1,CTDP1,GPBAR1,ACTR3B,MIB1,SLC25A32,EXOSC5
10173,PRKRIR,RPF1,ARIH2OS,GNA12,TIFA,PCNXL2,DZIP3,CDC73
10174,STYXL1,TMEM183A,TTLL5,ZNF701,TRAF1,TDP2,RREB1,CASC7
10175,ELP6,LRRC69,VSTM1,NIT1,XPR1,PHOSPHO2,MIEF1,KRR1
10176,ABCB1,SIKE1,ELF4,ST3GAL5,P2RX1,PPP1R15B,FAM126A,HIRIP3
10177,AMN1,RP11-381K20.2,FXYD6,AP5B1,RP11-730K11.1,LSM14B,R3HDM1,IFNAR1
10178,ZNF764,DGUOK,WHSC1,MED15,KMT2B,VOPP1,P4HTM,EOMES
10179,DCAF5,ACBD4,CRK,RP11-474G23.2,PHF12,TACO1,DRAM1,EEF1E1
10180,PGRMC2,ZSCAN30,SAR1B,RAB33B,MCOLN3,MBNL3,PRIM2,ACSM3
10181,MCPH1,DBF4B,TM9SF4,MRPS2,ENTPD3-AS1,TBC1D31,AQP10,D2HGDH
10182,ACSS1,LINC-PINT,ZC3HAV1,ARHGAP5-AS1,MCRS1,TUBB2A,NEIL2,EHD4
10183,GINM1,RNF24,FBP1,ETAA1,ANAPC13,THEMIS,RP11-611L7.1,UNC13D
10184,USPL1,TMEM57,PPP1R37,HAPLN3,IQSEC1,NR2C2,TCP11L2,UCKL1
10185,KLHL22,NQO1,CSGALNACT1,ZNF559,OXCT1,GNB4,PAWR,JMY
10186,UBE2H,UPF1,METTL17,FAAH2,SS18L1,ACTR6,LANCL1,TICAM1
10187,KIAA0753,AKIRIN1,RP11-354P11.3,MRRF,HSF2,ICMT,ADD1,CCDC43
10188,PSTK,MRTO4,PNRC2,SNIP1,CPSF6,CLN5,ZNF652,DOK3
10189,IMMP2L,NDC1,FBXW9,AGTPBP1,RALGPS1,MGEA5,METTL15,DEXI
10190,DCAF8,HAGHL,PAQR8,ATP10D,ZNF512B,NMNAT3,PDE8A,MUS81
10191,ATP8A1,SLC38A7,ARID1B,ZNF592,CARKD,NAB2,MED4-AS1,SLC25A14
10192,FAM208B,AK3,COX6C,SPERT,DNAJC5,RP11-102N12.3,SREK1,C12orf4
10193,OVCH1-AS1,FAM193B,APOBEC3A,MEF2C,PHKA2,ARHGAP6,BCL3,BCCIP
10194,CUL9,DMD,BIN3,KLHL3,CIPC,RBM26-AS1,TVP23C,SPTAN1
10195,EXOC1,SNAPC2,OGFR,DAAM1,VPS8,GCC2,SRRD,PGP
10196,ZFP1,TACO1,IMPA1,CSTF2,AACS,TOP2A,NOP2,DESI2
10197,TOR1B,TBC1D20,BAD,SUGP2,SREBF2,SRFBP1,TMEM245,POR
10198,ZNF227,VPREB3,PRKD2,S1PR1,GNA12,WDR46,RP3-329E20.2,GSTZ1
10199,TOM1L2,MED13L,SFXN3,ZMIZ1,KRT73,RRM1,SNRPD2,FAM102A
10200,INSL3,MFSD7,IL18R1,TTN-AS1,MTMR1,BFAR,CTD-2054N24.2,KIAA0922
10201,ASXL1,CD5,GSK3B,TTC31,RP3-322G13.5,RP11-345P4.9,TNFSF12,ENTPD1
10202,KCTD10,STAC3,CDC73,CCDC58,MTHFD1,FADS3,CD3EAP,TRAF3
10203,NDUFS1,GLCCI1,IL1RN,METTL2A,RP11-135A24.4,YTHDF2,SASH3,GLTP
10204,UFM1,TRMT13,FARSB,PAIP2B,PEX1,NPRL2,C1QTNF4,ARAP2
10205,C1orf198,PLAGL1,DXO,SLC16A7,EIF4E3,WNT10A,GPR126,MAT2A
10206,ZNF865,OSBPL5,TNFRSF18,GPA33,PQLC1,RP11-327P2.5,AP2A2,GTPBP10
10207,RAB7L1,RP13-582O9.7,CRAT,FAM84B,VOPP1,MGAT4A,PKN2,C8orf58
10208,RPL34-AS1,CNOT6,TNNC2,STAG2,FN3K,EMC2,VMO1,THADA
10209,SYT5,LINC00106,ZNF394,GTF2H1,SDHAF1,ARMC5,MYO1B,QPCT
10210,PXN-AS1,OCRL,IPP,LYPD2,USP30-AS1,RP11-343N15.5,LACE1,FGD2
10211,MPP7,FAM72A,GPBAR1,RAB27A,LA16c-358B7.3,ZNF319,NPEPPS,S1PR5
10212,RP11-140K17.3,FANCG,C11orf1,MYO16,CSF2RB,NLK,NTMT1,RPL39L
10213,RFFL,ARGLU1,TUBGCP6,PANX1,NAB1,CSNK1G2,ARHGEF18,DNMT1
10214,PDHX,RMDN3,MSH3,ZNF419,SLMAP,ZNF322,RPS6KB2,CSAD
10215,PPP1R3E,RP11-728F11.4,NAB1,PNPLA2,ST3GAL3,SELM,INTS5,PXMP2
10216,ELP3,NID1,LRRC8B,MBTPS1,SH2B3,AK3,GNL3L,CTDNEP1
10217,RAB3GAP2,ACAD10,PERP,HLA-DQB2,KLHL7,MPI,MARS2,DHX29
10218,PARP15,POT1,RP11-468E2.4,HEXDC,RP3-402G11.26,FAM73B,DNAJC25,BPGM
10219,STX18-AS1,SLC38A5,U2AF2,INTS8,TRAPPC8,TMEM116,THAP9,TCHP
10220,COPG1,TTC9C,TGFBR3,GTPBP8,HMGN5,LINC00526,WDR33,KEAP1
10221,PRRG2,SLA2,RPS13,CASP1,RANBP10,HADH,H1F0,PGRMC2
10222,GNL2,NFKBIZ,TMEM116,ZCCHC10,CTD-2547L24.4,MCM7,RP11-457M11.5,ANKFY1
10223,ZSCAN16-AS1,CEP97,DUSP3,MRPL49,THAP1,FASTKD5,ZNF516,MEI1
10224,ARHGEF9,SLC9A1,C6orf211,AURKC,LIN7C,ZNF682,FOXJ3,C1orf35
10225,ARMC1,ZSCAN16,PEX11B,DSTN,ARHGAP18,HECTD4,AC079767.4,EID3
10226,GLI4,MYLPF,TRAPPC11,USP3-AS1,RP13-977J11.2,HNRNPA1L2,IQCG,MRRF
10227,OXCT1,NOL11,ACOT13,ZNF235,RAB2B,ZC3H7A,RNF169,PTRH2
10228,PROK2,EIF1AX,ZADH2,AC109333.10,TEX10,POLH,RNF219,HERC1
10229,CASC3,SOAT1,ARHGAP11B,ZNF780B,RP11-229P13.20,CINP,BUD13,NSMF
10230,RNF41,ADAP1,ALCAM,KPNA4,GPSM2,POLR3F,KCTD3,NXF1
10231,L3MBTL2,SH3BP2,ORC2,HMG20A,PCSK7,EFHC2,C3orf14,C14orf142
10232,CTU1,MRPL2,TRMU,SGTB,PRR12,VPS53,TOPORS,NEDD1
10233,FANCM,LRRK1,CA2,HIPK2,ZNF600,MCUR1,FXYD7,CHAF1A
10234,GPR174,FASN,RP11-544A12.8,IFIT2,OLFM2,LRRFIP1,TMEM11,E4F1
10235,GUCY1B3,AL133245.2,AC079922.3,DOPEY2,LINC00426,HELB,MEIS1,RP13-1032I1.7
10236,LRRC34,GGACT,PTTG1IP,SLC9B2,CHN2,DNAH6,PPIL1,MYL6B
10237,RP11-265P11.2,PNN,LHFPL2,RP3-508I15.19,ZNF100,CPOX,AP3B1,SUN1
10238,RP5-887A10.1,FCGR3B,MT1E,TPP1,RP1-102H19.8,ZNF169,CYB5RL,TRABD2A
10239,PLBD2,KLF16,ITGB3BP,PCBP3,RPP40,S100A13,LRP1,METTL25
10240,SYNE2,AHCYL1,SAMM50,C9orf156,ZNF362,NDUFA3,RP11-680G24.5,TOB1
10241,BBS4,ZNF195,NBPF9,SYPL1,ZRANB1,PFKP,ATF7IP,PTGES2
10242,OIP5,MRPL43,ATG4B,POR,ZZEF1,ACTA2,RNF121,COQ5
10243,YWHAG,DUSP2,TMCO3,WDR27,CD300E,GTPBP8,ATP11B,MAP2K7
10244,DLEC1,WDR34,C1QB,RP11-344P13.6,ESF1,SERPINE1,OPA1,GPATCH2L
10245,IKZF1,NUP153,ANKRD11,C7orf43,ZNF611,FAM168B,NT5C3B,NBEAL2
10246,RNASEH2A,CYB5R3,NOP2,MTR,GM2A,GABPB1,RNF207,COPZ1
10247,PRKRIP1,SLC9A8,SOCS2,BNIP3,PIGM,B3GALT4,RPF1,GTF2F1
10248,IRAK1BP1,MYPOP,NIPBL,FAM118B,C6orf120,SPG20,AKT1,MIB2
10249,FAM214A,C15orf38,NFE2L1,FSD1L,EHBP1L1,DVL3,TUSC1,NUP54
10250,BEND5,RP11-261C10.3,RAB37,TSPAN31,BDH1,WDR35,FAM8A1,BMPR2
10251,MRE11A,KIAA0125,SIGLEC7,IFFO2,PIAS4,MACROD1,MRPL19,DYNLT3
10252,TSPAN5,ZNF283,RBM4B,TRIM26,SENP7,BMPR2,DUS2,ALG3
10253,PRDM4,IVNS1ABP,CREG1,ZNF487,ZNF783,SS18,C11orf84,CCDC101
10254,WDR75,SLC33A1,KIAA1429,PCK2,PYGO2,KCTD1,MOCS2,PHGDH
10255,FAM13B,PPM1D,C15orf48,SLC7A1,RIN1,XRN1,MPV17L2,PWP1
10256,ZNF141,CUL3,ERLIN2,L3MBTL3,DCAF11,IKBKAP,RRAGB,SHOC2
10257,ATAD3C,L3MBTL3,FAM117B,UBE2M,CEBPB,RP11-169K16.9,VWDE,RRN3
10258,KANSL1L,TMTC1,SRC,GALNT3,TCEAL3,FANK1,MTMR6,PIGH
10259,LARP4B,RPL7L1,RPL35A,SEH1L,RNF145,RPS8,CAMKK2,PUS1
10260,TACC3,AC010883.5,MICU2,ITPK1,CSDE1,OXSM,STAP1,CHRNB1
10261,GTPBP4,PDE2A,TPGS2,ITGAX,CEP85,FAM179B,JADE1,TIMMDC1
10262,CASZ1,NARG2,LINC00339,ARL6IP1,GNL3L,THAP5,PET117,MRPL50
10263,EI24,NUP188,SLC39A7,FAM149B1,ZMYM1,CXCR6,SNRPN,CD1D
10264,HSPBP1,DENND2D,SMG1,RP11-464F9.20,PPP2R1B,ABCC3,CHST2,FKBP15
10265,ZKSCAN3,ITGA6,RP11-802E16.3,TNRC6A,YIPF4,USP6NL,MTMR2,PIGC
10266,ACVR1C,TLR1,THRA,EFHC1,ZNF24,PPA2,TBX21,SIRPG
10267,C8orf33,RPS17,OGFRL1,LRRFIP2,WDFY2,PTPLAD1,CD70,XPOT
10268,LMBR1L,SLC35G1,DCBLD1,ABHD5,PPP2R5E,ITPK1,FAM105B,NOTCH2
10269,VCAN,PDK3,ZMAT5,RASSF6,RBM19,RP3-325F22.5,SETBP1,QSOX1
10270,PSMD12,DYNLL2,SNORD3D,AC093673.5,SECTM1,TGFB3,AC012360.4,YPEL2
10271,ELMOD2,PRSS53,C1orf50,RP11-582J16.4,LRP1,FBXW4,USO1,RDH14
10272,NUDT5,KIF3B,ZNF398,RNF216,GTF2IRD2,DDX26B,REEP4,TBCD
10273,RP11-533E19.7,MINPP1,SCRN2,BAIAP3,RNF141,TAF1A,KPTN,SFXN4
10274,HARBI1,CYHR1,EIF2D,SSR1,SFSWAP,TSPAN5,SLC50A1,FDPS
10275,RFPL1S,LSM7,ANP32B,C20orf201,AQR,ADAM9,BCL7C,UTP6
10276,ZBTB48,CGRRF1,RP11-345J4.5,TOLLIP,CXCL16,AL591479.1,ZNF266,GAR1
10277,CA13,LASP1,IL18BP,HADH,STRN,DESI2,RP11-74E22.3,SUCLG2
10278,ZNF763,ARL6,EIF2S2,FAM120C,TONSL,ABCF3,PSRC1,PIM3
10279,RP13-580F15.2,LSM5,MFGE8,CCT6B,KRT18,EEF1A1,KIF21A,CWC27
10280,RP5-1136G13.2,TMEM102,POLR1D,CPEB4,EPHB6,IER5,CTA-211A9.5,MAP3K1
10281,C11orf54,CEBPZ-AS1,HSD17B8,USP44,HRSP12,GSTM3,ZNF684,RP11-489E7.4
10282,MCUR1,JMJD8,NUBP2,ANGPTL6,CACNA2D4,IQSEC2,NFKBIL1,TFAM
10283,FAM177B,ASCC1,NEK9,ITGB2-AS1,NACA2,CMC2,RAB3D,PGAP2
10284,HSD17B7,C12orf65,CDA,MED17,RP13-1032I1.7,CISD2,AC084018.1,BAZ1B
10285,MDM4,FAM129C,CDPF1,LGALS9C,ABR,NECAP1,SPAG9,HAUS2
10286,ZFPL1,BBC3,SIRT7,RPS13,PPP1R17,RNF14,FBXO33,VPS13B
10287,ADCK1,STAG3,TSPAN15,ZNF513,HEATR3,RP11-195F19.9,SSBP2,INPP4A
10288,TMC4,MANBAL,RP11-539L10.2,SPIDR,ECD,MRPL13,ZBTB25,C12orf44
10289,AKT1,CNEP1R1,ATXN7L1,C9orf41,MTMR14,ICAM1,CCDC91,HES1
10290,ST6GALNAC2,COMMD2,INADL,TRIM35,WBSCR22,CCR1,DERA,FCRL6
10291,HNRNPH2,SUV39H1,EML2,ACPL2,FTSJ2,GDPD3,TMEM177,MLLT11
10292,TBC1D7,DOT1L,KLF9,EMR2,SLC35E2B,L2HGDH,PALLD,RAD23A
10293,CEPT1,STRIP1,AFF1,SLC35B4,RALBP1,F11R,NUDCD2,UPF3B
10294,ZBTB44,NRP2,XPR1,TIPIN,ALAD,RNF144A,MLLT3,TPK1
10295,CXorf56,TFAP4,FURIN,TBRG1,ZNF410,NUBPL,RAB30-AS1,RP11-427H3.3
10296,RP11-212P7.2,CAMSAP1,TBCK,CLK2,TTC39B,GMFB,ZZEF1,YTHDF1
10297,NCOA5,TBX21,PHLDB3,STIM1,RP13-580F15.2,PDIA4,ALKBH5,NUCKS1
10298,APH1B,MARCH8,DOK1,RPS10P7,TSPAN15,IPO4,HNRNPK,HELQ
10299,AKT3,ASGR2,AP003774.6,FAM115C,CTD-2369P2.2,MPP7,ADARB1,ARHGAP27
10300,ZNF527,STAT3,SPARC,NUP214,MBD6,RP13-977J11.2,CYB5D2,ZFP90
10301,WDFY1,PRNP,AC004951.6,CYFIP1,TIGD1,GTPBP6,ZNF547,PRSS23
10302,ANP32A,KLF10,CDH1,RP11-294J22.6,RP5-864K19.4,RCN2,KIAA1524,FARSB
10303,SLC7A1,UTY,RSAD2,RNF187,C18orf21,KLF9,SEPN1,RFC4
10304,CNPY3,TSG101,SYTL2,SLC25A25,CRTC1,TXNDC15,ARAP3,SLC2A3
10305,PACSIN1,ORC3,SRP19,FAM219A,USO1,NT5M,ALKBH4,FNDC3A
10306,DEDD,TLE3,SMAP1,ZFP69,RRAS2,GIMAP8,MAP3K1,BCL2A1
10307,LINC00264,FRYL,DDA1,C6orf211,SUPV3L1,UMPS,MAP2K5,SEC24A
10308,GPR124,FTCDNL1,TP53I13,FYCO1,STAT5B,BCL6,ADTRP,TFEB
10309,RP11-318E3.9,ATP2C1,AARSD1,DCAF4,EEPD1,HAUS3,RP11-138I18.2,FAM134B
10310,TMEM214,EPT1,PNMA5,ANKLE2,KB-1208A12.3,MPHOSPH6,ENTPD1,ANTXR2
10311,COX11,GPR84,C5orf30,FAM111A,CCBL1,AP006621.5,KLHDC1,FEM1B
10312,SNX27,EXO5,DSN1,RP13-188A5.1,CPT1A,HDGFRP3,CRKL,LINC00969
10313,MT1E,FIZ1,CEP135,TMEM39B,TNFRSF8,PCYT2,RNF213,RP5-886K2.3
10314,RP11-58E21.3,XXbac-BPG181M17.6,CNOT6L,CD14,ATF7,UQCR10,AL928742.12,CCDC25
10315,ATF3,CCDC30,CARKD,ACAP3,TOP3B,ITPR3,SFMBT1,EXOSC6
10316,RP11-262H14.3,MBNL2,ERAP2,KCTD12,ELP4,BRD9,GPRIN3,KYNU
10317,KCNQ1,LINC00662,KLF12,ARPC1A,PQLC2,KPNA6,CMC4,CPSF1
10318,RP11-326C3.12,TSN,BBIP1,RP11-792A8.4,LINC01136,ZNF606,PAXIP1-AS2,ST6GAL1
10319,TULP3,TYW3,PLEKHA1,MAP1LC3A,SMAP1,CDHR3,CTB-133G6.2,WRAP73
10320,RORC,SPSB2,C20orf194,NUP155,ZNF80,PITRM1,STX6,TMEM203
10321,ANKRD17,CNST,PTPLAD2,METTL15,ALG1,CMKLR1,NMNAT3,TMUB1
10322,LZTS1,S100A5,TTLL3,ATP11C,IL6R,SURF2,SYNJ2,C3orf17
10323,GATAD1,SEC24A,DHODH,EMC2,TPM2,DAPK3,NOM1,RCL1
10324,RCAN1,B4GALT7,ICMT,WDR33,LINC00910,CTD-2231E14.8,FN3K,ZNF580
10325,DDX49,METTL16,TOX,NSL1,TNPO2,MROH1,ENGASE,C8orf82
10326,PRKAG2-AS1,RP11-349A22.5,RP11-81H14.2,REXO2,C19orf33,MIOS,TMEM104,HCK
10327,AMMECR1L,CA5B,NAIP,ERO1L,SLC16A1,RP1-111C20.4,PIGA,SORBS3
10328,MUL1,IDE,APBB1,HMGA1,LRPAP1,RRP7A,AGTPBP1,NLRC5
10329,KRBA2,ESAM,SIGLEC9,CDC42SE2,TRIP12,ATP5S,SLC25A24,RUNX1
10330,ALG1L,MSL1,PSMD10,CLUH,SEP15,APOBR,ARVCF,CDK10
10331,RAB4B,RNASEL,GTF3C4,RBM10,FAM73A,RP11-473I1.5,PCP2,PTOV1
10332,CSGALNACT1,SDR42E2,SMIM19,RASGRP4,RARG,ACYP2,ACOT8,C2CD2L
10333,FHL3,THAP6,C8orf76,DDX42,LINC00936,ADHFE1,MCCC2,POLR2D
10334,MMP24-AS1,ATMIN,C9orf69,FZD3,FRYL,KLHDC4,NME6,PABPN1
10335,RERE,BCAS4,ZNF786,RP11-343N15.5,LRR1,FNDC3B,ZNF506,TGFBR3
10336,EIF2B3,TSSK6,MED15,PTRH2,FAM19A1,AC062017.1,SNAPC5,METTL12
10337,TYMS,UBXN2B,KIF2A,ATP6V0D1,ZMYND11,IARS,KLHL3,ADAM8
10338,FBXL5,C19orf48,FEM1B,SNRPB,IGSF6,RGS12,SEMA4D,ILVBL
10339,DOPEY2,M6PR,MDP1,RP11-126K1.6,CACTIN,PI4KA,SAC3D1,CHST11
10340,SLA2,HVCN1,GNGT2,PNN,MEGF6,PDDC1,PARP15,KLRB1
10341,XXbac-B135H6.15,PPME1,RP11-169D4.2,PHF2,STX6,TRIM58,ZNF202,SP140L
10342,AC097713.4,TGDS,TBL1X,HN1L,DUSP22,TAB3,NR1D1,COPB2
10343,ACAT1,KIAA2018,VPS36,PPP1R14A,RELL2,COX11,SGSM2,ALDH3B1
10344,LINC00493,MYD88,RP11-475O6.1,ZNF141,MIR181A2HG,RP11-15A1.3,POLE,ERO1L
10345,TLDC1,GPR171,VAMP7,SLC35F5,LMNB2,BTBD1,ACTA2,RHOF
10346,ZNF354B,C11orf95,NLK,COPZ1,ATF3,PIAS2,MADD,SLC4A1AP
10347,RP11-686O6.2,COL19A1,PARP4,KLHDC10,ZNF14,CHD8,CAPN12,ZC3H14
10348,TNFRSF17,PPP1R2,USP42,PDZD8,GPATCH11,MMADHC,WBP5,EDEM2
10349,FIZ1,HDAC2,ANKRD27,RB1CC1,RP11-686O6.2,ABCC10,STYXL1,CCDC65
10350,PLSCR1,ST3GAL6,BTG2,ENG,GCH1,ANKRD9,PKD1,OCEL1
10351,GYLTL1B,POLR1E,SLC35A2,DIP2B,SGK1,HEXIM2,PBX2,IL4R
10352,TOPORS-AS1,WDR35,MAN1A1,RAB2B,C20orf194,FPGS,ZNF691,LYRM2
10353,DNAAF2,PTPN18,OPA1,PNOC,TRIP11,CBX1,APTX,ZNF91
10354,RP3-467N11.1,POR,POLL,FUNDC1,RP11-488C13.5,IKZF1,ATAD3B,LCMT1
10355,ARHGEF2,MSI2,C6orf1,PDCD11,PPP2R3C,FIGNL1,GNAQ,LY9
10356,UQCRQ,NAPA,SLC16A7,STAP1,EML2,RP11-142C4.6,PCCB,PIK3CD
10357,CHSY1,MTMR10,RARG,BPHL,SAC3D1,TNIK,ERMAP,MECR
10358,NAGPA,TPP2,NUDT21,CLASP1,MAN1A1,RBM22,SLTM,EP400
10359,PDE6B,MBD1,SETDB1,FAM220A,BDP1,R3HDM2,ZNF836,LDB1
10360,TDRD3,PANK4,ALG8,HAUS2,UBR4,RP11-334C17.5,NFAT5,LPXN
10361,HIVEP2,CENPV,PHLDA1,UTP3,ANKEF1,ESYT2,CTD-2302E22.4,PLRG1
10362,TMEM44-AS1,ENDOV,BAZ1B,RAB11B-AS1,FLAD1,ACAA2,ICOS,MICAL1
10363,ZNF226,G6PC3,LSM14A,C19orf55,ANKRD23,PEAK1,CAMK2D,MKL1
10364,ZNF672,SUOX,RPS6KB1,B3GALTL,C5AR1,ZNF337,C2orf43,GCFC2
10365,KDM1A,PAFAH1B3,NARS,CD7,ERCC6,ZNF561,MXI1,RHOT1
10366,SYNE3,ITGB1,RP11-473M20.9,CD151,BIK,GBP1,THAP4,COPB1
10367,ANAPC16,BIN1,SKAP1,ALDH2,FSTL1,SAE1,TMEM222,ELAC1
10368,NAF1,CLCN5,IL27RA,IL12RB1,BOD1L1,RIT1,PLEKHO2,LILRA2
10369,NCAPH2,RNF217,DBP,RP3-475N16.1,SPPL3,PAFAH2,PNPT1,XCL1
10370,HECTD1,PLTP,CXorf40A,SIK1,XPO1,AP1G1,DDX1,DRG1
10371,MOCS3,TMEM189,SLC38A1,SNTA1,RP5-943J3.2,DCTD,NEXN,RRP1
10372,CDK20,CXXC5,FAM213B,LDOC1,FAM129A,MKL1,ZSCAN16,SCOC
10373,ADAL,CTTNBP2NL,MAPKAPK3,PEX2,POLR3E,UBL7,LTBP3,OSGEPL1
10374,SUSD1,FBXO18,AHCYL1,UBAC2,WDR34,TUBGCP3,METTL17,PHAX
10375,KIAA1211L,PROCR,FAM45A,KIF22,RPP38,IGJ,BNIP1,GRIPAP1
10376,GADD45A,CD36,TCTA,EFCAB4B,AC074138.3,ZNF44,WWOX,RSAD2
10377,DPAGT1,ODF2,PIGO,ZNF254,C6orf25,MBD6,MBOAT1,SRPRB
10378,MMP17,ELL2,GHRL,FEZ2,PPP1R3B,TMEM131,PIK3AP1,ERN1
10379,CEP78,HENMT1,ZC3H3,CD40,NUDCD1,LSM2,BBS1,SIGLEC1
10380,CHD4,COPS7B,DYRK2,MT-ND6,TIMELESS,ODF2L,KPNA5,TMX4
10381,ZNF710,RP11-473M20.9,MCTS1,ACCS,DYNLL2,KDM2B,IREB2,USP4
10382,TMEM261,DTWD2,IL18RAP,KIF13B,CPNE3,BTN3A2,COIL,PDRG1
10383,RP1-111C20.4,SUMF2,ADCK3,SLC25A35,ZNF354C,RNF5,ATXN7L3,BATF
10384,TSHZ2,SRGAP1,AC078883.3,KIF3A,C5orf28,SLC38A7,ALDH1A1,INO80
10385,TAF2,MZB1,UBAP2,LIM2,COX8A,HIPK3,KRT7,CWC22
10386,CAMK1D,LANCL2,ATP5L2,CSF3R,ARVCF,ZNF721,TUBE1,MTERFD1
10387,TSR3,RAPGEF6,CAPN15,AGPAT5,TBC1D2B,DUS3L,ZNF101,SF3A2
10388,SOCS5,NRBF2,NPLOC4,RP11-401F2.3,DUSP4,C19orf59,RP11-83A24.2,ATP6V1C1
10389,ALDH7A1,PPP6C,SLAMF1,VCL,NBPF14,SP100,RP11-219B4.7,RP11-544A12.8
10390,FOXRED1,COQ3,CSTF1,MLLT10,AC137932.1,NGRN,TTC38,SH2D1B
10391,RANBP9,ATP5SL,APOL6,TMIGD2,LRRC40,HDHD3,THUMPD1,ACAT2
10392,ECE2,NBEAL2,NPHP3,SIGMAR1,TSPAN4,CYB5R1,MED18,RBM27
10393,RP11-35G9.3,RETSAT,TRIM52-AS1,AC009120.10,CCL28,NFKB2,MFSD7,MALSU1
10394,SLC44A1,CDC23,HNRNPL,GFOD1,RFX1,AQP9,NSG1,ATXN2L
10395,AGAP4,TM7SF3,DPF2,C20orf196,RP11-430B1.2,RC3H1,RSAD1,DYNC1LI2
10396,PRPF40B,CD1C,SCLY,RP11-535A5.1,CNOT11,DNAJB4,DDX58,ZNF296
10397,DAXX,NPRL3,GNL1,PHF23,NEDD1,GARS,SLC35D2,ELK1
10398,SAV1,ZNF710,S100PBP,SAP30,PRMT5,C12orf43,PATL2,PHF19
10399,CREB1,CENPQ,TBC1D23,ADNP,INTS4,CRLF3,ZNF500,ABHD13
10400,TMEM219,THOC5,MILR1,RP11-554J4.1,MAPK14,NDRG2,MAU2,ALAD
10401,KCNA3,ZNF74,GRK6,TOLLIP-AS1,MSRA,LRRC29,TESC,DDB1
10402,TSHZ1,RNF34,PTPN9,WDR11,JMY,JMJD6,RAP2C,AIFM1
10403,PDXK,FOXN3,FAHD2A,CDIP1,TXNDC11,ARID4A,CCDC125,VNN2
10404,TSTA3,VPS4A,SLCO3A1,ABL1,PPP1R14A,GGT1,SNTB2,RIPK1
10405,BRAF,ASPHD2,ICAM1,TSR2,TRMT11,ZNF808,RPTOR,RINL
10406,NUP35,NGDN,SEMA4A,PHLDA2,RGL2,RP11-727F15.9,RP11-890B15.3,ZNF846
10407,DNPH1,SOCS2,OCEL1,AC132872.2,CD300LF,SLAMF1,SUN1,MRPL46
10408,VSIG1,GPALPP1,APLP2,GSTM4,RP11-160O5.1,CUL1,PPME1,DHX34
10409,RPL37,TMEM181,SLFN12L,RP11-326K13.4,KCTD2,EBLN2,KPNA4,PRMT5
10410,ZNF493,AP1AR,FHIT,LY9,KLHL2,PLXNA1,LIN9,SEPHS1
10411,DCLRE1C,FAM195B,POLR1A,SLC25A14,FAM210A,TIGD5,APBA3,ATG10
10412,FAM73A,FCHSD1,ETV7,SLAIN2,GTF2IRD2B,CDC16,UBTD2,SMC3
10413,BAP1,TDRD7,CDKN2AIP,SIPA1L1,LRPPRC,PRMT5,RP11-362F19.1,UBASH3B
10414,RP11-385D13.3,RP5-1043L13.1,PSMB6,SPTY2D1,ANO9,OTUD4,PHF14,TMEM9
10415,RP11-544A12.4,ZNF484,SAE1,AP1B1,COMMD6,SPATA20,VAPB,CLK3
10416,APOO,GAS6,ADPGK-AS1,SFXN4,TATDN3,FAM122A,BAALC,SMYD2
10417,ACTA2,MRPS35,MXD1,KIF1B,SEC23B,MXI1,LEPRE1,MPC1
10418,GAS7,TMEM9,R3HCC1L,SNX22,RPS17,FAM102B,KIAA1432,USP39
10419,MCCC2,DAG1,BIRC6,RABGGTA,TTTY15,ZC3H3,HRK,C2orf49
10420,KIAA2018,GOLGA5,TEX261,MIER2,PDZK1IP1,PLEKHA2,SNX14,SNUPN
10421,ATP6V0A1,PGS1,SVOPL,AP000350.4,RP11-127B20.3,MAF,AGK,TPMT
10422,AHCY,NEIL1,TLE4,RANBP10,ZKSCAN3,KLHL22,SERPINE2,DDX54
10423,GEMIN6,MMP17,CSF1R,RCOR1,METTL12,PAPD5,RFC4,UBASH3A
10424,SPI1,GIN1,PKIB,PCNXL4,RP11-629O1.2,LIG1,SF3B3,ACSL1
10425,SLC17A5,USP39,LRP1,FMN1,VPS39,LIN7C,IL2RB,PDCD2L
10426,SMIM4,DHX8,TRIM4,PRKAB2,MGAT4A,USP9X,CHST11,HAUS1
10427,PIK3R1,RP3-475N16.1,C5orf56,INTS6-AS1,TXNDC9,ZNF653,MPPE1,ZDHHC4
10428,ATG16L1,IFRD2,XRCC1,COG2,ALG8,PNRC2,PSMD5,BIN3
10429,EXT2,C17orf85,BOLA1,PLD4,SLC26A1,ETV3,SUSD3,CTNNB1
10430,ADRBK2,NR2F6,PLCG1,OSGIN2,WNT10A,RP11-500C11.3,LSS,SCFD1
10431,TRAK2,DHRS9,GPR65,DYRK1A,MYL6B,ASCC1,LRCH4,CPQ
10432,GPM6B,ZNF83,JAK3,COX18,SURF6,ARG2,TRAF5,B3GAT3
10433,XPO6,C22orf46,PDZK1IP1,SPTAN1,KIAA0226L,TCF4,TRIB3,UHMK1
10434,GCN1L1,GALNS,ARMCX5,RP1-29C18.10,MEF2C,CTD-2302E22.4,FAM71D,NAMPT
10435,HCCS,YPEL2,NABP1,VIPAS39,NFYC-AS1,CDK7,MGRN1,TCTEX1D2
10436,CHD9,ACVR1,RRAGB,MIPEP,ATG4C,CTD-2162K18.5,PUS3,RDX
10437,CSTF3,FANCF,EZH1,AIG1,C12orf44,HIVEP3,KLHL12,XRCC6
10438,ZC3H11A,MAN2C1,FTSJ1,USP53,MKNK1,TMEM184B,APPL1,CSTF3
10439,FAM129A,SDHD,TSPAN2,GEMIN2,LGALSL,ANKS3,CCDC71L,PHKG2
10440,HERC4,DCK,ARNTL,SMAGP,TCTN1,POC1B,TGFBR3,RP5-827C21.4
10441,BCORL1,RP11-611L7.1,IFT52,P2RY12,AP003733.1,CUEDC2,TYW1,NAA35
10442,RP11-73E17.2,DSE,ADCY7,CMC4,NCOA6,SP1,RP11-169K16.9,GLRX2
10443,TNFSF14,TRMT10A,MAGEF1,C19orf73,TMEM55B,ZHX2,FAAH2,GNPDA2
10444,ARHGAP10,RCBTB1,UBN1,C11orf54,KCTD18,SNRNP200,PGBD2,PAN3
10445,SEC22A,PCGF5,TIMM10,INPP4A,ZNF197,ZNF81,ZNF582,FAM50B
10446,PCBP1,SPA17,ELP5,SPINK2,ZBED6,STIM2,CTDSP2,HUWE1
10447,FOSL2,ARG2,EHD3,LMAN2,MCM3AP-AS1,MROH6,TFCP2,PHF1
10448,CTC-228N24.3,DENND6B,RP11-76E17.3,RP11-445H22.3,RNF26,COX18,FAM185A,LRWD1
10449,SS18,GPSM2,MAL,MTA2,RP11-819C21.1,HLA-DQA1,APOLD1,MEGF9
10450,UBE2V2,NPIPB11,DLAT,SLC25A28,KLHL8,ZDHHC24,DDX52,RAF1
10451,EBNA1BP2,IL15RA,LARS,NFS1,TMEM164,NUDT14,KLRD1,PBX2
10452,CDKN3,ZNF146,PLAGL2,LINC01136,TSR1,SAMD4B,LAG3,PITPNA-AS1
10453,KIAA1731,AARSD1,ZMYM3,FNIP2,PTMS,ZNF133,CAV1,MMGT1
10454,AGPAT9,SLC46A3,CCDC12,BAG1,RREB1,DDX39A,JPX,FUNDC1
10455,RP11-973H7.4,RBBP6,PRPSAP2,MSANTD3,PIGF,KLRC1,SPINK2,CRTC3
10456,ZNF646,BAZ1A,PHF19,BCO2,ESAM,AFTPH,HMBS,LLGL2
10457,ZNF582-AS1,PEX6,RP6-91H8.3,TMF1,AFG3L2,MAGIX,EMP1,RP11-63P12.6
10458,CDT1,KIAA1191,ZNF217,APC,IL18R1,GEMIN8,APBA2,CCDC104
10459,IFIH1,EXOSC5,ANO9,TMEM91,RP11-390E23.6,CSE1L,FBXO11,RPRD1A
10460,CCDC41,MSANTD4,AATK,MSMO1,FAM227B,ITGB3,RRM1,KTI12
10461,TRPS1,SLC35A5,RRP9,RP11-147L13.2,ZNF180,SEPHS2,FARP2,UBAP2L
10462,SMIM15,SF3B2,NOP14-AS1,GCLC,FAM122A,ZNF567,PRPF4,MTMR6
10463,SLC9A7,CDC123,MRPS17-1,C11orf80,BCKDHA,DROSHA,ANAPC13,SPIDR
10464,CPSF1,TIAM1,SEC14L5,TUBG1,ZFP64,WHAMM,DSC2,NAT9
10465,MTCH2,MFHAS1,PDSS1,TMEM8A,ZNF747,POLR3K,ZBTB1,PPP4R2
10466,RP11-804H8.6,UTP15,FAM32A,STAM2,AHR,TIPARP,PRADC1,NUP153
10467,RAP2C,F13A1,GPR35,C3orf62,METTL14,PRR7,UCP3,BDP1
10468,LRRK2,ZBTB41,UVSSA,ARFRP1,CTD-2260A17.2,NAA20,CYTL1,CRNKL1
10469,SEC24D,TTC24,S100A12,SLC11A1,CHCHD4,RNF11,SLC43A1,UBA5
10470,RP11-339B21.11,C6orf25,GAB3,DHODH,IDH1,KIAA1109,SERINC5,CWF19L2
10471,SGSM3,PLVAP,RP11-192H23.6,TNFAIP1,MKKS,ZNF618,KCNE1L,CD244
10472,CCR2,NECAB3,GTF2A1,ZC3H6,ZNF785,COPS3,NFYC,HSF1
10473,PPIL4,PHAX,TRAF1,VKORC1L1,AP001055.6,CBFA2T3,POLD1,NBR1
10474,IL23R,ZNF880,PCTP,CACNA1I,ABCB1,PRPF4,SSNA1,GGPS1
10475,C9orf66,ANKLE2,BAK1,ANKH,ALOX12,VRK2,C11orf82,UPF2
10476,SPATA5,MED4-AS1,CHPF2,TRAPPC10,EIF2B2,PPP3R1,BRI3BP,THUMPD3
10477,QRSL1,BET1L,MTFP1,CTD-2210P24.4,MEF2D,RPAP2,RABIF,AGPS
10478,TPM4,CEP120,MTMR1,ERV3-1,ETS2,SPTLC1,USP40,SLC27A5
10479,CTB-118N6.3,ZCCHC10,FAM104B,NAP1L2,STX2,TRAPPC8,HSPBP1,PPP2R2A
10480,CTNNAL1,SP4,LACE1,SRSF4,NUBP1,TARS2,DCTN4,CBLL1
10481,GANC,AGAP6,IRAK4,C16orf86,LYPD2,INO80,LGALS12,PACS1
10482,CCDC28B,IGJ,RECQL5,AGGF1,TRIM3,ZMYND19,LPIN2,WASF2
10483,GPBP1L1,FECH,THUMPD3,LEPRE1,RP11-85F14.5,NUSAP1,OPA3,RANBP3
10484,RP5-1125A11.1,H1FX,PCED1B,FAM213A,MYBL2,SEC22A,RP11-179B2.2,CHORDC1
10485,POLRMT,IGHMBP2,NARFL,FAM102B,AIFM2,CHMP7,GALNT2,CXorf38
10486,PHLDB2,C12orf45,NFE2,RFX1,CCBL2,TOR2A,ZNF683,UBA6
10487,RASA1,SMARCA2,LMAN2,GDPD5,NR2C1,C2CD3,MKI67,CMTM7
10488,BCL3,KLF8,MRPS18B,TMEM86B,RP11-192H23.6,FH,JADE2,SCCPDH
10489,LPXN,OCIAD2,DDB2,C20orf27,RP11-220I1.1,SLC18B1,FHL3,POLR2B
10490,ZNF25,RRM1,LSG1,SNX8,DDX31,SLC39A4,NR1H3,RAB34
10491,RP11-468E2.5,C21orf91,HAUS2,GPALPP1,MYO5A,THUMPD3,ABHD17A,MBOAT7
10492,PKNOX1,RP1-90J20.12,TLN1,TIMM8B,SIKE1,PPP2R5A,DDHD2,EBPL
10493,GIPC1,PDCD4-AS1,PITPNM2,AGFG1,MED21,MAP3K7,RELL2,LMAN1
10494,TRIM28,CEP89,ACADS,GTF2F2,GIGYF1,MLLT3,RNF214,TCERG1
10495,KLHL14,ZNF264,TMEM39B,ZMIZ2,MLKL,DCAF16,CDYL2,RSBN1
10496,HSBP1,PPP1R32,USP20,AGO3,FLCN,LGMN,HDGFRP2,LINC00665
10497,FAM179A,RIT1,GBP4,SCD5,SGPP1,MAP1LC3B2,PPP1R13L,KLC1
10498,ARHGEF11,RSPRY1,SCAMP1,NR2F6,FZR1,ELMSAN1,MTERFD1,BRD9
10499,PAXIP1,AMT,NR1D1,KAT5,GOPC,UXS1,PQLC1,KDM2B
10500,PLEKHG2,ZNF333,YRDC,PAXIP1-AS1,LRRC14,ZNF628,EPSTI1,EMR2
10501,MRPL49,MTM1,SPATA13,ZNF317,ARHGAP21,TRAPPC9,COX17,SERINC5
10502,HBA1,AC069363.1,C1QA,SLC40A1,LARP4,PEX26,CCDC102A,THOC5
10503,MZT2B,ANKRD52,ILVBL,PLEKHA8,GAS2L1,DDI2,MFSD10,SLC52A2
10504,C2orf88,STRBP,TMEM53,PGAM5,MED31,MAGEF1,PHKB,EMC4
10505,CPT2,POU2AF1,TOR1B,PRAM1,RCCD1,ARHGAP26,TNFAIP8,CSF2RB
10506,BBS9,FAH,SEPSECS,MARK2,ZFAS1,FAM134A,MON1B,SPATS2L
10507,MIR22HG,BIRC2,C10orf118,ZCCHC14,FOXK2,ZNF354A,FCRL2,NSUN5
10508,C15orf61,AD000090.2,MED28,NUP160,LTN1,XPO7,ABHD2,BST1
10509,PPAPDC2,CMTM5,TBX21,C4orf47,PRKX,UBE3C,WDR12,LPAR6
10510,MGAT1,CCDC152,IFI6,RBMX2,LILRA3,CHMP1A,UBE4B,C15orf40
10511,CAPZA2,SPATA5,SCGB1C1,TBKBP1,RYBP,TADA3,EMC2,BRI3BP
10512,RP11-798G7.6,LYPLAL1,ADAP1,ETV3,MCM7,GCN1L1,DLEU1,DHRSX
10513,ATE1,NEK9,CHTOP,BRMS1L,RXRA,HPCAL4,ARAP2,ACADVL
10514,ENTPD6,BRI3BP,LY6G6F,MGEA5,LIPT2,ACBD4,RFC3,GNS
10515,FUT7,RIC3,EXOC6,ARMCX4,SH3BP1,CHD2,AP006621.5,ACSL3
10516,RP11-542M13.3,FAM211A,ICA1,CNOT6,CCDC104,BNIP2,CCR6,ARL3
10517,ZNF566,ATF7IP,RAMP1,CHD9,UBE2J2,LPIN1,TRMT12,TXK
10518,TXNL4B,C1RL,XAB2,PDHB,SPG11,COPG2,FOXK1,UBLCP1
10519,RP11-81H14.2,CDYL,ACOT9,ZNF438,SNRNP27,PARP11,BFAR,EML4
10520,MAP9,CCL4L2,RP11-1070N10.3,PIK3AP1,CEP57L1,KANSL3,CRADD,IDNK
10521,SDPR,SFI1,AHSA1,PHIP,MAK16,IL11RA,NT5DC1,C1QB
10522,EDRF1,AC009506.1,CCDC71L,LCLAT1,IFI27L2,C12orf76,ZMPSTE24,MPV17L2
10523,TES,BEND5,PHACTR4,TMEM186,HSPA4,AFAP1L2,MAPKAPK3,HDHD2
10524,CTA-250D10.23,MICAL3,RP11-879F14.2,MBTPS2,SPTLC1,HOXB2,DHX16,FCHSD2
10525,CD1C,CSNK2A2,NEDD9,ANKRD13D,PDCD4-AS1,MGAT2,NARFL,PAIP1
10526,CRAT,PPP1R13L,LMF1,MTX3,KCNN4,CPQ,RP11-163N6.2,POLE3
10527,CBY1,SPRED1,TSPAN4,GPR146,NDUFAF1,HSD17B12,CSGALNACT1,STAG2
10528,ABCD2,FAM179B,RP11-254F7.2,C11orf74,ULK2,EXOC2,MRI1,SLC2A6
10529,ERLIN2,SENP7,DTWD1,PIAS4,RP11-218M22.1,VPS26A,TSEN15,CD83
10530,C19orf38,MDH2,ABCC10,SGK3,RPL26,PEPD,FANCI,C11orf68
10531,DDX10,MED14,GIMAP8,TRMT11,SUPT3H,TTYH2,TUBB1,MBD1
10532,CDR2,CRLF3,FAM175B,DYNC2H1,ABCA3,ZNF775,FAM127B,BCL7C
10533,HHEX,GALNT11,AIP,PSMC2,COQ2,FRYL,RP11-418J17.1,C12orf45
10534,PSMB1,CXCR5,TARDBP,MTFMT,ERCC2,CD1C,MAVS,RPIA
10535,SHC1,SEC31A,PSMG2,C5orf30,DIRC2,STX16,C22orf39,BTBD1
10536,INPP5E,TRIAP1,LIAS,ZNF621,SORBS3,TNFRSF18,STK39,DDX50
10537,ATXN1,P2RX5,SLC39A1,RUNX1,PDP1,ATP9A,USP8,DGKA
10538,MLH1,RP11-936I5.1,IGSF8,RIPK2,TRIM14,MFN1,SPATA5L1,RBM18
10539,PRPF3,FKBPL,CDC5L,RASA2,ACD,SCOC,ZCCHC6,BATF3
10540,PJA1,EEF1E1,ZNF680,CMTM6,LEF1,TLR5,RUNX1,SMIM11
10541,CTA-384D8.34,CTD-2256P15.4,ABCD4,ZMYM3,BNIP3,HMGN4,TRIP6,ZSCAN16-AS1
10542,ZNF483,RP11-467D6.1,AC016586.1,WBP1,NOM1,C15orf48,RAB9A,LAS1L
10543,CYB5R1,ZNF701,SEC11C,CDKN1C,EXT2,KCNK6,CROCC,CD40LG
10544,FBXW9,TATDN1,AURKAIP1,RFXANK,SS18,DYNC1I2,CCDC90B,CCDC84
10545,UCK1,RABL2B,TRMT13,AHI1,BLOC1S5,RP11-488L18.10,ZNF701,HOXB2
10546,CD244,SLC5A10,BMS1,PPP1R11,KIAA0101,ASXL2,HIBADH,AKT2
10547,ZNF436,GATSL3,SETX,HBQ1,EAF1,PHF10,RNF6,SLC27A3
10548,CALCOCO2,MED7,SPRYD4,ENY2,PEF1,IL1RAP,NR2C2,CDKN2AIP
10549,ZNF286A,RUNX3,UFSP2,PGBD2,MPRIP,ZNF800,EXOSC6,EXOSC3
10550,LCORL,SENP5,SNRNP27,KIFC2,GNG10,APP,DCAF12,SATB1
10551,MGAT5,STX17,MRPL37,PPP1R16A,SLC16A3,BRD3,PLEKHA2,RAB7A
10552,ZNF684,RP5-821D11.7,RALGDS,HSPA14,GNS,OGFOD1,NDC80,KLF12
10553,FAM53B,SLC9A9,PJA1,ITGAM,AC120194.1,UCK1,CEP164,NCKAP1L
10554,CLIP1,HAUS1,OGFOD3,RGS19,REV1,NFATC3,ZNF816,PARP10
10555,DNAJB11,REPS2,ABCC3,SMAP1,IFT74,BRD2,RP3-467N11.1,ACIN1
10556,ACTR8,MIDN,SFPQ,C10orf88,INTS2,FKBP11,TLE3,MGME1
10557,AC008964.1,ITPRIP,DCAF7,CTAGE5,DUSP18,AP1S1,CD244,ATXN7L3B
10558,CNRIP1,TFB2M,IL18,NABP1,TMEM201,S1PR4,C2orf42,MARCH1
10559,LPIN1,KCNMB1,AC004854.4,TTLL4,DUSP2,GNPTAB,SMN1,PPIF
10560,TLR10,DDX39A,CDKN2C,RNF135,CENPB,HIBADH,WBP2,PINK1
10561,C1orf145,MICB,SASH3,FANK1,CTA-29F11.1,LIMD2,PHTF2,GLB1
10562,NUMB,ZNF266,ABCF3,GNAL,PSMC3,SLC2A8,RING1,ZRSR2
10563,CRIPT,CDR2,RPPH1,MAGEE1,C9orf91,NDUFA9,SLC46A1,TBCC
10564,CDIP1,HDHD1,PAXIP1-AS1,URB1,TADA2B,FAM13B,EDC3,AFF4
10565,NDRG3,BFAR,MYBL2,PCCA,FAM214A,ZNF37A,SUPT7L,FOLR3
10566,B3GAT3,MAN2A1,ZBTB21,PPP2CA,NAP1L3,AP001053.11,ZNF234,ASTE1
10567,ZNHIT6,ZHX1,AP001189.4,DDX11-AS1,HAUS8,FPGT,RP1-3J17.3,HCFC2
10568,HEATR6,DHODH,BCAT2,DNAH1,B3GNT1,PPME1,TMCC3,C21orf59
10569,FBXL16,SIGLEC1,BROX,TRMT2A,CSNK2A2,FAM178A,KIAA0556,HSD17B8
10570,NXT1,RC3H2,KAT6A,CACUL1,NSUN5,ZNF720,GCHFR,ZCCHC7
10571,AP000692.10,EPB41L3,UXS1,TNFRSF10A,XYLB,CHRNB1,MYOM2,FAM78A
10572,LRRC57,YOD1,ATP2A2,AC005944.2,ATP9B,SPOP,MMS19,DDX56
10573,METAP1D,RP5-1125A11.1,LTA,HERPUD1,AIMP2,NSG1,ZFP90,RBM26
10574,PRMT5,FUBP3,RAB11FIP4,ZNF791,GNB5,BAHD1,IRF2BPL,SLC35C2
10575,KIF21A,TSEN54,PSMD1,HDHD3,DXO,GPR107,SIKE1,PDXDC1
10576,STK16,GDAP1,RP11-383C5.4,TMEM65,EIF4G3,RNF123,KLHDC4,HEBP1
10577,CTB-133G6.1,FEN1,RAB38,GCNT2,SMARCC2,TMEM43,ATP6V0E2,TBC1D1
10578,BTK,POLE,WDR41,DUSP10,CTAGE5,PLA2G16,AC016629.8,BEX2
10579,DDOST,SOCS4,ATP2B1,SMPD3,METTL13,RP4-728D4.2,KIAA0430,RMDN3
10580,FANCL,TMEM120B,PTRH1,RP11-861A13.4,KIAA0825,CTD-3184A7.4,RP11-468E2.4,SIRT2
10581,DAPK1,MKLN1,H2AFY2,MSRA,NHLRC2,CLIC3,CRTC3,WDR37
10582,DESI2,EOMES,HIRIP3,F12,CASP7,MFSD3,EXOG,TYW5
10583,DHDDS,DMTF1,DDX3Y,SLC25A37,TAF2,RP11-1191J2.5,MICU1,NEK7
10584,AC005253.2,CDK5RAP1,KLHL42,CD55,USP12,SLC35F6,BEX1,CTCF
10585,SDAD1,DOPEY2,TPRG1L,RBM4B,TRNT1,PVALB,HAUS6,MPHOSPH6
10586,EIF5AL1,UTP23,MIER2,VPS16,FBXO48,ZSCAN18,LONP1,OGT
10587,PAX5,NAGS,BPTF,MAPK9,NIT2,HIST1H2BD,THAP1,KRCC1
10588,PLK2,TMIGD2,CHRNB1,ASTE1,PAN2,SCAMP1,RABL5,HINT3
10589,ZNF641,SMPD4,PRPF38B,CCDC146,P2RY14,AC074138.3,CIRH1A,MTMR14
10590,AKR1C3,SKP2,FAAH,RFFL,NUP210,FRMD3,SORT1,LARP1
10591,PSTPIP2,TAP1,TAF5L,PIM3,NPEPL1,PCBP1-AS1,LDLR,TBC1D4
10592,ACAD9,DEF8,GPATCH2L,AMFR,ZNF792,NOC3L,PLAGL2,APEH
10593,RP13-977J11.2,RP5-899E9.1,ZNF124,GTF2A2,C9orf64,RNASEH1-AS1,NCOA1,C15orf57
10594,MARCH2,TOPBP1,BTAF1,MTHFD1,CD3G,MYL5,TGFBR2,MVB12A
10595,HID1,SNAPC4,GSTZ1,C11orf73,SIGLEC10,CTB-133G6.1,ANKAR,RBP7
10596,PALB2,MTMR9,CBR1,FUBP3,RP11-325F22.2,CREBRF,NME7,PCBP4
10597,LRRC37B,PIGF,TSR1,RP11-119F19.2,ZDHHC7,HLA-DQB2,CCNL2,DYNC1H1
10598,PHF12,ZNF714,N4BP3,ZFP90,BCAS3,ZNF511,KDM7A,NGLY1
10599,ZNF747,ATAD5,CTA-217C2.1,RCCD1,RELT,MRPS34,FLVCR1-AS1,CETN2
10600,GGCT,ANGEL2,B3GNT1,PCYT1A,ZNF680,MBOAT7,PIGO,SCAPER
10601,RP3-467K16.4,DPAGT1,TRIB2,STYX,NAF1,RP11-127B20.3,API5,FAS
10602,NEIL1,C22orf29,GMPR,CCDC101,TSPAN2,UHRF1BP1L,CRYZ,MBD2
10603,ZNF107,LY96,LAPTM4B,TMEM216,UCHL3,LATS2,THOC1,UBIAD1
10604,DTHD1,PORCN,TRIM3,TPCN1,ETV6,ZNF431,VPS37A,UTP3
10605,USP21,FANCB,DDX52,FLVCR1-AS1,GOLGA5,PATZ1,PSEN2,MAP4
10606,ZNF516,ZBTB45,IVNS1ABP,SLC30A5,CHERP,SARNP,EMR1,SCLT1
10607,ITGB7,SLC35E1,CLEC1B,ZDHHC18,DCAF12,CHST11,INO80C,CCDC50
10608,MROH1,BNIP1,GTSF1,HIVEP3,NCOR2,BRAF,TRAT1,ABHD12
10609,UXT,ATP5L2,STX5,ERP27,PRICKLE3,TMEM44-AS1,ASGR1,POLR3D
10610,UAP1,PIBF1,SLC40A1,SNORA76,RASD1,RALGAPA2,FAM98A,DSCR3
10611,AC142528.1,ECHDC3,GABARAPL1,DOPEY1,PPP2R5B,SMC6,PPP1R15B,SAYSD1
10612,RLIM,ACBD6,PIBF1,SECISBP2,FAIM3,TNRC6A,FAM19A2,LTV1
10613,RP11-349A22.5,CH25H,SH3RF1,PRKAR1B,IPO7,INTS6,HIBCH,HAGHL
10614,FLJ20306,PRRG2,IRF3,OCEL1,AC016831.7,STAT6,RP11-108M9.4,RP11-792A8.4
10615,SIRT2,POFUT1,MAF,USP38,USP34,LTB4R,INPP5D,CNOT8
10616,UMPS,BLOC1S6,UNK,RP6-206I17.1,PMF1,VDR,RP11-464F9.20,FLOT2
10617,FRG1B,XYLT1,IER3,DDTL,SNX29,SCYL2,NT5M,PEA15
10618,FDFT1,MCCC2,ARSK,ABHD6,RAB3GAP1,CREBZF,B4GALT1,PAICS
10619,GSS,SAAL1,SCML4,C7orf31,IFT80,RABGEF1,MED13,PDIA4
10620,GATC,PRDM10,PHF23,SLC9A9,CBWD1,MGAT4B,PRPF4B,HSPH1
10621,DBT,GNMT,SLC7A5,PLCB3,RP11-1191J2.5,AAK1,ARFIP2,SLC25A1
10622,ARPC1A,CTD-2319I12.2,KIAA1009,CLSTN1,EXOC1,MYO9A,SHOC2,RASSF7
10623,SUPV3L1,GPKOW,BTBD2,NISCH,SNX15,LZIC,SECISBP2L,TAP2-1
10624,QTRTD1,PDE8A,ZCCHC3,SDR42E1,DYNC1LI1,ALOX12,MIB1,SUPT7L
10625,BOD1L1,SGMS1,BAIAP2,GALM,RP11-262H14.3,ARHGAP19,SNX16,REST
10626,DBF4,EIF2B2,PEMT,MAD2L1,FBXO45,BUD13,NUDT2,MRPL4
10627,KCTD2,PAGR1,NSL1,RALA,SSH2,C18orf25,RNASEH1,MRPS18A
10628,GABPB2,C6orf106,COMMD8,RAB32,PDLIM7,ZCCHC7,SRSF3,LONP2
10629,RP11-500C11.3,KLF9,ILF2,ZNF268,MGLL,SCLT1,AC004951.6,PRPF4B
10630,CREBZF,RNF207,GLA,TCF4,DPYD,AGPS,CCP110,C12orf65
10631,ZC3HAV1,POLR2B,LEPRE1,COA3,CCPG1,CACYBP,NUFIP1,EMC9
10632,ASMTL-AS1,FN3K,NUP50,GMEB1,RP11-1399P15.1,LAMTOR2,CHCHD1,C5orf45
10633,AC079922.3,ROBO3,ENTHD2,PDGFD,NHEJ1,SIKE1,YBX3,SLC35A1
10634,AGO1,AC062029.1,MAST4,ERF,KIAA1683,ZNF274,ZNF880,MLLT6
10635,IWS1,DEGS1,MPP7,USP18,NAMPT,MFSD11,C11orf57,MUTYH
10636,ATG4A,TRMT44,HSD17B4,INO80E,SLC41A3,BTF3L4,SCLY,FPGS
10637,PLEKHA2,MRPL50,SYTL3,NDUFC1,INO80E,ZDHHC3,SDE2,TPPP3
10638,HNRNPLL,SSFA2,TNFSF8,WWP2,PCNXL2,KCTD21,VGLL4,VWA8
10639,KIAA2013,STMN3,RP11-295P9.3,MAFF,CTR9,RHBDD3,CBL,ZNF593
10640,RAB12,SNF8,TLE3,SNX29,ACACA,GCA,WDR62,OXLD1
10641,BBS7,ZNF655,KBTBD7,UBXN6,TPCN2,SAMD8,MEG3,NAGA
10642,LEKR1,CCDC104,DCTPP1,RP11-46H11.3,KCNMB4,CCDC137,AGAP6,SUGP2
10643,PCBP1-AS1,AQP10,MGLL,RP11-611E13.2,PRKAR2A,THAP2,CEP290,DIABLO
10644,FGFBP3,FAM134B,MCM9,DENND5A,B3GAT3,NUFIP2,PUF60,PGM1
10645,BLNK,AKAP17A,PDE4A,C1RL-AS1,VSIG8,DDX42,AKAP1,CAMK1D
10646,LPHN1,ORAI1,CNOT2,PPP6R1,NQO1,ACN9,ITGA3,DPH5
10647,ADARB1,MAP2K2,ZNF426,NLRP3,SETD7,FAM91A1,RP13-1032I1.7,NSMCE4A
10648,AQP10,TLK1,TNF,TFE3,RP11-344P13.6,CLK4,RAI1,MRPL19
10649,DHX33,SLC4A10,C2orf88,INO80B,APOBEC3B,TTC9,TRIT1,PSEN1
10650,CRBN,SNX11,IKBIP,PER3,BACH1,GATC,RASA3,PARP14
10651,DNM2,NDUFAF2,NFATC2IP,ZBTB4,MTO1,MRS2,P2RY10,TNFRSF4
10652,C16orf52,SLC25A45,ACSL1,UBE2E2,ZFP37,ST14,FNIP2,ACTR6
10653,RP11-166O4.6,TMOD3,RP11-403A21.2,ENPP5,ACSF2,CTTN,ALDH3B1,IPO5
10654,SPOCK2,ARRDC1,TRIP11,CTSH,RP4-728D4.2,FAM3C,HGF,ELP5
10655,VMAC,HTATIP2,CSRP2BP,RP11-798M19.6,FAM73B,ADCK1,SNRPF,BAG5
10656,MAP3K12,CCDC34,NEMF,SYNGR1,NMT2,SEPT11,SLC16A7,TMEM63A
10657,CDKN1A,SRPK1,CYB561,ATAD3C,OXLD1,PTPLB,ILF2,SLC25A25
10658,TCHP,MARS2,MTF1,KHDRBS1,SLC12A7,MRPL43,ISCA1,FAM122A
10659,NNT-AS1,NUBP1,LINC00877,DNAJB12,TOE1,C5orf45,RCL1,TMEM11
10660,LRRC61,SLC1A4,ZNF274,CALU,UHRF2,DHX36,EHMT2,API5
10661,TOMM22,RP11-318A15.2,IPO5,FAM188A,STARD10,CWF19L1,PLCL2,ALOX5
10662,UBE2Q2,COPS4,CDC37L1,PKIG,PEBP4,ANTXR2,TMEM106C,CREG1
10663,ZNF256,ARHGAP29,CTB-113I20.2,PHACTR2,TTF1,SERPINB9,ZNF319,RELA
10664,UBOX5,RP11-428G5.5,SLC27A1,FAM107B,PARK7,ZNF791,ERCC4,NFKB1
10665,POLR3B,RP3-329E20.2,COX20,SPATC1L,GNA15,AGO1,ZFYVE27,PDE7A
10666,REXO2,GOT1,RP11-936I5.1,GPI,POMK,PAFAH1B3,VPS13B,RRAS
10667,CTD-3138B18.5,ELMO2,GP1BA,PSMA1,RWDD3,MAP4K5,TARBP2,PRNP
10668,ASCL2,SUMF1,FAM219B,EEA1,ANKRD26,POGZ,L3HYPDH,POLR2J3
10669,C1orf122,KCNN1,C10orf76,ZNF260,GSTM4,LYNX1,NDUFC1,POLR1B
10670,PIGO,ERN1,PSMC2,BIN1,GEMIN5,REL,GPBAR1,ECE1
10671,TMEM209,NOTCH4,ZYX,ZNF664,MAP3K6,PGD,CNTRL,KLRD1
10672,XBP1,MAD2L1BP,SLMAP,ZBTB41,FOXK1,NBPF12,ASCC2,TM2D1
10673,NUTM2A-AS1,RAB11B-AS1,KARS,SSFA2,ZSCAN29,MON1A,WRAP53,MPV17
10674,C16orf46,ANKRD18A,RAB1A,RBAK-RBAKDN,TMEM62,ZNF589,CRTC1,SACM1L
10675,RP11-486G15.2,TRAF2,ARMCX3,AFAP1L2,TMEM110,AMDHD2,RP11-192H23.6,LYPD2
10676,TBC1D9B,GTF3C2,NARF,TIA1,NADSYN1,BABAM1,LIPE-AS1,RRM1
10677,NPLOC4,DHX35,CYTL1,RP11-977G19.11,ZNF569,VAMP7,FAM178A,USP1
10678,KIAA1191,STMN1,NDUFA3,C17orf103,ENO2,ZNF134,SNAPC1,ARFIP2
10679,RP11-104N10.1,CHST7,PAK2,MNDA,RP11-796G6.2,CBX4,TM9SF4,S100A12
10680,FASLG,B4GALNT3,COPS7A,FAM179B,F8,USP30,MANBAL,HTATSF1
10681,LAGE3,CCDC6,CASZ1,PLD3,ARL8B,ACSS2,SNX29,TXNDC9
10682,NAT1,TMEM237,TFEB,RP9,SLC39A14,RP11-326K13.4,HAPLN3,PDS5A
10683,MED30,SLC26A6,TTC5,AK3,TGS1,KIF1C,C17orf103,IL2RB
10684,KCNG1,ZNF419,MCM2,FNDC3B,PPRC1,VSTM1,TMEM63A,STAT2
10685,ALDH5A1,PELO,DUSP10,PEA15,CTD-2035E11.4,MTMR14,FBXO21,SF3B2
10686,CIR1,ICK,RNF216,IGFLR1,ZNF492,C22orf39,ZNF770,VSTM1
10687,TMEM8B,ARL6IP4,RP11-1399P15.1,TPD52L2,C7orf55,TPRG1L,CDK8,CKS1B
10688,SLC39A11,ZSCAN9,VTA1,RP11-78A19.3,SH3TC1,PTGDR,CES1,MARCH7
10689,FAM50B,CD96,CTDSP2,RP11-799D4.4,KPNA6,FAM35A,TMPO,ITM2A
10690,MAP3K10,SIRT3,KRCC1,RNMT,TMED4,WDR20,GNS,POLD2
10691,TCF4,JDP2,CALCOCO1,CCDC43,MGST2,CCDC84,UBR2,WDR62
10692,ZNF394,MAML1,MDN1,AGPAT6,XRCC4,TLN1,CREBL2,RITA1
10693,FAM65A,MIR22HG,TM9SF3,ABHD12,DCP1B,GP6,TK2,LINC00657
10694,KDM3A,WTAP,ADPRHL2,CTC-301O7.4,TERF1,CTB-55O6.12,NPL,RAE1
10695,BTBD8,GRHPR,CTD-2186M15.3,PLA2G1B,NPTN,FAM118B,SKIV2L,IKBIP
10696,PRPF39,BAG6,MRPS33,MR1,FUK,C6orf25,NAA15,PRDX4
10697,ALG12,IRAK4,AC016831.7,C1orf86,ITGB3,EXOC4,S1PR5,CNOT6L
10698,PRRC2B,ST6GALNAC4,CPED1,FBXO22,HYPK,ANG,LTA,CCDC51
10699,PHLDB3,ABI1,TMEM102,PYGB,ATP6V1H,TMEM127,ZNF431,RABGGTB
10700,C12orf75,UBALD2,ZBTB16,FAM46A,NUP37,LCMT2,ZNF37A,PRPS2
10701,AC084018.1,ARMCX4,TMEM97,MLH3,TMTC3,RP5-1068E13.7,WDR11,FAM159A
10702,MRM1,KLHL18,VPS37B,SRBD1,ZNF561,MSH3,DLGAP1-AS1,DCPS
10703,RP11-175O19.4,PHC2,RP11-367G6.3,CUL4B,TTF2,C1orf52,TSPAN31,PPP1R8
10704,C11orf57,PHF23,DERA,PPP2R3C,CUL9,GGCX,FDXR,UBQLN2
10705,NRGN,LINC00861,C14orf159,ZKSCAN1,NOC3L,NR2C1,C9orf91,FLOT1
10706,CAMKK2,INTS10,TBC1D2,VCPIP1,STRADB,AAMDC,PRC1,LINC00861
10707,ALG13,ZBTB38,NSG1,KLRF1,ZNF493,RP11-69E11.4,RPL39L,TNRC6B
10708,CEP89,CDKN2D,ASPHD2,ALG10,STON1,DPM1,EP400,C9orf64
10709,MADD,PRRC2B,TSC1,GSS,NT5C3B,PRPF19,TMEM184B,DOCK11
10710,PAIP1,MFSD5,SYNCRIP,EGLN1,LIMK1,MED22,NCOA3,C10orf118
10711,BTBD1,SLC39A9,TRUB2,PWP2,DZANK1,ATHL1,RP11-589P10.5,RFC3
10712,NDUFS6,MECR,MYB,IST1,GPR153,GPN2,GPALPP1,PML
10713,HDAC10,WDR19,TPST2,TMCC1,ACP5,CRIPAK,UPRT,UBAP1
10714,ZC3H6,NOP16,IPO9,DHX34,GMPPB,MCTS1,LZIC,AP003774.1
10715,OSER1,UQCRC2,RPIA,DDX26B,TMF1,TRAF3,CXorf56,BFAR
10716,MLXIP,CARD11,IGSF6,ALG3,MAGEH1,IQGAP1,SLC25A42,TMEM126A
10717,RELT,DOCK8,NBPF12,KIR3DL2,GNA13,SARS2,ZNF512,EXOC4
10718,RABL6,MECP2,METTL1,NUP205,PDK2,TBCE,CD163,MAGT1
10719,RPS6KA1,FZD1,MCM4,KB-1507C5.2,CMTM2,YLPM1,PDE6B,UNC50
10720,AC104532.4,ROMO1,TMBIM1,HIST1H1B,TMEM138,EGLN3,C21orf91,NTMT1
10721,LIMK1,SMCHD1,RP11-611L7.1,HIGD1A,CCL4L1,NFATC1,PARP6,NRROS
10722,IFIT2,MSL3,RGS3,HUWE1,BMF,KATNBL1,AP000783.1,URI1
10723,RP4-673M15.1,UBE2V1,SUN1,GALNT6,UBL7,BICD2,LRRC23,TMEM134
10724,CD70,DBN1,TMEM187,COL18A1,TMEM106A,AGPAT6,PAICS,UQCR10
10725,TTI1,RIC8A,EFTUD2,MTMR4,DBR1,GAK,KRBOX4,YEATS4
10726,PTPRE,SUPT3H,VAMP3,CDAN1,VSTM1,CDCA5,FAM3A,C4orf48
10727,ATR,RP11-37B2.1,RP11-143J12.2,LINC00843,SPIN1,PAIP2B,RP11-1391J7.1,FAM162A
10728,PIK3CD,TMEM259,TMEM165,TESPA1,AMIGO2,C6orf211,ESRRA,FAM53C
10729,PDCD6IP,PNOC,ING2,PCNXL2,SCAMP4,LINC00909,CAMK1D,SRPR
10730,SLC25A20,PYHIN1,EXTL3,IGFBP6,C5orf45,TBC1D2,SFXN1,MGEA5
10731,NFX1,MT1F,RP11-395A13.2,FAM122B,AC022182.3,NUDT18,HHLA3,GTPBP8
10732,CLIC4,MTA2,KCNQ1,NFXL1,RPAP3,PVRL1,SH2D3C,RPS7
10733,FAM129C,POU2F1,TRMT11,CYTL1,FCRL5,ACAP1,RP11-119B16.2,CDK11A
10734,ZNF180,DAGLB,TUBB6,TMEM38B,TNFRSF17,LUZP1,TRMT10B,STRAP
10735,FRMD8,IER5,FLYWCH2,GUF1,C9orf116,GNG7,SPIDR,TARDBP
10736,FCF1,RAB33A,SLC25A4,PSD,LUZP1,SMARCA4,GMFB,INTS12
10737,MAMDC4,TASP1,GART,THRA,PCYOX1L,MT-ND3,SRPK1,ZNF44
10738,GTPBP3,IDH3B,SNRNP35,MICB,NDE1,CYB5R3,SRCAP,ARL11
10739,EFNB1,GLB1,SLC29A2,NCF4,C9orf3,ELF2,CUL5,BOD1
10740,ITPA,UBE2D4,MRPL4,APIP,R3HCC1,CENPE,ELP4,AP2B1
10741,ANKRD9,TAZ,PTAR1,LDLRAD4,C2orf88,ZNF611,CLDN15,PPM1B
10742,PILRA,RIPK3,CCDC62,ZC3H18,RP11-25K19.1,ABAT,SKIV2L2,RP11-51J9.5
10743,PDCD5,PTPRJ,ZC3H14,AC093642.3,SPRTN,ST6GAL1,PYGO2,MTX1
10744,HSD11B1,TMEM106B,RBM15,TAF9B,TUT1,RP11-372K14.2,YWHAG,TNFAIP2
10745,MYSM1,CHRAC1,SURF4,SLC39A14,BCL9L,UGCG,C1RL,MRPL13
10746,DNASE1,BLK,S1PR1,NRG1,RP6-109B7.3,FAXDC2,BCLAF1,NOC2L
10747,IRF5,SNIP1,ABHD17B,TNK2,RP11-147L13.2,TXNRD2,CDC73,XPC
10748,CNNM3,C1GALT1,ACTA2,PIGS,ZNF468,PAICS,RBM14,DNTTIP1
10749,PSMC1,AHCYL2,SERINC5,GBP4,GPHN,UBE2H,ADAT1,PDPK1
10750,YY2,NAP1L4,MDM2,RP11-326C3.11,ZMYM4,DNAJC14,CHCHD4,MAPKAPK5
10751,LY9,ABI2,ALG2,GNL3L,CCR2,LRCH1,NEURL1,ARHGEF3
10752,TBC1D19,NDUFAF5,FAM175A,AC083843.2,MRPL4,EGLN1,RFWD3,TTC33
10753,FEN1,RP11-128M1.1,GAA,TIMM23,GLYCTK,TREML1,VPS9D1,SNAPC5
10754,TUBGCP5,ACAT2,ANAPC5,MAU2,RUNDC1,POLR3D,HS1BP3,LMBRD1
10755,RSRC1,ANXA7,ACTN4,FHL1,ORAOV1,RP11-533E19.7,SKI,LRRC45
10756,ST7,ITK,SLC1A5,NCF2,WDR91,CDIPT,DCTN5,REPIN1
10757,ZHX1-C8ORF76,MED6,FNIP2,SNUPN,NOLC1,FOXJ3,TMEM116,TBRG4
10758,PNN,PVRL2,TRAF6,ANO9,RFK,USP38,TROAP,PPP1R10
10759,TLK2,EIF2B5,TBC1D7,LRRC48,KIF21B,IL2RB,TP53TG1,PSMB4
10760,CTD-2270L9.4,XRCC6BP1,LCMT1,MZF1,ZEB2,INTS6-AS1,ZSCAN16-AS1,NUFIP1
10761,PHYH,TIMELESS,ZDHHC6,PRELID2,TDRD7,EPS15,ITPK1,SUPT20H
10762,CD28,PIM2,LILRB3,CWF19L1,TFEC,H2AFX,PCCA,PNPLA2
10763,C16orf45,PFAS,CYFIP1,DCAF12,FAM53B,ATP6V0C,HN1L,KIN
10764,LYPD3,CDC73,FAHD1,XRCC4,ATPAF2,TTL,MBD1,RAB6A
10765,PAFAH2,NT5DC1,TRAPPC2P1,CCRL2,RBM12,KIAA1467,CBLL1,PXN
10766,USP19,TMEM218,RP11-319G6.1,TROVE2,PAFAH1B3,ZNF124,RPUSD2,DDA1
10767,APOBEC3F,SPCS3,ARFGAP3,BRI3BP,FBXO18,TXNDC9,JMJD1C,PSIP1
10768,PIP5K1C,TAF1,PID1,TBL2,EPOR,PCNX,LIG1,HSH2D
10769,FOXD2-AS1,CCDC84,MED17,VPS36,ATF6,GEMIN7,RP11-1399P15.1,PIM1
10770,SMC1A,PPP1R12C,NREP,SNORD3B-1,TCAP,LILRB3,NME1,FAM118A
10771,HMG20B,RECK,ELAVL1,IPO4,TPK1,CHURC1,FNDC3B,SAMM50
10772,AC023490.1,AGO2,EPS15L1,TIMM50,IKZF4,KLK1,WDR24,FBXO25
10773,KCNQ1OT1,IBA57,TUBA1C,UCHL5,PHF10,RP1-313I6.12,ZNF682,FN3K
10774,N4BP1,CEP78,GALNS,RUFY3,PSKH1,RP11-817O13.8,C4orf33,CCDC47
10775,DDX60L,TARSL2,BCAP29,ZBTB6,ZNF10,TXNRD1,MED31,LMO4
10776,PLA2G12A,BZRAP1-AS1,STX10,SNRPD3,ENDOV,NSMCE4A,GCA,POC1B
10777,LY6G5C,KMT2A,VPS11,USP25,KDM5A,RFC5,ZDHHC14,RNASEH2A
10778,NCAPH,CHKA,QARS,HMGN5,QTRT1,LRRC14,GFOD2,NFKBIL1
10779,ZRSR2,NLRX1,C2CD3,C20orf24,SOBP,NFIL3,C19orf52,ADH5
10780,ZSCAN18,TMEM55A,OGFOD1,RPL9,RP11-308N19.1,COPA,CD38,BRIX1
10781,EIF5A,SYT17,POLG2,SIRPB2,CEP63,NEK8,ZNF626,BIRC2
10782,HINT3,PDHX,GSS,CACNA1C-AS2,ASCC1,ZNF468,TRIM52-AS1,PSMB2
10783,MCF2L-AS1,ASNA1,TC2N,KRT18,MBD4,NLRC5,PHF5A,PLCL2
10784,YPEL1,ACD,TNS3,TYSND1,SART3,RP11-448A19.1,RP11-284N8.3,PTGER4
10785,C1orf35,CTD-2267D19.2,DNMT3A,FARSB,ZC3H7A,KIAA0226L,TTI2,PHF20
10786,SERTAD3,P2RX7,CEBPA,XXbac-BPG252P9.9,WHSC1,DCP1B,QTRTD1,IMMP1L
10787,SFR1,TOM1L2,ZSCAN32,SPECC1,ITGAV,RAP1GDS1,PDXK,REC8
10788,RHBDD1,TSR3,EIF2AK2,TNPO2,DSE,RP11-1017G21.5,CIZ1,PPAPDC1B
10789,KAZALD1,FNDC3A,YY1AP1,PDSS1,FAM49A,RP13-753N3.1,ALKBH3,CROCCP2
10790,MCC,ITCH,TREML1,COPS3,RABGEF1,UFSP2,ZDHHC21,MIAT
10791,SAT1,GORASP2,ALG10,CEP95,PELI3,KLHL18,IAH1,TMEM14B
10792,C12orf43,MBLAC2,C10orf11,FADS2,HNRNPA1L2,CAAP1,DCAF16,MLEC
10793,KLHL24,SLC30A7,PTGES3,GPR82,AC093818.1,LTV1,NRM,SF3B3
10794,EPC1,FAM103A1,BBS2,FAM49B,RP11-403A21.2,ANKRD28,DNAJC5,TTC14
10795,FBXO7,SLC9A6,TMEM259,DPH3,SPTBN1,RP11-385D13.3,XCL1,SRD5A3
10796,ZNF674-AS1,AC079305.10,ATF5,FES,WBP11,MIS18BP1,ORC2,PNO1
10797,SLC35B3,PNPLA2,PRR14,B9D1,GART,SNRPA1,TMEM41B,RPP21
10798,ISOC2,RNF8,WIPF2,FBXW4,DEF8,SMIM13,S100B,PARP11
10799,LRRIQ3,NAB1,RP11-532F6.3,HAUS4,MMD,GLRX2,EPB41L4A-AS1,C19orf66
10800,JMJD4,SMAGP,DYNC1I2,YTHDF2,CHRAC1,CABLES2,ANKH,EBAG9
10801,NCOA7,INPPL1,PIK3C2B,AP001372.2,TMEM182,DAPK1,TMEM160,KLF7
10802,HM13,CLDN5,SPRYD7,AC022498.1,RNASE6,NAGA,YPEL3,ACBD5
10803,ITPRIP,NUDT7,IDNK,MRPL35,TAF8,SYVN1,ZNF83,RPS27L
10804,GAA,RP11-820I16.4,PDK2,PRIM2,KCNK6,PPID,GNL3,WAC-AS1
10805,HDAC8,PDE3B,FAM201A,NUDT22,RUFY3,FLT3LG,ALAS1,SNRNP27
10806,SH3BGRL2,PMS1,RPUSD1,PBX2,PCSK1N,HSD11B1L,RGS2,EIF3K
10807,CRY1,RAD21,LINC00623,DUS2,RABGGTB,C16orf52,FCRL3,HCCS
10808,TP53,PRKX,RP11-463J10.3,ZMYND8,PSME4,CENPP,RP11-474G23.3,KMT2C
10809,ZSCAN32,TRMT1,MRPL34,CTD-2576D5.4,ATXN1L,ZNF518B,MORC3,ZNF22
10810,MED4,MEMO1,CYFIP2,HPRT1,ZBTB11,C11orf82,SLC16A13,C1orf131
10811,SMC6,CXCR3,SQRDL,RRP12,SIRPB1,HPSE,LRRC58,FAM200B
10812,TCF12,TMEM39B,AGTRAP,KCTD11,CD302,GON4L,PPIL2,KLF10
10813,RAB1A,STAT5B,PM20D2,DVL2,TREM1,IL10,DDHD1,STK38
10814,TIMM9,ARAP3,PGM2,DLST,NEK1,ZER1,CTDSP1,CYP2R1
10815,COQ2,GPA33,TNFRSF14,ZHX2,VIPR2,ACADM,PPP1R7,MYCBP2
10816,UTP15,DNTTIP1,C3orf38,OSER1-AS1,ITSN2,NACA2,RP11-115C21.2,NFU1
10817,RFX7,LRRC7,TMEM206,TAF15,MGME1,ZNF446,HOMER1,ZDHHC6
10818,TIA1,FAM3C,HOXB4,ZCCHC3,CTPS1,FBRSL1,COL4A3BP,FAM104A
10819,DIS3L,LINC00339,EIF4E2,ALG13,POLDIP3,AC116366.6,C14orf142,GANAB
10820,EBLN2,TRUB1,SLC45A3,LINC01011,PSMD10,BMF,RP11-568N6.1,RCAN3
10821,TBC1D20,GYS1,RNF19B,C14orf1,ZNF780B,PRKCQ,SAR1B,RAB5B
10822,C2CD5,CNOT8,SIRT5,DNAJC3,BRD7,KIAA0753,ASXL2,RPAP2
10823,STK25,AKAP10,PIK3R5,CLCN7,NAPB,TRMT2A,MARCH7,DDX1
10824,DCBLD2,SLC40A1,PIGT,MITD1,LILRB1,AK5,PMVK,GOSR2
10825,CCDC15,CTU1,C1orf54,PIGA,PNPLA6,ARID3B,GRAP2,GTF2B
10826,ZNF44,SCN1B,PIAS3,MAPKBP1,DHDDS,KIAA0586,QKI,DPM2
10827,BZRAP1,CTC1,LINC00526,B3GNT1,C4orf27,EXTL2,MED11,GIMAP6
10828,HMGN4,RP11-304L19.5,PIF1,ZFX,RLIM,CBWD6,GIMAP5,PEX2
10829,DUS3L,HCCS,SIL1,ATXN2L,MICU3,TAF6,DDX28,MTHFD1
10830,NOM1,SYPL1,TSPAN7,SLC25A46,UEVLD,AC006129.4,AIMP1,JADE2
10831,FAM71D,OTUD4,HPGD,DEXI,SMPD3,DTX1,MEMO1,SPTLC2
10832,MINOS1,CSF2RA,CARD8,MTHFD2L,UPF3B,PTPN12,SLC35B3,ODF2L
10833,SMYD4,ABHD14A,SF3B1,ZNF563,HSPBAP1,DHX57,RP11-475O6.1,MT-CYB
10834,GOLGA7B,THG1L,MIA3,EIF2AK3,LDLRAP1,C17orf70,TELO2,ERI3
10835,CCDC88C,RAE1,HSPA1A,SBNO2,SACM1L,ARHGAP1,ZNF548,GARS
10836,RP11-708J19.1,XRCC5,ICOS,SYNJ1,FUBP3,RAB11FIP3,APOA1BP,ETS1
10837,ZNF708,ZC3H7A,AC006369.2,MAPK1,SEPT5,TRIO,ZFYVE16,PDE6D
10838,UTRN,MYC,FAM20C,DTX3L,AC004854.4,HTR3A,DNAH6,TACO1
10839,IGFBP7,FAM160B1,CD28,MYOM2,CYB561,RAB3A,MED24,ADAP1
10840,RP11-1407O15.2,BRD8,DNAJB11,GDI1,NCF2,ZNF585B,FCGR1B,PTPN2
10841,PTMS,MED29,NAPSA,CEBPG,TTPAL,ALG14,INPPL1,IRF4
10842,TGFBI,ZNF280D,PGRMC2,HOOK2,LINC00852,MTHFD2,EI24,CKB
10843,MRPS33,NEK4,C2orf68,DUSP18,MPP6,HNRNPU,SKIL,ZNF544
10844,MVB12B,RAD50,OLA1,RASD1,ZSWIM6,GNPDA2,EGLN1,PIAS1
10845,PHF7,ING2,ZNF563,TCEAL4,VAC14,HIATL1,ENG,CHD4
10846,AC016586.1,EFTUD1,BRIX1,CRKL,IFFO1,PEX2,ADAP1,C21orf33
10847,FMO4,MGAT5,RP5-1073O3.7,METTL25,TTC3,CPNE8,TRIM11,RAB22A
10848,ELAC2,CERK,MEAF6,LRRC58,TFRC,RARG,IPO5,KANSL1
10849,ME1,KIAA1468,CIB1,RPAP2,PROK2,PCDH9,GFOD1,CCP110
10850,ZNF699,KCNN4,CDK11A,RNF13,ABL2,MRPL14,AATK,KAT8
10851,GTPBP2,NME6,NME6,IKBKAP,NUFIP1,JADE2,TCTEX1D2,ZNF880
10852,SETD1A,RP11-403I13.8,SUMO1,ZNF264,PACS2,MKRN1,RP11-197P3.4,UFSP2
10853,LL21NC02-1C16.2,ZNF575,GDE1,PSEN1,C12orf65,SLC9B2,KIAA1009,NEDD9
10854,RNF24,MAST3,CACNA2D4,AP1M1,ATP8A1,ILKAP,PEX3,SUDS3
10855,C1orf54,PPIP5K2,RHOF,SLC29A2,LRRC56,NUDT15,TSPYL1,LPIN1
10856,ZNF880,ATP13A1,FCHO1,PDDC1,TMEM159,HYAL3,MINK1,ACBD6
10857,PVRIG,SESTD1,ERI3,ZNF707,NDC80,CTA-250D10.23,TNIK,RRP1B
10858,ZNF576,TTBK2,SEC61A1,LOH12CR2,ORC3,GUCD1,STRN4,PDE4B
10859,RGS3,SH2D1B,ZCCHC2,CASP9,BCL9,FHL3,VPS53,ARHGEF2
10860,PDIK1L,CCDC117,GP9,PANK3,LLGL2,GPKOW,CIAO1,NDUFS7
10861,MED25,KLHL8,ZNF571,RAB28,SGSM3,VASH1,TMEM9B,TRIAP1
10862,ACADSB,SEH1L,MICU1,RAD9A,ATP11C,LINC00657,RPP25,PCCB
10863,SLC44A2,CHMP5,DPEP2,ANKHD1-EIF4EBP3,CUTC,CCSER2,TOP3A,MCRS1
10864,ATP2C1,C12orf79,GNPTG,DOK3,RP11-474G23.2,KCNMA1,CCL28,MAGEH1
10865,FADD,PCCB,CES4A,RP11-1114A5.4,FCGR2A,REXO1,TGS1,CTD-2035E11.3
10866,PRKD3,C15orf39,MICA,CERS4,CBR4,LRRFIP2,CHST7,FAM195A
10867,EIF2B1,CTD-3154N5.1,CPSF6,ING5,IMPA2,ZNF529,ZNF687,ZDHHC3
10868,AC091729.9,UBQLN1,KLF7,C1orf50,NUAK1,MAP2K5,TNNC2,CXXC1
10869,LRRC45,HCFC1R1,LACTB,RP1-102H19.8,NPAT,UBFD1,SEC14L5,NUP88
10870,hsa-mir-8072,ADCK3,FXYD2,RARS,TBCK,IVD,GLS,PUS3
10871,LRPAP1,FOXRED1,LL22NC03-2H8.5,SIRPG,SOCS5,ANKHD1,RP1-197B17.3,DDX52
10872,NUS1,YBEY,DACT1,LRRC25,FAM105A,SYAP1,ATXN7L3B,CAPNS1
10873,SCAMP2,SLC37A4,FYTTD1,CRY2,TBL3,SSBP1,ANO6,ANKHD1
10874,RP11-362F19.1,RPS6KA3,CDK18,LGALS9B,TAF9B,DBP,RARG,TRIM26
10875,SFMBT1,SACS,NIP7,DERL3,IFI27,ATXN2L,PTPN22,CTPS1
10876,HIC1,PNPT1,AGPAT9,ZNF426,QRSL1,C17orf72,LUZP1,ITFG1
10877,ZNF410,RNF25,ZNF404,MTF2,AC147651.3,AASDH,ZNF302,BCL11B
10878,ASUN,CCDC24,SMAD3,CAMK2N1,SLAMF7,CYP27A1,MICU3,PELI1
10879,CDKN2A,DUS3L,KCMF1,FNBP4,THOC5,MINOS1,PDK1,GTF2I
10880,GPATCH8,CETP,NPC1,C1QC,LGMN,CPT1B,SULT1A3,TRIM21
10881,CACTIN,MRPL44,FOLR3,LAP3,FAM133B,CAB39,PDHB,VMO1
10882,RAD18,C9orf66,LIN37,TMEM161B,NAPA-AS1,ZNF777,VEZT,USP34
10883,ACN9,SFXN1,KLRC1,RAPGEF6,CTD-3064H18.1,PLXNB2,RASSF1,ACAP2
10884,SURF6,NRDE2,STX3,RTN3,TUBGCP2,ZFAND3,HACE1,NIN
10885,LIPA,ZMYM3,LZTR1,C11orf21,CYB5RL,ZFAND2A,CENPO,AUH
10886,MAP4,FAM101B,IMPDH1,CD86,AIG1,MBIP,RCE1,TMEM18
10887,TRDMT1,TMEM261,MIB2,ING4,ZC3H7B,RP11-158I9.5,TLN1,CD86
10888,TRMT61A,IPO9,ZBTB33,UTP14A,SELT,RCAN3,NELFB,VEZT
10889,ATXN7,SIK3,FAM129A,SNRNP27,RP11-90P5.2,C7orf55,FAM117A,MRPL53
10890,BDH2,G2E3,TXN2,MED14-AS1,RCAN3,LINC00426,BCL11B,KPNA3
10891,ANKRD44,MPHOSPH10,WBP4,COG4,BRD4,SLC24A4,NICN1,PAPSS1
10892,MICU3,TRAP1,PELO,STK32C,SLC35G2,STIP1,WARS2,FAM207A
10893,S100A12,CMTM2,SMN2,KLHL15,FPR1,TMEM245,RMDN1,OSCAR
10894,TMEM5,IL3RA,ZNF669,CLTA,COPG2,AGA,SMARCC2,NUP107
10895,IBTK,RP11-5C23.1,TIMM50,MAX,TLE2,FANCF,MAN2A1,EXOC1
10896,RP11-713P17.3,RCC2,FARSA,UXT,EFTUD1,PDHB,EXT1,UBE2D1
10897,CCDC152,APOM,PNRC2-1,UQCC2,ODF2L,SAP130,PRKAB1,PTPRE
10898,GRB2,HMGXB3,KCTD20,STXBP5,TRIM56,HSPH1,XXbac-B135H6.15,TMEM30A
10899,AL645728.1,USP11,USP19,FSTL1,RP5-940J5.9,AC093495.4,SUGT1,COPS8
10900,COMMD2,BBX,SURF6,SPATA5L1,STRA13,CES2,POLR2G,ZDHHC7
10901,DNAL4,FAM199X,MBP,BLZF1,KIAA1841,SH3GL1,SCAPER,CPSF6
10902,AGGF1,GDAP2,NBPF3,ANKRD37,IMMT,RPUSD1,YIPF6,TGFBR2
10903,SCRN1,ZFYVE1,KATNA1,TEX30,CCDC7,PCIF1,HLA-DOB,YIPF6
10904,TMEM237,SRPR,APPL2,TIAM2,ZNF441,SYTL1,MFSD6,PJA2
10905,STAT2,RNF2,ATF7,C11orf30,INTS3,FABP5,FRA10AC1,TTC3
10906,ST3GAL4,FAM118A,MTIF3,DAGLB,FANCI,CD6,UHRF2,MRPS28
10907,ZCCHC9,PLCD1,GSDMD,MKNK2,TSPAN17,STX6,COG1,CAST
10908,BTBD6,ACSF3,C16orf62,SCFD2,NDUFA5,SCML1,LRWD1,CD5
10909,ZC3H7B,CYP2R1,CTD-2006K23.1,AAED1,SREK1IP1,CTB-31O20.2,CAMKMT,EIF4EBP2
10910,DPP4,SNRPB2,C12orf43,TFAM,ERCC4,CFH,RPA3-AS1,ERGIC1
10911,AC016683.5,MAGEH1,ADCK2,ZNF142,CLPB,TSPYL4,ZNF680,ITM2C
10912,TCTN2,ERLEC1,SNORD3B-1,WDR91,LRRFIP2,CHAMP1,TLR10,RBM33
10913,AQP3,HIST1H2BC,ACSL6,KDM4B,SYMPK,ZBTB44,CTC-378H22.2,CDK12
10914,FN3KRP,LCP2,CSTA,AIDA,FAM200B,HNRNPH3,MED25,DNAJC1
10915,RRAS,KIF5B,KEAP1,CENPP,LY6G6F,NAE1,FAM212A,ABI3
10916,SCAF4,ARSA,CXCL3,TTLL3,ASCC2,DOCK10,FAM159A,SLC25A17
10917,PRPF4B,HSPA9,CRTAM,SESN1,PPA1,ZNF230,AC092580.4,MEAF6
10918,CCDC142,ARHGEF12,TMEM150A,HCG27,TPRG1L,BCL11B,C22orf46,YIPF5
10919,TOP1MT,RXRB,BRAT1,NPAT,ZNF322,GRWD1,CRNKL1,FCER1A
10920,LARP1B,IRF2BP1,RP11-356I2.4,ZNF770,LINC01003,FAM168A,CPSF7,PSMF1
10921,MOSPD3,PDCL3,RP11-14N7.2,USF2,DOCK10,RP11-8L8.2,DPM2,HERPUD2
10922,CIAO1,PXN-AS1,PAFAH1B2,SERPINA1,ZNF605,ARCN1,CKB,DMAP1
10923,NRL,EIF4G3,FGD5-AS1,SKI,CCDC23,GPN3,HSD17B8,FBXL5
10924,KANSL1,STIM1,ABCA2,LENG8,LOH12CR2,TCEANC2,TTF1,CHFR
10925,HDAC9,MEX3C,TFDP2,EXOSC5,PRPF4,SLC25A43,NFATC3,PIGS
10926,HIBCH,ANKRA2,FDXACB1,PITPNB,GDE1,PFKFB4,STRN,SPOP
10927,ZNF45,ATPIF1,DDX28,ITPA,ZNF865,ATP6AP1,AC078883.3,ZNF331
10928,FAM174A,C3orf58,C9orf3,C14orf64,MAP2K5,WHSC1,RIN3,BAG6
10929,TBRG4,RP11-254F7.2,TBK1,TMEM184B,THOC3,RP11-1299A16.3,PI4K2B,SCGB3A1
10930,C9orf85,MBNL1-AS1,USP14,NEDD9,KAT2B,FBXO4,RBM28,BLMH
10931,CDKL3,CCNT1,SLC2A4RG,EXOC3,PJA1,EXOSC10,C12orf76,IPCEF1
10932,ATP6AP1,TSR2,NDUFAF6,C17orf59,MSC,TRIM52-AS1,TIFA,C17orf75
10933,PPOX,SLC25A24,MAP4K2,MTRR,FAM89A,CTD-3088G3.8,C17orf59,RP11-196G18.24
10934,COX6B1,TSR1,ALKBH5,CTD-2267D19.2,SRD5A1,WDR48,FAM195B,AIMP2
10935,DBNL,DCUN1D4,SUSD1,PRRC2A,CD4,MAP2K7,SPRYD4,ARV1
10936,DNAJC27-AS1,TPTEP1,AP3S1,SEPT6,FOXP1,HOXB4,TMED4,EIF2AK2
10937,AGPAT6,PDS5A,E4F1,AC093627.10,ELL2,WDR11,CYP20A1,ABLIM1
10938,SNAPC3,ZC3HC1,LINC00324,DUSP3,DMXL2,C17orf80,RP11-290D2.6,GSK3B
10939,ZNF425,CRTC1,FAF2,ZNF296,TTN-AS1,TBXA2R,IARS2,TRAF5
10940,SPAG9,SAC3D1,PFKFB3,RP11-254F7.2,ARL16,AC131097.3,CCDC28B,ILF3
10941,REPS1,PCP2,DET1,SOS1,TLK1,MAML2,ITGA2B,RBPJ
10942,S100B,FCHSD2,SLBP,DNMT3A,OSBPL3,ABCA7,MCM4,WDR41
10943,ZNF793,PCK2,FAM195A,MYO9B,DCAF16,RBFA,PTPN18,MAL
10944,ZBTB49,MRPS27,ZNRF1,QARS,DDX54,CD2AP,ANK1,ABCF2
10945,PTPRA,ZMAT1,FAM91A1,IFI30,EFHC1,FAM159A,TRMT6,GTF2E2
10946,SSNA1,ACAT1,PIGX,UBE2V1,LINC00341,UBTD1,PITPNC1,SSR1
10947,IFNG-AS1,TMEM204,NRF1,TELO2,SENP6,DNAJC10,RP11-792A8.4,HERC3
10948,IMMP1L,SURF6,AC147651.3,EPC2,CTD-2562J15.6,DNMBP,ADPRHL2,MOB4
10949,KIAA0226L,NPEPPS,AKTIP,GNPNAT1,PCGF1,SPATS2L,PPFIA1,TMUB2
10950,PAPD4,PLEKHG2,ATPAF2,IMPACT,RRM1,KIAA0232,LINC00998,HSPA14
10951,NELFA,TOB1,LYN,C14orf182,ERMARD,TIGIT,MCM9,GNG5
10952,ITGB1BP1,DEDD2,UBALD1,USP36,MAPK8,C18orf21,TOMM5,DDX19B
10953,TK1,AP3M1,MRPL11,RAD1,NSF,SMC1A,CDC27,AZI2
10954,LRRC14,YIF1B,RMND1,POLR3E,C16orf74,NCR3,MEF2BNB,CUX1
10955,CTD-3185P2.1,CEP104,FBRS,FCER2,UTP18,SLC35E2B,UBA6,PPWD1
10956,ZCCHC18,MAPK8IP3,RP11-73K9.2,TNPO1,CKAP5,FBXW8,PACS1,MIS18BP1
10957,KIAA0232,UBR2,TAF1C,CEP44,ALOX5,AC073283.7,RP3-475N16.1,RBM5
10958,RSL1D1,FAM133B,KRI1,OAS2,ERAL1,ANO10,TRANK1,LILRA1
10959,PSPC1,HSD17B7,XPOT,ITGA6,THAP7,GOLGB1,ESCO1,UNC119B
10960,NDEL1,DIABLO,RP11-589P10.5,H2AFY2,RBM26,EVA1B,HERC5,TENM1
10961,ABHD8,METTL3,TUBA8,SLC18B1,EGR1,POLDIP2,ABCD3,THAP7
10962,AC104820.2,SH2D1A,TMEM101,MDS2,CEP72,WBP5,CTB-133G6.1,ESD
10963,GALNS,RAB11FIP2,TRIM13,ATG4C,TCF7,KIAA0196,ULK2,ZNF550
10964,PFN2,HMGN3-AS1,KBTBD6,FAF2,SMIM14,TAF4,DCP1A,PIGX
10965,EFR3A,PSMD6,LCLAT1,FUT11,ZNRF1,GOT2,RBM12,LETMD1
10966,AK1,CCDC41,RBM26,NUDT7,HAUS2,DNASE1L1,MLLT6,GPBAR1
10967,ZNF783,NUPL2,FAM117A,LRRC59,AIM1,RFESD,NRAS,ECSIT
10968,RP11-110A12.2,BTN2A2,BRE,VTA1,RUNX1,CXorf21,ZNF414,RARS
10969,HIST1H4H,ALG13,HEATR2,MRPL39,CAT,SPIB,ELF2,RNASE6
10970,RP11-244H3.4,CYB5A,NSMCE4A,PPP2R2D,TRIM16,PPIL4,PTPN2,LILRA3
10971,SH2B2,CTDP1,SRGAP3,CHEK1,PINLYP,FAM126A,SYNE1,NQO1
10972,PHF10,MKRN2,TFAP4,AC002117.1,GDAP2,PPIE,BPGM,GALK1
10973,TOM1,AP000769.1,CDC123,PHKB,C20orf196,SRGAP2,TCF12,CLEC7A
10974,GNAO1,KLHL7,DTNBP1,FRAT2,HSD17B12,RP11-463J10.3,ZRANB2,MKNK1
10975,FANCF,ALG2,CLECL1,AC005523.2,TRIM58,ACOX3,MGST3,FAM217B
10976,TAF9,NOL9,SLC12A7,FBXO9,RMND5B,PARN,SPICE1,IL12RB1
10977,LRCH1,HRAS,FHL1,TOMM70A,C19orf48,XKR6,MMADHC,MED29
10978,GTF2H3,RSL24D1,ELK3,DUSP4,ADARB1,GPR141,STAT1,VPS26A
10979,LIPE-AS1,IFIH1,CGGBP1,NRD1,C11orf57,FASTKD2,SMPD4,SCAMP2
10980,HSPBAP1,TAF1A,EMC9,TRIM44,RPS27L,RP11-44N11.2,HNRNPD,MAPKAPK2
10981,FBP1,ANKRD36C,PGPEP1,RP11-379K17.12,LRIF1,CCDC66,LINC00969,RBM4
10982,TTC9,LETM2,RIPK2,ST20,MEAF6,C7orf60,PHF8,DAXX
10983,ADAM28,HAGH,EIF3E,ZNF480,PLA2G4C,ELF1,GTF3C4,PSMG1
10984,BLOC1S3,DNAJB2,TXNDC9,GALE,RP11-793H13.3,CA13,TOM1,TECPR1
10985,GABPB1,FBXO28,MFSD10,NT5C2,CEP57,PPP1R3F,ZNF90,GPS2
10986,ETV6,ZNF576,SIGMAR1,CTBP2,DLAT,KXD1,UNC45A,ELAVL1
10987,TOR2A,LGALS8-AS1,ATP6V1A,MAGT1,ICA1,KIF3B,KLHDC2,GBP5
10988,U73166.2,UTP6,SLAMF6,HELB,DUSP10,UBXN2A,POMGNT1,CYB561A3
10989,CBX7,DENND1A,NOTCH4,TAB2,ZNF852,STUB1,SNX8,FEN1
10990,MAP2K6,TGOLN2,HMGB3,PITRM1,ALDH2,PTBP2,PPM1B,ABHD3
10991,SLC7A5,SLC10A3,RAB3GAP2,DPM3,ZW10,ME2,ATXN1L,COMMD10
10992,TP53RK,JAK2,SCAMP4,CD1C,BOLA2B,PNP,IMPDH2,GNPTG
10993,GSTT1,FAM114A2,PRMT5,RBL1,EIF3H,SNORD3B-1,MTOR,TGS1
10994,FASTKD2,RP11-53I6.3,IPCEF1,SPTBN1,MS4A6A,TVP23B,RP11-262H14.3,ILKAP
10995,LEO1,ACOX2,DUSP5,FAM200A,UBXN2A,APOBEC3F,CD300LF,TERF2
10996,XPNPEP3,RCSD1,TRPM2,TRMT12,PPM1A,TSC22D2,MYEOV2,TMEM154
10997,MX1,RCN1,COX10,IL6R,SLC25A51,DPCD,RMDN2,PDCD1
10998,ATPAF1,ZC3H6,PEX10,VPS39,FBXW2,ATG2A,ZCCHC4,ANKRA2
10999,CCNL2,PES1,RP11-222K16.2,NARS2,RP3-508I15.22,FAM71D,LY6G6F,CTSB
11000,MANBA,CNRIP1,XRCC6,MKNK1,CTD-2325M2.1,LMAN2L,SLC25A1,MED6
11001,AK3,CDC40,KIF21B,RIC8B,TTC37,TRABD2A,SKP1,PRKACB
11002,TOLLIP,FAIM3,ALG14,MANEA,MRPL14,GLT8D1,CNNM2,RP11-796E2.4
11003,MYL5,ZFP69,MCM6,MTO1,SLC25A38,AC025171.1,KANSL1-AS1,RECQL
11004,ADCY7,PAQR3,NME8,SIDT2,YEATS2,CHTF18,MCAT,RP11-796G6.2
11005,TEX261,PKIG,CDC14A,ACOT4,NISCH,TANGO2,UBE2H,SIK1
11006,E2F6,XPO7,CCDC104,BUD13,RRAGB,FBXL4,LINC00847,HCFC1
11007,TXLNA,GIMAP6,TRIM26,RRP7A,RPUSD4,APH1A,SFR1,MPHOSPH10
11008,ORAI2,GAS2L1,STX16,BRWD3,GSTM3,SLC23A2,ATG7,CD300E
11009,NCKAP5L,SMARCD2,TRMT2A,FAM89B,APPL1,SNX20,DNAJB6,ID1
11010,HIST1H2BK,LMF2,STK11IP,CCDC30,RP11-169K16.9,ZSWIM6,TRIM8,ABCE1
11011,TRIB3,RP11-420G6.4,NFATC2,ARL4D,EIF2S2,UAP1L1,CTC-524C5.2,FAM120A
11012,YWHAB,ITPKB,RP11-499P20.2,SH3GL1,ARAF,SBF1,LMNB1,GIT2
11013,RNF212,TCAIM,ASL,DNAJC9,ATXN7L3B,DR1,SLC22A5,APOL6
11014,KCNE3,NTPCR,HIBADH,CCDC122,IFIT3,ZNF512,ZNF181,SLC7A7
11015,GPR114,ZNF420,ASMTL,KIR3DL1,FAM211A,TMED1,LLPH,RP11-353N4.4
11016,MAN2A1,PPP1R10,P2RY6,COPS8,KIAA1033,CTC-503J8.6,SRC,ZNF439
11017,SARM1,GNGT2,MKNK2,FAM193A,TIGD2,CARS,CTC1,INPP5D
11018,RNF144A,ZCCHC8,MCM7,KHNYN,ROGDI,GFI1B,STAU2,VAV1
11019,TWF1,C6orf47,ZNF317,PSMD9,C19orf38,TMEM50B,TMEM107,TXNRD1
11020,HPS6,CAMK2G,TECPR1,SMG9,PNISR,PHLDA2,SCGB1C1,PRAM1
11021,ZNF275,ACO1,IFI27L1,RP11-298J20.3,FABP5,LRRC28,CDC42EP2,LFNG
11022,MBP,ZNF839,RAF1,OGFOD2,PSPN,ANKRD37,DDX50,PPM1K
11023,KLF11,FIBCD1,DHX29,SLFN12L,SHQ1,GSKIP,FANCL,GALT
11024,NUDT4,PNPLA6,SH3BP2,SLC12A6,EBF1,SACM1L,RHOT1,MAP2K1
11025,UHRF1BP1L,RP11-799D4.4,VPS26A,GLCCI1,SARS2,PTPN1,SARS2,IRAK4
11026,P2RY11,POLD3,NACC1,TMEM140,RP11-66N24.3,PACS2,COQ5,HP1BP3
11027,GPR65,MDM1,EI24,DCAKD,TSPAN31,RP11-386I14.4,BCL7A,TMEM50B
11028,CEP290,RP11-849F2.7,NR2C2AP,COPA,COX18,LETM1,COX18,DIMT1
11029,NOC2L,TP53BP2,HDDC2,GSKIP,CDK11A,MTMR4,HOOK2,MTERFD2
11030,CLCN6,UQCC1,CTDSPL2,ZBTB7A,PUS10,CNOT11,FAM172A,CCDC167
11031,PAF1,CCDC9,SP2,AC020571.3,HADHA,SGSH,ARL11,PPP2R5A
11032,LBR,STEAP3,RPUSD3,SPIB,ZNF460,CXorf56,FDPS,ZRANB3
11033,UGDH,TRIP11,EMR2,MECR,MANEA,FAM46A,GPR137B,MRPL12
11034,DOK1,WDFY1,GOT1,MPP1,GSTM2,LCN8,CLK3,LY86
11035,BSDC1,TMEM71,STAT5A,VCP,CRIPT,SYMPK,EIF2B4,WDR13
11036,POLA2,RTP4,SEPT2,RP11-418J17.1,LIMS1,ATG4D,SEC24A,SMAD2
11037,PPP1R15B,FLNB,EPN1,MRPL48,TP53,DYNLT3,RSPRY1,BTN3A1
11038,SPG7,MKRN1,TEX264,RP1-197B17.3,MIR181A1HG,BMP2K,SNRK,MED15
11039,AC113189.5,ZZZ3,DCTN1,SEL1L3,PYGL,ADIPOR2,RP11-254F7.2,ZC3H11A
11040,HSPA6,PPP2R4,RIOK3,MAST4,PLEKHA8,CUL4B,FAM168B,WAC
11041,ACTR3B,RP11-277B15.3,AC093323.3,TRIM41,LXN,CD320,TNFRSF18,USE1
11042,ZXDC,RP11-802E16.3,CABIN1,EOGT,CD59,MIR24-2,EID3,ADO
11043,NFRKB,RP11-85F14.5,CCR5,KB-1208A12.3,WSB2,TBL3,NCK2,UNG
11044,PRPF38B,FAM86A,UBASH3A,GPR137,CYCS,OPTN,ZNF720,AKNA
11045,GSK3B,CDK16,FKBP15,SERPINB1,RBBP7,SCFD2,SKA2,MRPL15
11046,PCF11,ZNF25,MARC2,C8orf44,STAMBPL1,CCNF,EIF2S1,NXT1
11047,ARHGAP1,ADORA2A,TPK1,CYP4V2,RP5-1068E13.7,VPS41,HEATR3,SAE1
11048,ZNF354A,KB-1507C5.4,MLTK,ZNF398,GOLGA8B,GALM,STRA13,IGFLR1
11049,NAT10,ARID1A,NEUROD2,APTX,GP1BA,C11orf71,WDR34,MRPS23
11050,PSENEN,DBR1,FANCG,BBC3,FAM175B,PIAS3,GTPBP1,TSFM
11051,PABPN1,MAD1L1,SLC35C2,TMEM60,PAPD4,SPIN1,RP11-879F14.2,CD300LF
11052,THEM6,VGLL4,FAM101B,KLF4,EP400,DEGS1,OGFOD1,IFIT1
11053,PXN,BCL7B,POLDIP2,SETX,FAM129C,EIF2D,CIPC,CTA-211A9.5
11054,YEATS2,MFSD2B,RALBP1,ATP5S,DHX30,ALDH6A1,PPAT,IDH2
11055,COG5,TNFSF13,ATG2A,SRSF10-1,GALNT1,RNF13,BTBD9,PRELID1
11056,TRAF4,CHN1,PARP16,MAN2A2,FAM195B,NUP37,FAM120AOS,PSD4
11057,FBXO21,WDR83,INO80C,SLC2A4RG,RP11-182L21.6,RICTOR,TRMT61B,SAR1A
11058,OGFOD2,FXR1,CYB5B,RIF1,C4orf29,ULK3,MSRA,DBR1
11059,EARS2,ZNF792,C3orf62,TRIM16,ATP2B4,TBC1D15,ARHGAP1,DLGAP4
11060,GS1-251I9.4,TMF1,MTMR11,POU2AF1,PIGB,ZNF599,CSNK1G2,SSR3
11061,VPS51,SLC2A3,RIF1,LZTFL1,IFT52,ALG2,INPP4A,CDCA8
11062,PEX1,KLHDC10,GATA3,EXO5,RNF138,SLC4A7,GP1BA,C6orf1
11063,NAMPT,SIPA1L3,GSTM3,ZNF573,CDK2,ITM2A,MAP1S,OSGEPL1-AS1
11064,CHCHD6,ENO2,XPO1,FAM104A,UBE2D1,NIF3L1,SRSF10,BRMS1
11065,C1orf52,ST8SIA4,KIAA0196,ABCG1,RP5-1073O3.7,MCAT,CUL4A,MANBA
11066,GGA2,SNAI3,CCDC112,USF1,ID3,FAM120C,PRKAB2,NUF2
11067,AC005076.5,SGPL1,CSNK2A2,RAD51D,BAZ1B,CTA-384D8.35,WDR6,EFCAB14
11068,C12orf23,FAM134C,NR3C1,KANSL2,P4HTM,CD40LG,UBQLN1,IFIT2
11069,VPS41,NFKBIE,LMBR1L,MAP1LC3B,MED26,C16orf80,FSTL3,GIPR
11070,AURKAIP1,DIS3L2,ELAC1,EDEM2,C5orf22,EDEM1,CASP6,TRMT2B
11071,USP34,TARBP1,EMC4,ANKRD52,NUGGC,C1orf213,DENND3,ADRM1
11072,CPPED1,GABPB2,QSOX1,IFIT5,LIMD1,CREG1,GUCY1B3,POLR1E
11073,NKRF,FUT4,CATSPER1,LYPLAL1,CLASP1,ARRDC4,RBM10,ASPM
11074,CSNK1G3,TMEM138,APIP,FASLG,MICAL2,RP11-410L14.2,EHBP1,CCDC136
11075,ECE1,TP53INP2,GOSR1,CHI3L2,HTATIP2,CCDC126,CAPRIN2,KIF2C
11076,RIPK1,SERTAD1,TJP2,NAA40,MAPK6,WBSCR22,CCDC84,TPX2
11077,DCBLD1,ACBD3,ACAP3,HCCS,SLC25A46,PRKAR2B,SPTBN1,SURF2
11078,LAMP3,SOGA1,APPL1,NTAN1,ZNF331,GLYCTK,GCAT,ACSF3
11079,BLVRB,ZNF12,SLC9A3R1,PRRC1,EDF1,TUBA8,NUDT5,RPGRIP1L
11080,TMEM205,MRPL14,MRPL18,ACADS,POM121C,PYGO2,TAF2,MYNN
11081,ZNF718,FBXL6,COL18A1,CCDC137,CCNDBP1,NDC80,UBTF,RLN1
11082,NLE1,CTDSPL,HERPUD2,TMEM175,RAD23A,PLOD3,DPP3,ARHGAP4
11083,TGFBRAP1,TGS1,NSFL1C,RAB24,ERCC5,CELF1,TRIP4,SGOL1
11084,ZC3H8,MAP1LC3A,HEBP1,SMIM1,SNX1,TMEM164,UNC13D,TFIP11
11085,MAP6D1,AKTIP,CCND2,AVL9,SLC23A2,MDM4,TUBGCP5,HMGA1
11086,PIFO,RSU1,LINC01137,ZNF259,CTLA4,COLGALT1,PSTPIP2,AURKA
11087,LCN8,TCP1,FAM204A,ZDHHC17,CCDC66,NDEL1,DOPEY1,CENPE
11088,RP11-792A8.4,PDGFD,U73166.2,PDCD4-AS1,CLCC1,IER3,PHF23,ITGB2-AS1
11089,UBASH3A,SOWAHD,CD160,PHTF2,NUDT14,NXT1,FMN1,KIAA0930
11090,C7orf49,ACOT13,H3F3A,C6orf89,SAMD4A,NUB1,PEX26,PHLDA3
11091,HMGXB3,UBALD1,ERF,SPATA2L,CTSB,NAA30,GINS2,MSH5
11092,RPRD1A,PHF11,TARS,FBXW5,TMEM167B,TOE1,FKBP2,LRRC14
11093,CATSPER1,ZRSR1,KAT2B,PPP6C,RAB40B,BAG4,SLC9B2,ATP5EP2
11094,RGS18,SON,FBXO41,PAK1,PIK3CD,TMEM223,RPS17,SLC39A1
11095,LL22NC03-75H12.2,TSC2,CTC-479C5.12,ANKRD36,C8orf58,MARS,ITK,RP11-403I13.8
11096,CRYL1,ZNF582,MED14,SCAP,BORA,SFT2D3,GPATCH2L,CDC26
11097,SUMO3,PRKDC,TUBGCP3,CTSA,RTN3,CASP8,COPS7B,HDAC2
11098,RNF121,WDR37,RP11-290F20.3,RHBDF2,CDR2,SERPINI1,NAA50,CCDC34
11099,ASAH2B,CTDSP2,CDH23,ANKRD49,MAML2,STRADB,LMBRD1,BAG2
11100,DBN1,TTC16,AP3M2,SULT1A1,LRWD1,GLMN,ZCCHC9,NAALADL1
11101,TRAPPC2,EID2,NUDT8,DFFA,TMEM248,RITA1,GBF1,YWHAE
11102,GSK3A,RNF38,SLC4A1AP,REM2,PPP1R16B,SLFN5,TVP23B,SLC16A13
11103,MBLAC1,ANAPC1,ETV6,MTMR6,HHEX,SC5D,UPF2,ZSWIM3
11104,NADK,CASP3,ADSS,NUP153,ASB16-AS1,TIGD1,LILRA6,GTSE1
11105,SUSD4,CASP10,OBFC1,KIAA1147,COPS4,GCLM,C22orf29,CRYZL1
11106,SURF2,ZCRB1,KMO,CD300E,FBXW8,H2AFZ,PTBP1,ALG9
11107,EDC4,CIC,HIVEP3,RP11-589C21.6,AC007880.1,RANBP10,IRS2,CKLF
11108,KHK,NR1H2,ZNF740,RMND5B,C11orf1,TMEM185A,RRP12,CDKL1
11109,CHGB,POM121,SLC25A6,RAP1GDS1,VCAN,AQP3,NSUN5,GPSM2
11110,ARHGAP5,LYRM5,PMP22,TLK1,TP53I11,DNMT1,C2orf69,FBXO6
11111,INO80,ZNF337-AS1,ACIN1,CCNT2,ZNF831,NMB,BPHL,JTB
11112,LENG9,TYSND1,ZFAT,PRKX,CD36,RPGR,UBXN7,TMEM237
11113,QTRT1,ATG16L2,FAM177A1,SYTL2,TSFM,PTGER4,KLRB1,FKBP1C
11114,TLR2,TRIM25,PPP3CB,FICD,HECA,ZNF493,GORASP1,LENG1
11115,ANKZF1,IPCEF1,UHRF2,MARK3,CD70,P2RX5-TAX1BP3,C9orf69,KIF11
11116,ZMAT1,FBXO38,ISOC1,PTK2B,CLEC1B,GTF2H2C,SLC4A7,CISD1
11117,RAB39B,DDX60L,METTL23,GFOD2,TYW5,TCEAL1,DTWD1,EZH1
11118,LRIG2,RNF6,CLDN23,HMGN2,ZFP82,TMEM41A,APEH,CDC20
11119,MAPRE3,METTL22,MYL9,TGFBI,CSTF1,PDE7A,CLPTM1L,XCL2
11120,AIM2,SPNS3,LRRC8C,RDH5,GPR171,IL18,THAP2,ADAMTS10
11121,FCGR2B,YY1,HSPE1,CD244,ZNF385A,ZNF563,TMEM185A,PLK1
11122,INSIG2,TCHP,GPR132,NSUN3,FAM120A,MRPL49,VNN2,C16orf95
11123,RHEBL1,RBBP7,AKIRIN1,FAM178B,ENTPD5,DGCR2,SRP54,PLCE1
11124,EXOC8,TOB2,BNIP3,SFT2D2,B3GALT6,FRMD4B,UBE2S,MRPS2
11125,MINPP1,RBBP4,SLC10A3,FBXO48,AC079767.4,AHSA2,ZSWIM8,CENPA
11126,SPAST,EXOC1,DDHD2,RAB40C,PIF1,APIP,RABL2B,RP11-265N6.1
11127,NCK1,PRPF4B,FEZ2,CENPL,CTD-3184A7.4,SNX1,FAM109B,TOP2A
11128,NUBPL,ITGB1BP1,REEP5,CCDC6,SETD4,ZNF43,PCED1B,ROPN1L
11129,DDX43,PIF1,PGS1,RP11-820I16.4,NCK2,CTC-524C5.2,ACBD3,LAG3
11130,HIF1AN,RBBP8,OOEP,SNX6,C12orf75,CTC-428G20.6,PRDX2,ACTR1A
11131,CALCOCO1,UNC93B1,TSC22D1,ODC1,RAP1GAP2,SECISBP2,ZMAT3,THOC2
11132,LINC00526,BATF3,EXOSC1,SEL1L,BTK,FAM219A,RAPGEF1,MYH10
11133,PRKCH,ACSL1,SPECC1,CTD-3074O7.5,TLR10,CTD-2336O2.1,GBE1,C1orf123
11134,COPRS,TCEA2,PARVB,ACBD4,TUSC2,TMEM64,KCTD6,NOD1
11135,BDH1,ALKBH6,TCTEX1D2,SETBP1,HEMK1,JHDM1D-AS1,TFDP1,WDYHV1
11136,LINC00925,DAP,AHR,SSH2,GXYLT1,CERS4,CTD-2538C1.2,ZNF776
11137,MAN1A1,AC093818.1,DHRS7B,PLCD1,IDH3A,ZNF280C,SENP6,TLDC1
11138,TMEM62,KLHL17,NUP93,UBA7,CTU2,TUBB6,MYCBP2,HPS1
11139,LAIR1,PADI4,C11orf48,USP4,CCDC61,RCBTB2,LSM14B,RP11-474G23.3
11140,MROH6,KLHL22,GANAB,PRPSAP1,TYW3,ZNF384,ZMYM4,PRAF2
11141,PRKAR1A,PRKCA,ZNF586,PHF11,AP001189.4,IMMP1L,ABCC3,PPIH
11142,CTD-2260A17.2,TES,SDF4,EEPD1,PRPF19,POLE3,GNL1,FRYL
11143,THUMPD3,UBQLN2,ATP2B4,APEX2,C12orf79,ING3,VPS4A,PEX11B
11144,MTMR10,ZNF783,ACOT7,TGFBR3,PTGS1,MT1E,GNA13,ADPGK
11145,TTN,PRKCE,RUFY3,MMS19,MRPL33,DRG2,SERPINB9,DNAJA2
11146,KRR1,HINT3,TAX1BP1,SETD2,ZNHIT6,LINC00528,RAD17,APLF
11147,AC069363.1,CNTRL,TBL2,GABPA,TRAK1,SMYD3,MORN2,FAM149B1
11148,MBOAT1,CPSF4,SOCS4,HDGF,TPRG1,INPP5K,CDK19,C9orf156
11149,MTRF1,U91328.19,APH1B,INF2,GPD1L,C12orf4,AC022182.3,CNIH4
11150,DYNLT1,AKR1B1,SMARCA5-AS1,ZC3H7A,NOP56,RP11-1399P15.1,TRUB1,GPATCH8
11151,PRKCQ,RNF44,MIS18A,ARL13B,RFX3,TMEM87A,COBLL1,GGACT
11152,TBX21,GNL3,TCEAL8,PYCRL,STARD3NL,POLR2F,ABCG1,FRG1
11153,SMPD2,PPP1R35,ATL2,BCKDHB,TOMM5,ANAPC2,FEN1,FGGY
11154,S100A11,MITF,AKAP8L,NOC2L,NRL,TIMM10,PRDM2,SUV39H1
11155,CPEB3,IQGAP2,NOP10,FXYD1,C3orf58,SLC12A6,SF3B2,SLC43A1
11156,TMEM140,SDHAF1,RP11-890B15.3,RXRA,ZFP57,SH2D1B,TBC1D22A,SLC35A4
11157,MMGT1,NOC4L,TRMT6,LIN7B,COX17,EPHB2,FBXL4,LARP7
11158,PRPF18,DCAF7,SLC38A5,RP11-489E7.4,RNF40,RNASEK,TAF5L,CCDC7
11159,SLC37A3,SCGB3A1,FCRL6,SIL1,DCP1A,TCP11L2,CLIP4,PRCP
11160,SWSAP1,ULK2,BRMS1,FAM159A,FOXN2,RPRD1A,PSMD12,APOBEC3C
11161,RP1-40E16.12,MLXIP,CDNF,IMPDH1,RALGAPA1,GUF1,EXOC4,STRN3
11162,GBA2,PAK2,HN1L,MICU2,PHF23,ELL,MBIP,PTP4A1
11163,YBX3,TAF1B,FUZ,KLHL5,ACAD9,LRRN3,CANT1,TRIM14
11164,GEMIN4,PLA2G12A,TIMM10B,WDR5B,PPP2R2A,REXO4,KAT6B,BRD1
11165,RRN3,SKIV2L,CLU,RAD17,MSI2,SLC2A11,CLEC1B,NME1
11166,CHD7,C10orf76,GPR56,ARL1,KIAA0232,ATPAF2,PIK3CG,PARP12
11167,CENPK,SECTM1,ITGAL,EPHB6,MPZL3,ASF1A,TBC1D17,MBNL3
11168,FAIM3,OSBPL2,SLC16A3,PGAP2,TRMT10C,CHD1L,EXOSC7,SEPSECS
11169,HADHB,CSGALNACT2,SREK1IP1,ACAT2,ADO,ARMCX1,SLC35A5,HSPBP1
11170,LDB1,BTRC,OTUD3,FLCN,ETF1,TMEM80,XRCC6BP1,CDKN3
11171,NUMA1,CACUL1,CACNA1A,TMED7,CPPED1,ZBTB4,RAB33A,RP11-87C12.2
11172,MED8,HYI,PREP,SLC9A8,RBM15B,SUPT7L,ACSS1,PPP1R14B
11173,TLCD1,GDPD5,PDE6D,CCDC112,FAM3C,PIGG,RP11-514O12.4,AP5S1
11174,LRIG1,RSF1,GPR155,SEC31B,GNPDA1,FLJ27365,NELFA,MTL5
11175,MIB1,GRK5,ELP3,CTC-378H22.1,NOP9,HCAR2,SLC35F6,LDOC1L
11176,SENP5,MAPKAP1,HMGN2,TMEM161A,AARS,SPON2,DDX60L,HOTAIRM1
11177,CIZ1,ACACA,NUTM2A-AS1,RP11-296O14.3,TMEM154,LINC01135,SNX15,C11orf80
11178,ZCCHC6,OSTM1,IRF9,ENTPD5,RBPJ,PPT1,YKT6,C5orf55
11179,LINC01135,COMMD10,UBE2E1,SRSF6,ARHGEF40,OSR2,BLM,GINS2
11180,LACTB2,PRKCB,TMEM91,BST1,C7orf43,CLN3-1,DPY19L4,KIAA0020
11181,RGS16,AAED1,MOB1B,BCAS4,ACSL4,DNAJC17,PSPC1,ZBED4
11182,NRM,RAMP1,IMPDH2,IFITM3,FCER2,TBC1D17,LHPP,MANEA
11183,RP4-612B15.3,CBFB,WNK1,FAM63A,CHPF,NUDT9,CX3CR1,PPA2
11184,TREML1,PPM1F,PRKACA,GTPBP10,MBTPS1,NIPAL3,PPP1R3E,CNPPD1
11185,TMED1,PSD4,SLTM,DDB2,BRD9,MAP3K13,CREM,CD96
11186,RPGR,MFSD8,ACOT8,WDR44,GRAP,HNRNPA2B1,TXNDC12,MAPK1
11187,SLAMF7,DGKE,LMAN2L,HIC2,PHYH,LCN2,PLCB2,SULF2
11188,CD180,ALDH16A1,ALG1,ZFAND1,PI16,MAD2L1BP,LINC00116,GSR
11189,C2CD2L,YTHDF3,GEMIN6,RENBP,MAP3K13,CEP164,SUCO,ZC3H4
11190,TBC1D24,NSUN3,SSBP3,VWA5A,TMA16,CDADC1,TSNAX,DROSHA
11191,RBM19,MAPK14,RQCD1,SOCS2,CDK19,JPX,RP13-188A5.1,EFCAB11
11192,IER5,ERO1LB,GTF2B,ABHD13,CTNS,SRF,MBTPS1,GTF2H5
11193,PRKCZ,SREK1IP1,PHLDA2,TNFAIP2,TRIM28,MYO1F,HCAR3,POLD1
11194,C15orf41,ASF1A,METAP1,NUAK2,RP11-138A9.2,CCDC82,PAXIP1-AS1,TRMT10C
11195,GBAS,METTL7A,DDX60L,MDM1,LRRC25,PTPRN2,MCOLN2,NQO2
11196,GRHPR,CALML4,ESAM,EIF4E3,ZDHHC17,USP10,CXorf23,RETSAT
11197,CASC7,RP11-353N4.4,LRRC23,PPP3CB,CD44,HGSNAT,KIAA1191,GRPEL1
11198,BANK1,PDS5B,EDEM1,DYRK1B,ODF3B,SDCBP,ERAL1,ALKBH1
11199,APEH,LOH12CR2,THNSL1,RP11-169K16.9,MED29,RP11-298J20.3,BAG2,TAF1C
11200,PPP1R14A,ADRM1,LUZP1,CDC14B,CDKN1A,ETF1,HTATIP2,DPM1
11201,TBC1D14,CREBBP,GLIPR2,TYW1,MT1F,OTUB1,APOM,IRF2BP2
11202,AKAP17A,AIG1,STAMBPL1,C6orf57,MFSD8,SNHG12,FBXO9,STK39
11203,GPCPD1,MLLT11,MBNL1-AS1,GRIPAP1,RP11-18H21.1,PPARA,FH,CCDC141
11204,TPCN2,USP22,AIM1,CD59,MON1A,ADRB2,LSM1,ZNF684
11205,ARRB2,ADRB2,IVD,MBD3,RHNO1,SH2B2,SPATA2L,DUSP11
11206,SLC35B1,ZNF580,CMTM3,MAP4K2,IKZF1,FASTKD3,ARID1A,TM2D3
11207,TSPAN2,ERCC3,HSPD1,MFN1,LOXL1-AS1,CSTA,CTD-2020K17.1,KB-1208A12.3
11208,UNC119,CMAS,BICD2,ZBED1,LIPE,NSUN6,ARL2BP,EXOSC8
11209,PTDSS2,ZC3H7B,ATP5I,MCOLN1,ZNF683,COX15,PARP9,FXN
11210,NME7,SLC2A11,PRKCD,GFI1,SLC35A5,GZMM,RENBP,AC005076.5
11211,DNAJA2,CLN8,DTD1,RARS2,L3MBTL3,ABCC5,ARRDC2,HMGXB4
11212,SP2,CKS1B,ATP2C1,VRK2,MED13L,MFN2,BIK,CAPN12
11213,SMAD7,TM2D3,SLFN11,DCAF17,HS3ST3B1,SYPL1,SLC6A12,SRP54
11214,POLD4,IGFBP6,UQCC2,PRKACA,SRCAP,H6PD,TMPRSS11E,CCDC86
11215,MINK1,ERLIN2,MAML3,PEX19,PURA,SNRPA,COQ9,IFNAR2
11216,C7orf60,SIPA1L1,ZNF169,SLC25A6,APEX2,NCBP1,FBXW9,GTPBP6
11217,NUMBL,MRAS,ERH,PI4KA,SPEN,SMG6,RP11-367G6.3,DFNB31
11218,LYN,VPS13B,LMNA,RPL39L,CDK12,CAST,AC009403.2,SGOL2
11219,WDR76,PRKACA,CBLB,CHUK,MIR4519,MTHFSD,REXO2,PPP2CA
11220,NT5C,TPRG1-AS1,TUBB4B,FAIM3,TATDN1,ADCY4,NADK,LINC00926
11221,VPS11,RP5-940J5.9,BCL2L13,TGS1,MAP9,MAP3K5,RP11-1094M14.11,YBX3
11222,GSDMB,BOD1L1,CHMP2B,HNRNPL,NBR1,UPRT,ERCC2,MAK16
11223,CEP152,ECI2,CD36,PEX11G,HIST1H2BN,INSIG1,C1orf85,TKTL1
11224,DENND1C,SYNRG,SNX13,PDE4B,PPP6C,ANKRD42,ACSM3,CALHM2
11225,GNAI3,SEPHS1,POMZP3,ENDOV,AC147651.4,KCTD20,TRMT1,CDC42EP3
11226,RP11-89K11.1,MPC1,ZNF100,TMEM154,JRKL,PM20D2,USP30-AS1,MKNK2
11227,KIAA0368,AC008964.1,C1orf35,ZC3H12A,RP11-488L18.8,FAM105B,TMEM106B,CDC27
11228,LTB4R,SMIM11,INPP4B,ANKRD11,UNK,TSFM,WDR37,LINC00667
11229,ACADVL,TMEM63A,EIF6,PTPRN2,DNAJC2,PPM1M,APH1B,CDK2AP2
11230,CIPC,COMMD9,TSPYL4,PMM1,PHYKPL,KLHL6,C7orf60,CIPC
11231,L3MBTL4,APOL6,IL17RA,PDSS2,CDK6,PEX14,SGTB,ZMYND11
11232,RPS6,CCDC28B,UBE2D4,ZNF319,VPS36,ABCF2,COMMD4,ACSL6
11233,AP003733.1,IFT20,TRAPPC13,NIPAL3,PIGL,CPSF3L,MTL5,NRDE2
11234,LACTB,NCK2,ARFIP1,RP11-427H3.3,AKAP8,ANKRD32,AP003774.1,PREX1
11235,TAF1C,C5orf30,CIDEB,THAP1,ASL,HIST1H4C,EXTL2,ITGA6
11236,SVIP,BCAT2,CASP10,USP39,PLCH2,RP11-542M13.3,TMEM128,RP11-620J15.3
11237,METRN,FOXP1,FICD,WDR48,ACSS2,PCMT1,MCEE,ZNF786
11238,RP11-611L7.1,TMED10,BCL11B,TBC1D25,SNCA,LINC00937,UBAP2L,CALCOCO1
11239,HMGB2,NFE2,SVIL,UBE2Q1,RSAD2,TRAPPC4,NXT1,VCL
11240,HCG11,SYNE3,TMEM167A,LONP1,TFB1M,RAP2C,UBE2E3,MRPS30
11241,RP11-538P18.2,ATP2A3,CERS2,TWF2,PDRG1,DLD,RRP15,XPA
11242,RDX,RHBDD2,AP1S1,TAF10,BRI3,CANX,PTPLB,GBA2
11243,SLMAP,RNF11,RP6-109B7.3,CIC,BRF2,TOPORS,HACL1,MSRB2
11244,TSPAN17,ZNF846,HDDC3,CLEC17A,OS9,OSGIN2,GEMIN8,B3GNTL1
11245,GTF2F1,RPE,SLC8B1,ACTL6A,DYNC2LI1,MOCS2,NEK1,INTS5
11246,AP1S3,SMAD5,ACLY,ATP5C1,TANK,KHK,USP34,VPREB3
11247,MOB1A,OFD1,KCNK6,NCLN,AMMECR1L,RUVBL2,BARD1,SMIM8
11248,LINC00969,TCEA3,IFNAR1,NELL2,WHSC1L1,TCTA,CENPM,ANKRD37
11249,UNG,QRICH1,ECI2,ZNF530,RILPL2,MYO9B,SESN3,SIN3A
11250,PRSS23,LINC01003,IGHMBP2,WDR70,DERL1,CTPS1,RP11-78O7.2,MAMDC4
11251,PTK2B,COX15,NABP2,CLN8,IL8,H2AFJ,RP11-319G6.1,KCTD9
11252,TAF6L,RP11-500C11.3,SRSF6,ZNF831,CHCHD1,HIC2,TRAPPC11,HDAC8
11253,RP11-302B13.5,PRR11,KIAA1430,C7orf50,GLRX2,SAMD9L,ZBTB38,ZNF32
11254,NPL,HN1,MLLT3,CARD8,ZNF653,SORD,TNIP1,EAF2
11255,TSEN34,SLC52A2,IMPACT,FBXO11,OPN3,GSE1,ZHX2,DOCK2
11256,NCF2,CCDC77,CPSF2,RP11-1094M14.11,TSPAN13,FZR1,BACH1,MRPL40
11257,MAP4K4,ALG3,DCP1B,RANBP6,MAPKAPK2,LINC00998,SFXN4,TSPAN32
11258,RAB6B,ADCK4,TDP1,FCGR2A,QRICH1,RSF1,NGDN,B4GALT7
11259,ZNF687,SEC22C,CCDC90B,DOCK9,RNF38,ARSG,HIST1H2BC,FAM8A1
11260,MAPKAPK2,VAT1,HSPA13,CLINT1,CD40LG,RALY,WASF2,VIM-AS1
11261,SH2D1B,HSPA4,PIEZO1,RARG,UBE3C,ZNF586,ADNP,PIGA
11262,ZNF706,CAMSAP2,IDH3A,C6orf203,ELK3,ECD,ICAM3,ABCC5
11263,PHC3,RP11-98I9.4,EIF2A,HMOX1,SLAMF1,LINC00938,L3MBTL3,ANAPC13
11264,TRIM56,MGLL,GCLC,NPEPPS,HDLBP,PIH1D1,MPP7,PLEKHG5
11265,NOP16,JARID2,CCDC22,MX1,COX6B1,PLK2,IMPACT,MRTO4
11266,HAT1,PHKB,TBC1D31,RAB5B,TKT,PLB1,GSTZ1,ALDH9A1
11267,DNM1L,XPNPEP1,FOXO1,AC002467.7,RP11-83A24.2,LINC00116,MRPS5,UHRF1BP1L
11268,RBM18,CNTLN,LMNB1,CYB561A3,SCIMP,MON2,AP4M1,RC3H2
11269,MOGS,FOXO3,ACSM3,DNAJB6,DDX27,EMC7,VRK2,FRA10AC1
11270,ZNF639,PARP3,NUPL2,MFSD11,RBFOX2,SIDT2,LPAR5,RAPGEF1
11271,IPO11,DPH5,C20orf112,TTC9C,SPERT,CGGBP1,MST4,PRR5
11272,SSBP2,TATDN2,ANKIB1,C1orf21,DDX60,PCF11,MAST3,KIF20B
11273,HECTD4,CROCCP2,OLFM2,NENF,PPFIBP2,ARL6IP4,YARS2,CENPN
11274,SLC12A9,DPH3,ABR,CD36,BLVRB,TRIQK,BCL2A1,MDS2
11275,PLEKHA7,USE1,MARCH2,CCDC71,PARP2,CLPP,RERE,ZSCAN18
11276,WARS,RGS14,YTHDF2,AHSA2,VCL,MRPL46,NSMCE1,TIMM17B
11277,FCRLA,RECQL,DPP4,FAM98B,NLRX1,PRRC2A,ACD,NELFE
11278,ZNF623,FAM120B,PIM3,AMDHD2,NELFCD,THOC1,VCPIP1,ZBTB11
11279,FKBP4,NOTCH2NL,AP1S3,DOHH,UNC45A,RP5-1136G13.2,TLR4,RNF213
11280,SLAMF1,C19orf73,HAT1,COG6,PITPNM1,NUDT21,RIOK1,FAM174A
11281,TRNT1,HGS,ARHGEF12,WDR53,GTPBP1,UBLCP1,PANK3,MRPL22
11282,RNF113A,ZNF614,TTC37,SLC12A7,MAN2B2,MZB1,FBXO3,PSMD2
11283,MRPL4,HAT1,CLINT1,RPAIN,AGA,EIF2B4,CCDC51,LRMP
11284,EXOC5,EDC3,NHLRC2,KBTBD2,NACC2,NOLC1,TOX4,LIPT1
11285,RBMXL1,SPINT1,RAB27A,HMGCS1,ADAM19,DCUN1D5,KPNA1,HM13
11286,COPB2,KLHDC7B,CTBS,DAPK2,LYL1,DUSP22,INTS4,ATF3
11287,TMBIM4-1,RP11-849F2.8,BRWD1,SCLT1,GALNT6,TWF1,STX10,RP11-727F15.12
11288,CPD,ECHDC2,PRMT10,EML2,CLEC2D,PEX11G,CLCN7,ZNF277
11289,N6AMT2,ENSA,USF1,HNRNPU-AS1,CEP164,ADAT2,MOSPD3,FAM60A
11290,IL18R1,ARHGEF2,ANKS3,LCNL1,PPAT,ORAOV1,APMAP,MATK
11291,CHIC1,COMMD3,ACACA,TRAF1,DHRS12,FAM63A,UBA5,AKR1C3
11292,CWC27,POLDIP3,MAP2K6,MAPK8IP3,GGA2,BACE2,ASF1B,AEN
11293,NUFIP2,TM9SF1,CLASP2,UBQLN4,IGFBP4,UBALD2,MED19,XRCC6BP1
11294,CLTC,GIMAP1,SLMO2,TNFRSF13B,ITK,ANKDD1A,SPN,FAM126A
11295,CD33,RAD23A,ARVCF,RYK,YAF2,FAM204A,RASGRP3,SLC5A6
11296,SSBP1,SRP72,PFKP,USP12,LDLRAD4,RDX,RAB6A,NAT10
11297,TTC38,RAPGEF2,MRPS31,DNAJC5,ZNF846,GTF2IRD2,TANGO6,EIF5AL1
11298,AARSD1,AGPAT4,LILRA5,PHF8,ZNF529,SERPINE2,DHRSX,GEMIN2
11299,MSL1,PRKCSH,ACOT2,DNAJC17,CPVL,CENPW,CTDSPL,RAB2B
11300,FECH,FKBP4,TMEM189,PODXL2,EPM2AIP1,PTPRC,COMMD1,ARHGAP5
11301,PCGF6,CHIC1,CXorf21,NOTCH2NL,CITED2,DNAH1,DENND4A,AARSD1
11302,IGSF6,TIMM23,PURA,MRS2,FBXW7,ANKRD54,BIRC2,UBE2R2
11303,GTF3C1,NCOR2,DRG1,PSMG4,TSHZ2,ZP3,SMURF1,ZNF701
11304,AC004951.6,CYSLTR2,ASRGL1,ATL2,ATF7IP,KIAA1586,CRYZL1,UBR1
11305,AP001055.6,LMBR1L,RABGGTA,ATP5EP2,SLC35C1,ITGAM,CRIP2,EPM2AIP1
11306,FBXL15,PDLIM1,IDO1,ZNF737,TIMM44,TTC39B,AGPS,CFP
11307,CD55,IFI6,SEPT11,ZNF771,CLDN5,FAHD1,AIFM2,UBXN2B
11308,WDR92,MGRN1,C6orf48,PSD4,PCNX,SPATA2,SORD,MORF4L2
11309,MAP2K3,MUL1,SMARCA2,IDH2,TATDN2,NLRP12,INPP5K,CRCP
11310,JPX,MRPL39,DAPK1,ZFPL1,C20orf24,RRAS2,NDUFS8,NDUFV3
11311,GARS,S100B,TMEM55A,ANAPC10,GLS,RNF138,CCSER2,SNX13
11312,PGAP1,POLR2K,TESC,ATG9A,SLC11A1,TBC1D9B,C2orf88,TEX264
11313,REEP3,FGD6,RILP,MAPKAPK5,GS1-251I9.4,RBM41,CNOT8,CERS6
11314,FMR1,MFAP1,PCED1A,UBE2D4,ANAPC11,IRF5,KIAA0319L,SREK1IP1
11315,RP11-488L18.10,ANKRD44,CNRIP1,AC009133.14,C4orf32,CIZ1,KMT2B,WDR34
11316,NCF1,CXCL9,INSIG1,TAF9,PILRA,DDX60,SPRYD3,CNOT7
11317,NHLRC3,R3HDM4,PDE4D,RPS20,CYSTM1,FAM185A,GEMIN7,RNF121
11318,CCDC53,TMEM255B,RALGAPB,ZFY,SESN2,EIF4G1,C8orf76,NDUFA7-1
11319,RAB4A,FAM110B,PRKRIR,ORAI2,HSCB,DRG1,ABHD14A,KIAA0947
11320,FAM169A,ARL14EP,LZTFL1,ITFG1,TMEM99,PLEKHA8,DNMT3A,HEATR5B
11321,IFRD2,EFNA3,GTPBP1,SNRNP48,PSMD5,SSRP1,EML4,BCAT2
11322,NRDE2,NMNAT1,RNMTL1,AGA,ZADH2,FBXL20,EXOSC4,SCO1
11323,PARP14,RRM2B,SECTM1,SLC36A4,C20orf27,ASL,MARS,AP3B1
11324,BZW2,SWI5,C19orf52,EIF5A,SNRPN,PRIM1,GAR1,TMEM222
11325,RTCA,LIN7A,ELAC2,FLI1,TMEM167A,TESC,SLC25A40,WIPI2
11326,PITPNC1,HDAC3,MBIP,PHRF1,RP11-285F7.2,ANKRD27,EZH2,BRF2
11327,C5AR1,OTUD7A,OSM,THG1L,ZC3HC1,VARS,DHDDS,SMARCAL1
11328,SLC2A6,RP5-1057J7.6,MOCS2,RBM26,RMI2,ZNF485,SDF2,COPS4
11329,RP11-152N13.5,FUCA2,YBEY,PREB,BLMH,ZBTB20,MEPCE,ZNF468
11330,CD3EAP,TIMM44,MTA2,ATXN7L1,RUVBL2,TMEM256-PLSCR3,PDSS2,LRRC8A
11331,MSRB1,TRIM4,CDC42SE1,DTX2,PBX2,A1BG-AS1,RP11-81H14.2,GPR171
11332,GOLGA4,PTCD3,CLIC2,STARD9,GIMAP8,MAP2K1,SREK1IP1,BIRC3
11333,YTHDF3-AS1,ASB6,SEPT7,CLSTN3,PKD1,FNBP1,RP13-582O9.5,WWOX
11334,KIAA1407,APLP2,RP11-140K17.3,ATM,FASTKD1,ARIH1,COQ6,ANKRD13D
11335,PITPNM1,PIGV,RUSC1,FTSJ1,HMBS,HSD17B14,NUP88,MGA
11336,WDR81,EFCAB4A,TTC22,SHISA5,PLEKHG1,CNPPD1,FAM213B,SMIM20
11337,CSRP2BP,EP400NL,ZFC3H1,TTLL12,SPIDR,THAP7-AS1,IDI1,UBE2H
11338,SLC50A1,TREM1,CLTC,SNW1,FMR1,TGM2,HEATR1,TMEM99
11339,DUSP7,EIF4EBP2,SERPINB9,TIMM10B,RP4-539M6.22,SERINC5,KLHL28,TUBGCP6
11340,TRMT2B,MAP1S,STT3B,PPP3CA,TNKS,PPARD,OLIG1,CEP57
11341,DDX21,ZMYM5,ACYP2,IL17RE,ATMIN,MTF1,WWC3,MED25
11342,TSPAN33,NBAS,PON2,RP11-223C24.1,PSAT1,CCDC69,GPR56,CXCR3
11343,PET117,CBLB,DNAL4,CASP2,CCR10,TMEM222,TXLNG,CBWD1
11344,STIM2,DERL2,CLCN3,TRAF2,CCDC93,RP11-274B18.2,C12orf23,ENGASE
11345,OAS3,UBN2,KLF10,HNRNPAB,AFTPH,TMEM175,ZNF91,HIF1AN
11346,ZNF500,WDR25,UBA6,ZCCHC17,PLEKHA1,OSBPL3,CCDC18,C19orf25
11347,SIRT5,PURB,BPGM,GDE1,PNPT1,STRADA,OSBPL2,PGLS
11348,EAF1-AS1,ATXN3,LPIN2,LRRC27,ZSCAN9,TAMM41,ZNF800,ABCB7
11349,ZNF33A,NRF1,RP11-25K19.1,COMMD5,NINJ1,PRRT2,HARS,PRIM1
11350,SLAIN1,SCOC,SMARCD2,RBM22,PPFIA1,TXNDC11,FOXJ2,PANK2
11351,KBTBD4,SYNCRIP,HDGF,DLEU1,MRPS35,TUG1,FBXO34,TSTA3
11352,MCM3AP-AS1,GSS,GBP3,RABGGTB,IL1B,ZFR,CDC42,PLEKHF1
11353,CD99,CIPC,LMO2,TNRC6B,VWA9,RBM12,NRG1,DENND1B
11354,DAPP1,CHN2,EPHA1,C19orf70,SLC16A11,RP5-1073O3.7,SAAL1,PPP1CB
11355,SNAI3,EID3,TOX2,PHF5A,MYO9A,TTC17,CDK16,LZTS2
11356,PROSC,MAGOHB,SNX9,TULP4,ANKH,TBL1X,TRAPPC12,PRPF19
11357,RP11-727F15.12,TMEM106C,GRAMD1C,PIK3CG,BET1,NCF4,NLK,ACBD3
11358,PORCN,PSMC6,MMP23B,CELA1,TNF,BOLA1,ABCB7,ARL6IP6
11359,ZFR2,TTC14,ZNF350,DNAJB11,TPRA1,UTP18,GSKIP,PAK2
11360,DDB2,VPS13A,AIFM1,ELF4,AC006369.2,CTA-217C2.1,METTL12,FKBP2
11361,CYB5D2,TOR2A,LONRF1,C15orf61,GID4,ZNF317,EEF1G,VWA9
11362,TRABD,RAB5B,RPUSD4,PTGS1,PPP6R3,C1orf131,TSSC1,ZNF266
11363,RASSF1,C16orf87,PLS3,ZNF326,TBC1D2,TIA1,ADAP2,DDX18
11364,CES2,SUV420H1,OCIAD2,TRIM52-AS1,ZC3H4,PIK3C2A,DNAJC17,AAMDC
11365,MRTO4,RNF220,REXO4,RAB7L1,WDR86,FOXJ2,CDK13,ZEB2
11366,NOB1,CD244,GPR108,STAT5A,CWC22,C6orf62,TMEM223,TMEM14A
11367,ABCB10,CPNE3,PDHB,UBA6-AS1,ABHD12,NDOR1,RALGPS2,NEIL2
11368,SRCAP,HNRNPDL,ANKFY1,MBD1,HOOK2,MINK1,LCMT1,SNX15
11369,FAH,ZNF44,SLC25A19,LIN37,RHOB,PPP6R2,KCTD7,NFRKB
11370,LAX1,GAR1,GBA2,ZNF22,FBXO9,SH3BP5L,FUCA1,TEN1
11371,RP11-138I1.4,PPHLN1,CHCHD5,PTCD3,RAP1A,ETFDH,ZNF33A,APOO
11372,GMDS-AS1,ESCO1,PRPF38A,ZBTB7B,C11orf83,TANC2,ZNF667-AS1,GABPA
11373,SLC35F2,TMEM170A,CDC25B,C4orf33,UIMC1,PPOX,KDM1A,PLOD3
11374,GLUD1,MGAT4A,FOSL2,ANKAR,BTN2A2,PINX1,PARN,FRG1B
11375,SIRPB1,SNAPC1,CAMK2D,POLR2A,CCDC124,MCPH1,DPP8,C10orf32
11376,POU2AF1,PCMTD2,PMEPA1,IFI27L1,KBTBD3,REST,RP11-752G15.6,KDM5A
11377,AGPAT3,GTF2F2,UQCR10,ZNF618,SUPT7L,HDAC4,ODF2L,CD33
11378,PHF20L1,GOLGA3,HELZ2,TMEM243,ATXN7,PIP4K2A,PROSER1,AARS
11379,MPV17,LAT,CNP,MRPL19,GABPB2,MAP6D1,HELZ,TRIM8
11380,ENTPD4,ENTPD1-AS1,EP300,USP9Y,FAM46C,BLK,NUDT1,MIIP
11381,BTN2A1,MLH3,DLEU2L,ZNF609,ZSCAN2,SVIL,CSTF1,CUL4B
11382,IFI30,RPS28,GARS,OPN3,DHX58,SF3B4,RAB3IP,CHEK1
11383,TMEM87B,COA4,ARRDC1,SESN2,DDX28,GSTM2,CSNK1A1,GAMT
11384,AC079767.4,PRDM1,ABHD16A,PRDM1,CAMKK2,RRBP1,HSD17B12,LINC00402
11385,ORC3,BATF,NUP37,ELP5,ARFGAP3,SATB1,PLIN3,PIAS3
11386,ZKSCAN5,PPP1R21,TPRG1,LEAP2,HEBP1,COQ6,HECTD4,PRPF8
11387,BROX,ANPEP,DDI2,FBXO42,AFAP1,ADTRP,JAK3,CSDE1
11388,LRR1,EZH2,HIGD1A,MAP3K7CL,TFB2M,ZNF335,NENF,STAMBPL1
11389,RPS3A,MILR1,GCHFR,LINC00426,TCF3,MOB3C,NELL2,DNM1L
11390,RP11-1143G9.4,CD99L2,SNX19,ABLIM1,MLF1,ATP11A,WBP11,G0S2
11391,HACL1,FBXO25,THEMIS,TNKS2,ZNF575,PTPN11,INTS10,MRPS16
11392,OPA1,TSPYL1,MPHOSPH10,NAA15,F13A1,IFIT2,ALDH3A2,IQCB1
11393,NBEAL2,ARHGAP31,ZNF593,IDE,NTMT1,FBXO21,CTSF,SERTAD1
11394,MPG,SYTL3,MYO1G,EXOC4,DNAJC13,USP13,CSNK1D,VAMP5
11395,MED31,IQCH-AS1,PDK1,DDAH2,NOL7,KMO,MYL5,OGFOD1
11396,IQCB1,EXOSC9,RNF138,ZNF507,IL23A,ATPAF1,NUB1,SESTD1
11397,PGM3,MTURN,RAB8A,FNDC3A,TREX1,TNK2,SESTD1,LAMTOR5
11398,ELL,RASA1,IFNAR2,INTS4,LINC01004,RWDD2B,TRAF1,SIL1
11399,HDGFRP2,SSR1,MRPS27,VPS33B,C1orf63,ITGB1,PITPNM2,RASGRP1
11400,AGK,ZNF467,ECHDC2,BRI3,NPLOC4,CCNA2,BRWD1,KLHDC2
11401,SH2D1A,MMD,TRIP10,CCR10,SPIB,PXN,ARHGEF2,SRSF2
11402,HDAC7,GSR,CCAR1,LSM3,THAP6,YY1AP1,PSMB1,RUVBL1
11403,CTC-241F20.3,ACOT2,WWOX,NAGA,STK38,TRAPPC2P1,CPOX,LIN7C
11404,ZNF337-AS1,ZNF460,CTNNBL1,DDHD2,FBXO32,CNOT6,RWDD4,MGMT
11405,ZNF443,RETN,RNF13,SUGP1,RPA3,GOLGA2,RPA1,SDF2
11406,MRPL45,PGM2,SNRPG,GSPT1,TMEM251,CIITA,ADRBK2,NSL1
11407,TCEB2,PREP,ATP11B,KCNN4,SRPRB,ZNF33A,AAED1,APPBP2
11408,UTP3,CLCN6,ZNF131,PGAP3,MDM2,RAD21,PDAP1,TCEB3
11409,RANGAP1,MRPS30,ZDHHC12,DERA,MFSD1,HPS5,AVPI1,ARFRP1
11410,MRPL41,UBE3A,PCYOX1L,PSMA5,LCP2,CCBL2,LMNA,RALBP1
11411,MS4A7,AP2A1,UBE2G2,PAFAH1B3,EWSR1,POMK,CTD-2035E11.3,FAM160B2
11412,SNRK,HAPLN3,PCAT1,NAALADL1,LSS,CMTM6,PSMD7,ATRN
11413,SGTA,MS4A14,KIAA0907,INTS1,TCOF1,ADAMTSL4,ASTE1,METTL2B
11414,GPR68,TAX1BP3,DNAJB14,UBE3C,SIDT1,AHCTF1,PIAS3,NMT2
11415,ATF7,TSPAN14,P2RY13,COQ4,NFE2L3,ZDHHC18,NR3C1,CLIC3
11416,ZNF675,PXK,SMYD2,NSUN2,SNRNP200,OLFM1,FGFR1OP2,IRF2
11417,ICK,SYNE2,GCC1,CAPZA2,TMEM42,CCR10,PCIF1,C22orf46
11418,RNF125,SF3A1,DPM2,TMSB15B,SERINC2,BCL11A,KIFC1,VPS25
11419,ILVBL,CHST14,SHKBP1,DNAL1,MTRF1L,WDR86,SERGEF,HSD17B7
11420,MKLN1,RAD51C,CANT1,EIF3D,LRRC41,RRP8,SLC20A1,HPSE
11421,ARHGEF6,FAM214B,TTLL11,UBLCP1,CERK,TMCO4,TECPR1,PFDN6
11422,ZBTB20,GPR75-ASB3,ATP5SL,RNF139-AS1,STK11,GNAI1,DCAF13,MIOS
11423,SMPD4,AQP3,AK5,UPRT,A2M-AS1,FFAR3,ERO1L,SLC41A3
11424,MTG1,PRR12,SPATS2L,TM2D1,ANKRD36C,MATK,TNFRSF25,MARK2
11425,NFIA,NOL6,SH2D2A,GSPT2,RPL39L,C1orf198,ZNF668,TWF1
11426,SPTSSB,B9D2,GSK3A,DNAJC4,AL645728.1,PPM1L,WDR46,CDK17
11427,TTC33,PQLC2,SNUPN,RFPL2,TMEM170A,ATG2B,AC113189.5,TECPR2
11428,DGKD,SIN3A,DPP7,COQ9,NSMCE1,PIBF1,SCLT1,GGCX
11429,XYLT2,MZF1,DENND1B,PEX26,GMPR,RAP1A,RP5-827C21.4,PAN2
11430,ZNF121,OAZ1,THUMPD2,PNPLA6,GRSF1,SIRT1,CPNE1,RABL6
11431,SLC25A53,ATP1A1,KCTD18,KIAA0355,ASB2,TYK2,CREB1,IFNG
11432,POMC,HSP90B1,DHX38,UBFD1,RP11-727F15.12,ZRSR2,CCL4L1,RWDD1
11433,CTDP1,ZNF691,TADA1,HLA-DMA,SLC25A26,TOP1,KIF2A,DIP2A
11434,ID1,AC016629.8,EPS8L2,GPAT2,FUCA1,TESPA1,NUDCD3,RPL7L1
11435,PELI1,PMPCB,COPS8,EML3,ITGA5,ERBB2IP,ZNF227,THAP3
11436,MRPL48,TOM1,IRAK2,ARL8A,MTHFR,RPF1,MAPK13,LILRB4
11437,IMPAD1,BST2,TMEM203,MAGEH1,ZNF280C,KB-1732A1.1,RCBTB2,PTDSS1
11438,RPL7L1,RASGRP2,PURB,PPP1CB,CXCL2,UBE2V2,FTX,STRIP1
11439,CCDC82,DNMT3A,YIPF1,HERC5,POGK,TAF9,AP5S1,LHPP
11440,CRADD,WDR55,SYS1,FGL2,PDS5A,WHSC1L1,AMZ2,NSFL1C
11441,ITM2C,PTPLAD2,SCIMP,RP11-473M20.7,TMEM129,IDNK,HAUS7,SH3GLB1
11442,BBS10,KIAA1429,ULK4,POMT1,AC132872.2,TNRC6C,GNPNAT1,CHERP
11443,STX1A,C12orf75,ZBP1,IDH1,CCDC88B,CD22,RPAP3,HIGD1A
11444,LYRM7,FLII,UBXN1,HIST1H4C,MBD1,DDX27,MIR4458HG,CHID1
11445,C20orf96,TECR,TAF6L,ETS1,PIGV,CCDC88A,GATA3,CCDC112
11446,SYT11,PDE12,RUFY2,BRD3,ANKRD49,RP9,KBTBD2,BECN1
11447,CUL3,BAK1,LGALS8,LYL1,CES4A,MCM3,BTN3A3,MID1IP1
11448,ZNF71,COQ9,LINS,PDCL,CCNH,USP20,RP11-18H21.1,NKAP
11449,HBP1,SAMD3,ZNF117,PABPC1,SULF2,TRIM44,KCNG1,LILRA6
11450,DARS2,DNAAF1,FBXO10,SLC8B1,CCDC88C,GATA2,AIFM1,DHX16
11451,TFCP2,TRIP4,ANAPC15,USP22,YIPF5,UBE2B,C9orf72,PI4K2B
11452,NDUFV1,TMEM115,CCBL2,HSD17B12,ZNF263,KIF16B,PSMD6,ATP6AP1
11453,PDE12,PIN4,ZSCAN5A,ENTPD1,NFAT5,MKL2,XXbac-BPG252P9.9,ASCC3
11454,HSF2,MVB12A,HAGHL,SLC44A2,P2RX5,CPM,PRKACB,KRBOX4
11455,AFTPH,PSMG4,TRIM8,ZNF81,TCEAL4,ZC3H15,GTF2A1,SORL1
11456,FCHSD1,CNOT7,ECHS1,RGP1,VRK1,PKP4,SUPT6H,DIS3L2
11457,TMEM194B,SLC25A22,ADAM19,ACSM3,TXNRD1,ZNF451,GPN1,RP11-35G9.3
11458,KIAA1919,ZNF568,SNTB1,SOD1,SMIM4,PIK3C3,SLC38A5,SNX12
11459,PRKAG1,IGFBP7,TCEB1,PRAF2,GOLT1B,CCND2,SPOP,MARCKSL1
11460,CKS2,BEX2,TBC1D4,GBP3,SIRT1,CLTC,MGA,CUL3
11461,MEF2A,SLC41A1,PLEKHA5,CCDC97,METTL2B,FHL1,CBFA2T2,USP48
11462,SMARCA5,USP33,MARCO,SKIV2L,RP5-1057J7.6,RPAIN,WASH4P,BSG
11463,AGER,SIGMAR1,TPR,SDHC,IQGAP2,SLC30A1,CPNE5,GLTSCR1L
11464,RNMTL1,FUT7,EIF3B,HTT,NBAS,STOM,ZNF148,CTD-2006K23.1
11465,STK24,VIPAS39,PRR7,FBRSL1,AKR1A1,CORO2A,APBB3,APBB1
11466,CYBB,PPP2R5A,KLHDC4,PUS7L,TMSB4Y,SERINC2,RAB33B,JAKMIP1
11467,ESPN,MAPK9,RAE1,RFTN1,DNPH1,SLC25A20,RELB,SEL1L3
11468,FOXK2,SURF1,FAM43A,UTP11L,XPNPEP3,CAMP,CCDC174,RSRC2
11469,CD22,DGAT1,FCF1,KNOP1,CATSPER2,GFOD2,MTX2,SLC33A1
11470,DHRSX,MICU2,N4BP1,NAP1L6,HIBADH,ILVBL,UBE2O,SAP30BP
11471,HARS2,NDRG1,SOD2,IFFO1,MYO19,MARK4,FAM126B,H2AFX
11472,RP1-187B23.1,XPC,EDF1,TSC2,CECR5,NRBP2,RRP8,TAF15
11473,ANKS3,IFIT1,FLT3,CDC123,MAD1L1,AC027763.2,MIB2,TMEM39B
11474,KIR3DL2,XPO5,SEPN1,TEN1,THEM4,TM9SF4,MINPP1,TOP1
11475,XRN1,ASH2L,WNT10A,MUM1,RAB27A,C1orf85,COPS4,IGJ
11476,RP5-1007M22.2,NECAP1,TLR6,SLC38A10,GGT7,CSTF1,MUM1,MAP3K7
11477,AC016629.8,AFF3,JAGN1,CCNL1,C2CD4D,SRP54,PWWP2B,ZNF142
11478,ZBTB2,UFD1L,CLSTN1,SPATA13,ZNF333,ZC3H13,ORMDL3,MCEE
11479,NSMF,SNAPC3,AP001816.1,USP15,C11orf35,PHF20L1,ALG6,AKAP10
11480,CD19,ZNF707,LAG3,CLDN7,ING4,TACC1,SMARCAL1,CRADD
11481,SEC14L1,AES,SNRPA1,PERP,LRCH3,KMT2E-AS1,SRD5A3,SNRPD1
11482,PPP2R4,RFWD2,LINC00672,FAM213B,SH2B1,TIMM8B,NUP85,SFT2D2
11483,RUNX2,CBWD5,CMPK2,SMARCA2,ZNF320,PSMC6,RNPC3,KDM3B
11484,DBP,BAZ1B,B4GALT3,SCCPDH,C16orf54,ATP5G1,TMX1,FBXL15
11485,SARS,SUSD1,CTC-523E23.11,RTCB,EIF5A2,RP11-110I1.13,GS1-251I9.4,CNPY2
11486,SNX30,CDK13,PPWD1,METTL21A,DTNB,C14orf142,MAK16,ADK
11487,FAM175B,LDLRAD4,NXPE3,KMT2D,FAM53C,DTD1,C19orf48,PLD4
11488,IPCEF1,FAM219B,TAF9B,HPS5,TNFAIP8L2,TOMM40,TERF2IP,PRPF6
11489,SHMT1,BCKDHA,ATP8A1,SSSCA1,TMEM11,FLOT1,CCNG1,ZAP70
11490,TTC16,KLHDC2,NCR3,TMEM177,CDK20,FAAH,ST7L,NR2C2AP
11491,KMT2E-AS1,ITM2C,NOP16,LYRM4,ADCK2,USP24,MRPL38,PMPCA
11492,LIPT1,MALSU1,ZMYND8,RP3-395M20.12,CSF2RA,HYPK,LSG1,DDX6
11493,E4F1,MARCH1,ANKH,EPC1,WDR20,SEPT2,BCS1L,SPN
11494,PEX7,TEX10,TTC3,ZCWPW1,SSU72,TPCN1,MBD4,CHKB
11495,HIF1A,FAM212A,KRT18,AFF1,ZNF76,ARMC7,ALAD,MAPK13
11496,ADPGK,ZCCHC9,RANBP9,DPH1,SMN2,FAM46C,TEX264,PRPF4
11497,ZNF845,UCK2,SH3BP5,EIF2B2,ELF1,INF2,DALRD3,EEFSEC
11498,KLHDC4,TPRA1,P2RX4,POLG2,HIATL1,SIRPB1,NR1D2,CNOT2
11499,SAMD8,AKT2,MID1IP1,FAM76A,RP11-545E17.3,PICALM,PRKDC,AC010642.1
11500,AC131056.3,MTL5,DOLPP1,HECTD1,GPN2,ZNF525,ALDH16A1,RRP7A
11501,TAPT1-AS1,SYNE1,ZNF140,TXNRD2,MICU2,COX10,SLC35C1,DLGAP1-AS1
11502,ZNF593,RNF121,NMRAL1,AP003774.1,ZNF354A,ATP10A,USP12,EXOC7
11503,PITHD1,UBASH3B,RAB11FIP1,TIAM1,PAK2,MFSD6,MZT1,POLR2I
11504,HEATR3,MAPRE1,ZNF600,MARCH1,SCGB3A1,TMC8,SLU7,ENTPD3-AS1
11505,RP11-407N17.5,ARL13B,PPP1R35,SPEN,MRPL2,INTS10,CCDC43,MTSS1
11506,MECP2,AAR2,GADD45A,VPS13D,COG8,ZNRF1,GOPC,KIF22
11507,PDGFB,VPS4B,CEBPZ,TRIM21,TPM1,AP001189.4,DYM,SUCLG1
11508,MED10,TDRD3,TGFBRAP1,HSPH1,CEP250,PLEKHG5,ZWINT,PSTK
11509,FAU,CCHCR1,APOA1BP,KIAA1328,CD58,MDFIC,FBLIM1,CCDC126
11510,TMEM179B,AKAP7,NMT2,CCNT1,QDPR,CDK19,CD247,IL8
11511,IL6,GALNT10,B4GALT7,CTD-2162K18.5,NFAM1,FAM89B,TACC3,WDSUB1
11512,MAT2A,LIMS2,GATSL3,FAM185A,CRK,TRMU,PYCR2,TRIM28
11513,LRRC8A,ATXN1,SNAPIN,NDUFA13,TIMM23,RP11-809N8.4,CHD8,VPS51
11514,ZMYM1,HINT2,C17orf62,C6orf25,ALG12,RP11-135A24.4,FLII,CFDP1
11515,COX7A2L,TNS1,LSM4,SIT1,TESC,TFRC,NBPF14,INTS4
11516,MIOS,SEL1L,INTS8,CTD-2015H6.3,CCDC59,FAM104A,MIR4519,NAAA
11517,MBNL1-AS1,ABCD4,RP4-773N10.4,SLIRP,RNASEH2A,OAT,XRRA1,ATG4C
11518,RP11-485G4.2,FFAR2,ATXN10,CNIH4,IFI44,PHB,GPR171,NAA50
11519,CBWD5,GALC,ZC3H8,TYW3,GGCX,WDYHV1,PRR7,TRMT6
11520,MARS2,GGA2,CACNA2D3,P2RX5,DTNBP1,TP53,NONO,PANK4
11521,MAP2K5,NIPSNAP1,RBM28,GNGT2,PRKAB2,C14orf80,MBP,CRLF3
11522,APOBEC3A,GLE1,ALG5,AP4B1,FGD5-AS1,MYLK,ZNF766,PLD3
11523,CBLL1,DYM,JMJD4,ETFA,IRF3,AC093323.3,ZBTB44,IRF9
11524,ZSCAN2,BLMH,NOA1,VILL,SUGP2,IP6K1,ASB1,ASXL1
11525,NDUFB1,WDR6,DGKH,VPS26B,NT5C3A,LBR,TRAPPC2,CLK4
11526,TMEM104,RP1-40E16.12,AP3D1,DNAJB2,HKR1,CLIC1,IQSEC1,CCDC77
11527,CLPX,CTU2,TBRG1,RRP1,FLT3LG,REXO2,NDUFA10,ZNF33A
11528,FAM120B,INTS4,C1orf52,SAR1A,BCL2L12,RBM26,POLR3H,ZNF800
11529,FKBP8,CLEC4G,CTDSPL,SMARCB1,UBE2Q1,AATK,GPR137,ARHGAP25
11530,IRF2BP1,RP11-427H3.3,MPI,GFPT1,VMP1,DAK,CHMP2A,MED24
11531,MTIF2,HIGD1A,SNAP29,ELMOD3,HHLA3,CHD1,VPS26B,SYNE1
11532,HRAS,GALR2,GON4L,TDP1,RP1-8B1.4,DSCC1,DUSP18,EIF1AY
11533,AKR1B1,YDJC,SLC30A6,ZFYVE20,KLC2,NBEAL1,PLEKHO1,WNK1
11534,PLEKHO2,SKA2,PCP2,TMEM120B,TMEM161B,LIPN,VAMP3,DHRS12
11535,DAP,SMAP2,MED20,MYD88,GTF3C6,ALG12,AUH,PIGF
11536,GGT1,NOP58,SFT2D2,TMEM167B,ARSA,ARID5B,RUNX3,MRPL39
11537,NFYC-AS1,STRN,YIF1A,FBXO25,RAB3D,NPEPL1,TOR1AIP1,METTL18
11538,CCL28,HSPE1,C17orf72,CTBP1,SLC9A1,SLAIN2,IRAK1,TCF7L2
11539,HERPUD1,RNASEH2B,CCDC152,CSNK1E,KRBA1,NOG,AKAP8L,MRPL36
11540,PURA,ADAM10,PHRF1,ITGA5,CYB561D1,RERE,RP11-94L15.2,HECTD1
11541,TARBP1,RILP,TPM4,TNIK,CUEDC2,KIAA0100,FNDC3A,FAM58A
11542,FUCA2,TRAK1,ASAP1,CXorf65,AK9,FAM49B,C1orf63,ARL14EP
11543,FBXO4,TOMM34,CTD-2035E11.3,TRIB2,PLCB1,INPP5E,C19orf33,C19orf52
11544,JOSD2,BCL2L12,SYMPK,FAM122C,RBM27,SRPK2,STX8,VAMP1
11545,PAM,CD33,TMEM55B,NMI,SNX13,CALU,PTPN7,DCLRE1C
11546,ZNF721,SBDS,IMMP1L,CHPF2,RP11-291B21.2,TSC1,XIAP,ZNF276
11547,ENO2,SREBF2,PITPNM1,NFKB2,AC006116.20,SIK2,CTR9,HAGH
11548,RPRD2,CRAMP1L,KLC2,PDHA1,TRAF5,RP11-879F14.2,TUBD1,TRIM38
11549,UBE2N,TMBIM6,RPRD2,FGFR1OP2,RPS6KA5,CNTROB,NAE1,LAIR1
11550,SRD5A3,FKBP11,DTNB,FBXO33,AGPAT4,IKZF3,PIAS4,CDC23
11551,UNC93B1,CMSS1,AZIN1,GOLGA3,ST3GAL1,TRIM11,RMDN3,EI24
11552,NGDN,SLC39A1,SPAST,ABI1,MXI1,FAM111A,SLC24A4,POLR2G
11553,SEPT2,EMC9,OGDH,RP11-23P13.6,ZNF573,TNFAIP2,PSMD5-AS1,CHMP7
11554,CARS2,CXCL16,CTNNAL1,BICD2,TMOD2,MX2,ZBTB47,USB1
11555,MCFD2,TMCO3,GPANK1,EIF2D,MYCBP,RELT,CPSF2,IARS2
11556,CLK1,HPGD,SETD6,EEF2,TMED8,CDKAL1,CXCL10,HSP90AB1
11557,EIF4G1,BCCIP,GTF2A2,WDR82,NSUN6,ETV2,MCM2,GAPT
11558,IPO9,CMPK1,CXXC1,ASXL1,SLC16A6,GRIPAP1,TYSND1,STAT6
11559,SIDT1-AS1,RARS,CHCHD1,CDIPT,NCOA3,CAPN2,AAMDC,RNF19A
11560,C2orf43,GSPT1,AC011893.3,RAB30-AS1,ATIC,AP3B1,ABCE1,RP11-111M22.3
11561,DMKN,ZXDC,TMEM69,TMEM256,PSMD12,THBD,TASP1,SNRNP200
11562,ACTR1A,LAS1L,ACAD10,TP53BP1,EP400NL,MED29,TPMT,DESI1
11563,FIGNL1,GBP5,MAPRE1,CDYL,MAP7D3,OAF,MALSU1,CYC1
11564,GLTSCR1L,ARSB,HCAR2,FAM69A,UBAP2,KRI1,RAP1GDS1,ASMTL
11565,DEAF1,ANAPC13,EPB41,RN7SL832P,ZNF814,FLOT2,CDK9,NUDCD3
11566,FAM204A,WNT5B,GGA1,TUBGCP2,PCM1,LRCH4,EID2B,GOT2
11567,XPNPEP1,USP48,ATP5G1,NUP43,IL21R-AS1,KIFC2,RP6-109B7.3,DNTTIP2
11568,OXA1L,RP11-109G23.3,TMEM191C,SLC38A5,MYO9B,SNN,DNAJB14,RALA
11569,KIAA2026,YTHDF1,NAA40,NFKBIL1,SNX10,FAM53C,AIM2,OSTF1
11570,HDLBP,AK2,TLCD1,BRF1,ZNF384,UTP3,CNOT4,LBH
11571,HIST1H2AH,FRA10AC1,TRAPPC6B,SGSH,RB1,KAT7,TPM1,PSMD12
11572,HTATSF1,INPP5D,TFAM,MB21D1,CMTM5,NAT10,LBR,DENND6B
11573,GSTZ1,LYRM1,BTN2A1,LZIC,RALGAPA2,P2RX5,RFTN1,EIF2B5
11574,MYCBPAP,CD59,CHD3,SELO,SLC12A4,RP11-644F5.16,WNT5B,UBR2
11575,AKT1S1,KLF12,CCDC88C,JAZF1,DCTPP1,BLOC1S6,TMX4,MGST2
11576,PLD2,FBXO33,DNAAF2,NAPEPLD,UBR1,ZC3H12A,TMEM87A,ADD1
11577,AL928768.3,IRF8,SLC46A3,ADAP1,GMCL1,CSRP1,CD22,RHNO1
11578,FAM135A,CD38,PCSK1N,AKT2,GMDS-AS1,GMIP,PSMD1,EMC7
11579,ZNF287,PAN3,ACADVL,NFAT5,LPCAT3,RP11-63P12.6,MEFV,EPS8L2
11580,GTPBP1,BRD7,ZNF511,PEF1,POU2F2,DCTN1,MAL,RNF220
11581,FAM217B,SMC5,UBXN2A,FOXO1,NT5DC1,SLFN12,SETDB1,TDP1
11582,AC004893.11,SAYSD1,ZFAND5,PPM1K,DAPP1,RAB31,RIPK1,COG4
11583,JOSD1,PPP2R5C,RP11-139H15.1,XIAP,DDHD2,EIF2A,WDR91,SUCLA2
11584,CXorf24,MAPK3,PRKAR1A,STRAP,SLC35B1,GID8,SH2D3A,SLAMF7
11585,PPP2R2B,GNB1L,RRP1,SLC35E1,PDE4B,PHTF1,CRIPT,KLRG1
11586,CMTM7,PFKFB3,MRPS34,ZMYM5,SMARCD2,RRP12,ZNF335,RBBP4
11587,TPGS2,C2orf49,RMND5A,NT5C3A,C1orf109,RPRD1B,RP11-620J15.3,SMC1A
11588,TBK1,CERS5,RP11-215P8.3,TMLHE,SLC7A5,KDM7A,RPS17L,ARHGAP17
11589,FAM126A,ATP10D,NUDT22,AOAH,SPOP,ARGLU1,NBR1,CYTIP
11590,C18orf8,FMNL2,YLPM1,FBXW11,ZBED5,SS18L2,ZNF439,HEXA
11591,RITA1,ANP32A,IZUMO4,DPEP2,RP11-290F20.3,ZNF814,STIP1,FAM120AOS
11592,PTPN22,RP11-10L12.4,FOXO3,MEGF9,KPTN,ATF7IP2,XCL2,DUSP23
11593,CDKN2AIP,YAF2,URI1,SSB,SLC9A8,TSPAN31,JAKMIP1,PIEZO1
11594,PLEKHA1,SNAPC5,ZNF83,H2AFY,DNAJC25,SLC22A18,RIPK3,CHMP3
11595,COIL,ATP5S,TRAPPC9,WNT7A,ARHGEF2,EAF1,POM121C,RB1
11596,ZEB2-AS1,SEC24D,CORO1C,TMED9,SBK1,HAX1,PRKX,RCOR3
11597,TP53I13,CBLL1,RNASEK,ZFAND4,NHP2,ITK,CLN6,BRCA1
11598,KDM3B,TTC1,AC073283.7,WRAP73,TMPO,ASB7,KDM3B,OAS2
11599,MEF2D,ITGA2B,SATB1,IKBKG,PARP12,IPO5,LGALS1,ALG12
11600,IRF3,KPNA3,KLHL22,CDK5,SAV1,ARHGAP35,C19orf77,ALDH2
11601,NIPA2,RNF4,GALE,RANBP1,FAM178A,GTF2H2,GLYCTK,DEPDC1B
11602,ALKBH1,TBC1D22A,HAPLN3,SPPL2A,GTF2H1,ILF2,AFTPH,PRKAG2
11603,IFNGR1,JUP,C18orf8,OPA3,INTS7,RPAP3,USP3-AS1,NNT
11604,ABHD17A,ASCC2,IL6ST,BLOC1S4,ETNK1,ICA1L,MDK,SBDS
11605,CRELD2,SSBP3,AGPAT1,KIAA0100,COX20,RMND5A,ZNF721,PRPF38A
11606,RPA3,AP001189.4,ADAT3,METAP1,REPIN1,HDAC9,ETS2,ELP2
11607,NABP2,ELP3,LIMS1,LINC00944,CNOT10,GS1-251I9.4,TK1,UQCR11-1
11608,BLMH,KLF3,TSHZ2,CLEC16A,EIF5B,LMNB1,RAB7L1,EIF4G1
11609,PNRC2,MARCH7,C18orf25,ANGEL2,DNAL4,CS,RSBN1,CCNK
11610,RP11-79P5.9,C8orf31,RNPEP,SLC4A7,RP11-395A13.2,TACC3,C1orf174,RNPEP
11611,MAGOHB,MRPS9,ATP9B,MRPL46,OASL,CUL4A,NDUFAF7,COPS2
11612,NPEPL1,ZNF174,CSNK1A1,GPRIN3,PSMG3,UTP14C,TREML1,SNRK
11613,CECR5,STAU1,LY75,FXYD2,TMEM40,SH2D3A,SEPT6,LRRC28
11614,CTD-3214H19.4,ARHGAP10,RFK,C19orf66,CLASRP,TMCC2,SNX12,LRRC61
11615,SH3BP5-AS1,OTUD5,APOBEC3D,C1orf174,SUCLG1,RP11-111M22.3,GK,CTD-2521M24.9
11616,RLTPR,MAP4K1,CAPZA2,SMPD1,DR1,UCKL1,IKBKE,CCNE2
11617,EXOG,CCDC43,MAP3K6,PI16,CYP4V2,CDK8,ADAM15,DDX21
11618,DYNLT3,IPO8,CCNY,FAM127A,TNFRSF14,CTD-2571L23.8,GSK3B,ZNF83
11619,NPHP3,ERMAP,SNORA76,TTPAL,POLDIP2,HMOX1,ZBTB4,GTPBP4
11620,CFLAR,SH3TC1,CD1D,SLC25A19,LINC00926,HIATL2,HSPA8,ATP8B1
11621,SRP54,NDST2,RP11-611E13.2,CDKN2C,NUTM2A-AS1,CECR5,ELP5,DPP9
11622,RP11-511I2.2,UPF3B,HS3ST3B1,NDUFB4,ARL17B,FAM24B,FAM136A,HMMR
11623,SYS1,GFM1,ZNF789,RP11-383C5.4,SAMSN1,BZW1,SHC1,FAM84B
11624,DDX27,ELAVL1,HSD17B7,YBEY,RNF111,RNASEH2C,LAPTM4B,E2F4
11625,RP11-589C21.6,ALKBH4,XCL1,MAGED1,ZNF429,C1orf56,SLC7A6,SPAG5
11626,PRKCD,CAPZA1,NCOA4,MRE11A,CDCA7L,ENDOD1,OARD1,ATM
11627,SIAH2,TNPO1,TOR1AIP1,RUSC1,MS4A7,WDFY4,TCEB2,CNDP2
11628,FAM127B,SSSCA1,ARL8A,EFCAB11,PITRM1,PJA2,HCFC1R1,TTN-AS1
11629,CCDC94,SPAST,EBPL,TRIP12,HIST2H2AC,ACER3,PLIN2,CHCHD7
11630,ZNF182,RP3-402G11.26,CINP,ASB16-AS1,HGSNAT,TDP1,POLR3C,GPR155
11631,NSUN4,ATM,CAMTA1,MRPL2,FGD2,DUSP28,R3HCC1,RP4-647C14.3
11632,ACBD3,NGLY1,NUFIP2,F2R,CARS,UBA6-AS1,TDP1,CSRP2BP
11633,NDUFAF4,PROSER1,GNB5,MPEG1,MCCC1,PSMG1,VPS52,ATP13A1
11634,TMEM169,KIF2A,APEH,MRPL43,MRPS5,SULT1B1,CDK12,ZNF581
11635,COQ6,SFXN4,AL139099.1,ADI1,ZNF260,CPT2,PPP1R11,CEBPA
11636,TOMM5,CEBPZ,WDR48,ACOT8,CBX5,NIPSNAP3A,AAAS,SEC13
11637,DHRS1,CCL4L1,MARCH5,RP11-196G11.2,C8orf82,SOAT1,TPP2,RUVBL2
11638,TPRG1L,SLC25A35,ZNF414,CLASRP,PRMT7,SAR1A,ZFYVE21,ALKBH5
11639,RP3-477O4.14,CTD-2006K23.1,ZMAT2,TPRA1,SDF2,GUCY1B3,ZNF274,TPP1
11640,SPIB,UBE3C,ABHD12,TTC5,TRANK1,AC023590.1,HIPK2,KIAA1143
11641,ZNF468,ATXN7L3B,NUP62,RMND5A,RFC1,GRN,TSPAN14,SLC25A46
11642,UBE4B,RNF41,BRICD5,CENPH,LINS,CCNY,TRIM4,GPRIN3
11643,IGFBP3,VPS45,UNC5CL,PRMT10,LINC00938,ZNF362,AC003075.4,GPR18
11644,SGSM2,RTCB,CDC42,KANSL1-AS1,RPL7L1,CHP1,GNPTG,STX1A
11645,AREL1,PDE5A,FBXO11,RNF146,PIK3R1,CHCHD3,TSEN34,LRRC59
11646,SIRT6,HSH2D,DDX19A,SLC20A2,METTL9,RSPH3,A1BG-AS1,ALCAM
11647,LAT2,RP11-162A12.2,ERGIC3,C11orf83,SLC4A2,C15orf57,PRAF2,BBX
11648,ZNF846,RGS3,USP39,URM1,RAB33B,EMC6,COMMD8,PON2
11649,FAM192A,FBRS,SIT1,SLC25A17,PDCD2,RNASE2,GBP5,SLC26A2
11650,CNOT10,TIMM9,PRSS57,TSTD2,APAF1,RAB33B,CABIN1,NEK9
11651,PAFAH1B1,PAK1IP1,HP1BP3,POLDIP3,AC093627.10,MECP2,COMMD2,CSNK1D
11652,VWA9,CCR7,PRKAG2,RPUSD2,GATAD2A,MTF2,TIMM22,TXNDC16
11653,SLFN12L,PIGN,NUDT17,ZNF281,TM9SF4,HSPA14,TRAFD1,EIF2A
11654,FGFR1OP,DDX52,RSRC1,UBR4,BTF3L4,LIMS1,TTLL12,ASNA1
11655,CYB5R3,RHNO1,TSN,SETD5-AS1,LRFN3,ISG20,LAMTOR3,DCAF11
11656,FAM105A,RPP25L,DOCK10,TRIP11,CCDC18,EIF2AK2,RGS18,TRIM3
11657,POLK,KIAA0355,LSMD1,EPS8L1,WDSUB1,BCAP31,MOV10,PABPC4
11658,HK2,ATP13A2,EOMES,LINC00685,LILRB4,MIS18A,TOMM20,PRKDC
11659,TRMT1L,DPM2,NDUFB6,ARL6,EXOC6,DYRK2,ARL4D,SAC3D1
11660,IRF1,SPOCK2,FPGS,SLC16A3,RPS6KB2,ZNF117,LMBR1,CDV3
11661,PSME2,MTMR12,G6PD,DCAF10,HLTF,TMEM121,RALA,DNAJC17
11662,FBXO38,FNTA,ORC4,TLE2,LMF2,EDEM3,AC093323.3,MRPL18
11663,AFF3,GPATCH2L,SCIN,TP53INP1,MTFR1L,TWISTNB,NUP153,IQGAP2
11664,PHTF1,STAMBP,C1orf61,LPGAT1,PTPN11,CTC-378H22.2,CTPS1,WBSCR27
11665,PAK4,SH3D19,SNX4,MRPS22,NGFRAP1,NABP2,ANKMY2,GOLT1B
11666,YTHDF3,CRYBG3,PARP8,GGA3,ATG16L1,RNF19B,PYHIN1,FAM21C
11667,AKR7A2,ZNF254,TMEM5,PTPN9,SHMT2,MRPL16,LRPAP1,SNHG7
11668,CTDNEP1,HSPA13,SLC30A5,DPYD,TMEM184B,SMIM20,TDG,DNAJC16
11669,MBD5,DNAJC5,RNASE6,FAM227B,CLIP4,TJP2,ITCH,TMX2
11670,DUSP28,SMYD5,LCNL1,MCM3AP,FRMD8,SETDB1,MARCKS,TIA1
11671,USP9X,CD3G,MT1F,MCM6,TDP1,RBM7,CNOT11,PSTPIP1
11672,GATAD2B,KCMF1,RPGR,FOXJ3,C12orf5,BST1,NARS,DOLK
11673,RNF168,C2orf68,BCL7C,PARP1,KDELR1,GP1BA,PAAF1,PLEKHA1
11674,ZNF134,SPATA33,STX11,REV3L,APOBEC3D,BCAS4,ZCCHC17,TBCEL
11675,RAB22A,UROS,CUL3,SNN,C20orf96,ALDH3A2,ATAD1,NFE2L3
11676,SDCBP2-AS1,TUFM,LRRC46,NFIC,YIF1A,PRKAB1,FBP1,WDR61
11677,FAHD2B,PPIH,USP9X,PRKCI,CCDC126,KIAA0141,KDM4B,MAEA
11678,FAM103A1,RPA3-AS1,SMEK1,ZMAT2,RP11-539L10.2,TCTN3,TPM4,GNL2
11679,MGA,SLC25A1,UBE2J2,DCUN1D5,COX11,STT3B,AP003733.1,ZSWIM8
11680,ATP6V1C1,ZNRD1,NPDC1,PLA2G6,AKT3,SCFD1,SPDL1,GSKIP
11681,MZB1,LMBRD1,ZNF224,NIFK-AS1,CREB3L2,LINC00342,USP20,DDX49
11682,NDUFB6,AC002116.7,DNASE1L1,FAM172A,EFHC2,MOB3A,DGKA,CRY1
11683,SHOC2,CHKB-AS1,SLC52A2,SEMA4A,MX2,MED14-AS1,NHLRC3,COPG1
11684,MTMR3,SNX14,RASD1,RASGEF1B,CDKN2AIP,SLFN11,ZNF747,ARL1
11685,TIRAP,ARL2BP,RP11-288H12.4,C4orf46,ENPP4,SLC2A13,MOB2,SPDL1
11686,THOC5,NELL2,C7orf73,MED1,GMDS,TMX2,SAMD3,ARL5B
11687,ACTR5,TP53I11,SRM,RP11-400F19.6,CASC4,TMEM87B,IMPDH1,UBE2V2
11688,NAT9,BRCC3,DOCK3,PHF6,TP53I13,EBPL,BRD9,KIAA1524
11689,MRPS23,RWDD4,RIN3,RP11-386I14.4,RIC3,TXNL4B,C11orf24,PRKCH
11690,FUBP1,TAF7,PRKAA1,AIMP1,ZDHHC12,GSAP,CLU,NIP7
11691,NUBP1,APOL2,KIAA0319L,TAF11,AC093673.5,ZNF320,MALT1,CFL2
11692,STAU2,BET1,ZNF816,RP11-545I5.3,ARMC1,DCAF17,TRAK2,ADSS
11693,LRRC8B,GNPTG,C5AR1,SUPT6H,GMIP,ADD3,CTD-2006K23.1,TARBP2
11694,NOP58,ZNF326,PTPN2,TADA2A,DECR1,AP4B1,CLK2,FUCA2
11695,OSTC,ENHO,FBXL5,MFAP1,SRPK1,GMDS,C8orf58,SRP72
11696,FOXO4,B3GALT6,SEPT5,DHRS4,C5orf55,GPR155,GTF3A,NECAP1
11697,TPST2,PINK1,MCC,DDX59,CMKLR1,TOP3A,COQ4,PHLDA1
11698,RP11-22P6.2,THAP1,TOMM70A,KIAA0125,PAN3,SNCA,PDE12,CEP89
11699,SEPT11,LY6G5C,CD244,ZNF599,NAA16,SMIM5,HGSNAT,TIFA
11700,PCTP,AC074117.10,CTB-55O6.4,TFB1M,YME1L1,EBNA1BP2,PPP4R1,RPP30
11701,R3HDM2,NCOA7,RP5-914P20.5,CHTOP,CAMK2D,GLTP,ROCK1,RIT1
11702,CTD-2341M24.1,PTK6,DLG1,SOAT1,PJA2,DNAJB9,MAPK3,PRKRA
11703,RELA,ICT1,MOB3A,KLHL36,ARAP2,MRPS14,ARRB1,RFXANK
11704,RP11-299J3.8,OMA1,HNRNPUL1,ALG2,ZNF786,RAB27B,HMHA1,TSEN15
11705,IPO7,CACYBP,SUMO3,TCTEX1D2,DNAJC21,SLC39A7,MXD3,TMEM181
11706,PLCG1,CBX1,EXD2,HAUS8,TMEM181,FYTTD1,BAK1,SLC17A5
11707,ALAS1,YIPF3,HSD17B10,YIPF5,ATG3,MRPL38,CDKN2A,TOM1
11708,KXD1,COIL,ZBED6CL,CCDC69,BCOR,ASH1L,TUSC2,DENR
11709,ZNF329,C5orf15,TMIGD2,MRPS7,IDE,SH3YL1,FAM214A,SYNRG
11710,SYTL3,MPPE1,SNRNP200,NR4A2,ZNF524,GBA2,COPS3,ZNF383
11711,S100PBP,TPCN2,SERPINF2,KYNU,NIPA2,ZZEF1,PYGL,NSUN3
11712,RBM12B,SUSD3,CMTM5,GART,ANKRD13C,ANKRD13D,IDH1,CD58
11713,EPT1,CTC-425F1.4,APOBEC3H,ZNF274,CBX7,ARHGAP25,HHEX,MRPL10
11714,PRDX3,TMX3,PTRHD1,ESF1,DICER1,NDNL2,RP11-111M22.2,IMP4
11715,SMIM13,ZNF512B,RNF4,PPIL1,ARMC6,HAUS2,LAT2,SCO2
11716,PLEKHG3,VAPA,OGT,PIK3CA,C4orf48,CYFIP2,METTL13,LCLAT1
11717,TINF2,MICA,LTB4R,SAP130,CCDC85B,RPS4Y1,FAM228B,NKIRAS2
11718,RP11-197P3.4,DCP2,ZMYND10,ZNF496,DPH3,RP11-83A24.2,WDR45B,ACTL6A
11719,ZFP64,PARP8,CBX7,FAM195B,CRYBG3-1,DHCR7,SH2B3,WDR77
11720,LPCAT4,KLHL5,SAP18,NACA2,SLC40A1,XRCC4,OXCT1,STT3B
11721,SNRPD3,SMCR5,FAM127B,AHNAK,MRPL44,OPA1,E2F4,TOMM34
11722,GIMAP5,DIS3L,CENPB,ZFYVE28,BCL2L1,RRAGB,TICAM1,COMMD3
11723,RABGGTA,IER3IP1-1,SLC35B2,KCTD5,C9orf156,ENKUR,JAGN1,ZNF428
11724,ZNF501,STXBP3,ULK3,VMA21,CDA,MPV17,CHAC2,KIAA1683
11725,MAPRE1,WDR74,PAG1,CDC27,RAB24,PRPF38B,PRNP,ANO10
11726,ATP5F1,UBN1,G0S2,RP11-468E2.4,GLI4,CPNE1,STIM2,NMI
11727,NOA1,TBK1,SNTA1,WDR45B,LRMP,ARHGEF7,RFT1,ING3
11728,BACE2,XBP1,SH3D19,TPST2,SCAMP1,SPCS2,TRAPPC6B,POMC
11729,ARHGAP24,EPRS,TATDN3,BTK,IQGAP1,LPIN2,RPRD1A,NKTR
11730,FBXW5,DLG4,GOLT1B,PECR,TMEM14C,RP11-804H8.6,PDZD11,TRMT11
11731,FCRL1,ATG4A,CA13,LILRA2,CRYL1,PFDN4,EXOC8,RP11-127B20.3
11732,ZNHIT2,CTD-2186M15.3,POLR3H,TIMM8A,PNOC,LCOR,SLC25A39,C19orf48
11733,ACTR2,MRGBP,MMGT1,H1FX,MYO1C,TNFSF12,UBR7,CDK7
11734,GMCL1,C19orf25,GPX7,WDR41,ELMO1,COQ4,SDF2L1,TRPT1
11735,RP11-385F7.1,ZRSR2,CC2D1A,BCAT2,THUMPD3,PARVB,RFFL,GPN3
11736,CMTR2,SLMAP,PTEN,ZNF652,LINC00402,KMT2D,C1D,ATRIP
11737,SF3B3,ARL4C,RPS9,STRIP1,MCOLN2,VPREB3,YDJC,PDP1
11738,TRAK1,FDFT1,CITED4,DHPS,SLC39A13,TBL1XR1,GDE1,UTP18
11739,ECT2,FYN,FUBP3,BTG3,TMEM194A,ASAP2,KIAA1551,TNFSF8
11740,RP1-241P17.4,PFKL,CBWD5,SCAF1,PXMP2,NDUFV3,TARS,HVCN1
11741,SELM,CIB1,IFFO1,FAM110A,IWS1,CRYL1,PINK1,ELF2
11742,MARCH5,AGPAT9,F12,STRBP,RSL24D1,LRR1,DHFR,KIAA1841
11743,EXOSC7,LEPRE1,SLC9A3R2,ZNF106,LAG3,EML2,C1orf123,RWDD4
11744,ZSCAN16,TM9SF3,VCPIP1,CERS5,ARPP19,SYNJ2BP,AKAP7,TGIF2
11745,PON2,NFKBIB,TOP2B,FIG4,C9orf114,KCTD15,CCPG1,TRAPPC8
11746,GPR137,POLR2M,CD86,QRSL1,WIZ,TSPYL2,ACTR6,TMEM254
11747,AKAP13,TMEM63B,MATR3,ERGIC1,CXorf40A,RP11-20B24.5,CTC-241F20.3,SRSF10
11748,AGAP6,OGFRL1,MGAT4B,RANBP2,C21orf33,SF3A1,KMO,FBP1
11749,NIPSNAP3A,DCTN6,MLLT11,PPIP5K2,PRKCA,BBS4,NAA20,EMG1
11750,SMKR1,HCLS1,N4BP2L1,RP11-867G23.8,SMIM8,YIPF6,AFMID,ATG12
11751,ERAP2,KIAA1033,SH3BP1,SRRT,ANXA11,UBE3B,CENPL,COX20
11752,UBAP2L,AC137932.6,NARS2,HOTAIRM1,ARHGAP27,ARL14EP,NMI,SEC31A
11753,WDTC1,TP53RK,ZNF259,PTP4A3,SCOC,RP11-884K10.7,YARS,MLX
11754,BCKDK,SZRD1,IRF2BP1,RPP21,COQ10A,OSBPL7,YEATS4,NADSYN1
11755,HCG18,PBDC1,TRIM33,TIMM22,BLNK,RBBP6,MTMR14,SPAG16
11756,FBXO32,KDELC2,TPCN1,KEAP1,C3orf17,CTD-2228K2.5,RBFA,HLA-G
11757,CYSTM1,ARFIP2,TIAM1,HKR1,FAM104A,PLK1,RP11-473I1.5,POLR2K
11758,FAR2,NFE2L2,RRS1,SPRYD7,DPP9,SCP2,OMA1,ARAF
11759,NDUFAF5,CCDC130,FECH,RP11-326I11.3,IL15,POLD2,PAIP1,WDR18
11760,ACACA,DEF6,COX19,RAB1B,FAM127B,HGD,KHSRP,ALG5
11761,SERPINB1,LINC00649,TRIM41,PDLIM7,C3orf33,RMDN1,CD55,CECR1
11762,EMC9,GZMA,CMKLR1,CSNK1A1,UTP11L,LRFN1,ZBED1,SRA1
11763,CLU,MYLIP,GRAMD1A,FAM168A,RWDD2A,VEZF1,POLK,UBA2
11764,MTHFS,PARS2,SNHG15,UBA1,GPR183,TRAF7,POLM,ZNF747
11765,CEP104,SLC22A4,SUGT1,TARBP2,TRIM35,RYR1,UBXN4,MDM4
11766,C8orf59,DAZAP1,RNMT,GDF11,B3GALT4,PAXIP1-AS1,UHRF1BP1L,USPL1
11767,PFKL,ADK,GLRX,CERS2,RP11-500C11.3,SMARCA5,DIDO1,MYCBP
11768,C4orf48,CLCN1,DNTTIP1,CTA-217C2.1,MIS18A,GPR137B,KDM2A,CREBBP
11769,XAB2,USP3,DCAF5,CA5B,GATSL3,RFC2,SMC2,TPCN2
11770,CHD2,USP5,USP9Y,FAM211A,WARS,ELAC2,DOCK11,MFSD9
11771,SNX10,RP11-22N19.2,HNRNPLL,HSPA8,FAM8A1,HS6ST1,NTHL1,CSGALNACT2
11772,RPL26L1,ABHD11,RCBTB2,TTC27,MOB1A,SFMBT2,USP15,TCF12
11773,DUSP16,AL354822.1,R3HCC1,ALDH3A2,DDX39B,TAF1D,C7orf26,CAPN2
11774,G0S2,GCH1,HERC3,OTUD5,HIP1,NR2C2AP,METTL18,SERTAD3
11775,SKP2,KLHL12,SLC25A29,TIGD1,SGK223,SEPT8,ICA1L,ABCB8
11776,SMCR5,LAMTOR5,PPP3R1,GUSB,SVIL,RABEP2,RFC2,SAMD4A
11777,SPARC,PLRG1,NDRG3,RNF181,FAM179B,S100Z,ARHGEF3,EIF3B
11778,FKBP15,CTC-228N24.3,CLDND2,AATF,TXLNA,CTBP1,PDE4B,RAB3IP
11779,PGS1,PXMP4,PHKB,NFATC2IP,XPO4,AC006129.2,POLR2M,TADA2B
11780,RBBP7,ARID5B,RPL22,PAICS,RP11-252A24.7,RNF145,C16orf80,INTS7
11781,ZNF140,ARMCX3,ALKBH8,APPBP2,ZNF584,ZNF160,TMEM175,MFGE8
11782,SPTLC2,CDK4,TCEA3,RSAD2,AC084018.1,IST1,NOL10,SREK1
11783,MYL9,OXSR1,DDX55,AP2A1,B9D1,CDK4,SLC27A5,MXI1
11784,FOXN3,UNG,DNAJC1,RMND1,SPRYD3,BLNK,TMEM43,CCL28
11785,SHMT2,PTTG1IP,RASSF2,ACSL6,NKIRAS1,CXorf65,RIC8A,GRHPR
11786,CCDC64,OGG1,TERF2IP,TAF4B,HGS,SFSWAP,CHD1,ARID5A
11787,NDUFB2,SNX22,NUP155,C1orf27,PLBD1,PCYT1A,YBEY,PPP1CC
11788,POLL,RFX5,FAM120A,COX20,IRF8,SLC50A1,HSPA4,SMNDC1
11789,SLC35E3,TTLL1,NLE1,GNG7,CUL4A,SNORD3B-2,SERTAD3,NUDT15
11790,ERH,GTF2H5,A1BG,LOH12CR1,ZNF101,SPOCK2,LILRA5,MRPL24
11791,CRNKL1,TOP2B,YY1,ZNF211,APOBEC3A,TMEM2,MOSPD1,SCNM1
11792,EMG1,JAK1,MAP2K4,LIPT2,PINK1-AS,SMC3,RAB11FIP4,DHX38
11793,MPDU1,SLC3A2,STYX,ZNF568,PTTG1,PGGT1B,RDH5,MCM5
11794,HIST1H2BD,PRADC1,LRRC42,DNAJC2,ACSF3,POLR3E,MTHFS,RTCB
11795,SLC2A1,MCFD2,LARP7,NINJ2,SNRK,POLB,PTK2,ZFAND3
11796,PGBD3,LIAS,MRPS15,DMTN,SLC22A5,ABCC1,SGPP1,TBC1D23
11797,SPPL2A,AP2A2,CSRNP1,ZNF143,ABI2,CTNNB1,TTF2,PAK1IP1
11798,LETM2,CAPRIN2,TCF7L2,SKAP2,CTD-3214H19.4,C1orf27,COG3,GMPS
11799,ODF2L,MKNK1,SOCS1,TCEA3,FAM216A,FAM3B,HCCS,QTRT1
11800,RP11-793H13.11,PTX3,TRIM35,TMEM102,FKTN,C9orf69,PROSC,CD8A
11801,PKIG,AP001055.6,GUSB,FAIM,GCA,FBXO3,BRD2,AMDHD2
11802,MNAT1,ASRGL1,AKR7A2,KLF7,ZCCHC9,IL15,GPN2,SYS1
11803,ANKRD26,GSK3A,ANKRD36C,SLC7A6,ASGR2,PLGRKT,DPH6,STAT4
11804,LRBA,DPH7,ATG13,ARSK,BECN1,AGPAT3,PRKCQ,PILRB
11805,TM2D3,IRF3,XKR8,ASF1A,B4GALT1,NT5C3A,PLEKHJ1,KDM5C
11806,HPGD,ARSD,AGPAT3,SAMD4B,SBF2,FAM217B,PGM1,THAP4
11807,BDP1,NIFK-AS1,LIG3,MARS,C2orf69,IWS1,CA5B,STRN
11808,C5orf45,DDX3Y,C3orf58,SPTSSA,LRP2BP,MRPS22,MRPS28,KLHDC7B
11809,XXcos-LUCA11.4,L3MBTL2,ZNF226,SRSF11,PTRH1,ACAP2,ESYT1,HLA-DQA2
11810,ANTXR2,NUP85,PAIP1,SYAP1,TRIM52-AS1,FOXRED2,UQCRB,AAK1
11811,CD72,TRIM41,MIIP,P2RX5-TAX1BP3,RP11-535A5.1,SESN3,SIGLEC1,NOL11
11812,PHACTR1,CD151,EIF1AY,PPM1N,WDR47,HIF1AN,PSMG1,VRK1
11813,TBL1XR1,ANAPC11,FRMD4B,TMA16,MTMR3,KLHL36,PPP1R35,UBE2G2
11814,AGAP2,EMR1,PNPLA6,ITPR1,FAM20B,CTC-378H22.1,BACH2,RBM12
11815,PTDSS1,NOXA1,WAC-AS1,KIF20B,ZNF292,RAB13,EIF5A,FBXW7
11816,DZIP3,CD84,SURF1,SPRYD3,PSMD13,C4orf32,LARS,MYC
11817,CBX3,XXYLT1,METTL12,CD72,PNMA1,RP11-190C22.9,PPA2,FAM96A
11818,EHD1,CRTC2,SUCLA2,PPWD1,RP11-297N6.4,PLXDC2,CTD-3184A7.4,IBTK
11819,GAMT,MEPCE,VAC14,RP11-1143G9.4,ATP6V1C1,KCNAB2,HADHB,ATXN7L1
11820,TSFM,RP11-545E17.3,ATG12,GAPVD1,CD81,CATSPER1,AKAP10,FBXO18
11821,ZNF202,KDM5B,AP001469.9,PTGES2,RP1-313I6.12,SPCS1,MTO1,MRPL52
11822,POLE,GFI1B,CYSTM1,KIAA0196,GADD45GIP1,STK11,ZFP36L1,STT3A
11823,INPP4A,FAM175B,C19orf24,TXLNG,SFT2D2,UBE2E3,PILRA,BCL7B
11824,SMIM20,INIP,TADA3,BRCC3,DNAJA1,NONO,ZFAND2B,RIPK3
11825,DYNC2LI1,ZNHIT1,MEI1,C3orf38,ATP5J2,C10orf88,ERV3-1,DNMT3A
11826,GLRX5,METTL6,PRR12,SH3D19,FCHSD1,SRA1,TTC5,TMEM159
11827,NSUN5,BEX4,MTFMT,ACVR1,SP140L,MRPS18A,PITPNA,AK2
11828,C4orf32,CREB1,OSBPL8,ABCD3,APBB1,HOOK3,MBD2,ARL4C
11829,ARID2,NDUFS6,TOX4,ACAD10,CLK4,PCGF3,USP28,CYB5B
11830,INPP4B,TIFAB,SLC6A6,RP11-166P13.3,PPTC7,DCAF10,SPATC1L,FTX
11831,AHNAK,IMP3,ATXN2L,MRPS18A,C17orf75,WDR33,NAA16,CTD-2037K23.2
11832,PHAX,METTL21A,POLI,DHX9,DHX38,KIF22,MTHFR,PCBP1-AS1
11833,CCPG1,HNRNPU,EIF2B1,CBR3,MPZL1,ACOX1,CCDC115,IGFBP7
11834,RALGAPB,ETFA,CD2AP,ITGB1BP1,RP3-329E20.2,LRRC59,BCL2L13,POLR3E
11835,TANGO2,MSRA,AHCY,DDB1,DERL2,RP11-544A12.8,E2F3,BAK1
11836,SDHA,FKBP5,YTHDF3,PDIA3,TACC3,LINC00324,MIR4435-1HG,GCA
11837,CASP3,WDR26,CAMK4,DUSP12,HSD17B7,MAX,ANP32A,SNF8
11838,SGPL1,NOL12,TACC1,RP4-583P15.10,MRP63,CTC-459F4.3,CDK5,MINPP1
11839,EED,ZFAND6,PSMD12,KMT2A,ZNF146,FAM192A,PPP2R2A,C22orf39
11840,GSR,SURF4,MLLT10,OXLD1,TDRKH,FAM212A,ZNF277,APTX
11841,SMURF2,GTPBP3,TXNDC12,TBC1D23,RP11-15A1.3,DSN1,RGL4,DAPK3
11842,CTD-2562J15.6,DCP1A,ANKRD12,LINC00863,YRDC,DCUN1D1,ELP2,TRMU
11843,ZNF677,STK17A,MFSD1,RRBP1,ARL3,GBAS,MRPL4,ZNF330
11844,ARHGEF7,LYPD2,GIMAP6,ATG9B,MRPL53,WBP4,ZNF292,GALK2
11845,RGS9,UBAP2,INVS,KLRC2,OSTM1,SDE2,EPC2,CDC14A
11846,PNP,RLIM,VAMP1,ZNF655,TMEM219,SNAP47,BIRC6,MAN2A1
11847,BCL2L13,AP3S2,EEA1,ORC2,ABCA7,FUNDC2,PRSS57,MAN1A2
11848,FBXO44,RDH13,RORA,PIGP,ZNF841,SLC11A2,GTF2F1,MRGBP
11849,ZDHHC24,GEMIN6,RBMXL1,TM7SF2,HIBCH,WDR54,TRMT2A,FH
11850,PLCG2,RALGAPA1,RAB2A,CEP135,ATXN2L,ZBTB1,TP53I3,VPS72
11851,DNHD1,MCM5,AQP3,AIM1L,AC010883.5,PSMD12,FAF1,PPM1G
11852,GNS,EMR2,MRFAP1L1,ZNF528,GCSAM,SEPT5,KDM4C,RP1-3J17.3
11853,ECHDC2,CD3E,MIF4GD,TBC1D5,PARVG,CRIP1,NIFK-AS1,HMBS
11854,UBE2Z,WIPI1,TCF7,DLGAP4,DDIT3,UNC50,DHX9,C5orf24
11855,PRMT3,SNHG9,IQSEC2,AKR1A1,LPP,GTPBP1,SPARC,SMARCE1
11856,SLC5A6,ZMPSTE24,NUP43,VHL,ATG10,PPIL1,PMAIP1,EIF5A
11857,DGCR14,NOMO1,OS9,LMO4,TOX,PRKCH,LEPROT,MRPS14
11858,ADC,FCHO1,ICAM4,CCDC28B,CEP290,TMEM141,RAB35,TMX3
11859,C1orf51,GBP2,NCOA7,TUBD1,MAP4,KIF5B,PTGIR,XRCC1
11860,ZBTB14,ABHD8,C7orf50,CSNK1D,ZSCAN16,RFC1,SYNJ2BP,SRPK1
11861,RNF130,LRRC40,CHD8,NT5E,ZNF7,EPS15L1,TLE1,RNF125
11862,DCAF13,ADAM17,ITGAE,ERGIC2,GOLGA8A,EXTL3,COPB1,SMAGP
11863,ARMC8,C12orf39,FAM49A,TTLL5,WRAP73,PTBP3,SEC61A1,HDGFRP2
11864,SEC11C,ZDHHC5,ADO,TRIM13,TMEM50B,EFCAB2,GALNT10,CUL5
11865,GPN2,FAM65A,CCDC146,ABHD16A,NAA30,PISD,RP11-690G19.3,PRMT10
11866,ZNF567,MOV10,MAMDC4,SIN3B,PVRIG,BBC3,KATNBL1,UBE2J1
11867,TMEM185B,SEPHS2,STX18,TMEM70,SLC35B2,TTC38,DYNLL2,C20orf27
11868,WBP2,LAIR1,RBM6,TMEM80,C2orf42,SFR1,ISOC2,PRKD2
11869,SNAP29,MAP4,TMEM160,NIT2,TIMM10,SUPV3L1,POLR2I,CPOX
11870,PLAGL1,PHF6,DDT,PIGX,ACOT11,ARHGAP9,WHSC1,RAB7L1
11871,LST1,NELFCD,SNHG10,ICA1,TRIM38,LINC00969,KANSL1,DPH6
11872,ECSIT,CTC-479C5.12,RP11-47L3.1,PARP12,AP2A2,FAM160A2,BOLA3,ARL2BP
11873,RNF220,P2RX1,PIGF,PSMA4,FCHSD2,HIST2H2BE,CHORDC1,KDM4B
11874,MAFK,OSER1,TPPP3,GON4L,CLEC4C,OXR1,SNHG15,GINM1
11875,ZBTB8OS,NME1-NME2,DRG2,CDCA4,CTD-2256P15.2,MRPS5,RPP30,JARID2
11876,KDM2B,MICAL1,CEP57L1,HNRNPU,CCR7,AARS2,ST6GALNAC2,MSH2
11877,MAPK3,SAP30BP,RBX1,C12orf5,NR1H2,TMEM106A,C1QC,PAXIP1-AS1
11878,ETS2,ARFIP1,UBE2B,DUS1L,ECE1,PIK3CG,ZFAND5,SH2D3A
11879,CD99L2,TMEM203,GFPT1,HELQ,SLC2A11,ZBED5-AS1,SP3,DDX3X
11880,CDK5RAP2,CCT8,TBXAS1,TYK2,BCL7B,EPB41,TMEM154,COX8A
11881,AC092295.7,SYTL1,SLC30A1,OAZ2,LRP5L,PRKAG2-AS1,LILRB1,NSRP1
11882,NDUFA9,ASTE1,ADPRM,CYC1,SMG6,RNPC3,PELP1,SNW1
11883,ANXA2R,TMEM216,RHOBTB3,POLD3,RPF2,MRPS25,SIL1,MRPL3
11884,GEMIN8,KCNK7,ACAA1,FAM195A,GMPPA,PATL1,SLC25A17,ASUN
11885,NARS,STYX,DOHH,XPC,ZNF766,PRKAA1,RAB37,IMPA1
11886,PCYOX1L,SYNGR1,MNAT1,RNF5,MAN1B1,MR1,IFRD2,ATP1B3
11887,GRINA,DHX37,KIAA1586,GLYR1,CTD-2017D11.1,PHACTR4,CCDC82,ST6GALNAC6
11888,HMGXB4,UPK3A,MIR142,AL928768.3,POFUT2,ETS1,GNG2,UBR5
11889,C12orf44,WDR92,LYSMD4,TTF1,ZMYM6,USP14,NFKBIZ,RBM6
11890,RNGTT,EP400,RP11-413H22.2,XKR8,DNAJC30,RP11-489E7.4,RPP14,RAB8B
11891,PUS1,PITPNB,SAFB,SLC6A6,MTA3,UBE2J2,ZBED5-AS1,ZBED5
11892,PPP1R14B,KPNA2,C12orf65,USP42,GNG7,ZNF32,GBP4,MED7
11893,VPS33A,URI1,PSME3,LINC00954,KLHL22,CLEC12A,NAPRT1,BCAS2
11894,RP11-398K22.12,BCOR,SLC35E1,SIGLEC10,NSRP1,CLYBL,CCAR2,SSRP1
11895,GTF2H2,TRIM66,TIMM17A,LINC00339,NR2C2AP,ZNF24,WDR82,SLC4A2
11896,SELK,USMG5,HECA,TGFBR1,DDX43,FBXO42,GPR65,ZCCHC9
11897,SLC25A44,UBR5,USP47,BCCIP,PSMD5-AS1,MAD1L1,ENY2,ARMC6
11898,CD82,OSGIN1,MRPS36,YY1,SKIV2L2,ZNF224,PGS1,UBALD1
11899,ARHGAP35,PIK3CA,SNRNP70,RAF1,ZNF706,MLEC,FKBP15,EPS15
11900,NCBP2,TFG,ACAP1,COG1,CRLS1,MIF,RGS14,OLA1
11901,NFATC3,C2orf76,NUMA1,MCTP2,MFNG,GNAZ,NCBP2,CTBS
11902,MTOR,KMT2C,UBAP1,UTP18,HIST1H2BJ,MACF1,HINT2,TFRC
11903,PIP4K2B,RTN1,MYO19,ARPP19,TGDS,MAPKAP1,PLD3,ATP5L2
11904,OSGEPL1,CBX6,PLK3,TTF2,ZNF823,ZSCAN5A,ENOPH1,NDUFAF1
11905,RABEP1,SERGEF,FGL2,AK5,CCNT2,PRPF38A,TBC1D10A,PTGER2
11906,GAR1,RP11-213H15.1,TRAPPC2L,MATK,SEH1L,SLC25A40,APH1A,SFXN3
11907,ZCCHC4,CERS6,GALNT11,CLASP2,ISOC2,USP34,FAR2,STIM2
11908,JHDM1D-AS1,CYBB,GDF11,PHF20,SLCO4C1,EHBP1,CCNC,KLF13
11909,CEP41,ARNTL,PCYOX1,MRPL50,TICAM1,PAIP1,TMED5,UBL7
11910,NECAB3,ETV7,MITD1,WAPAL,ZNF549,IL10RB,ARHGAP24,PDAP1
11911,JADE1,MYH10,AKT2,CDK13,AIM1L,POLR3A,LATS1,BIRC6
11912,IL8,CCNT2,RUFY1,SURF1,APLF,RIPK2,CDK5RAP1,PLK3
11913,EXOC6,GABPA,C14orf80,CDC34,RP11-367G6.3,IMPA1,DDT,NUP50
11914,ZNF195,BTN3A1,SMPD1,JAK3,COMTD1,TNNT1,IL2RA,MRPS31
11915,RASGRP1,EIF2B3,VIPR1,CYBA,ATP6V1F,SUGP1,TMEM209,PEX3
11916,XPOT,CEP152,ASGR1,RASA3,PREB,CCDC28A,KCNC3,IFT57
11917,DHX35,KCNMB3,RP11-664D1.1,COMMD10,ZNF358,CREB3L2,PTGES2,SNRPA
11918,C9orf69,COMMD4,PLCD1,VPREB3,NDUFA4,PPP1CB,PSMC6,DPP7
11919,ING3,SSBP4,TMEM9,CAMK1D,SERPINF1,TXNDC16,SMC6,IFT43
11920,FAM50A,PABPN1,LASP1,ST6GALNAC6,PFDN5,KIAA1143,WNK1,C1RL
11921,NUDT18,C1orf21,MPDU1,HLA-DQB1,UNC45B,TBXAS1,PTCD3,CKS2
11922,ISYNA1,SEC23B,PGM2L1,PACS2,AC093642.3,ZNF514,WBP1L,DNAJC21
11923,MORC3,C9orf78,AP3M1,UBE3B,RP11-643M14.1,ZNF350,MNAT1,CEP164
11924,CACNA2D2,C7orf26,MAPKAPK5-AS1,HIST1H2AC,NDUFA12,MGST1,TCOF1,FBXO21
11925,MOSPD1,C6orf89,PIN4,R3HCC1L,LINC01023,OAZ2,SEPT1,GTF2H1
11926,ICA1L,CLEC4A,TTC31,SAMD9L,SLC39A1,CEP63,SLFN5,STIP1
11927,SRSF5,ETNK1,RRP1B,MAML1,TRIM59,MED16,STAG1,C21orf91
11928,TRIM24,PAXBP1,GMIP,LZTS2,NRBP1,HYAL2,SLFN11,C1GALT1C1
11929,ABHD13,HADHB,TNRC6C,PIK3IP1,ZNF527,PCNA,TNFRSF13C,PPM1M
11930,MDM2,RNF169,PLXNB2,SAE1,HYI,GOSR1,DRAP1,ACLY
11931,OGFR,RALGAPB,KIAA1715,TNPO3,RP11-640M9.1,ATL3,VPS4B,HLA-DQB2
11932,GP1BA,IGF2R,CREM,GGCX,KIAA1009,TERF1,LRBA,SH3BP1
11933,ATAT1,ATR,LGMN,ACP1,USP37,NUP62,MMGT1,PCBD1
11934,ZNF587,PCID2,CHPF,ZNF586,LLGL1,ACO2,TXNDC15,ALG6
11935,YWHAE,PUS1,EPSTI1,CHRAC1,TSR2,CTDSPL2,ISCA2,NCR3
11936,RFC4,LRRC16A,FTX,MICU1,HVCN1,NRGN,CPPED1,MINA
11937,ZNF362,RP11-84C10.2,SNRNP25,PHC1,XRCC6BP1,PLCG2,DEGS1,ATIC
11938,TGDS,MIB2,DEK,MTMR14,FAM200A,SLC35A2,NR4A1,DDX17
11939,MPZL1,INTS9,STRN4,PTPLAD2,UBE3D,FAM213B,TECR,PCYT1A
11940,PLBD1,KB-431C1.4,SEC22C,DDX52,DUSP23,RTCB,GPN3,RGL4
11941,RP1-313I6.12,PSMB7,NF1,RP11-51J9.5,AC093323.3,SYS1,CDC40,HIBADH
11942,GNPTG,SLC16A5,RFX1,COX5A,ZNF75A,ABT1,CCND2,FAM134C
11943,YRDC,CD86,TMEM120B,ACBD5,PGP,FANCM,AC147651.3,ATG16L2
11944,ZMAT3,MTRF1,SH3YL1,MAPKAP1,RP11-349A22.5,LDOC1L,PRCC,PADI4
11945,WDR13,NFKBID,PDCD7,NCK2,MZB1,ZBTB43,MATK,HIST1H4C
11946,PLEKHG1,RP11-468E2.4,ANXA2R,DDX54,MTIF3,TMEM170A,MDM4,TFDP2
11947,GCLM,PMAIP1,MSN,OSM,WDR11,NQO2,PKIB,FAM211A
11948,CCDC61,DCPS,FABP5,RNF8,TIAM2,YTHDF3-AS1,GMPPA,BCL2L12
11949,C8orf76,THOC7,CRCP,DDX39B,CNTRL,UAP1,C19orf24,ARID4A
11950,SMC3,HELZ2,HNRNPAB,ZFYVE16,RASGRF2,BNIP3,AP001189.4,RAB4B
11951,PDPK1,CD9,ZNF524,PPARD,SNX30,C10orf32,BCL7B,ATG4A
11952,PHKG2,ARHGEF10L,TSR2,DDIT4,HSPD1,INO80E,SIVA1,SMIM14
11953,ADD3,TMBIM1,LRRC61,ARRDC3,ZNF638,RP11-386G11.5,HTRA2,DENND1C
11954,PAK1IP1,NMT1,FDFT1,B9D2,ZNF644,YDJC,TMEM176A,KDSR
11955,RP11-664D1.1,MAN2B2,PDDC1,FLYWCH1,MSH5,LMNB2,DENND5A,LPCAT3
11956,HYI,TET3,HSDL2,ZFYVE27,PARP11,BANP,BOD1,MLLT10
11957,NEIL2,FAM53A,SEC63,CD4,HPRT1,ASXL1,ADSS,TAF6L
11958,CSNK1G2,TCEAL8,GNA15,CASP6,JMJD6,THAP9-AS1,RPS3,ASCL2
11959,LINC00662,DENR,STAT2,PTBP1,SEC24C,PEX7,CUTA,ALKBH3
11960,NCAPD2,LNPEP,TMEM8A,SLC25A12,CALHM2,ELMO1,OBFC1,GPN2
11961,DDB1,SMAP1,MINA,SMCHD1,NMB,SRSF1,TBRG4,CS
11962,RHOF,SF3B3,HIST1H1C,TMEM104,ZFYVE21,MEF2C,TARDBP,ABHD14A
11963,RNF145,HBEGF,CD46,DPH7,FBXO3,PDCD7,ZCCHC7,VPS37A
11964,PPP1R15A,CD58,GNG11,TRANK1,RP11-649E7.5,PTP4A3,ZNF76,CNOT4
11965,RP11-513M16.8,LENG1,PLCB3,CRTC2,WDR73,CPT1A,NUP62,SZRD1
11966,DRG2,AC027307.3,DNAJB2,FAM53C,STAT1,MIA3,CD19,OCIAD1
11967,KLF13,ZFP91,CTB-58E17.1,PISD,PRRC2C,MPG,FAM204A,CARS2
11968,SLC41A3,ACSBG1,RABL3,NOP10,NECAP2,FAM126B,GPR18,PSMD10
11969,PCSK1N,SCAPER,SNX20,TSPYL4,E2F2,SLC20A1,ZNF529,MRPS10
11970,UFSP2,DCAF15,RABEPK,TLR4,SCAPER,UBE2F,QRSL1,TRMT2A
11971,CCDC134,SERINC3,RAD23B,MXD4,TMUB1,RP11-277L2.3,FAM195A,METTL21A
11972,C2orf49,TMEM214,P2RX1,TRAF3IP2,CHCHD7,SRBD1,SMIM20,VPS4B
11973,SAFB,CMPK2,NUP98,CIRH1A,AP001258.4,ARF3,SELM,CABIN1
11974,CTA-384D8.35,MYCBP2,JARID2,LILRB2,SPNS1,WDR70,EIF2AK4,EXOC6
11975,TRAPPC12,B4GALT3,LRRC25,CYP2R1,AMD1,CASC3,RCOR3,ZNF148
11976,LINC00987,NUDT6,SETD8,GYPC,TBC1D20,RUVBL1,ASH1L,ALAS1
11977,RP11-690G19.3,C19orf33,SCFD2,INPPL1,POGLUT1,RP11-108M9.4,USP48,EIF6
11978,ERCC8,PRKACB,BSDC1,MED27,KLHL24,VPS33A,PJA2,CPPED1
11979,PRKAR2A,CLIC4,BCL2L12,LINC00938,ANKRD17,EXOSC6,MAGED2,NUDT9
11980,UCHL5,MRPL16,PREPL,KCNAB2,COPB1,VIPR1,C1orf131,ZNF146
11981,PIAS1,FAM96A,MATK,UBR7,SPA17,LRRC58,ARL14EP,CIAO1
11982,SUMF1,C11orf57,DEDD2,ZNF574,KIF3B,CDC42EP4,VPS28,ARL2
11983,WBP11,H2AFJ,ING5,CMPK2,KDM5C,CNTD1,VPS37B,HTRA2
11984,TRAPPC2P1,EIF6,CTD-2630F21.1,IRF9,KLRC2,CBWD1,CTC-459F4.3,FXYD2
11985,FAM102A,PPAP2A,UGDH,HIRA,ARMC10,SCARB2,XPO6,DDIT4
11986,ERI3,PIAS1,ZBTB8OS,LPXN,PHB,CDKN2A,DYNLRB1,WAPAL
11987,MVB12A,SIRPB2,EMG1,ZNF706,PGM3,RCE1,ITFG3,NOP2
11988,POLR3F,CBX5,RP11-293M10.5,SWAP70,ATP8B3,HERC3,LCN8,DHRS4L2
11989,TTC37,SDHC,PRPF31,CD38,HOXB2,XRCC1,TNFRSF8,NUDT2
11990,MPPE1,NDUFAF1,EFCAB14,RNU12,TMEM222,APOO,TRMT13,SLC11A1
11991,HMBOX1,POP1,SQSTM1,PI4KB,NCDN,SPSB3,STRBP,COMMD8
11992,CRK,CTNS,RGS1,HELZ2,ACBD5,KNSTRN,CCNB2,CANX
11993,WDR43,GNB5,KPNA2,CCDC104,TOLLIP-AS1,SNHG7,IMMP2L,TMF1
11994,HSDL1,POLR2D,TBRG4,ALOX5,POT1,SOS2,SHMT1,CACUL1
11995,ESRRA,GLS,ZBTB11,ATP6V1F,BCL11A,C2,BCAP31,TTC19
11996,AC120194.1,NEDD1,WDR46,NME1,NOMO1,AAGAB,RRAS2,CTD-3184A7.4
11997,LTB,ZNF444,FAM192A,CLK4,RECQL,WDTC1,ABCF2,RAB24
11998,GPKOW,LINC00984,NRIP1,DGCR2,ZBED5-AS1,RAB27A,SF3B1,PRPF40A
11999,CD40,USP16,CDC42SE2,AGPS,RTCB,PITPNC1,KCTD12,CENPK
12000,BCL2L11,ABCF1,PADI4,PPP4R1,XIAP,CDK11A,PCMTD1,PPIL1
12001,MTHFR,UBA3,SLC25A40,SLC10A3,DIS3,MPST,FADS2,PTGES3
12002,BLOC1S2,CPSF6,PDCD6IP,MZT1,TMUB2,TMEM205,SIGLEC10,TTC38
12003,TBC1D2B,NUP214,C1orf21,SAYSD1,ARL1,IGF2BP2,MX2,FABP5
12004,FIBP,EID1,GPR171,TWISTNB,ST3GAL2,MRPL27,NAPSA,OFD1
12005,LINC01004,COPRS,PDCL3,MRPL13,RPPH1,HAUS5,PNPLA2,PPID
12006,UBE2S,NAALADL1,HECTD4,APITD1,ARID4A,PIAS4,EGFL7,ZNF638
12007,TBCE,OARD1,THOC3,RP11-354P11.3,LONP2,RASGRF2,TBK1,RMDN1
12008,HDDC3,ATAD3A,IL12RB1,BAK1,RP11-809O17.1,CD19,VCAN,CCDC59
12009,BANP,NFYB,BACH2,MICAL1,USP22,ICT1,DENND1C,DRAM2
12010,GNG11,PPP1R16B,CBFA2T3,CCDC127,HEATR2,CYB5D2,IL12RB1,SMIM15
12011,PABPC1,D2HGDH,PDCD1,AC016831.7,ARMC2,DLAT,ENHO,HACL1
12012,WBSCR22,EIF2S1,XPC,FAS,VRK2,CTR9,HDAC7,SLC38A1
12013,CD83,RAVER1,CCR2,MTMR9,C17orf62,GTPBP2,ABT1,SAMD3
12014,ALDOC,STK40,KDM4A,OAT,IFNLR1,ZNF185,TBCD,HIF1A
12015,ATG13,TRIM38,TWF2,PLCL2,SZT2,TARS,LYAR,RP11-611E13.2
12016,GNPDA1,DPM1,KPNA3,PAQR8,ST6GAL1,TCEB1,UBE2Z,NHLRC3
12017,SLC25A42,GNG10,APBA2,EFCAB14,APPBP2,DNAAF2,MYCBP,DNAJC9
12018,GMFB,TYW1,PIDD,PAK2,SRRT,AKAP8L,PRPF8,ATG2A
12019,RTN4IP1,ARID3A,RP11-196G11.2,SCAPER,TES,GSTT1,NCKAP1L,KDM4C
12020,TMEM182,RBM48,USF2,SCML1,PTPN22,TADA2A,C15orf57,DNAJB11
12021,SLC25A11,PEBP1,FBXL17,SYNRG,PIH1D1,METTL14,SEC31A,HELZ2
12022,CCDC163P,DDT,HIST1H2BN,MAP4K5,TRIM11,CREBL2,LY9,KXD1
12023,BFAR,SIRT2,OASL,RAB5A,RPS6KC1,TBC1D5,ATP13A1,RPP38
12024,CRYZL1,TMEM19,VPS26B,PPP1R12A,PUS3,CHID1,AKTIP,BABAM1
12025,EIF6,RP11-400F19.6,TMEM71,AC027763.2,PLA2G12A,RFC4,LRRC47,C7orf26
12026,SCRN2,FAM208A,SLC7A6OS,PREX1,TRIM7,PACS1,PTPN4,C19orf53
12027,TM7SF3,POLR3C,PPCS,ARRDC2,ITM2B,SETD5,OAT,TXNDC15
12028,RAB11A,C4orf27,VMA21,TRPT1,AP003774.1,PWWP2A,MRPL50,TBRG1
12029,ATPAF2,MPRIP,FAM50A,RP1-39G22.7,POMGNT1,DYNC1H1,TMEM18,PSMA1
12030,ZBTB17,SCAF11,NDUFAB1,STAT5B,GALNT3,CACNA2D3,SERPING1,IFT52
12031,MICAL2,CANX,JKAMP,MCAT,IPO9,EMD,RNASEH2A,CHD8
12032,S100A4,LINC00685,TMEM248,TPI1,LMO2,PPP5C,ANKRD36C,UFM1
12033,MTMR2,GIPC1,BCAP31,STAT3,C19orf12,FKBP1C,BROX,SNRPF
12034,QKI,DDX17,BCAS3,SLFN13,PRR14,PLXNC1,CKS2,RAB28
12035,BIVM,GNB2,ITPR3,ATF1,CLEC4A,FCRL1,ISG20L2,ACOT9
12036,EFTUD2,TRNT1,CD164,DKC1,PPHLN1,RPL8,FBXO32,MAST3
12037,ATG10,C2orf88,PSMD8,MPHOSPH10,LSR,KLF13,UBE2L6,C14orf1
12038,IL12A,PIDD,EGFL7,NACA,TFCP2,NUP98,CERS2,COASY
12039,CWC25,SASH3,SNRPB2,PI4K2B,DENND4C,FOSL2,NUDT22,SLC20A1
12040,MLF1,PPIL3,UBE2D1,BEX5,PRIMPOL,MEFV,ADA,LYPLA1
12041,NLK,TSSC4,EMILIN2,ITFG2,CEPT1,SLC25A33,MRPS6,OBFC1
12042,P2RX5,ZNF302,AC092580.4,ASXL2,TGIF1,DHRS1,ESD,SIKE1
12043,LETM1,POLRMT,BCL11A,CTSO,METTL16,METTL10,ZFAND2A,ZWINT
12044,SEC23IP,CCDC92,MYO5A,CTD-2037K23.2,FASTK,LIN52,PHAX,MRPL55
12045,RPL23A,P2RX4,PAN2,PPP1CC,DDX58,SP110,MRPS2,AKIP1
12046,SHKBP1,TIPRL,EIF2B4,C1orf112,IL6ST,TC2N,RNASE2,DHFR
12047,TOB2,GNL2,RP11-386G11.5,ST3GAL2,POLR1A,MAGT1,RALB,PPP1R12A
12048,ZNF800,C19orf83,SECISBP2,IRAK1,C19orf60,IQCB1,CHMP7,NT5C2
12049,DMXL2,SUDS3,DIS3L,TTTY15,TXNDC15,BSG,OTUD1,AURKAIP1
12050,WASL,CMIP,TAB2,UQCRB,METTL21A,FCER1A,SNORD3D,U2AF1L4
12051,TTC32,NSUN2,OSTF1,RCBTB2,CD200R1,TNFRSF25,DIMT1,INIP
12052,MAPK1,UBE2R2,HENMT1,BCAP29,SLA2,TM9SF2,SFI1,TMA7
12053,APPL1,SPHK1,CMC1,RWDD1,NF1,ATRN,CTSL,KATNB1
12054,IMMT,RBMX2,HAVCR2,NAA35,ICOS,RPP38,DHX36,TNFRSF18
12055,KRTCAP2,COA5,CLTB,RFK,SWAP70,PSMA5,DPYD,ANXA4
12056,SLC35C2,PRDM4,ABHD11,SENP7,NRGN,ACTR1B,CD72,ELOVL5
12057,CHST11,IKZF5,ZDHHC3,TMEM160,AKIP1,NARS,YIPF3,SH3BP5
12058,SPOP,ZNF267,LAMP2,TSC22D2,TRIM13,PLBD2,SLC25A20,MRPL1
12059,NINJ1,TXLNA,TMEM131,WDR7,ACAT1,ZFYVE20,TXNRD2,TUBG2
12060,DCTN1,GPCPD1,NOC4L,C14orf119,SLC39A7,H1F0,YIPF4,UBR4
12061,MIR24-2,RP11-598F7.3,FLOT1,RGS2,LAMP3,RAD54L2,HNRNPH1,HERC5
12062,H2AFJ,MUTYH,TAOK2,SMG7,TRDMT1,FBXL5,PPP5C,TAPBPL
12063,CPSF4,PPM1N,SDE2,WDR46,FNTB,RDH11,TMBIM4-1,SRSF4
12064,DENND3,HCST,ORMDL1,XXbac-BPG299F13.17,BIRC2,MTMR3,RP11-139H15.1,RNF138
12065,UVRAG,HPS4,CDADC1,TMEM2,NAA38,DHDDS,SPPL2A,ICT1
12066,ME2,FBXO8,TMEM8B,RRAGA,RAP2C,CCDC53,HDGF,TXNDC11
12067,BECN1,GPR65,FOPNL,COPS7A,CES2,ERAP2,MT-ND3,FBXW2
12068,NIN,MAFG,AKIP1,XRCC1,KLC1,IL1RN,CCDC167,ANKH
12069,CNIH3,NIT1,MRPS6,SRPR,RHEBL1,ENO2,CYB5B,RBM25
12070,CPSF2,POLR2A,TRIM27,TMEM43,TOR1A,SIGLEC5,PPP1R8,RAB5C
12071,BRD4,AHSA1,CDKN2A,UBIAD1,PPIL3,PHF5A,FAM207A,CDK5RAP3
12072,SERTAD1,CD180,DIABLO,ARL6IP5,DESI2,ADAT1,EIF5,TRANK1
12073,BIRC6,PRKRIP1,RPN2,BACH2,PPAPDC2,TSPAN4,HSBP1,NFATC2IP
12074,MIS12,CLCN3,BEX4,SNRNP25,UAP1,CHD6,MLH1,ABT1
12075,ZADH2,DLG1,CCDC124,SLC35A2,WDR46,TBC1D23,RP11-660L16.2,FXR1
12076,ATP6V0D1,ENO3,STK38L,NCAM1,BOD1,AC026806.2,SACM1L,VPS36
12077,ITCH,HYOU1,KIAA0141,TRAFD1,TIMM10B,USP4,ARID4B,PIK3AP1
12078,CDC25B,ODC1,GSTM2,SIGIRR,HBP1,FAM172A,MFF,SH2D2A
12079,MPC1,ITSN2,SLA2,TAF12,CRADD,RNF216,SLAMF1,ZNF226
12080,SLC25A13,NRBP1,LMF2,LGALS8,EHMT2,FAM102A,MAFK,OARD1
12081,PTPLAD1,DYRK4,SAT2,APBB3,LRRC57,FCGR2A,SIN3B,CLSTN1
12082,YIPF2,NXF1,TNFRSF21,ACTN1,PARVB,ITGB2-AS1,B3GAT3,SETD5
12083,ZC4H2,NME2,NAP1L4,SMARCD3,TIPARP,CCDC23,PNMA1,FBXO11
12084,WRB,SLC27A4,MBD6,IL2RA,C6orf211,MTO1,TSN,CAMLG
12085,MC1R,SDHA,SH2B1,RP11-936I5.1,RP11-383J24.6,TNFRSF8,RP11-861A13.4,TIMM21
12086,TRIM5,TRAPPC5,MORC2,SYVN1,SLC30A5,ING4,DKC1,GOT1
12087,KIAA0319L,ENTPD3-AS1,ADRM1,GTSF1,MRPL54,USP36,PRPS2,MAN1B1
12088,BCL9,PIGX,C10orf128,FAM104B,EIF2B3,STK24,DCP2,CENPM
12089,RAB8B,TEX261,NFATC3,KIR2DL3,CTNNBL1,DCAF11,ETFB,MED30
12090,SIN3A,PAPOLG,GPAA1,ARV1,POLR3D,ERV3-1,RORA,NUBP1
12091,BRE,TOMM40L,RAP1GAP2,PIK3R4,P2RY10,OSTF1,CCDC126,PHACTR4
12092,AP001816.1,ZSCAN29,RPN1,OXA1L,MCMBP,LONP2,TSTA3,ATP6V1H
12093,GALC,TRIM22,DCXR,COPB1,ZNF511,GATAD2A,ZNF830,SIPA1
12094,SIK3,METAP1D,CCBL1,PRSS57,POLE3,CDK2AP2,HMCES,ZC3H8
12095,STT3B,SLC43A2,AC006129.2,ADIPOR2,ZNF350,RAB11FIP1,RP5-887A10.1,GNL3
12096,PRKAA1,NUP160,HELZ,ZNF16,ATL3,PEX19,UBE2D4,ASCC2
12097,MTMR12,RP11-452L6.5,SDHA,PRR12,MYL9,UPF2,SRP68,ID3
12098,TMEM99,IKBKB,FANCI,TLE3,HCK,RP11-51J9.5,NFKBIE,ANAPC4
12099,IMPA1,PLD1,WDR44,BCKDHA,LYPLA1,RNF167,LYRM4,TMEM183A
12100,PA2G4,PDP1,STAT6,CCNG2,TSPYL2,NUBP2,PLEKHF1,TSPYL2
12101,ZNF83,USP6NL,TMEM104,C5orf15,RDH5,SPPL3,EIF4EBP2,AGK
12102,NDUFV3,ZNF253,SDHB,RAP2B,PDCD1,NRG1,ADSL,C1orf174
12103,SPCS1,TRAF5,RAB21,LTV1,SERPINI1,RNF40,HERPUD2,NT5DC1
12104,AIFM1,ITPR1,IARS,PIGL,TOB2,MPC2,ETS1,CD84
12105,LNPEP,ZNF19,MRPL55,C12orf42,COX15,PGBD2,SIRT6,TATDN1
12106,ENY2,PPA1,EPRS,GPR56,ABCB7,SLC39A10,C20orf196,C20orf196
12107,ORMDL3,TLDC2,TMEM126A,QRICH1,NOP16,SNX10,SLMO2,ARHGDIB
12108,SERPINA1,VSIG8,GADD45GIP1,ACTR6,MSS51,LY6G6F,MED16,NOM1
12109,EPB41,C1D,SDHC,FUNDC2,LGALS3,CHORDC1,RBP7,YME1L1
12110,CCDC34,U2AF2,AKR1A1,ZNF136,MINK1,R3HDM1,MCM3AP,PHTF2
12111,TPO,HNRNPUL2,MCM3AP,NLRC5,ADAM8,DHRS3,HAUS4,CCS
12112,MS4A6A,UBAP2L,ZC3H7A,TMEM127,R3HDM1,XPNPEP1,ACYP1,ITK
12113,SCNM1,RP11-156E8.1,RNF135,CREB3L4,TRAF4,KCNA3,PRDM1,ANAPC2
12114,MED29,MYEOV2,ATPAF1,ZNF383,H2AFZ,ZC3H8,LINC00909,DPP3
12115,FBXO18,GOLM1,ILKAP,EDEM3,FADD,SPOCD1,ZNF3,NDUFC1
12116,UBBP4,PER1,HEXB,SASH3,RP2,GLYR1,ZNF131,RNFT1
12117,SEC24A,NOA1,C19orf12,CUL2,TRMT5,CTD-2017C7.1,MKRN2,ABCF1
12118,SLC22A18,AURKB,MRPS11,BET1,NCF4,TRUB2,DCAF7,RBM10
12119,RNASEK,CDK2AP1,LRIF1,SP3,CTB-152G17.6,SAV1,FIP1L1,FLAD1
12120,MVK,DDX3X,SRSF10,LPAR2,MPHOSPH6,CTNNA1,SUCLG1,SUMF2
12121,SUMO1,METAP2,ATG4D,CISD2,PGD,UFD1L,NLRC5,TAF1D
12122,CTSB,UBE2L3,THOC2,MBOAT7,MAVS,CYTH2,SCP2,CRYZ
12123,RALGPS2,PDE4C,CISD2,ATOX1,FDX1L,IL13RA1,ATF7IP2,VCAN
12124,SPN,PLD4,CCDC91,FAM126B,APP,EPHB6,HSPA6,DDOST
12125,CSTF2T,GNLY,RAB11A,KRI1,TRAPPC5,AP5B1,NOP58,C12orf57
12126,ATG16L2,TECPR1,DHRS4,KRBOX4,PELO,RPS6KB1,IDS,TMED10
12127,DNAJC21,SLC7A5,FLAD1,SNHG9,hsa-mir-8072,DICER1,SURF4,PRDM2
12128,CPNE1,RAP1B,UBE2K,GSTP1,PM20D2,SPRYD4,PDE7A,MTO1
12129,INIP,SMURF1,FBXO7,TCTA,SIGMAR1,STYXL1,CISH,SCAF4
12130,IDS,CACNA2D4,ITGB7,HCK,HAUS3,COX16,VTA1,PHIP
12131,TNFRSF10B,ZNF324,C1RL-AS1,POLR3D,IPCEF1,RP11-418J17.1,RABEP1,UTP11L
12132,CUTC,COX17,DCAF11,CFP,TSN,LSM5,TMF1,UBE2S
12133,GID8,C12orf73,SLC25A1,ZFP36L1,RBM41,TM2D2,REV1,TMEM71
12134,DHRS4L2,CTNNBIP1,CHD4,ATP6V0E2,CLIP1,YTHDC1,EFTUD2,IDI1
12135,PABPC4,UBE2Z,ADNP,NOL11,ARHGAP15,NIT2,C15orf39,VAMP3
12136,POLR2H,ACTN1,CTD-2521M24.9,ZNF626,MCF2L2,PHF14,LYPD2,MITD1
12137,LARP1,NFAT5,PGAM1,GPR183,FLYWCH2,MAP4K2,PLXNC1,CPSF3
12138,RNF187,MMADHC,RP11-18H21.1,CAMK4,MSH6,PIK3R1,CHD3,BEX4
12139,CPVL,NUDCD1,ZNF581,MDFIC,RCE1,TXNL4A,TYW5,SNRNP40
12140,COLQ,CX3CR1,WDR5,LRP10,SAR1B,ZNF668,OGG1,FLYWCH2
12141,LINC00324,SPHK2,HIPK1,CYTH2,PTP4A1,SMIM15,CHD4,TCP1
12142,MAN2B2,PKN1,RP1-241P17.4,PCED1B,SLC39A8,COPS2,ITFG1,LARS
12143,OFD1,FLT3,CHMP4A,SCO2,NPM3,NHLRC3,RCN2,RABAC1
12144,WDSUB1,SNX12,GLIPR1,TMEM185A,IRF2,LCLAT1,ORAI2,PSMD6
12145,DPH2,AKT1S1,C10orf32,TPM1,VPS33A,SPATC1L,GDI1,ATRX
12146,NFE2L1,FAM96B,USP4,SH2D1B,PAPOLA,CCDC159,SMARCD3,NCBP2
12147,PSMA5,PRKRA,TCP11L2,CD99,APOL3,TAP1,UXS1,FAM50A
12148,SBF1,APRT,FAM65A,USP10,SMURF1,MARCH5,FBXO41,RNASEK
12149,CAST,CSRP1,ANKRD39,IFNGR2,HIST1H2BK,GPRC5C,HIAT1,PA2G4
12150,ALMS1,RPS10P7,TTC32,CTSZ,NUP205,TRIM39,ITPA,RUNX3
12151,TRAP1,ITGB7,KIN,RASSF3,NENF,DDAH2,HYOU1,TADA3
12152,DHRS3,FAM216A,SEPHS2,ASCC3,DHRSX,CCT3,GLG1,FOXP1
12153,RDH11,RNF126,FAM78A,CLYBL,ACTR1A,TFDP1,FAM219B,CNOT1
12154,DYNC1LI1,PAK1,SPEF2,ABR,TNFRSF25,CTC-250I14.6,DENR,MED11
12155,PPP1R37,SCGB1C1,DIAPH1,C16orf74,TRIAP1,TPRKB,SUDS3,CLEC2D
12156,MTPAP,CCDC112,SERTAD3,ERCC3,ZDHHC4,RUFY2,HELLS,SP140
12157,VPS52,LOH12CR1,TESPA1,TMEM204,ENTHD2,E2F2,RFC5,NSMCE2
12158,APBB1IP,CTAGE5,PCID2,CTD-2228K2.5,FXR2,CMPK1,GFER,UBXN4
12159,CXorf40A,TMEM128,SPATA20,DTYMK,ACOT2,LAMTOR3,MS4A4A,PQBP1
12160,PAPD5,ZNF675,POT1,FZR1,CSAD,SAP18,CHURC1,ICOS
12161,TCEAL3,PRF1,RXRA,ALDH16A1,LINC00998,MED18,HMG20B,SELM
12162,RBM42,TRMT11,TMEM183A,DIABLO,C9orf85,TGIF1,SCAF4,NCF1
12163,RP11-111M22.3,ARHGAP30,PMPCB,METTL4,ST3GAL5,SF3B1,PAK2,POLR1D
12164,OR2A1-AS1,GPBP1L1,PRKCSH,SEC24B,ANAPC4,PARP14,LILRA3,ANAPC7
12165,PHF14,AZI2,INF2,RP11-1398P2.1,CD19,PDHA1,CLEC7A,RHOT2
12166,DAK,METAP1,BLMH,SDR39U1,GTPBP3,PPAPDC1B,ANAPC15,PITHD1
12167,RFC2,RP11-690G19.3,GIT2,EIF3A,DENND6A,AC009403.2,ABHD11,NME3
12168,CSNK1G1,RP1-39G22.7,RSL24D1,REC8,GPATCH3,FCER2,ITM2A,CYLD
12169,PRPS1,PEX10,MEF2BNB,PSMC6,DNTTIP1,ABHD14B,EBAG9,ATF1
12170,NDUFAB1,CWC22,ACTN1,MZB1,NEDD9,EEPD1,SCML4,PSMD8
12171,C2orf47,PBXIP1,FAM76A,TBP,AP4M1,TMEM55B,PMM1,SNRNP35
12172,CCHCR1,LAMP1,FAM200B,C12orf73,KIF19,TUBGCP2,CCT7,ARHGAP1
12173,GNL1,HDAC9,PNPLA2,SUPT7L,RNF20,PPP6R1,C16orf54,GATA3
12174,GALNT11,DUSP3,C9orf89,DCTD,EFTUD2,SPCS3,MEGF9,TBXAS1
12175,RAC1,RABL6,RELA,MEMO1,MDC1,SMAGP,RB1,DDX23
12176,MESDC1,HNRNPLL,UBE2D2,TINF2,KLHL9,RAB37,STK38,ELOVL1
12177,TRMU,IDH3A,PITPNA-AS1,LASP1,RC3H1,NR3C2,PEX2,SPG7
12178,PIEZO1,GMPS,THYN1,IL10RB,RGS3,SEC14L1,NADSYN1,DPH3
12179,PSMC3,CCDC50,CNPPD1,PRPF6,STYX,DNASE1,SH2D1A,WHSC1L1
12180,BMI1,RNF213,CLSTN3,ETV7,CTDSPL2,SLC38A2,LONP2,BRD7
12181,PABPC1L,LINS,ZNF800,ARID5A,RFC2,RP11-258F1.1,SIDT1-AS1,C16orf80
12182,MUS81,RPS17L,ACN9,RP13-1032I1.7,C2orf74,BMS1,IFT57,IAH1
12183,MED21,TMIE,TERF1,CCDC47,NRAS,PNOC,SERINC3,LILRA5
12184,ZNF346,SLC25A3,JOSD2,TRRAP,GIPC1,PMVK,CECR1,CPSF4
12185,SRSF9,RP11-78O7.2,CHID1,PAPSS1,C16orf62,CWF19L2,ARL3,WDR45B
12186,DHX16,GFER,CAPN10,RPA3-AS1,PTPRJ,EMR3,CFLAR,NRAS
12187,FCGR3A,PIWIL4,RABIF,TMED3,SLC4A1AP,ETFA,TAGAP,C5orf15
12188,IDH3A,RUSC1,ACTR2,GOLGB1,TRAFD1,IL18BP,BRF2,PPIA
12189,CHMP6,ERLIN1,CXorf38,ABHD10,ARPC4,CKS1B,RGCC,MLF2
12190,ANKRD16,ABLIM1,G3BP1,TNFSF12,PPP1R8,UBAC1,SEPT5,NIT1
12191,COMMD10,AGFG1,FAS,RMDN2,STYXL1,SIGLEC14,SPG20,DTD1
12192,FLNB,PSMD5-AS1,FBXO25,FAM114A2,AGO3,HIRA,DXO,TMEM123
12193,CLEC7A,SNRPG,SIRPG,CARHSP1,MAN2B1,SLC2A3,NUS1,ELOF1
12194,PER1,PLA2G7,SRPR,SLC25A45,KCNQ1OT1,CMC1,USE1,CD72
12195,CCNK,RP11-664D1.1,ESYT2,CAPN15,MGAT1,FEZ2,PPP2R5D,VPS41
12196,IVNS1ABP,IGFLR1,VPS4A,C2orf68,AC012360.4,TMED4,SSH2,YIF1A
12197,C16orf87,C1orf35,ATP5A1,SRP68,C8orf33,RP11-76E17.3,SIK1,SLAMF1
12198,NME4,SNRNP48,PLAUR,CPSF7,KIAA0922,CEBPG,PSMD14,SYNE2
12199,HMGCR,HACL1,TNFAIP8L2,RP11-44N11.2,KIAA1109,S1PR1,IL4R,SHISA5
12200,ZNF689,PCBD1,BTBD10,PACSIN2,TCIRG1,ADAP2,CD46,RAD9A
12201,RLF,KCNQ1OT1,PSMG4,CAPN2,HRASLS2,NCOA1,NCKAP5L,DCP2
12202,CBFB,ATXN2,CERK,COX17,AMMECR1,DNAJC3,CACYBP,TASP1
12203,DIDO1,SLC31A1,UBE2L3,BCL7B,ZSCAN25,MAPKAPK3,SOD2,XYLT1
12204,NUPL1,GATAD1,MAP1LC3B2,POU2F1,RAD21,C12orf5,C12orf65,RP1-313I6.12
12205,MLKL,SP100,DCAF12,RP5-1180E21.5,PROSC,ZNF292,MRPL41,ATF7IP
12206,ILKAP,PGLYRP2,TXNDC17,WDR5,RGP1,SNUPN,CPSF3,PFKL
12207,MEX3C,FDX1L,SLC43A3,DNPEP,PDK1,TROVE2,CGRRF1,CCDC53
12208,C14orf159,CHMP1A,FAM105B,PRKCA,FKBPL,BRIX1,UBQLN2,EIF3E
12209,NELFCD,DCAF6,ARF4,RFXAP,PDLIM1,KRT7,NOLC1,THRAP3
12210,GPR89A,TDG,RASSF4,ARID4B,CLP1,ZNF609,SLC31A2,TNFAIP8L2
12211,PRR24,GPANK1,UPF1,GIGYF2,ZUFSP,ALDH9A1,MLXIP,ATP5SL
12212,REV1,MRPL17,TUBA4A,C19orf60,PBRM1,ZEB2,CHRAC1,MED16
12213,HSBP1L1,SLAMF7,TNFAIP3,EPG5,RALB,KCTD10,PIGF,DALRD3
12214,FCER2,ATP5H,DNAJC21,PMS2,CSPP1,VPS72,MT1X,C11orf73
12215,BLOC1S5,JAK3,TAX1BP3,MYO1G,FCGRT,PML,MT1F,RAB11FIP1
12216,ZFAS1,CLK3,ERV3-1,KLRC1,SVOPL,PRAF2,RASAL3,BLCAP
12217,JARID2,PRMT2,ELMO1,SDE2,ANKRD46,RP11-81H14.2,SYNE2,TSN
12218,C21orf91,PEF1,FOXN3,MED22,HERPUD1,FOLR3,CMTM5,RGS14
12219,FAM136A,TTC5,C12orf29,RSBN1,RAB14,ARL4C,MSL1,THOC6
12220,CRTAM,FAM210B,AGL,NUCB1,NFE2L2,CCDC97,UBL5,ARL4A
12221,ECHDC1,GZMM,CDIP1,RECQL,ZNF85,PNMA1,RBM22,GNPAT
12222,HSPB11,NME4,SFT2D1,RNF2,ZNF595,ADAM15,PTPRA,GPBP1L1
12223,FAM49B,TNIP2,TCF25,JMJD8,RBMX2,RP11-87C12.2,LSM10,SRPK2
12224,PSMD9,TEP1,ZNF22,XCL1,QSER1,KAT6A,ZNF106,STAT1
12225,ST6GALNAC4,ABL2,UNC13D,HSD11B1L,TANGO6,WDR13,ARHGEF6,CHMP1A
12226,RNASEH1,COX7B,CD97,CDS2,TRIM46,TRIM56,TM2D2,COMMD2
12227,NCOA3,KCTD17,DCUN1D5,CLN5,TREML1,SIRT7,ZBTB7B,NDUFA10
12228,PSMF1,GGPS1,ARIH1,PIGF,USP14,CCDC22,FXR1,UTRN
12229,RP11-285F7.2,LRRC41,PRSS23,COLGALT1,PPP1R14B,C14orf119,GPKOW,ALG13
12230,MCM5,GSTA4,POLR1E,MRPL10,ZNF414,STAT4,HAX1,SEC23B
12231,MED6,VMA21,KLHL36,EXOC2,ALYREF,KIAA0368,RAB4A,TMEM248
12232,TMEM128,BARD1,FAM213A,SMYD3,CMAS,TXN,PPP1R15A,HSD17B10
12233,ARRDC1,CCM2,MRPL51,U2SURP,CAMK1D,CHD3,PFKP,JMJD6
12234,CINP,TRAFD1,SLK,TDG,C19orf24,EXOC7,STXBP3,ESYT1
12235,MBD4,SH3BP1,FLVCR1,SUDS3,UBE2V1,AC000003.2,SDHA,IL2RG
12236,NTHL1,C2orf42,TDG,ANKRD28,CTD-2228K2.5,ERGIC2,FDX1,IRF1
12237,ASPSCR1,CKAP4,CXCL16,FCRLB,TAP2-1,ZNF276,SPTLC2,YIPF4
12238,TNFRSF25,RHOF,ERCC1,CNPY4,GPAA1,ALAS1,POLR2K,ITSN2
12239,SLC35F6,IMMT,EPB41L4A-AS1,TAF1,DBP,C7orf43,BBX,SEC11C
12240,NGLY1,VPS35,PPP1CC,UBE2R2,PCGF6,TEX264,NUP107,TRIP13
12241,ZZZ3,COMMD8,GTF2F2,C17orf85,RP11-141B14.1,SETD5-AS1,GPS1,LYRM1
12242,DPP9,LRCH3,PPM1K,SLC30A7,CIR1,LGALS8,RANBP3,CENPF
12243,DPP3,LEO1,DHRS3,LRRC8D,NMRK1,HMCES,VSTM1,PSMD1
12244,PPM1K,SEPT5,GMPPA,CREBL2,FAM107B,RP13-582O9.5,DIS3,NDUFB4
12245,UROD,NOL8,CORO7,MAF1,BABAM1,TMEM42,MAPK1,RP3-329E20.2
12246,FAM60A,ATP2A2,PRPF19,ACAA2,DDX6,GSK3B,RBM7,IL27RA
12247,GLIPR2,RBM43,ZNF101,UQCC1,RAB11FIP4,RGL2,PPP3CA,EAPP
12248,CELF2,GRASP,IL16,NDUFA2,CSRNP1,QRSL1,PSME3,PSMD11
12249,TGFBR3L,MAPKAPK5,ASPSCR1,UFD1L,ZNF335,ISCA2,ANXA11,CTBP1
12250,CCNF,FAM177A1,PRDM1,GTF2E2,IFRD1,TRPV2,LYPLA2,MARCH5
12251,FAM134A,NFKBIL1,RPE,ACSL3,STK24,SUMO2,INO80E,PSMG4
12252,CSRP1,EMC1,SLC29A1,ZDHHC12,CLDND1,RASSF4,PTP4A3,FIBP
12253,GNG7,AMD1,ZNF276,TMEM14A,RGS18,WBP11,P2RY8,HSPA1A
12254,CNP,TMEM140,WDR60,COQ5,FAM50A,SFXN5,HK1,ZBTB1
12255,SDF2L1,DKC1,LINC00176,CTC-524C5.2,RP11-802E16.3,SLK,FMNL1,CAV1
12256,TMEM208,NEXN,SNCA,NFATC2,LPAR5,NTAN1,LARP1,CGGBP1
12257,ADPRM,TLN1,AKT1S1,PYROXD1,TIGIT,FAM98A,ZNF622,TMEM43
12258,AOAH,YIF1A,PTGDR,SPG21,ZNF90,SPTAN1,RP11-421L21.3,PRKAG1
12259,SPG11,TRPC4AP,ADTRP,LYSMD2,DHRS4L2,SETD2,HDDC3,GCH1
12260,DROSHA,NT5C3B,PEX26,PRKCQ-AS1,RP4-758J18.2,PLXND1,RRS1,SLC35B1
12261,CREB3L2,P2RY13,HAUS3,ZNF775,PRPF40A,LIMD1,CHID1,APH1A
12262,SMCO4,MTRF1L,RETSAT,CDK10,TAX1BP3,DYNC1LI1,MRPL37,WIPF1
12263,UBTF,SDF2,SMC1A,PDZD11,ZNF341,ACADS,ASNSD1,FDX1
12264,PPP6R3,LINC00667,RASSF5,LTBP3,DNM2,SRD5A3,PPP1R18,MRPS35
12265,IL2RB,SMARCD1,FBXL3,ZXDA,SLC43A2,PDE4B,RASA2,FOXN3
12266,PRKCB,TMED8,RBM25,SHPRH,UBAC2,PEX16,RP11-428G5.5,IK
12267,ACTR3,ITGAL,HMGCL,SLC27A3,RP11-755B10.4,GPRIN3,GOLPH3,MED18
12268,ZMYND11,TMEM40,CBX6,UQCRFS1,DDX21,CHD9,MRPL44,AURKB
12269,ABCF1,PUSL1,COQ10B,ZFR,LYRM1,SUPT5H,CHAF1A,YAF2
12270,ZNF720,NFKB2,ALDH9A1,MTX1,NAPRT1,ADAM8,THOC5,FDXR
12271,ASH2L,PRPSAP1,GTF3C6,DGUOK,ALKBH4,MAPK8,DESI1,ANKRD39
12272,CCDC78,RPP30,RFC1,CCDC50,SMN1,VIM-AS1,ATG5,APOBEC3B
12273,IL15RA,CEPT1,CCDC47,ARCN1,RANBP3,CCDC93,SAR1A,CENPO
12274,TRIM14,BDP1,SP3,POLE3,BIN1,BTN2A1,DCAF8,TIMM10B
12275,CD1E,SLC25A36,RAB6A,TMEM150A,SERPINA1,EBAG9,KARS,PNRC1
12276,NSD1,PREB,MKL1,C5orf28,C9orf72,ACP5,EGR1,CENPW
12277,TM9SF3,ZNF430,KDM5A,CCDC88B,C2orf76,HERC6,EVI2A,RANGRF
12278,NFKBIE,MRPL15,HSBP1L1,NDUFA10,NUCKS1,CCDC25,CECR5,MALT1
12279,TAX1BP1,ZNF622,FHOD1,HLA-G,ADAR,VCAN,GRHPR,EMC6
12280,ZCRB1,SLIRP,TIMM17B,ZBED5-AS1,SULT1B1,POGK,CEBPZ-AS1,VMP1
12281,KDM5D,NDFIP1,LPAR6,ZZEF1,NDRG3,NUDCD3,ZKSCAN1,TK1
12282,C19orf48,STK16,SRA1,ARID5B,RPS6KA4,TAF7,PGK1,MRPL47
12283,FUT8,SLC37A1,CAT,SOCS1,HIST4H4,ARL1,VPS35,HNRNPD
12284,CYB561A3,RAB11A,WRB,PTGER2,PHLDA1,GNL1,GPS2,NUP214
12285,ANXA4,H2AFZ,SMPD3,CKMT2-AS1,NCOA1,PDCD10,HDAC5,IDH3B
12286,C6orf62,CHST12,IQGAP2,NOP58,AFF4,POLR2E,IL17RA,MRPS33
12287,SSR3,MZT1,VPS28,CBX4,DCTN1,PITPNA,DEF6,IMMT
12288,ZNF548,REC8,GAPT,ISY1,UBR5,CORO1B,SEC14L1,CCSER2
12289,ZNF430,TMEM134,UQCRB,MARCH8,COMMD9,RPS6KC1,ASXL1,MAP3K11
12290,MIB2,HIPK1,FRMD8,EGR1,GS1-124K5.4,TCEAL4,PPP1R12A,DCAF13
12291,LSG1,KLC1,NUCB1,VAV1,U2AF2,SMCHD1,GADD45A,CCDC22
12292,EIF2AK2,RP11-220I1.1,PPCDC,IRF2BPL,IAH1,GPATCH8,CLK1,ATP6AP2
12293,LTK,POLR3GL,PARP10,UNC13D,DDA1,HSCB,CCNB1,GPX7
12294,NT5DC1,PCBP1,MAP3K7,NHLRC2,TIPRL,CD247,LBH,NOL12
12295,LONP2,SETD1B,DIP2A,PLAUR,UTP6,PRR24,PAPSS1,NFATC3
12296,TRIM69,IFT52,SPG11,ZFAND5,BRPF3,ABHD5,SLA,DHRS7
12297,ARSG,C21orf2,XCL2,MICALL1,ZFP62,NPM3,SQSTM1,DOCK8
12298,ACOX3,COPG1,COPE,MTERFD2,DBN1,RPN2,APOBEC3H,PSENEN
12299,CNOT2,DTX3L,NRDE2,CD2AP,AP1S1,RP11-468E2.5,NPDC1,SMARCD1
12300,RAB35,TMEM229B,TMEM168,TMEM203,CHMP6,AKIRIN1,MCM7,MT1F
12301,USP30-AS1,ZFPL1,GGCX,CHST2,PTTG1IP,HERC1,PDHA1,HSPB11
12302,ST6GAL1,ZBTB8OS,EIF2S1,ZFC3H1,ASNA1,TPK1,MPZL1,HNRNPL
12303,CLCC1,RPS6KA5,DUSP12,VPS37B,UQCRQ,MOGS,RP11-351D16.3,DGKZ
12304,SLC25A24,TRIM8,CTSD,UBR3,NINJ2,USP8,RNASEK,ZNF576
12305,MRPL51,LRP10,DAD1,RP11-108M9.4,GALE,ITGAX,DCLRE1C,ELP6
12306,RPL22L1,RASA3,MT-ND3,EIF4EBP2,TRMT1,NFIC,HELZ2,ZNF407
12307,PPP1R7,CDKN2AIPNL,MT-CO3,CACYBP,HSPB1,DLGAP4,FAR1,FAM89B
12308,GMPS,CSTF2,ZNF692,STK38L,CAMKMT,WDFY2,TRAP1,TSG101
12309,PPT2-EGFL8,ABR,RAB22A,ATP2A3,CDK9,NELFB,CARD9,COL4A3BP
12310,MGMT,SND1,PTMS,EXD2,SLC22A18,PRPS2,CD3E,HEXB
12311,MESDC2,EHD1,CPPED1,MAP2K3,DIMT1,ZNF641,PSMA6,MAP2K2
12312,ADRB2,METTL2B,TRNAU1AP,GCSAM,ZNF275,STRN4,USP42,RBMX2
12313,PRDX4,CIDEB,LAIR1,PYCR2,GOLGA1,NISCH,ABHD3,RIC3
12314,GCH1,DDX19A,NDUFV3,RP11-1399P15.1,CD14,ID2,NOTCH2,QARS
12315,FBLN7,ZBTB24,HMOX1,ICMT,NUPL2,MTERFD2,CTNNB1,FUZ
12316,FAM26F,CDK12,BST1,ARMCX5,UBL3,PRCC,CHI3L2,ANAPC16
12317,LIN52,SERPING1,ATXN7,OSGEP,SPTLC2,DAB2,SARNP,DBF4
12318,CXXC1,PAG1,ATXN1,VAMP3,MBNL1-AS1,MAL,STOM,GEMIN7
12319,GTPBP6,CCDC115,SPG20,FBXO31,RAD9A,SMU1,PRKRA,TMED5
12320,SNAP47,CD101,MIAT,GLTP,MICAL3,IKBKE,UNC50,C14orf80
12321,MRPS6,PRR5,PSPC1,ERCC6L2,ZNF821,GLI4,GTF2E2,B4GALT3
12322,PCMTD1,MRPS10,TTC17,IVD,FTO,ECH1,PIGC,SUGT1
12323,ACP1,NSRP1,WWP1,POLM,RNF169,BCAS3,MAD2L1,MAFG
12324,BCL11A,BTBD9,ETFB,AZIN1,TNRC6C,SLC7A6OS,TRPT1,MECP2
12325,FAM98C,AMMECR1,AP1G2,ACOT13,RHBDD3,USP30-AS1,KTN1,EHD1
12326,PRIM1,PCTP,SPCS3,DPP7,SMCR5,KATNB1,COPS5,CYB5R3
12327,CPNE2,KMT2B,CD320,ZNF839,GAPT,PNKP,COQ2,ANKRD12
12328,CEP63,BHLHE40,STK24,C19orf10,DTWD1,EIF4E3,DDRGK1,HBS1L
12329,NECAP2,DCAF8,TUBGCP2,GOLPH3,SMARCC1,ACTR8,VRK1,PLSCR1
12330,CTD-2521M24.9,ERICH1,HIP1,CMTR1,OAS3,EXOC3,WAC,MRPL48
12331,METTL3,ZFAND1,KLRD1,SUV420H1,CLTA,MTR,UBE2K,CLTB
12332,PROSER1,TMEM129,BLVRA,UIMC1,PPP2R1A,C17orf59,SNX6,RBMS1
12333,PRNP,FERMT3,PIK3R1,RP5-827C21.4,SNX2,TCOF1,PLEK,GADD45GIP1
12334,ZNF580,TMEM110,SLAMF7,LST1,ATP5L,AL592183.1,MLTK,SNHG9
12335,CYHR1,GRSF1,HBS1L,AMD1,R3HDM4,FAM174A,MYL6B,SEPT2
12336,PDCD1,ORMDL3,CD5,MFHAS1,SEL1L,ITPR2,BIRC5,SLC25A45
12337,RUVBL1,STX2,TFPT,PCIF1,UBALD2,ARAF,GLUL,TMEM223
12338,PPP3R1,EML4,CSF3R,FAM118A,MAT2A,KLHL24,DHRS12,TOR1AIP1
12339,SH3BP1,PSTPIP2,PAFAH2,CTC-479C5.12,LMF1,DPYSL2,MANBA,KLHL18
12340,WDR24,FAM136A,C9orf78,ASCL2,PRPF38B,SUCLA2,SLC30A7,BCLAF1
12341,GMEB2,ASB8,ARHGAP30,HDAC5,UBL7-AS1,B4GALT4,STK10,PRIMPOL
12342,FCRL6,RNASEH2A,ZNF267,NCALD,MFSD3,ANKRD11,CTDP1,EIF4E2
12343,ATP2B1,MIF,GATAD2B,N4BP2L2,ARFGAP1,RP11-367G6.3,SPIN1,TMEM120B
12344,TFIP11,DEAF1,FASTK,TBXAS1,RBM28,E2F6,DPH5,SMARCA4
12345,KBTBD3,SAMD4A,RP11-390E23.6,TMEM69,RP11-383H13.1,BCAP29,POGZ,SLIRP
12346,RBM17,C17orf62,JAZF1,USP28,ZBTB24,FAM98C,SRSF11,ZNRD1
12347,DENND4A,FN3KRP,GNPTAB,CMC2,MRPS18C,GAPVD1,UBR4,NARF
12348,PPP1R10,IFT43,DLD,OARD1,CMPK1,GDE1,NOSIP,STX5
12349,IGSF8,DDB2,UPK3A,PIGC,GRINA,TSHZ2,GLRX,SETD8
12350,NCBP2-AS2,DLST,BATF,MIDN,E2F3,UBE2E1,LGALS2,PYHIN1
12351,B3GALT4,ZNF143,URM1,VCPKMT,JOSD1,UHRF2,RSAD2,MAT2B
12352,PARN,CIR1,FAM58A,TMEM173,KCTD7,MRPL40,HPCAL1,COX11
12353,RBM12,DYNC1LI2,COX14,FAM26F,FEM1A,S100A12,KRCC1,NMRK1
12354,MRPS15,URM1,CNIH4,PINK1,TMEM63A,ECHDC1,IMPA1,IKBKE
12355,ODF3B,SRSF6,TAF11,YBX1,AZI1,TOPORS-AS1,ZNF92,NOP56
12356,SERINC3,MDP1,MPRIP,OXR1,ZFP1,CETN2,CDKN1C,DLD
12357,ATP13A2,CYSTM1,SELT,CNPPD1,FAM126A,RGS18,CNOT7,ACAA2
12358,RANBP3,CCDC71L,AC005523.2,HNRNPA0,RP4-612B15.3,ATG10,GPR155,ERP44
12359,IER3IP1-1,METTL5,HEXDC,JMJD1C,SHISA5,LRRC42,TTC37,TERF1
12360,CAPN1,RPF2,LIN7B,ARPC3,MCPH1,LGALSL,RBM5,AATF
12361,RP11-345J4.5,UQCC2,C12orf45,ALKBH3,ZC3H11A,STK38L,VEZF1,CHPT1
12362,GYPC,USF1,IFI27L2,ING1,YY1AP1,AIMP2,EIF4E2,EXOSC9
12363,RP11-139H15.1,RP5-882C2.2,MEA1,S100A8,MAP2K2,HSDL2,GPR162,CLPP
12364,DHRS12,LRRC27,MRPL49,MTERFD3,VBP1,UBE2G2,TWISTNB,TMEM242
12365,ELAVL1,PARVG,TMEM30A,ARL3,RXRB,ACBD5,EBP,NUP210
12366,ALKBH2,RBMX,MYD88,RCN1,AGFG2,ATP6V0E2,RAB18,AMZ2
12367,NCKAP1L,UQCR11-1,HIP1R,LINC00665,MTBP,FBXO9,LASP1,DARS
12368,FIS1,PTCRA,LYRM7,AP2B1,ATP2C1,CHSY1,SUMF2,IL7R
12369,SMAP2,AP3S1,PAPD4,CLUAP1,KDM3A,WIPI2,ARHGAP25,PEX19
12370,ELOF1,PI4KA,NDUFA2,MCEE,TRUB2,GADD45A,ST6GAL1,ZNF394
12371,PPID,CENPT,ZNF592,YDJC,KLRK1,C19orf24,CD1D,MRPS9
12372,ASB8,KAT5,PSMD5-AS1,MRPS12,RASGRP1,ZYG11B,TBC1D12,AKAP13
12373,RP11-196G18.24,POP7,TMEM141,MARCH6,TCEB1,IFIT5,NDNL2,TRIM69
12374,COX7A2,ABHD16A,CLN3-1,SBDS,TAF1D,ADAM28,POU2AF1,IFI44
12375,APOA1BP,TRAPPC12,C19orf53,FAR1,ACY3,ATG4C,TYMS,IRF3
12376,FAM63B,PET117,VDAC2,RAB20,AC092580.4,PDE4DIP,NCBP1,NUDT22
12377,CHD1L,WDR4,RNF168,ADPRHL2,ZNF576,ALAD,LYRM1,ARIH2
12378,TRAPPC2L,RFK,PQLC3,MARCH2,PDPR,SNRPD2,DUSP6,CDC40
12379,DALRD3,SLC25A37,FAM133B,KDM5A,WDR81,MTHFS,STMN3,PQLC1
12380,PCCB,NTMT1,NDUFA8,PRADC1,ATG2B,PDSS2,CD84,GGNBP2
12381,TOR1A,ZDHHC16,NELL2,RNASE6,CD72,SUPT20H,LINC00152,GLO1
12382,MAFG,CPSF3,POLR2H,ZUFSP,LINC00649,ZNF226,PEBP1,TMEM160
12383,WDYHV1,S1PR4,SSRP1,KATNA1,ANKRD10,GANC,BTK,VGLL4
12384,ARL2,DNAJB9,HNRNPC,HBA1,MDP1,EAF2,DHODH,TMEM19
12385,CHMP7,SAMD9L,YWHAE,TAX1BP3,RFTN1,CNIH1,TSC22D1,SIVA1
12386,PSMG3-AS1,PSTPIP1,LEMD2,SERTAD2,TRIB3,TEP1,ZNF32,TSNAX
12387,C6orf136,ZBED1,RGS18,BRK1,VPS29,TBCD,EPRS,PNRC2-1
12388,FAHD1,CTSA,HOXB2,LGALS2,ATP11A,TINF2,ARFGAP3,LMNB1
12389,USP7,ATP6V1D,PLEKHB2,SLC11A2,USP9X,SLC25A3,AL592183.1,FAF1
12390,AAGAB,CRK,PKN1,BAZ2B,SDHB,DCK,PTTG1IP,GABARAP
12391,CCDC65,TRMT61B,PMPCA,HLA-DOB,TNK2,COX7B,G6PD,OXCT1
12392,CD96,CSAD,PHF5A,TMEM11,F11R,TLR4,CPQ,MZT1
12393,PRCC,TCF3,NUDT16,KRIT1,ZFP14,CCNB1IP1,R3HDM4,SEPHS2
12394,PRR7,MRPL48,GALM,NUPL2,RASGRP3,NFAM1,CTNNA1,NSF
12395,VDAC3,BCR,ATG3,CHAC2,ITGA2B,H2AFV,MLKL,WHAMM
12396,NFU1,RTN4,IDH2,EIF3G,GLT8D1,HTATSF1,HIST1H4C,SARS
12397,DR1,SLC7A7,RNF6,C1GALT1C1,POLR2E,ZNF90,NRROS,SAR1B
12398,NXF1,NAA15,UBXN6,SIKE1,SLC52A2,L3HYPDH,RP1-313I6.12,SNX10
12399,TENM1,RELB,SSR4,RHBDD2,CTC-444N24.11,OXNAD1,HSPA1A,NUCB2
12400,TAMM41,ZKSCAN8,LILRA2,SNX20,APPL2,NAT9,SUN2,SART1
12401,EIF2S3,EHMT1,RARS,MAP3K11,NEIL2,ARPP19,CCDC88C,QDPR
12402,SRSF10,N4BP2L1,ZNF32,KIF2A,LILRA4,PTPN7,MRPL16,ENOPH1
12403,UNC119B,NDUFV1,GCA,RAD23B,DRAM2,MFF,DNPEP,SLC25A38
12404,AC010642.1,STX3,ICAM2,RP11-432I5.1,GALNT7,WIPI1,SZRD1,GLOD4
12405,MLLT6,ICAM4,JUND,TMEM183A,ZNF639,TBC1D2B,CSNK2A1,UAP1
12406,GNB5,RHOH,GALT,FAM208A,CUL5,HSPD1,WARS,SMIM12
12407,GORASP2,BCAS2,ACRBP,MICA,FAM207A,DDOST,C7orf49,PCSK7
12408,ATRX,OGDH,NUDT2,HERPUD2,CCDC90B,C10orf11,TNFRSF13B,CTB-31O20.2
12409,SLFN11,WDR18,HAUS4,PIP4K2A,CUX1,PAFAH1B1,C11orf48,RASAL3
12410,RNASEH2C,HELZ,ZBTB48,RELB,CAPS,ANXA2R,MRTO4,PSMB5
12411,TNFRSF1A,PI4KB,PSMG3,CWF19L2,PPM1N,DDX55,POLR2C,SMC2
12412,ZNF160,MRPS11,NQO2,ITM2B,FHIT,CHCHD4,PLEKHF2,RBM22
12413,VAMP5,FAM127B,NGFRAP1,SWI5,ZNF770,UIMC1,HSD17B10,METTL23
12414,PANK4,ST3GAL1,WDFY4,UBE2K,GAS7,CWC27,ZNF524,GIPC1
12415,EML4,INSIG2,ATXN2,ANXA11,POLR3K,FHOD1,HERC4,C5AR1
12416,MRPS5,CHST13,NRD1,RRP9,C12orf76,IL27RA,YTHDF2,WDR83OS
12417,DTNBP1,FOPNL,NRBF2,MTCH1,TSPAN3,MID1IP1,MRPL46,EIF4B
12418,EIF3I,PHF8,PFDN1,EIF3L,ZXDC,TAB2,DNPH1,SPON2
12419,DEF6,UBE2O,VPS13D,ARFIP2,CLYBL,CTA-29F11.1,SDHAF1,ZNF511
12420,ILF2,RGL4,PTPRE,CCDC174,CEP85L,PSMC3,MRPS18B,CRIPT
12421,ACAD8,RING1,PRKAR2A,DBNL,ZNF844,MOSPD2,ZC3H6,NOB1
12422,RINL,CBWD2,FKBP8,LRRC41,DDHD1,WAC-AS1,DDX18,TMC8
12423,DNAJC7,EFCAB13,NXT1,THAP3,RNF185,PSMB6,ZBTB24,TMEM243
12424,UBN1,FUBP1,EIF2S3,CHID1,GIMAP5,ATP2B1,HPS1,IRF8
12425,UBXN2A,DDX23,MPG,ZMYM2,DMTF1,ATF3,ZNF655,SLC1A5
12426,HSPA9,HNRNPL,RP11-117D22.2,PIGU,USP11,CSNK1D,C14orf166,DHPS
12427,SETD4,HEBP1,RP5-1068E13.7,C7orf55,RNF14,CDNF,TBCC,ARPC1A
12428,MAP3K13,ABHD2,IL10RB,CALCOCO2,VPS16,NUDT2,STAT6,DYNLT1
12429,RPF1,IFNAR2,REEP4,DDT,TLN1,ZNF821,ZRANB3,GBAS
12430,ZDHHC8,EIF2AK1,LTV1,RAP1A,CD22,GBGT1,PHF19,DHX58
12431,FRYL,NT5C3A,SELPLG,SYMPK,DDX23,PTPN4,GTF3C3,UBE2F
12432,IFIT5,WBP2,RASSF3,HNRNPF,DHRS3,OPN3,TMEM30A,POLDIP2
12433,TARSL2,TOR1AIP1,TMEM242,NPM3,PRPS1,DGCR6,YRDC,C6orf89
12434,IRS2,PHB,RERE,TSPAN14,RP1-39G22.7,SGTA,CCT3,AHNAK
12435,SERPINB9,LRPAP1,POM121C,CDK19,NMT1,QTRT1,SMARCA5,PDXK
12436,TNFRSF1B,MEF2D,DHX9,SGK1,MARK3,TST,SEPT9,CERK
12437,ACYP2,GOLT1B,NDRG2,TIFA,NQO2,ATP11B,PDLIM1,HLA-DMB
12438,HIAT1,MAP2K4,RBM27,ZNF236,HIST1H1E,TAF3,CTNNAL1,CBX5
12439,STX17,CMTR2,PIM1,IL4R,LANCL2,CIAO1,CEACAM4,TCL1A
12440,ELP4,RNF166,BST2,RMDN3,ITPR3,NDUFS1,CSF1R,GDE1
12441,SLC16A1-AS1,KIAA1147,RALY,C12orf45,RALA,LITAF,CCT2,TMEM126B
12442,NCOA2,RNMTL1,TSEN54,SRA1,KHDRBS1,C6orf226,VMA21,MAD2L2
12443,TMEM109,ARV1,CD300E,ADTRP,MATR3,NARF,SLC38A2,EMC10
12444,TMEM259,EHD4,LAGE3,UGP2,NFX1,STRAP,CYTH1,DCTN6
12445,DAZAP2,KCTD13,HDAC2,CTSF,ZBTB1,TRIM33,C11orf58,ACP5
12446,S100A10,GTF3C6,WDR18,PIK3R5,AL928768.3,SBNO1,HSPB1,UFC1
12447,PTPMT1,SNX13,EIF2B5,STX16,SCML4,DHRS4L2,AP1G2,PTPN7
12448,RP11-94L15.2,TNFRSF1B,KCNQ1OT1,RP11-752G15.6,RP1-241P17.4,FXYD6,VASP,HMCES
12449,COMMD4,CYB5R1,CASC3,IKBKE,MTX2,ZNF746,DNASE1L1,SLTM
12450,PDCD2,KDM5D,PNP,TAF6,IKBKE,ATP5J2,AC027763.2,CCNC
12451,SLC25A10-1,NUP88,SYNGR1,TMEM42,GPSM3,CTC-241F20.3,RNF34,ZNHIT1
12452,CFL1,RHOT1,DAGLB,TMEM14B,RP11-108M9.6,APOBEC3A,CDS2,CCNG2
12453,CHPT1,MTG2,APEX2,SF3A2,ZSCAN21,DDX19B,C16orf74,GLUD1
12454,USP20,NFS1,PPP3CC,MOB4,SNN,APOBEC3C,EIF4E,SNAPIN
12455,TIPARP,ZBTB40,MCOLN1,RAC1,SPAG16,MXD4,SREBF2,RAB9A
12456,A1BG,TRIM5,SUB1,SLC25A22,CCDC64,RASGRP2,SMAGP,MT-ND4L
12457,C7orf73,TLE4,NME1-NME2,ZNF263,PRUNE,PRMT10,SEPHS2,ATF7IP2
12458,SRSF4,VPS54,ETNK1,CD5,CROT,NEURL1,LENG1,DR1
12459,ENDOG,LCMT1,TM9SF2,CUTA,MYO1G,KNOP1,FEM1A,CTNNBL1
12460,WDR20,NKAP,RNF149,ZFAND3,CA13,ITGA2B,MRPL22,DCAF7
12461,TSN,SUGP2,SLC25A39,TRAM1,ZNF138,GTF2H1,DAP3,WAS
12462,CS,CDC42SE1,KIAA0922,ADK,ZNF721,ERGIC1,CD320,NUDT16L1
12463,TERF2IP,APOPT1,HDAC1,MMAB,TRAF3,MORC3,RBM18,UNC93B1
12464,AGPAT2,DNAJC27-AS1,MAGOHB,TCF25,JMJD1C,TBL2,SNX4,MKI67
12465,CHMP1A,DNAJC3-AS1,FXN,VTI1B,KAT6B,SUGT1,CENPT,MRPL2
12466,RGS2,LLGL2,GBP2,IMP4,CASC7,FAM122B,SYNRG,C14orf166
12467,KPNA6,CDC25B,SIRT2,SELT,NUP214,PDIA6,LDLRAD4,MPLKIP
12468,LBH,C10orf54,SMIM12,CFDP1,PPP1R15B,MRPL4,BTG3,C11orf21
12469,CUEDC2,MMAB,STK32C,MRPL1,TOPORS,C11orf73,FCRL1,IGBP1
12470,ZNF813,RNF115,RP13-582O9.5,MXI1,TMED9,HRH2,ANKRD13D,TM9SF2
12471,GPR18,YIPF5,CRELD2,MYCBP2,CAPN10,SLC46A2,LSM14A,NUP37
12472,NUTF2,CRBN,MRPS18C,ISCA2,IREB2,RPL36,AHR,SET
12473,ZNF266,ZNF766,MRPL15,GNAI3,CCDC132,ASCC3,CLPTM1,RRS1
12474,ARL5A,HEATR5A,ZNF174,OPTN,TRIM25,DMXL1,TRIOBP,RSBN1L
12475,STARD7,SNX19,HTATSF1,PSMD1,LETMD1,STX18,SCOC,ZRANB2
12476,DOK2,LRRC45,KLRB1,FRG1B,DNAJC7,NCBP2-AS2,LYRM2,GIGYF1
12477,HAR1A,VHL,H1F0,SFSWAP,LMBRD2,HBP1,WDR54,RBM7
12478,ZNF131,PLIN2,GRINA,NUB1,PWP1,LPP,MTFR1L,MPDU1
12479,WIPF2,RP11-119F19.2,LIPA,YIPF6,UXS1,CDKN2D,RNF167,IDH3G
12480,ZNF277,TP53BP1,UBE2M,CCR6,SMUG1,PSMC2,IER2,TWF2
12481,BZRAP1-AS1,ZDHHC13,PAPD5,C22orf39,DTX3L,CCNL1,CYB561D2,CCZ1
12482,LY86,G6PD,GNPAT,EIF1AD,NELFB,C20orf27,HAGH,NCK1
12483,CSK,FBXO41,PRPF18,KLF10,IL18BP,POLR1A,CCNA2,SS18
12484,NAA10,CDIP1,TMEM138,CD2BP2,ZBTB44,ZMYM2,KLHL24,GLG1
12485,FAM3A,GNB1,PREB,WDR55,NELL2,TRAPPC2L,PPP1R9B,VPS29
12486,LIMS2,SPPL2A,TRIT1,ISG20,KIAA1551,DENND4B,F8A1,FKBP3
12487,EID2B,LAMP2,PHF20L1,FCRLA,B9D2,SREBF1,BANK1,CALCOCO2
12488,GPR56,HM13,C18orf32,CHMP4A,POP4,TRIB1,MRFAP1L1,CDA
12489,CTR9,ITGB2,HRH2,CEBPZ,GLRX5,PSMA6,BUD31,MICU2
12490,VPS53,RASGRP4,ADPGK,GALNT2,SNAP47,UBE2N,NT5C3A,TRAPPC4
12491,RP11-473I1.5,TIMM10B,PDHA1,C1orf56,ZMPSTE24,BOD1,SUMO2,MSL3
12492,LGALS2,MRPS17-1,LENG8,VPS45,KIAA0040,SDR39U1,FAM45A,ACTR1B
12493,LIMD2,RINL,LPIN1,GHDC,SECISBP2,DUSP7,CTBP1,HSPA4
12494,WDR6,ACAD9,SMARCA4,SFXN1,ATP6V1B2,KDM4B,IFT20,AAMP
12495,MYBL1,MRPL3,CD4,ANXA7,H2AFX,PCBD2,GID8,COX14
12496,TMX4,ATP6V1C1,HGS,TOP1,STK3,PPP1R15A,CD97,C1D
12497,EIF2B5,TSPAN3,C11orf21,FBXL8,FN3KRP,STK38,MARCO,CINP
12498,MVD,INPP1,MAP4K1,USO1,ISOC1,MAP3K8,MARCH5,NCBP2-AS2
12499,PTGDR,ASAP1,FXYD7,SLC30A9,ZFP36L1,EVI2B,ELOVL1,UROS
12500,TOMM40,SMIM14,TRPV2,HARS,NRROS,VTI1A,TBRG1,NBEAL1
12501,MRPL12,PAF1,TNFRSF25,CHERP,TRMT1L,BACH1,LGALS3BP,CEPT1
12502,CREBRF,GDI1,C14orf64,ETFDH,EXOSC8,PHYH,FAM200B,DAP3
12503,MEF2C,RPUSD4,TGFB1,MRPL24,MYCBP2,CCDC101,IRF2,STAMBP
12504,EDEM1,SLC29A1,ANP32E,UQCRH,STAG1,SETX,DHX15,HDDC2
12505,MAP3K2,MIR4458HG,DYNLT3,RP11-727F15.9,MAP1S,AGTRAP,CDC5L,GLRX5
12506,NPRL3,LSM12,PGM1,FAM78A,IGLL5,IFI30,PHF20,BAG1
12507,C21orf2,OGFOD2,YAF2,PCYOX1,PHF5A,AMPD2,RXRA,ANKRD27
12508,UPF3A,TRIP6,ATOX1,NEDD8,TSPO,ANKRD10,MAD1L1,BTG2
12509,FAM175A,GPR132,ARMC10,AKAP10,ZDHHC5,MED17,RAB8A,CDKN2AIPNL
12510,G6PC3,PRR19,MRPL33,CAMTA1,COMMD3,PSMA2-1,ORMDL2,ABHD14B
12511,HCFC1R1,RAB20,PHF11,PBXIP1,KCTD17,BLOC1S2,EIF4B,PATZ1
12512,PSMD3,MAP4K3,CECR1,RC3H2,TFDP2,RP1-241P17.4,SIT1,EIF1AX
12513,ARFGAP3,JAZF1,NAPA,TBC1D10C,AQP3,NCF1,CWC25,CD6
12514,TAP2-1,EFR3A,ATAD1,PNKP,C8orf59,TCF12,PIM1,METTL13
12515,POLR1E,TCL1A,DNAJC19,SNX4,CNIH4,CD79A,TADA3,SPI1
12516,PNOC,RP11-680A11.5,COMMD1,SAMD9,HAX1,NAGPA,EIF2A,GBP2
12517,ZNF518B,VIMP,DGUOK,GALNT10,NEK7,C12orf66,SERPINB1,UBL3
12518,KATNBL1,AP3D1,TXK,C20orf112,XPOT,NPAT,DCTD,MTF2
12519,KLF12,THAP4,PREX1,DNAJC10,TMEM245,hsa-mir-1199,ST3GAL5,KATNBL1
12520,CNOT3,TSTA3,RNF139,THOC3,ANXA7,GRK6,NOB1,BAD
12521,ABCE1,THAP7,LAP3,SETD5,LMNA,PSMD3,PIN1,MESDC2
12522,TCEA2,NECAP2,GOLGA7,NXT2,MLH1,DHRS4,LYRM9,CHCHD3
12523,SVIL,NDUFS2,NMRK1,PDRG1,GSK3A,LILRA6,MVP,YTHDF2
12524,VAMP4,AP2M1,SIN3A,RAB5C,ITFG2,TEN1,PTP4A1,HARS
12525,CCNB1IP1,TIMM10,SYK,LAIR1,FAM21B,RAB14,MRS2,TMEM230
12526,SUPT16H,FUOM,ANKZF1,CARS,DUSP7,IRGQ,CXorf40B,TMEM70
12527,EAF2,FAM221A,GLYR1,LYRM9,POLG,ADM,CD68,PPHLN1
12528,PEX16,ABRACL,IL8,SUCLG1,HDGFRP2,CARHSP1,CAPZA2,CD300A
12529,IL4I1,FCRL3,C5orf15,BCL2A1,TMEM187,SLC39A8,RRM2,EIF4EBP1
12530,UBALD1,KDM2A,ZDHHC24,TMEM55B,C22orf46,ZADH2,TP53,USP3
12531,NUCB2,ARHGEF3,APOPT1,CDC5L,TSEN15,PPIF,TP53RK,CCR7
12532,ARAF,CEP350,ZBTB32,EPSTI1,CKLF,QARS,NDUFB11,VPS4A
12533,MEPCE,NT5C2,VPS25,ATP5SL,LINC00094,MT1X,PRR5,SESN3
12534,TCF3,YME1L1,APOL3,MORF4L1,TOMM40,DNAJB14,TRIB2,RNF41
12535,BRD9,IQCG,GMDS,NGRN,LSM12,PTBP1,FIBP,SMARCA5
12536,ABTB1,DHX30,ZNF451,TCF7,GPR155,COA5,ELOVL5,P4HTM
12537,RP11-356I2.4,RRM2,IKBKB,KIAA1715,COPS6,TMEM60,SHMT2,RPL4
12538,KPNA1,GATAD2B,EXOC7,RBM5,CCDC14,NDUFS8,TOR1B,PSMD5-AS1
12539,WDR4,RAD9A,CPT1A,LMAN1,LGALS2,CHMP2B,EPB41,GLRX3
12540,C16orf54,TMUB2,ENOSF1,RPIA,PDIK1L,PSMD14,LINC00861,SDHAF2
12541,KAT8,USP32,DRAP1,TFEB,SNAPC2,VPS37B,MLLT10,ECHDC1
12542,WDR45,DPP7,FBLN5,KLHL28,SLC9B1,EREG,DTNBP1,ORMDL1
12543,SRM,SFXN3,OXLD1,TSPYL1,HINT2,RPL9,MEF2C,NUDCD2
12544,SLC39A10,WDR82,DDX46,TASP1,PPAPDC1B,BRWD1,NDUFA3,CRLS1
12545,PLA2G16,GNAI2,ST3GAL1,BTLA,TMEM189,SRCAP,SELPLG,TXNDC12
12546,WIPF1,MS4A1,SSR1,RP11-83A24.2,MAPRE2,STARD3NL,SELK,EPC1
12547,UBE2E1,HSBP1,MX2,SLC46A3,EMD,SCRN2,ING3,AKAP8
12548,SUMO2,INO80C,MRS2,KIAA1033,PITPNA-AS1,THOC2,MARCH1,SND1
12549,SLFN5,SLC35E3,GYG1,UPF3B,DNAJC15,HSD17B4,RIT1,STK17B
12550,AP3S2,MIS12,VKORC1,PLEC,UBE4A,DHX9,FNBP4,PPP2R1A
12551,TAPBPL,DPY30,NTMT1,ZNF253,TMEM101,F13A1,FAM107B,KRT10
12552,SNORD3D,CR1,SOAT1,PCYT2,TYMP,POLE4,TCERG1,PPP2R3C
12553,PPARA,SWAP70,PPID,NBPF10,NAA25,H1FX,JMJD6,TMX1
12554,SMIM19,TBCC,EHBP1L1,SCAI,ZKSCAN1,ITPR1,CD82,MRPS18C
12555,DHX57,NCAPD2,KDELR1,WDR45,TAF3,MRPS31,SIGIRR,STK10
12556,XPO7,HMHA1,EIF3A,RBBP6,TTC12,HSF1,STX12,IL1B
12557,BMS1,TRIM69,RBBP6,ANAPC7,RP11-138A9.1,KRT10,C17orf89,KARS
12558,TIMMDC1,N4BP2L2,CLMN,NUP98,PMAIP1,ZNF780A,METTL23,ORMDL2
12559,RPL23,MAN1A2,FCRL3,PSME2,MRPS17-1,LBH,SNRPA1,PPP3CC
12560,GSAP,PURA,ARHGEF18,FYTTD1,ATP6V0E2,GNPDA1,SOCS3,MBNL1
12561,RRS1,CRIP1-1,RBM42,ACTR1B,CDADC1,SRRM2,FBXO7,BEST1
12562,PGM2L1,NUP43,SDR39U1,RIN3,SMC6,MIR4435-1HG,MYO1F,DNAJC8
12563,RP11-412D9.4,RPS6KB2,TPM2,DDX39A,BANK1,WNK1,ARID5B,SEC63
12564,HDDC2,PHF3,RBMS1,DDHD1,AK2,SLC27A3,KIAA0101,MGAT4A
12565,SPNS3,RBM4,ZDHHC16,RING1,SEC11C,RBM10,BTN2A1,NANS
12566,HYOU1,ARNT,UGP2,DLD,MYC,PTER,RIC3,CCDC115
12567,BRAP,C7orf50,DEF6,SCGB3A1,GK,ANKMY1,SET,NARS
12568,C11orf21,TMEM234,TXNRD1,GFM1,C14orf142,THAP7,TCEB1,CPNE2
12569,UEVLD,C5orf24,LINC00493,KLF2,ST7L,FIP1L1,ACAA2,OAZ2
12570,TPRG1,INPP4B,RDH14,MRPS11,C10orf2,MRPS6,PDK2,CUEDC2
12571,CTBS,ATRAID,NGLY1,AIP,USP1,CAPRIN1,WDR45,STMN3
12572,NUDT3,ELP6,SOCS3,TCIRG1,UCK2,HSP90B1,ASNA1,LGALS3
12573,PYROXD2,SLC35A4,CCDC167,RBKS,TFG,SIT1,CNIH1,CDK4
12574,RNPS1,RPRD2,TMEM167B,PCMTD2,CDKL3,CLIP1,PCID2,USP15
12575,ZNF550,SNN,LRPAP1,RNF7,CPSF7,DGKZ,TPD52,ANXA6
12576,AAMDC,GOLGA4,PYHIN1,TLR1,CAPZA1,TNPO3,AZI2,SNRPA1
12577,AKAP8,SF3A3,ZFAND2B,TMEM50B,PRNP,MGAT1,PSIP1,CCM2
12578,UBE2J1,ZNF385A,NDUFB8-1,EAF2,FBLIM1,ESD,NFATC1,GOPC
12579,ERCC1,DYNLRB1,RABGGTB,OXSR1,C21orf59,NUBP1,SSR3,PPP1R7
12580,CIDEB,PDLIM2,BANF1,RNF11,NFYA,ZKSCAN1,ING4,ZFAND6
12581,CPSF6,STRAP,LRCH4,SUCLA2,MED28,ZC3HAV1,LRRFIP2,CRELD2
12582,VIMP,ZDHHC7,SAMD4B,WARS2,RPS19BP1,BAD,WIPI2,PARP9
12583,POLR2K,TRAPPC13,HCG18,THEMIS2,DAAM1,TUSC2,AP2A1,KIFC1
12584,RBM34,GPATCH3,STK16,RPP25L,RP11-277L2.3,HDLBP,CEP57,COA6
12585,PAAF1,ACSL5,RNF213,ATG4D,TMEM254,NEDD9,ITGAX,MYLIP
12586,RNF213,LDLRAP1,CARD11,SMC4,PSMB5,NR3C1,DSTN,PFDN1
12587,WIZ,LINC00094,VCL,TBC1D4,ISY1,E2F4,UQCC2,HOPX
12588,IKBKB,TSPAN33,ODC1,STX12,ANKRD32,CTDSP1,PNN,UBE2E1
12589,RASGRP2,CSTF2T,DLGAP4,ZNF224,RP11-103G8.2,UCHL3,GLB1,SLC25A20
12590,STK40,MITD1,PPP6C,DPM2,PPME1,VRK3,SPSB2,CLK1
12591,RP11-403A21.2,GALK1,MRPS10,WDR37,CEBPZ,TPD52,BCL10,SOCS3
12592,HSPD1,FRAT1,ZNF467,RAD51C,RAB5C,PDZD11,OSM,DCXR
12593,HPCAL1,RNF5,TMEM40,ZNF331,KIAA0020,FAM200B,GLI4,ANP32A
12594,ABCC10,NFYC,CLDN5,SRF,PGLS,UPP1,RP3-395M20.12,AQP10
12595,TMEM156,TMEM18,ACTR1A,MIF4GD,DCAF6,NSUN5,NPM3,PIGT
12596,PPM1A,OTOF,DDX39B,NSMAF,ATF2,FGD5-AS1,TM6SF1,MED4-AS1
12597,UBE2A,DCLRE1B,HEXA,COMMD7,WASL,TRMT112,PLXDC2,ECHDC3
12598,CRLS1,MED25,C1orf186,SNAPC5,SHFM1,UBL4A,BEST1,TAGAP
12599,ARNTL,GRPEL1,EIF4B,NELFE,EIF2AK4,VDAC3,METTL5,PPP1R11
12600,PBRM1,ABTB1,HNRNPU,SLC35C1,NUP50,LINC00152,GBP1,MARS2
12601,TFB2M,ACRBP,AMBRA1,SKA2,KCTD20,SPNS1,TNFRSF14,ITGA3
12602,NUDCD2,DENND1C,ZNF143,FRA10AC1,PELI2,CENPT,PPP4C,RNF207
12603,CMIP,SLC35C2,KBTBD4,NUDT2,RAB3GAP2,CDK11B,RTP4,PIM2
12604,NQO1,PPP2R5B,SPN,MED9,DAP3,DEXI,TPI1,RPL26L1
12605,MRPS30,RAB5A,ERN1,PARP11,CTSZ,RP13-270P17.3,DNAJC19,JOSD2
12606,CCDC57,GAPT,IL23A,PPP1R21,DUSP5,SYNGR2,BLK,CYTH4
12607,RIC8A,STK32C,AAGAB,SDHD,KIAA1191,SCAMP2,MOAP1,POLE
12608,MAPK1IP1L,RABEPK,MRPS16,MRPL47,ENTPD1-AS1,SCPEP1,TMEM99,AGAP6
12609,C9orf114,FRY,AGPAT6,THOC6,RIPK1,CMTM5,SMC4,TTLL1
12610,YIPF1,UNC119,HPS4,PRCP,MPP1,RNF170,MAML2,ARFGAP3
12611,DRAM2,NAGK,TMEM208,LIAS,NDUFAF6,RNF141,SAFB2,CIR1
12612,FAM76B,ATP2B4,LINC00667,CFD,SMAD3,RBM4B,ABTB1,USP16
12613,SCPEP1,UBA5,HSH2D,TMEM30A,SEC61G,MRPL41,HVCN1,PSMD13
12614,ZBTB38,PLEKHB2,RP11-849F2.8,MCUR1,PGRMC2,IL1B,IMMT,RPA2
12615,ATG2A,CYP4V2,ZFP14,LPIN2,AP3S1,DDX24,KRT10,FDFT1
12616,XYLT1,GSTM4,MRPL10,RPL36A,NPDC1,ALDH3B1,ABHD14B,ZBTB47
12617,TMEM106C,SHOC2,MCMBP,PEX14,TESPA1,HNRNPA0,RBL2,NSA2
12618,TMCO1,MAN2B1,C7orf49,DIMT1,SCNM1,WWOX,C1orf228,NOXA1
12619,SLC9A3R1,PQBP1,S1PR5,C17orf62,FAM228B,RP11-11N9.4,CSF2RB,KPNA2
12620,SLC25A33,SPG11,PILRB,SEMA4D,IMMP2L,PIGT,ETFA,SLFN5
12621,SNHG10,LUC7L3,NCDN,THAP4,SPCS1,DYNLL1,TAP2-1,AC003075.4
12622,XPA,CAPN7,CACUL1,PYHIN1,CAPRIN1,ABHD12,WDR13,PKD1
12623,CAPRIN1,IMPDH2,C9orf37,IFNG,TUBE1,NAA10,H2AFX,DUSP2
12624,STX5,PTAFR,BCLAF1,RPA1,CNST,NUDCD2,ACAT1,ROMO1
12625,ARHGAP27,IL10RB-AS1,C11orf80,DDX41,CHMP2B,LINC00926,ZNF146,AC040977.1
12626,POU2F2,ARL16,POLR2E,ITM2A,BLVRA,HMG20B,EMD,COMMD9
12627,RP11-277L2.3,ENDOG,DCPS,SNRNP35,VPS4A,ARHGAP18,MED29,CES1
12628,C14orf142,RFTN1,ATP6V1D,TRAPPC6B,VPREB3,OSGEP,AKAP17A,ERMAP
12629,TMIGD2,VAV1,ACTR10,UBE2F,GNG5,IMPDH1,CHD2,EXOC8
12630,RSPRY1,MCRS1,ISOC2,C15orf40,RABGAP1,INPP5B,SNF8,LGMN
12631,LYST,EPSTI1,FDX1L,RABL2B,UBE2G2,SMARCD3,TNFSF10,PLCXD1
12632,LFNG,ZNF688,PLAA,MAD2L2,TMEM55A,SUN2,DDX56,IFT20
12633,DDX1,RBM25,SDF2L1,TBPL1,PLEC,CDK6,KRAS,SCARB1
12634,LLGL2,DRAM1,ECSIT,WAC-AS1,SRM,CD82,ZBTB8OS,IPO8
12635,CHD6,GART,PSMA3,TMEM206,C19orf10,MOB2,LEF1,RP11-351D16.3
12636,SNAP23,ADD1,CARS,ZNF600,TBC1D4,AZIN1,USP19,GRASP
12637,C12orf79,DUSP11,MKNK1,RBMS1,MKS1,CARD16,HDAC4,SAFB
12638,ABCF2,C21orf59,STOM,TPMT,TRIM4,MEA1,TPR,USP33
12639,DDX31,MTERFD1,CTC-444N24.11,C1orf131,G6PD,HIP1,MYL9,ATXN7L3
12640,WDR1,RBM8A,FERMT3,LTN1,RRS1,PEX3,IFIT3,RP11-119B16.2
12641,PDHB,CYP20A1,TOPORS-AS1,UBXN11,BLK,SHC1,SNRNP70,MEN1
12642,ADD1,FAM173A,CCDC88A,ZNF830,FAM102A,MORF4L2,ASH2L,RPTOR
12643,PMPCB,SPON2,MIR4435-1HG,ASH1L,ACTN1,TICAM1,CDC16,SSNA1
12644,UBXN7,MAPKAPK2,NUDCD3,ASB1,OXNAD1,CHTF8,DNAJA2,CRTC1
12645,B4GALT1,NUCB2,CYC1,DDX3Y,IFT57,NIP7,PRPF38B,C22orf29
12646,CBLB,SNX9,MRPL22,FEM1B,TRABD2A,CARKD,ITGAL,NCF2
12647,ZBTB16,ZNF136,MAN1A2,INADL,KIAA0947,SMAD2,PSMD13,PRPS1
12648,FAM177A1,SMG5,RNF115,TTC1,MCM3,PBRM1,HPRT1,NDST1
12649,CUL1,ATF1,ZBTB25,ZNF628,MRPS36,NDUFAF3,CD9,POLD4
12650,RUNX3,CIRH1A,MDH2,C9orf78,PTER,RNF113A,PARP14,GBP4
12651,OSBPL2,RP2,PGD,TRAPPC6A,SNHG7,DXO,MRPS34,CNP
12652,MOB3C,AGPAT1,RRBP1,PPM1M,ANKRD54,VTI1B,PDCL3,RFT1
12653,RP11-353N4.4,HUS1,RP11-950C14.3,SLC25A16,KIAA1432,MRPL47,ATP5EP2,LNPEP
12654,MTFP1,UNC45A,UBE2E3,LINC00926,AP1G2,DNAJB1,FZD3,RP11-690G19.3
12655,ALG5,TOMM22,C17orf89,ORMDL3,PPIL2,EIF4A1,RP11-65J3.1,FFAR2
12656,FAM200B,HIST1H2BK,GNB1L,SP140L,STAT4,CISD3,JAK1,ZMIZ2
12657,VPS72,ANXA5,ROCK1,ARHGAP25,RSU1,SRI,RBMX2,TRIM41
12658,CGRRF1,BIN3,C1orf43,FHIT,EFR3A,CD2BP2,RP11-347P5.1,PPFIA1
12659,WSB1,USP7,HDLBP,RAB10,ANAPC1,KDM6B,CMTM7,SRGAP2
12660,MXD1,EI24,KMT2C,TRIM8,SASS6,SFPQ,ECHS1,TCF3
12661,HIST1H2BC,ZNF92,PDCD6,APBB1,STX16,TFIP11,NRBF2,PPP1R12C
12662,PDLIM1,CRIPT,LINC00861,RPL37A,NOTCH2,C17orf49,ALG3,MGAT5
12663,ARMC10,VWA9,FIG4,GRPEL1,FRA10AC1,APPL1,MPHOSPH6,MGAT1
12664,DCTN5,S100PBP,USP24,TP53TG1,FPGS,MAZ,TLR2,ATG5
12665,RASAL3,EIF2B1,TRAF3,DPP8,SLC1A5,MOSPD3,WDR81,CCR5
12666,RNF123,RRP36,ANKRD44,C14orf80,AKTIP,FOSB,LARP1B,SOD1
12667,MPHOSPH9,HNRNPR,EMC7,EIF6,SCARB2,CCDC91,KMT2E-AS1,RFWD3
12668,PRPF38A,PPP1R18,KIAA0100,C19orf53,TMEM218,PRRC1,NNT-AS1,MRFAP1L1
12669,ATP6V1A,MIF4GD,NPRL2,ALKBH7,CDKN2A,CCS,RAB27A,RP11-455F5.5
12670,CISD1,WBSCR16,WDR55,STK10,HP1BP3,ATF6B,FLI1,NUBP2
12671,DOCK10,LILRA2,PSMD4,ZFP82,GOLPH3L,NELFE,UBA7,SPECC1
12672,PSMD11,CD247,CTBP1,NAGK,SLC38A6,DOCK2,UBE2D1,NEU1
12673,LSM4,ARL2,ATF4,STRADA,CNIH1,MYD88,ICAM1,CHCHD4
12674,CAPN12,CLEC4D,CTD-2336O2.1,RNF115,FAM177A1,CRNKL1,SS18L2,DOT1L
12675,PNPT1,ERP44,MGMT,SF3A3,MRPS21,ISY1,TMEM33,NDUFV2
12676,GGA1,GRAP2,TSNAX,APP,ZNFX1,SELO,ILF3,C16orf87
12677,DAD1,TRAM1,UNC45A,PPP1R35,INTS12,POP5,SLC25A38,SIT1
12678,CREB3,MTFR1L,BAZ1A,SLMO2,GALK1,FURIN,C4orf48,MT1E
12679,PEX11B,LARP1,FAM20B,PRDM2,LRRC47,TCEB3,PPHLN1,IMPAD1
12680,OSBPL11,HNRNPK,TRAF4,GPATCH4,TPM4,PPP1R2,FXYD6,PLOD1
12681,FAM58A,SLC6A6,TAF10,TCEAL8,LATS1,PILRB,PNRC1,GBF1
12682,THAP7,HNRNPA3,GRAP2,KLHL6,ELP2,DTNBP1,CYFIP2,LSM3
12683,KDM2A,TP53TG1,ARHGEF40,DDA1,FCER1A,RAB32,LAMC1,DNAJB9
12684,CD8B,KLF4,APOBR,VPS35,DMTN,SNX2,ZEB2,UROD
12685,ZFAND6,CST7,GGNBP2,E2F4,YTHDC2,SF3A2,ZC3HAV1,ITCH
12686,RP11-734K2.4,AKT1,TTC39C,HGSNAT,PPCDC,CNOT2,CD8A,RAB27A
12687,HDAC3,FBXW5,LDLRAP1,CNIH1,C17orf58,THUMPD1,OCIAD2,UBXN7
12688,MID1IP1,REV1,RNF114,POP7,PPIH,ENTPD1,CUEDC2,UBE2I
12689,CKS1B,RUNX1,ZNF639,MMD,ARL2,PLIN3,PEX16,DNAJC7
12690,PSMA1,PPM1K,PAFAH1B1,HAGHL,SLC39A6,SIL1,IMP3,TOB2
12691,UCKL1,SETD3,CCNH,CAPN7,AC007228.9,BIN1,SLC41A2,ADAR
12692,AC007228.9,BASP1,EFNA4,TCERG1,FAM115C,RMND5B,DMAP1,AKAP17A
12693,CCAR2,ARID5A,MGST2,ESD,CORO7,EFNB1,RHNO1,CD79A
12694,TMED4,CALM2,PRKAG1,COPS2,PTPRK,NSMCE2,RP11-424N24.2,GUSB
12695,TSSC4,FGD2,ANKRD13D,DCUN1D1,ACOX3,RP11-110A12.2,APOL3,FBXO38
12696,UBE2I,ABHD6,SULF2,IQSEC1,PAFAH1B2,ING1,RSBN1L,HSPA6
12697,COMMD3,DUSP18,OTUD5,SF3B2,DMAP1,TNNI2,ECHDC1,TOM1L2
12698,F8,SMEK2,MR1,PXK,ZNF44,ARHGAP17,MKNK1,PRR14L
12699,CCBL1,CAMK4,ISG15,RAB37,PET117,SLC48A1,GOLGB1,C9orf72
12700,SLCO3A1,LSMD1,DYNC1H1,PARVB,ACN9,UBE2S,PIGU,SIRT7
12701,TCEAL1,CEACAM3,TIMMDC1,RP11-18H21.1,MRPL37,KIAA2026,MAP3K8,FNBP4
12702,TMEM71,NIPBL,RGL4,UQCRC1,HMCES,SKAP1,CDC42SE2,PPP1R13L
12703,UBA3,NAT1,AKR1C3,PHYKPL,ABCC10,YKT6,KLF13,TYW1
12704,TSPYL2,DKFZP761J1410,ARL16,PYGO2,LENG1,PRRC2C,UTP20,LINC00116
12705,SLC4A10,COQ2,RRAGC,CAST,REEP4,UBB,KYNU,RBL2
12706,AKNA,AC010226.4,USP7,BNIP3L,GPS2,ACTR1A,CTD-2031P19.3,EIF2S1
12707,SNRPA1,NMRK1,SPATC1L,SNX14,TCEB2,PFDN6,TCTN3,ABHD10
12708,CLPTM1,HPRT1,PDLIM2,ANAPC16,CRYZ,GOPC,RNF125,POMP
12709,KCTD20,MRPL10,DDX41,B4GALT4,CD28,ABHD13,HPS6,CD79B
12710,RP11-413H22.2,MT-ND6,PES1,ZNF524,ZNF480,CREB3,IRF4,CNIH1
12711,DCPS,MED31,RCCD1,PARVG,ELK4,R3HCC1,EEFSEC,KIAA1191
12712,NCBP1,RRAGC,RAB4A,ATF6B,EBPL,EXOSC7,MCM3,RRP9
12713,IFITM2,ARRB1,EPHX2,CLNS1A,CD226,ACTR10,PQLC3,MKRN2
12714,SMS,IRAK3,UQCRH,RBM33,RNF44,AGPAT2,VTI1B,METTL5
12715,MAF1,NUTM2A-AS1,MYLIP,FAM134C,FBXO25,FAM120AOS,PUM1,PMM1
12716,HYLS1,GTF2F1,TMED2,LGALS3,PFAS,AOAH,EIF1B,SUZ12
12717,AGPAT1,VMO1,TRIM69,GLIPR1,ITM2C,MTG1,DRAM2,TRMT13
12718,MYL6,ATP6V1A,HMGN3,CDK4,VMAC,CTSH,PDE6G,CAMKK2
12719,CSNK2A1,EXOSC3,MFNG,RP3-325F22.5,C2orf47,GALNT2,RP11-52J3.3,DEGS1
12720,ANKRD54,SDHAF2,CLTA,THYN1,AIMP1,PNRC2-1,SMIM14,HMGN3
12721,CWC22,MAPRE2,PSME4,TMEM107,ASB6,VAPA,RILPL2,MRPL27
12722,CREBBP,NMD3,SEPT9,NDUFS7,RUFY1,DENND3,KPNA6,SUPT6H
12723,TERF2,PRR14,ABHD17A,C1orf228,MAP4K1,TMPO,ZNF574,MED31
12724,CCDC23,JAGN1,C21orf2,ZDHHC7,ATP6V1A,FBL,USP47,COQ10B
12725,MLF2,MCOLN1,PPP1R12A,MSN,LINC00861,PRKAG1,PIK3R1,ZC3H15
12726,TSNAX,GPBP1,IL3RA,SAT1,FDFT1,LCK,SDCCAG8,SLC25A37
12727,IL11RA,GLOD4,SOX4,MRPS18B,MITD1,SMPD1,ZNF211,CARD11
12728,STOM,UTRN,SLC39A4,GRB2,SNX18,PSMD8,DPEP2,SNAI3
12729,PRR5L,HOOK2,PARP12,SNAP23,MCL1,LARS,PPP2R5E,CCDC107
12730,DNMT1,UBE2E2,PROSC,CNOT7,PPP4C,SMS,NCOA2,TDG
12731,DCP2,RBM38,SLC39A8,EFNA4,SNRPD1,ZNF428,PSMB4,GUCD1
12732,MATK,RAB6A,PRKCA,BCLAF1,SMAD2,FAM105A,DHPS,OTUD1
12733,TMEM9,TMEM248,CD8B,SELM,DNAJC4,SULF2,GP9,ADAP2
12734,RPSAP58,RGS18,RAB13,PSMG2,RASSF7,N4BP1,THG1L,GORASP2
12735,APOL2,FAM122C,NIN,FAM207A,DCLRE1C,LINC01004,DCTN2,SFXN1
12736,IFI16,BRF1,TBL1XR1,LYPLA2,CXCR6,ISCA1,STAC3,ITGB7
12737,PSMB6,VPS37C,PDE12,WRAP53,C7orf49,PTPRCAP,IPO7,NFYC
12738,ZNF792,PTMS,CUTA,WBP1L,SYS1,RNF114,C1GALT1,MYADM
12739,CTA-211A9.5,KIAA0513,TPP1,C4orf27,P2RY11,SENP2,CALHM2,GZMM
12740,ARHGAP4,NCSTN,PIP5K1B,SURF4,SPATS2L,RAD23B,GSPT1,SHKBP1
12741,GATAD2A,POU2F2,CORO1B,ROMO1,MRPL22,PRKAR2A,PLXND1,CSRNP1
12742,DDX3X,NCBP2,MBOAT7,TOR3A,CDT1,SSBP2,C16orf91,GSPT1
12743,POLR2B,CHMP3,CDKN1B,THUMPD1,ACSL5,TAGAP,ZCRB1,HERPUD1
12744,NRBP1,ZNF621,KIAA0430,KCTD6,ZBTB33,LRRC8D,AL591479.1,EMILIN2
12745,EMC8,PHYKPL,BAZ2B,SEC61A1,PIM3,AIM2,HES4,HNRNPK
12746,AMPD2,CD300LF,SP4,NDUFB2,MRFAP1L1,CERS2,NIT2,TXNL1
12747,MAPRE2,ZNF263,PIK3CD,IREB2,KAT5,TRMT6,NBPF10,MRPL37
12748,USP40,KHDRBS1,BBC3,ARHGEF1,TMBIM1,ARHGAP24,TMLHE,SMC4
12749,SPIN2B,FAM60A,GBP5,MYL12A,ORMDL1,PPP1R16A,NR1H2,JAGN1
12750,CTSH,DHRS12,ST13,TMEM106B,DGKE,MED9,FUBP1,TYSND1
12751,BORA,GPR108,SEC24D,ATP6V1D,FAU,HSPE1,ARPC1A,SYNGR1
12752,WBSCR16,MAPKAPK5-AS1,SDHD,CNOT8,NARS,ENOPH1,PPAPDC1B,USP7
12753,HPS1,COPB1,EML3,CBX6,RHOA,YWHAH,PHTF1,DCK
12754,GUCD1,MLYCD,USP5,SART1,ASNSD1,RNPEPL1,AGTRAP,CCT2
12755,RP4-539M6.22,CHCHD1,MRPS12,RWDD4,MEI1,FOXK1,APAF1,CLEC2B
12756,TPD52,FAM78A,TOMM40,C6orf1,C17orf70,ESF1,FBXW8,RING1
12757,DERL2,HECTD1,ZAP70,ACO2,ZNF280D,RABIF,ECI1,FBXO34
12758,MIA3,NBN,HERC1,IKBIP,DDX49,MAT2A,PPM1G,SNX5
12759,IRF8,VAMP3,MT-ND6,ZCCHC11,UBQLN2,LARP7,KCNE3,DNASE2
12760,PSMA2-1,DDRGK1,MGAT1,CITED4,LRP10,PABPC4,TNFRSF1A,PSPC1
12761,MARCH9,C6orf1,HCLS1,ATP5F1,MED24,PRPS1,SCARB1,ACAA1
12762,METTL18,SMIM19,CHIC2,CSGALNACT2,METTL5,ARRB2,TNFRSF17,RNF214
12763,SMARCD1,ZBTB7A,UCHL3,PDK2,LRRC8D,COQ10B,PSMA2-1,DDX60L
12764,SERF2,CBX7,TARBP1,PSMA3,PTGES3,CORO1C,SHFM1,CAPN7
12765,SUPT3H,DNAJC1,GOLGA1,CNOT6L,MANBAL,HCAR3,CD2BP2,PRPF38B
12766,HNRNPD,NANP,FBXO6,FLAD1,LRRC28,LINC00877,C1orf159,TRIM4
12767,CXorf40B,TNFRSF10B,RUNX2,GIMAP2,CALM2,SLC4A2,SRD5A1,SRRM2
12768,B4GALT3,PITPNM1,N4BP2L2,MAP3K1,MARCH6,API5,SUCLG2,HSDL2
12769,ACP5,CDC42,TALDO1,CEACAM21,IL27RA,MED28,UBAC2,TROAP
12770,TMEM115,GFOD1,SMYD3,MIAT,CRTC2,MBTPS2,C5orf56,FBXO9
12771,MAP7D1,YIPF4,EP400NL,TEFM,BTN2A1,DNAJA3,CXXC5,IP6K2
12772,PPHLN1,GABARAPL1,SUPT20H,TMEM33,UNC119,KPNA4,MYO9B,NDUFS8
12773,ACSF3,OTUD1,BET1,SUMF2,ATP2A3,ZNF592,SLC25A33,SNX8
12774,SF3A1,XAB2,BLVRB,RAD21,BANF1,SPARC,USP30,MIEN1
12775,RSU1,MRPL24,AP5Z1,PYURF,SNX5,PLA2G12A,TTN-AS1,SUN2
12776,IER3,NDUFAF6,LBR,HERC1,HK1,CTBP2,SF3B14,CXorf40B
12777,MTPN,NCK1,FUOM,CIAPIN1,RNGTT,ZNF787,NEK6,ZNF655
12778,PRMT1,MRPL12,RER1,MBIP,TUBB,MALT1,ZNF205,SRRM1
12779,AASDHPPT,GTF3C5,MYL12B,MRPL11,ZNF131,PYURF,FAM127A,TCF25
12780,KDELR2,SLC1A5,PFDN2,PATL2,DDX3Y,LEPROTL1,TIGIT,CHI3L2
12781,EBP,AARS,FOXP1,POLD4,RBM43,TMEM173,LIN7C,HNRNPH2
12782,POLR3C,MAPK1IP1L,CCDC69,BLCAP,ID1,TPR,PWP1,TLE4
12783,PRKDC,UBA2,STARD3,IFI35,NELFA,MUT,DOCK8,ZKSCAN1
12784,PCID2,ENY2,ZBTB7A,TRIM38,CMSS1,GBP4,S100A12,PDLIM2
12785,SND1,NIPA2,IFT20,ARID1A,FUOM,EIF5A,PSMD9,MED4
12786,CTD-3184A7.4,ATG13,ARSD,RAMP1,NSL1,WDR61,NCR3,ATP6V0E1
12787,MIR142,TSEN15,RP11-51J9.5,H3F3A,TCEA2,RASSF7,NUP54,SAAL1
12788,ARL6IP6,XPO6,TMEM219,TRIP4,SRSF6,MDH1,TREX1,OSM
12789,CREG1,TRIM27,GLRX5,CDK16,CARS2,TRADD,MSMO1,HAUS4
12790,MTG2,RAB22A,SAMD1,SAP30BP,SDHD,RAB18,TOP1,FAM219B
12791,EHMT1,HNRNPUL1,TAF9,NR3C1,GP9,HDGF,NUDT4,TFPT
12792,PAPOLA,CEACAM21,FAM105A,RAB2A,RHOT2,STK4,FBXL15,KCNK6
12793,PPAPDC1B,HOPX,IL2RB,C4orf3,MRPL18,NDUFB7,STAT4,MVD
12794,TMEM14C,LATS1,TSPO,CDC73,COQ4,NSA2,VDAC2,SNRPE
12795,SSBP4,SNX27,ANAPC4,MIS18BP1,TBC1D31,TNFAIP3,PIM2,GMNN
12796,GLS,SSH2,MRPS14,IL2RB,DEAF1,RNF149,PPP4R2,NONO
12797,TRMT13,RPS23,RNF44,LTA,C2orf43,FARP2,RABL2A,MED28
12798,SYK,RAP2B,THOC7,SDPR,PCCB,CD1D,CBR1,PES1
12799,NMT2,TOX4,RNF14,VRK3,NOC4L,HIST1H2BJ,DTYMK,MRFAP1
12800,ELOVL4,SHFM1,SPSB3,DIS3,HMGN2,WIBG,ATE1,NDUFS3
12801,COMTD1,GGA1,NUP214,EIF2S2,RP11-473M20.9,NDUFA10,ARL5A,RNF167
12802,RFWD3,HES4,RPL32,SNRPE,COA4,MARCO,SLC12A7,ZBED1
12803,ZNF439,BIRC6,NDUFA11,RP11-796E2.4,BCS1L,HMGXB4,LRPPRC,N4BP2L2
12804,HECA,TMEM199,ZNF330,INPP5D,FHL1,IREB2,GBAS,C1orf63
12805,GBF1,PRPF6,TMEM87A,DGCR6L,RP11-143J12.2,PMM1,APOBEC3B,DHX15
12806,CKLF,SAMD9,CDC37,PTCHD3P1,HAUS1,JOSD1,PRKCQ-AS1,CENPL
12807,BTF3,RNF7,IL6R,LEF1,PDCD5,PRPSAP2,BEX2,GPR183
12808,VGLL4,EMC3,SEC13,SUV420H2,LEPROTL1,PNPLA8,BACE2,GCHFR
12809,B3GNT2,ELF4,CCDC50,AC079305.10,CLN3-1,COA3,ANGEL1,TRADD
12810,PDLIM5,CNOT6L,OSTC,IFIT1,KIAA1671,GOLPH3,MRPL43,LILRB3
12811,MAP2K1,CITED4,ABCC5,NASP,PCBD1,TMEM14C,REEP5,PHF8
12812,KRCC1,MAP2K3,RSRC2,EIF1B,TMEM70,PTPN18,TMSB4Y,MAPK1IP1L
12813,TACO1,PTK2B,BCKDHA,PGP,COX16,ADCY7,C17orf62,NICN1
12814,ADO,NDUFB2,TAOK1,DUSP1,SLC25A4,RSBN1,WIBG,ISG20
12815,SIRT7,APOL3,IL2RG,POLR2G,OMA1,C1orf174,HSPA9,CTNNBIP1
12816,ARHGEF18,TOR3A,TSPAN32,LTBP4,ARID5B,MAPK14,NECAP2,ATF5
12817,ZNF207,TOMM5,PRNP,IRF8,DENND4B,PDCD6IP,GIMAP6,HSPD1
12818,RUNDC1,OS9,SERINC2,TRIM33,FAM168B,COMTD1,C18orf32,PPP1R9B
12819,DENND1B,WRAP73,SPATA2L,DCTN2,SMCHD1,PSMD1,CREB3,ANKRD44
12820,TMOD3,TSTD1,NDUFC1,PRDX6,RIPK3,PRDX4,CYTIP,SCAF11
12821,C1QBP,SNRNP200,CTSC,BCL10,FAAH,HK1,RDX,MSRA
12822,THAP2,FANCA,BZW2,PGD,ACBD6,BCLAF1,AGGF1,MED8
12823,FCER1G,IKBIP,ARPC5L,APOBEC3C,CFD,KIN,MTSS1,XRCC5
12824,VEZF1,PHKG2,GNG5,NUP54,QSOX1,MOB4,ZNF791,MRPL28
12825,BAG5,IL7R,SCGB3A1,RUFY1,ETFA,PCOLCE,TAF1D,NAA20
12826,HDHD2,SRP19,MVB12A,CCAR1,BRMS1,DNTTIP2,FBXW5,ITGB1BP1
12827,SMIM14,TMED7,AIMP2,NIPSNAP1,SETD8,YEATS2,INTS1,MTCH1
12828,EIF3L,UQCRB,AC093818.1,SEC61G,IPO5,C3AR1,HPS4,PDIA3
12829,QDPR,ISOC1,CRLS1,PSMA6,PFKP,NUP93,TIMM17B,PQLC3
12830,SEC63,DSTN,C12orf5,RNF10,LY86,FAM212B,DDX39A,FUBP1
12831,EIF2AK1,FIG4,ATP5EP2,DCTN3,COIL,GAS7,FLAD1,HAX1
12832,FAM91A1,ATXN7,MRPL9,INTS10,ANKRD44,ASPSCR1,FASTK,MYO19
12833,MRPL34,LMO2,TMEM256,ACOT7,CDK7,RAB7L1,ARID3A,ATG4B
12834,VPREB3,SH2B3,SLC38A2,C6orf106,MACROD1,CUTC,MKRN1,HOOK2
12835,COPE,PPM1B,CTCF,SSBP3,KIAA0141,MCMBP,SBDS,KHSRP
12836,NMD3,MT-ND2,FRG1,TMEM126B,HSD17B11,HSPB1,SAMSN1,TAF12
12837,RUVBL2,KCTD18,PHIP,DIEXF,OFD1,CD27-AS1,PSMB2,IDS
12838,JAGN1,C14orf159,ATP6V0E2,CISD3,ALG5,TMEM91,SH3GLB1,ZNHIT3
12839,STX10,IFNGR2,DDIT4,GRSF1,KIAA1143,CUL5,SLC11A1,PCNP
12840,HSDL2,C16orf74,CAPN7,ATP5G1,RRAGA,STX12,GNG11,MCM3
12841,YARS2,PITHD1,RP11-452F19.3,SERINC5,FAM210B,ZFAND2B,FAM217B,DYNC1LI1
12842,INTS5,MOAP1,ITGB1BP1,TMEM41A,ZBTB7B,MED30,ATP5F1,GM2A
12843,LRMP,SH3GLB1,L3MBTL2,ACTG1,CORO1B,GZMH,IFNG,RAP1A
12844,DHX38,GCFC2,KIAA1551,NOL12,GPBP1,CRTAP,STAMBP,IRF7
12845,ADIPOR1,FBXW7,TATDN2,STAT6,BPTF,ELOVL5,PPP2CB,CD59
12846,SSB,ARMC1,HERPUD1,PSMD6,TMCO1,EDEM2,DEXI,CDKL3
12847,DCAF6,MAT2B,NANS,PELP1,SP140,DCTN2,UBE2L3,TMEM141
12848,ADRBK1,CCDC86,CX3CR1,CD47,PLA2G15,HIBCH,NUDT21,NTAN1
12849,SATB1,RAB5C,PLEK,NAE1,KIAA2018,RNF214,NAA38,PDCD7
12850,TRAPPC4,TMEM123,RAB4B,IFT57,BID,ISG20L2,STAU1,RTP4
12851,AP3D1,MAP4K4,CCDC28A,DHX8,DGKA,UVRAG,CASP1,SLC43A2
12852,ABI3,BRMS1,YWHAH,ELMO1,MLLT10,WAC,C8orf59,NSD1
12853,MRFAP1L1,ZNF296,PRDX3,AP5Z1,PLEKHO1,RP11-1094M14.11,NDUFA9,NRD1
12854,B4GALT7,SORBS3,SH2D1A,KHSRP,ARRDC1,DUT,COX7A2,SPOCK2
12855,ACYP1,BTN3A3,NKAP,KIAA0195,MTMR9,FAIM3,PREB,VBP1
12856,CPSF3L,FAM117B,GSR,LYRM5,RP11-94L15.2,GSDMD,NCF4,CNBP
12857,PIN1,RPS27L,CPNE3,VAMP7,DHX36,RHEB,NFIC,OMA1
12858,JAKMIP1,SPCS2,FUT7,PLEKHB2,POLR2D,RPS18,UBQLN4,TAF9
12859,FAM65B,QDPR,MPC2,PMPCA,MSRB1,EIF1AD,CDC25B,MXD3
12860,CBX1,CRKL,MAD2L2,FYN,PPP1R37,PPP3CC,FGD3,PDCD6
12861,BRIX1,SMAD3,CSF2RA,TPP2,CDKN1B,CSNK1A1,UPP1,DNAJC5
12862,EZH1,MESDC1,ILK,CD9,DYRK2,CTSW,HCK,MRPS6
12863,ROCK1,CDC34,XAF1,RP11-109G23.3,PIN4,LILRB1,IP6K1,PPP4C
12864,SEC23A,ADSS,IQGAP1,RBCK1,ZFAND2A,FLI1,GGCT,PI4KB
12865,AGL,MRPL21,NUDT1,NDFIP1,TOR2A,FADS1,RBM25,CSRP1
12866,SAAL1,SIGIRR,ANKLE2,C1orf63,KIAA0226,SLC40A1,GOLIM4,RAB1A
12867,PTP4A2,GPBAR1,INTS12,TOMM22,DDRGK1,HLA-DRB5,ANKRD12,CAPRIN1
12868,YIPF3,TMEM101,RALGPS1,BUD31,SLBP,SMIM11,LAT,RBM17
12869,GPX1,ALKBH3,ADAR,NUP62,NTHL1,PTGER2,DEF8,SDHD
12870,LAMTOR1,MBD2,WDR82,RBBP4,SOCS3,RPP25L,NIFK,OSTC
12871,CDC23,ZNF10,THRAP3,AL592183.1,NUDT21,C21orf119,NOTCH2NL,SIGIRR
12872,RSL24D1,NDUFA7-1,ID1,RAD50,JAKMIP1,SMUG1,PTOV1,PSMD14
12873,TMEM243,SBNO2,CTSB,CTCF,DCAF5,PSME3,CTCF,MRPL51
12874,TEX264,BZW2,MALSU1,PPA2,NUDT9,LDHB,ARMC7,RNF139
12875,SCFD1,AP1M1,RAB32,NR4A1,TTBK2,TAF6L,SNRPB2,DUT
12876,NUBP2,ADIPOR1,LCP2,BEX4,HAUS6,CD27,TMEM41A,PGPEP1
12877,CHMP2B,LSM3,NDUFB7,PCNA,LINC00909,RNASET2,PSMA5,LRCH4
12878,ATG5,USB1,TMEM43,ZRANB2,RAD51AP1,ADPGK,CISD1,DDRGK1
12879,SMAD2,BSDC1,MAGOH,GGPS1,SPI1,CCNG2,GNPAT,WDR6
12880,TSPAN32,NUCB1,CCNT2-AS1,ZCCHC7,ANKHD1,VPS36,IGSF8,AAAS
12881,SRSF1,GMFG,BSG,BAG6,ASH2L,ERH,C11orf83,ATP6V1A
12882,NECAP1,FRG1,SDPR,COX16,COLGALT2,NUP210,MGME1,IL10RA
12883,ZNF101,FAM53B,NUP210,STXBP3,ACRBP,ZFP36L2,ATM,CLNS1A
12884,NEK9,NSMCE1,GPM6A,BTF3L4,SLC25A40,MAP7D1,CD81,PRKX
12885,HCFC1,ETV6,CD6,MRPL18,TMEM147,SPTLC2,C5orf15,PTPMT1
12886,NPRL2,TMEM107,NIF3L1,MRPL17,TSEN54,CHMP4A,ZNF611,GRK6
12887,CTSA,PLK3,BMPR2,AZI2,PPP1CC,MYH9,STAT3,METTL17
12888,APLP2,MRPS21,PRPF8,MAPKAPK3,C8orf88,IFI16,THAP11,LSM6
12889,PTEN,EPOR,OST4,LTB,RALGDS,DNAJB6,MAPK1IP1L,BCL10
12890,SMARCB1,NSF,TMCO6,AURKAIP1,THUMPD2,PLAA,CRBN,DEF6
12891,NUP88,EIF4B,MARK2,CXCR3,PYCARD,ANKRD12,RPL41,CCDC174
12892,ANXA2,TPD52L2,CPQ,PPCS,SEC61B,GPR42,GBP3,SLC12A9
12893,MSL2,MBNL1,UHMK1,STIP1,DPY30,IMP4,LINC01011,RAN
12894,LUC7L,RELL2,TBC1D17,TARS,GPR82,SMOX,KDM3A,DUS1L
12895,UQCR10,ATP6V1E1,LIG1,HCFC2,RTP4,PHC3,CD47,MRPL34
12896,RIOK2,SETMAR,FADD,PREP,VARS,PPIA,HEXIM1,CCNL2
12897,VAPA,MYL9,SLA,FKBP11,PPIE,ORMDL2,PNPLA6,WTAP
12898,BOD1,SAP18,SLC31A2,EIF4B,UBE2L6,PKN2,ZAP70,VIMP
12899,PF4,GNG2,COA5,ZSWIM8,C5orf63,RP11-262H14.1,RP11-131L23.1,RCN2
12900,CERK,KYNU,PSMC4,PQBP1,MAP4K2,EPC1,MRPL27,PPP1R35
12901,RCOR3,LILRA1,UCP2,MED19,RSF1,SUMO1,CCDC157,TMEM259
12902,CYB5B,CEACAM4,NCBP2,SNX9,ZRSR2,PREX1,PAQR7,TMEM167A
12903,THAP9-AS1,RNF168,RAB5B,CASP8,B4GALT3,PSMB4,ICAM2,ARL16
12904,GPN1,ERAP1,PRKCQ-AS1,MAST3,SMPD1,NCKAP1L,WDYHV1,MRPL16
12905,POMP,ACOT9,UPP1,FBXO6,AKAP17A,CDH23,S1PR1,ALOX5AP
12906,ARRDC2,NABP1,SHFM1,FASTK,OTUD6B,PARP9,UPF3A,MCL1
12907,SNRPA,C14orf1,CLPP,RBM38,IFI30,KRAS,RITA1,C1QA
12908,RP11-545E17.3,SET,CCM2,SFXN3,VPS13C,MYCL,ACP5,PHF11
12909,NUDCD3,AKIRIN2,CISH,PNRC1,TMEM2,KLF7,TMUB1,CXXC5
12910,UBA5,PRKCDBP,DDX47,SH3BP2,ANP32A,DGKA,MYC,NMRAL1
12911,RP11-222K16.2,VAMP5,EMC10,CCDC124,NCF1,CLEC1B,TCP1,SLA
12912,RBM4,GGNBP2,MNDA,ADCK3,FBXO22,CASP6,PIM3,APBB1IP
12913,ARF4,CUX1,RPS6KA1,PRKD2,RNMT,FGD3,ERH,GLIPR1
12914,LAMTOR5,RBMS1,PSMA7,PRKCSH,FBXO4,NUTF2,DCAF10,RNF126
12915,UPF2,NGFRAP1,ARHGAP9,MAPKAPK5-AS1,GPR18,RABGAP1L,PPIG,RAD21
12916,DDX18,PEX11B,PIK3C2A,PBDC1,ACTR10,RBM6,FAM114A1,TNIP1
12917,VRK1,NDUFS4,HGSNAT,SNRNP40,MRPL3,PIK3CD,AOAH,ATRAID
12918,TUBA1C,SEC13,MTCH1,SAMHD1,GIMAP6,CLEC11A,NEU1,MRPL33
12919,CCNH,SNRNP27,RFXANK,KIAA0922,SNX11,POLR2J3,EFCAB4B,NDUFS6
12920,EIF5,VPS39,TMC6,PDE4DIP,CYB5R1,MLX,DDX19B,ZC3H13
12921,TBCD,DHRS7,TAGLN,ZNF683,SYPL1,DDIT3,AKAP13,OTUD5
12922,UROS,UFL1,PRMT5-AS1,SMEK2,TRIM16L,SPN,CAND1,C9orf142
12923,LCMT1,FIS1,C17orf67,CDK5RAP3,EIF1B,PPP2R5C,ACAP1,SH3BP2
12924,PSTPIP1,TMEM11,RPL36AL,SEPHS2,C12orf10,CHMP6,CNOT2,NDUFAB1
12925,RBM14,SDAD1,CPSF4,SCFD1,CD82,TMED9,ANXA7,P2RY8
12926,IFITM3,TMEM251,HSP90AA1,TNFAIP8L2,HSF1,SMARCC1,TPD52L2,AES
12927,ASMTL,RNFT1,NAGK,CHKB,CDC73,EIF3A,TIMM17A,ARHGAP30
12928,IFNAR2,GCHFR,NDRG1,SMARCE1,PIK3IP1,CHAF1A,CLDN5,SLC30A7
12929,ARAP2,RARA,CAPG,CSDE1,KRBOX4,TAF15,TPST2,ASH2L
12930,IFI44L,ANKFY1,KDM3A,KDM6B,HSPB11,RAB11FIP4,IPO11,TECR
12931,BNIP2,RBM23,ATIC,PMF1,OAT,MBP,SLC9A3R1,ALKBH7
12932,ADAM8,HDAC6,SARS,DDX24,CENPC,PHF20,PMPCB,UQCRFS1
12933,DPM1,NFKB1,MESDC2,HK1,CKS1B,MS4A1,XBP1,CDC123
12934,DYNC1H1,PHF19,PSMB7,NFKBIZ,METTL10,HERPUD2,OCIAD1,TRAPPC6A
12935,ITPKB,TTC39C,AP2A1,TAOK3,CCDC82,IRF2BP2,ARAF,COPS6
12936,ABHD15,GTF2E2,MGAT4A,COQ7,YTHDF2,PRAM1,ARFGAP2,SH2D3C
12937,MTIF3,HLA-DOA,HOPX,NOSIP,GOLGA4,COX6A1P2,DERL1,SFPQ
12938,ACBD6,HADHA,TTC14,TPRKB,BOLA1,C19orf60,MAP3K6,OSBPL8
12939,PRPS2,BEST1,RAB5C,GRHPR,CA2,ZDHHC1,LIN7B,NSMCE1
12940,MFF,CENPC,HNRNPUL2,PTGDS,ZNF222,AP1G2,SND1,HNRNPH1
12941,TMEM223,NHP2,RP11-211G3.2,GPX4,PSD4,LGALS3BP,H3F3A,BTF3L4
12942,FGR,TOR4A,ALS2,BEST1,MT1E,SVIP,NKTR,CD3G
12943,TMED5,CDC42SE2,PPM1G,TNFRSF18,ST3GAL4,STK25,N6AMT2,CYFIP2
12944,SEC61B,CLIC1,FLJ27365,RAB33A,ARMC7,CFLAR,MRPL53,TIAL1
12945,RP11-124N14.3,CD40,NDUFA5,MRPL53,SMC2,CCDC57,ACRBP,MT-ND6
12946,NSFL1C,APOBEC3G,PAN3,DHX29,GIT2,ARF4,CD300E,POLR3GL
12947,MAP3K8,ZCCHC2,ATP5G2,CDKN1B,TCL1A,UBE2G1,STOML2,TOMM20
12948,RRAS2,ARRDC2,RP11-489E7.4,FAM35A,CMC2,FBXO7,TOR1A,PRPF31
12949,EIF2S1,FAM162A,MANF,RPL29,MAP2K1,PRMT1,UNC119,RORA
12950,NDNL2,SPPL3,HOTAIRM1,TCP11L2,OGFOD3,SSB,NDUFAF4,BAZ2A
12951,TAZ,RARS2,GPI,FAM117A,EMC8,TAP2-1,EXOSC1,CECR5
12952,SEC31A,COMT,PSTPIP1,EMC10,NUP107,SDHB,SPOCK2,MAF1
12953,NUP37,MRPS2,NCOA1,CTD-2035E11.3,C12orf57,AKR7A2,ATP5SL,CCNH
12954,NDUFS2,PCNP,PDCD4,COMMD9,TMEM259,UBAC2,KIAA1598,CD97
12955,PPIH,C16orf62,ACSF2,ZNF146,HSPA1A,DLGAP1-AS1,PLEKHM1,CCNL1
12956,CDK17,NUP54,FAM89B,PTPN1,C10orf128,HOMER3,SLC35A3,SNRPC
12957,YPEL5,MRPS26,CCDC101,ZNHIT3,MPHOSPH10,AMD1,SLC44A2,ZCRB1
12958,PTPN6,RDH14,CD302,KPNA2,C19orf52,USF2,EIF2AK1,KLF4
12959,MAN1B1,CD79A,FAM160A2,HNRNPA3,C4orf3,FIBP,RP5-1028K7.2,TMEM179B
12960,CTA-29F11.1,SRRT,AOAH,GPX1,FBXO7,C20orf201,LRRK2,C19orf60
12961,TSEN54,ALG5,TMBIM6,HSF1,PTBP1,KPNB1,AIP,AQP3
12962,GEMIN7,MRPL23,NUTF2,G3BP2,TXNDC17,QKI,ANP32E,LSM2
12963,ADA,RBM15B,UQCR11-1,FBXL12,MTFR1,CDC37,NUDT3,RP1-241P17.4
12964,CCS,HMGB1,TBC1D10A,TUSC2,CNOT8,SF3B5,CCDC159,RP11-83A24.2
12965,HNRNPR,C12orf10,SGSM2,ACTN4,HEBP2,COMMD7,GRK6,F8A1
12966,VPS29,LLPH,NR4A2,TNIP1,PTCRA,HLA-DMB,GATAD2A,CCDC12
12967,NXPE3,PARP1,RTN3,PDLIM2,BTN3A1,CDK5,HBS1L,CCT4
12968,IQGAP1,TESK1,DUSP23,ZDHHC3,SUGP1,COASY,MAP3K2,RNF166
12969,MRPS10,MIER1,MYO9A,COA1,ADSL,PSENEN,KLHDC10,SKAP2
12970,RNF170,MAPK1,RBM23,CCDC66,PSMB7,FLNA,UTP14A,TMEM173
12971,SLAMF6,FGL2,DHRS4L2,TDP2,FCRLA,FGFR1OP2,NDST1,BROX
12972,EXOSC9,COL4A3BP,NFE2L2,YEATS4,SNRPD2,ST6GALNAC6,ARMC6,NUDC
12973,OTUB1,LYPLA2,MIDN,WDR61,PRKAR1B,GLO1,TSSC4,PARP1
12974,DAP3,DDX58,NPM3,DDX19B,FAM214B,FERMT3,EXOC5,SLC9A3R1
12975,EIF3J,PPP2R1A,SERPINB1,CHCHD2,ZNF692,AES,TMBIM1,GRAMD1A
12976,TNFAIP8L1,PIK3AP1,PLSCR1,C12orf76,RUFY2,PTRHD1,CHRNB1,DNPEP
12977,IDH3G,METTL23,RBM38,FBXO3,APBA3,SLC25A11,LSM5,PRRC2C
12978,RHNO1,EIF1AY,SMAD2,WIBG,WIBG,GPI,SEC16A,TPD52L2
12979,KLHDC3,MMEL1,P4HB,TPK1,RCHY1,CCNL2,CDKN3,LRRFIP1
12980,KDSR,SPAG7,IFI27,FLII,CCDC84,ZNHIT1,CD27-AS1,CEBPZ-AS1
12981,PCBP2,KRTCAP2,HAX1,FXN,THEMIS,FRG1B,RNF149,SNRNP70
12982,PDE3B,PDCD4,NMI,SUPT20H,ARHGAP17,HAUS4,SKAP1,HNRNPC
12983,ZNRD1,FOXN2,ETHE1,NAPA,TMX3,CLDND1,GPATCH4,RBM39
12984,U2AF2,NSD1,RACGAP1,PHF3,GABARAPL1,CCT2,MGEA5,NOP58
12985,ILK,PUM2,C14orf1,UBE2D1,NDUFS2,SAFB2,ATOX1,CHMP5
12986,GNL3,SNX5,ARID4B,NCF1,CTSO,ZFYVE19,PPP2R1A,RRAGA
12987,PPA1,DNAJC19,STIM1,STT3A,ZNF688,A1BG,AC040977.1,SYF2
12988,CBWD1,UBE2Q1,SUMF2,COA6,ATRAID,ODF3B,PXN,CTSS
12989,TMED2,CYB561,PCNA,RCAN3,MRPS9,ALOX5AP,KAT8,CCDC23
12990,COX14,BTG2,NUP85,POP5,GALK2,CD46,STT3A,MTCH2
12991,CD44,DOK1,COX7A2,GPN3,HTRA2,ZMIZ1,FYB,FAM136A
12992,PHB,MANF,CNOT11,RFC5,NR3C1,RHBDF2,OAS3,ENY2
12993,CNN2,IRF1,ACAT1,UNC50,PES1,BECN1,RCC1,HMOX2
12994,ABHD14B,C7orf73,HRSP12,SMIM11,SURF1,KRCC1,AUP1,KRAS
12995,LAS1L,G3BP2,PTPN18,OGG1,YLPM1,ORAI1,RNF10,STUB1
12996,CCT8,MED11,CTBP2,FH,RICTOR,MRPL33,SUGP1,PSMC2
12997,RP11-403I13.8,CTSW,TOR3A,CREM,CSRP2BP,TES,JMY,SRP68
12998,RAB9A,IFNAR1,NMT1,GOLGA7,CAMTA1,ANAPC5,DGCR6,EBP
12999,RAB7A,RTCA,NDUFS4,MRPS27,TSTA3,ID1,GLA,SLC25A11
13000,C19orf24,ARHGAP27,RASSF7,FBXL3,IRF9,CLDN5,CCNH,CAT
13001,ZNF75A,MPLKIP,CFDP1,GSN,SEC11A,C17orf89,FUT11,SURF1
13002,RP1-3J17.3,RAB9A,CD14,SNX3,CEBPZ-AS1,HMOX2,DUSP12,CWC25
13003,NAA20,TPM1,MACF1,CAPNS1,OGG1,ITGAE,PPP2CA,ARHGAP15
13004,ATP6V1G1,CYB561A3,MBD3,RAB11FIP1,SPCS3,HDAC1,ILK,SEPW1
13005,CCT7,NAA38,GLUL,SNHG12,GLTPD1,COX20,FCRLA,TRUB1
13006,LSMD1,DCXR,CDC42EP3,CTDSP2,COMMD4,TMEM243,SNAI3,SMARCB1
13007,TFRC,NAMPT,SUPT3H,RSRC2,FCGR2B,APOA1BP,PDCL,TAP1
13008,RPUSD3,MAEA,ARHGEF37,UBALD2,WDR6,RBM17,TRIM65,CD302
13009,RPL4,YPEL3,ARRB2,NDE1,SNRPC,SAFB,SBF2,PROSC
13010,RPN1,LARP4B,RNF125,METTL17,UBE2E1,DAXX,HNRNPH3,TMED4
13011,NR1D1,RPS19BP1,TMEM173,ARF6,ISCA2,CD3E,MT-ATP8,LBR
13012,RTF1,NCOA4,SPTAN1,HDAC1,WIPI2,OGFR,RIN1,PIN4
13013,ARSA,LIPA,PTOV1,MRPS18C,ZNF581,PDLIM1,DNTTIP1,C12orf75
13014,DRG1,TNFSF10,PIK3CA,LY86,NUDT16L1,PRDX5,DNAJC2,CSF3R
13015,RRP8,SCP2,SIGIRR,PF4,TAF10,RALB,IP6K2,MT-ATP8
13016,CD81,GNA15,SHARPIN,TOX4,PTPMT1,GOLGA7,OSTF1,KMT2B
13017,MAF,TMEM179B,FKBP1A,SMYD2,CYB5R4,SLC38A1,DPY30,OAS1
13018,PBX4,ETFB,NUDT16L1,HELZ,BLOC1S2,XPA,PSMF1,APLP2
13019,ECHS1,LYRM2,HNRNPA3,LGALS9,UBA5,PBX2,ANKMY1,NGDN
13020,CHIC2,TSEN34,CD68,RNF25,ENOPH1,PLEKHJ1,DDX27,NDUFA8
13021,PPP5C,VAMP8,ANXA11,C14orf2,DNAJB9,UBE2A,GRPEL1,PLGRKT
13022,TFPT,GLIPR1,TMEM204,ATHL1,GID8,CYLD,LEPROTL1,DCTN3
13023,SLBP,TRMT10C,CALM1,C21orf33,ABHD2,C10orf118,CD3G,LAT2
13024,HLA-A,SFT2D1,NDUFS8,ORAI3,PGRMC1,UQCRC1,MT-ND4L,SLMO2
13025,NRBF2,GP9,ELP2,GPBP1,AP2S1,RPIA,PSMA1,MYO9B
13026,GDI2,MIIP,LAT,POLD2,TSC22D1,PMF1,U2AF1,PABPC1
13027,SPCS2,PDLIM7,HMG20B,EXOSC3,SPARC,SLC25A39,CLIC1,WDR33
13028,SRI,AC010642.1,H1FX,SUCLG2,LSM7,YWHAQ,RANBP2,TINF2
13029,CASC4,RGS10,UROS,COTL1,SPG7,LFNG,LPCAT3,TPGS1
13030,STAMBP,MTCH2,RNF11,THAP11,CTD-2336O2.1,BAG1,HEG1,PSMC5
13031,OBFC1,RPS6KA4,COX16,GATA3,INTS6,COPZ1,CCNDBP1,DNAJC2
13032,MIF,PCSK7,CMTM6,CELF1,CNTD1,KCTD12,SNX29P2,DYNLL2
13033,COX6A1P2,NUDT1,ARID5A,EXOC7,TSG101,GLRX5,BSDC1,SCAP
13034,USB1,POLR2H,CORO1A,CDKN2AIPNL,BPNT1,RTN3,TM2D1,PHF5A
13035,FKBP3,TUBB4B,CTSZ,RNF166,MAZ,GMPR,CARHSP1,VAMP2
13036,PRPSAP2,DNPH1,EPC1,STAU1,MT-ND3,C7orf49,VTI1A,DAZAP2
13037,USP1,CNOT4,MVP,EIF3H,MCM5,DNAJC4,BNIP2,NR3C1
13038,DYNLL1,CLEC2D,EBNA1BP2,PLEKHJ1,FKBP8,EIF4A3,ZC3H12A,NDUFB3
13039,MRFAP1,PYCR2,MSRB1,ZNF302,RCSD1,CD3D,ACTR3,GRN
13040,DNAJC19,ZNF593,MTCH2,H2AFZ,NAAA,H3F3A,EXT2,RPN2
13041,MRPS34,PSME1,DR1,MDH1,NUCB1,GRB2,MRPL28,OXA1L
13042,SCAND1,MVP,MYEOV2,SREK1,RABIF,SP140,CTSZ,FAM228B
13043,FAM3C,CYTH1,DPH3,UBE2L3,HNRNPH2,TMEM147,HIST1H2BK,HSPE1
13044,ERO1LB,PTEN,KANSL1,PLIN3,SRPK2,TMC6,TBC1D5,TMEM165
13045,MRPS26,YWHAH,IFI44,CX3CR1,GRPEL1,KDELR1,PPCS,CTDSP2
13046,CDC37,CHST2,LETMD1,USP24,RAB35,RBM14,PNO1,SNX17
13047,BLOC1S6,DYNLL1,FKBP5,FOXO3,METTL8,TMEM154,MED1,DEF8
13048,MIEN1,HCK,SPON2,STUB1,PNKP,NOP56,OSBPL7,ZNF207
13049,RPL34,GABARAP,BLOC1S1,P2RX4,NDUFA11,UPF3A,CASP8,SLC3A2
13050,NANS,NDUFV2,ITGB2-AS1,TMEM134,KAT8,STOML2,KLHDC3,PAG1
13051,LRIF1,TBCA,UBE2O,EEF1G,RPS16,FCGR1A,UBA3,ANAPC11
13052,ANKRD36C,SLC35B1,ENHO,MRPL16,GPI,OSBPL8,RAB24,ECHS1
13053,ULK3,CCNG1,CTNNA1,CCND3,ABHD10,CECR1,HMBOX1,MT-ND3
13054,SZRD1,RP11-290D2.6,C19orf70,AKAP9,WTAP,CTSA,CRTAP,C15orf61
13055,MGAT2,IL6R,RNH1,SDCCAG8,CYB5A,EXOSC4,INO80,DDX27
13056,IFNAR1,SIGLEC10,PSMB1,ARHGEF3,VDAC2,SNX6,SLC35B4,POLR2F
13057,SEC22C,ZDHHC12,NDUFB11,SMIM12,RPSAP58,DDX6,NDUFS2,GOLGA7
13058,MED11,DYRK1A,FTSJ3,ASAH1,GLMN,PELI1,C6orf89,XAB2
13059,BHLHE40,KMT2E,LSP1,WHAMM,PRKCB,BAZ2A,C17orf75,MED10
13060,LINC00649,PSMG3,LAMP5,LMNA,RNF214,ZNF331,ZNF561,RSL24D1
13061,GCDH,RELA,NCSTN,AP5M1,NDUFC1,XXbac-BPG299F13.17,CCBL2,DGCR6L
13062,BAX,ROGDI,TIFAB,HSPB1,UBTF,PSMF1,RRAS,NRBP1
13063,SP140,POLE4,NSRP1,LIX1L,AC006129.2,PPM1G,TRA2B,CALM2
13064,MT-ND5,MED21,CERS5,ETFB,C9orf16,TNIP1,MRPS33,BRI3
13065,MLX,CCNK,CUEDC1,CTNNBIP1,THOC1,IDI1,EPM2AIP1,CCDC69
13066,AK2,RBPJ,MPLKIP,ARFGAP2,FKBP1A,SNORD3D,TMEM40,CD4
13067,TMEM147,TPGS2,MT-ND4L,EIF4A1,GAR1,RP11-796E2.4,RAB3GAP1,TGOLN2
13068,CIRBP,RP11-1143G9.4,SAP30BP,NOC4L,PSTK,MRPL51,CDC37L1,TRMT112
13069,RAE1,MEN1,TMC8,DUSP11,PHB2,GADD45GIP1,PDCD5,OXNAD1
13070,SNX2,SARS,TRIQK,TRMT10C,CSTB,ARL8B,ANXA5,SH2D1A
13071,SYNCRIP,THEM4,POLR2L,FBL,RPS4Y1,PTP4A1,HIATL2,TMEM101
13072,LPAR5,CCPG1,SLC20A2,CEP68,RPL22L1,TBC1D1,ISCU,RGS19
13073,SEC13,HMGCL,PICALM,HIGD2A,KIAA0930,NRD1,PYURF,SETD3
13074,ZNF581,AIF1,MPP1,PRKACB,NIPAL3,DNAJC8,PFDN6,PSMB7
13075,SDHAF1,EIF4H,DUT,PLGRKT,USF2,PPP1R7,RBMXL1,ITGA4
13076,RP11-660L16.2,CSF2RB,U2AF1L4,PRPF40A,ADRM1,FTSJ3,ADK,FAM177A1
13077,AMZ2,STAT2,CYBA,SDCBP,ZNF671,PLD3,SNRPC,RER1
13078,RNF139,ISG20,ATP5C1,TALDO1,WDR43,RNPS1,PARP1,FGD3
13079,SIPA1,RRP9,MRPL41,MAEA,PIM2,LMO4,QPCT,PRKCQ-AS1
13080,MAP2K2,TNRC6B,TNFRSF1A,NR1H2,UTY,CD93,USP4,MAD2L1
13081,RIOK1,DDX50,MAZ,ANP32B,HLA-DQA2,WAS,MRPL21,UBE2K
13082,ATP6V0B,SHISA5,PRKACB,TTC14,COX7C,TUBA1C,FARS2,IL16
13083,CRTC3,TPST2,PPIA,ATP6V1B2,RAB4B,QPCT,FTSJ2,IFI30
13084,COMMD1,EXOSC8,C4orf48,IGLL5,MRPS14,AAAS,RHOC,GBP1
13085,C3AR1,GNPAT,MYCL,CMTM8,PUF60,GP9,DNASE2,C14orf119
13086,NDUFB11,GNAI3,NDNL2,DDX23,EVI2B,COX14,CHMP2B,KMT2E
13087,MRPS14,ZBTB10,SLC3A2,ISCU,CFLAR,TIMM22,DDX24,SEPT7
13088,SUN1,PHF1,YWHAZ,ID3,WHAMM,SLTM,RAB2A,LAP3
13089,MAP1LC3B2,DCAF13,MED10,C5orf56,SZRD1,OAS2,AKIP1,NDFIP1
13090,PKN2,SUCLG1,ZNF655,HAUS7,PSMD2,USP15,AC062017.1,ANXA2R
13091,CYB561D2,G3BP1,C16orf13,FCGRT,RPN2,RGS1,ECSIT,C20orf24
13092,DNAJC11,SEC61G,VDAC3,POLR2J3,MRPS28,NDUFC2,PEPD,RAP1GDS1
13093,RABIF,HDGFRP2,PSMA1,PRELID1,IFT27,HEBP2,CDV3,CCL4
13094,BAZ1A,EBP,RILPL2,HLA-DPA1,COA5,NME1,ELL,SP110
13095,TRIM22,DAPP1,RNF113A,ZNF688,IRF1,LYRM4,PHACTR2,ARPC4
13096,SSRP1,KLF11,ARID4A,WBP2,NUDT16,C16orf13,TMEM258,GGCT
13097,RHOT1,LPCAT1,AAK1,FRG1,NEAT1,RYBP,GNG5,PBXIP1
13098,ITGAL,SPARC,PRPSAP1,BCAS2,TNIP2,SMCO4,MIOS,SMIM7
13099,MYNN,CASP5,CD33,JADE2,AKIRIN1,RALA,LMF2,TCEA1
13100,SDF4,MAP3K3,SNRPD3,CHMP3,PAG1,FKBP3,HDAC10,FLT3LG
13101,MYO1F,LYPLA1,NME3,ARHGAP15,SFI1,SENCR,POLR1B,POLR2H
13102,ADAM10,MTSS1,CMC2,NIPBL,KPNB1,ZFAS1,GOLGA3,RNF13
13103,REPIN1,JKAMP,BTF3L4,FARSA,NSG1,IFFO1,GNAI3,FUNDC2
13104,MARCH7,RPS2,SORL1,CDKN2D,PSIP1,MXD3,SF1,EVI2A
13105,AC092580.4,FUS,OFD1,SLC30A1,CCDC28A,MTIF3,RAC2,NR4A2
13106,URGCP,FDX1,MINOS1,CWC15,AKAP7,HOTAIRM1,CTNNBL1,OSBPL9
13107,MPST,TREML1,CHURC1,CDC42,BTBD1,RBM5,TMEM126B,APRT
13108,LETMD1,NRGN,DCTN6,ANAPC5,TMEM106C,UBA1,VKORC1,STARD7
13109,CALR,SERINC1,AKR1B1,C2CD4D,ESYT2,GZMK,BLOC1S4,RHOG
13110,DDX19A,TBRG1,CNDP2,EIF4EBP1,SAMM50,ATP6V0A1,DCTPP1,TXNL4A
13111,HADHA,NDUFB6,TRADD,MVP,ATG5,BRK1,UROD,RASSF5
13112,ZC3H15,TSC22D3,TOMM22,ANKRD12,GUCD1,CAMTA1,HNMT,GLRX
13113,RABEP2,DOK3,BOLA3,GCHFR,AKR7A2,ARFRP1,FCER2,YPEL3
13114,XAF1,LRP1,NDUFA4,AC013264.2,AGTRAP,WWP2,COX7A2L,NCOR1
13115,EHD4,IMPA2,LITAF,DPH5,ABCD4,CARD8,KDM5A,PHB2
13116,STK17A,IL10RA,TGFBI,RNF6,SMIM11,DIAPH2,PRPF18,CDC42SE1
13117,TRNAU1AP,C15orf61,MTHFD2,KIAA1551,LAMTOR4,UBXN6,MRPS31,PSMG2
13118,PRR13,KDM3B,PRDX5,LINC00667,UTS2,HNMT,CHMP4B,MT1X
13119,GADD45GIP1,ATRX,CKLF,SENP6,SIRPG,TMEM109,TMEM8B,RP5-1028K7.2
13120,POC1B,MS4A4A,PPP2R3C,CRLF3,COPS5,RAB24,BIRC3,C6orf48
13121,RRP1B,PILRA,PRKCH,RPS10,MAP3K7CL,SERPINB1,MRPL40,ECI2
13122,RSAD1,TUBA4A,PSMB5,SPG20,YBX3,IFI27L2,SPTAN1,ITPK1
13123,MRPL55,RAB1B,CASC7,SNRNP200,GSDMD,STK17A,MIS18BP1,LYAR
13124,ATP6V1E1,MARCH2,STAT4,CORO1C,COPS8,CBL,LTBR,PIK3IP1
13125,KPNB1,DESI1,TOMM20,STX5,RAC2,PSMD9,P2RX5,PSMA3
13126,VAMP2,NDUFA6,SUPT4H1,PSMD14,BCAS4,LINC00847,PDCD2,CELF2
13127,SC5D,CHCHD2,PCGF1,CIB1,METAP2,RNF187,DUS1L,SKAP1
13128,CHD8,SPCS1,STK17B,EZR,MT-ND2,ILK,SNAPC3,COX7A2L
13129,ANKRD13A,TYROBP,GIMAP2,C9orf89,NDUFAF7,ELP5,LINC01003,MZT2B
13130,ATP5G3,RPS6KA1,TYW3,DYRK4,UBAC1,FAM120A,RHOH,IFI35
13131,WIPI2,NLRP1,ROGDI,RNF167,NAA10,COA1,GCC2,BLOC1S4
13132,UBE2L6,SLC44A2,CD47,SYNGR2,RGCC,DGUOK,ATP1A1,VDAC2
13133,MCRS1,TUBB1,GNB2,TRPV2,NPM1,RHOT2,TGOLN2,SQRDL
13134,HSPA5,AKAP8,RPS6KA4,SH2D3C,ARF3,PID1,CAPZA1,SAFB2
13135,RNF4,TCF25,TRABD2A,NHP2,STARD7,RP11-347P5.1,TXNL1,RPF1
13136,LAG3,PDCD2,TECR,LAPTM4A,CHD1,MANBA,COPS8,ACTR2
13137,PFDN2,C1orf122,HINT1,SLC25A38,MGMT,UQCRH,NAA35,NDUFB8-1
13138,MPRIP,TTC19,PSMA2-1,MLEC,ZCRB1,TGFB1,WDR83OS,OCIAD2
13139,EOMES,PPP2CA,DBI,FAM45A,CXCR3,NIFK,COQ7,BLVRA
13140,ZNHIT1,DDX56,PSMA4,PARK7,SUGT1,IFIT3,SNHG7,AIP
13141,VPS4B,PPCDC,NSD1,ZFP36,COX7B,STX5,PTDSS1,ARHGEF6
13142,ACAA1,UFM1,TIAL1,PTRHD1,RGS14,SUCLG2,PKIG,NDUFB10
13143,PPP1R2,MRPS18C,POM121,MEA1,LINC-PINT,P4HB,SUPT16H,CCT3
13144,AUP1,IDS,COMT,ANKRD39,MALAT1,STAG1,TMEM60,NOL7
13145,NSG1,GTF2B,NENF,CCL3,RBM22,CDS2,ELMSAN1,TRAPPC3
13146,ZBP1,U2AF1,RANBP1,RNF19A,ILF3,ELOF1,PCGF1,ICAM3
13147,ATF4,IFI44L,DOK2,BCL2,GNB1,WAPAL,TSTD1,COMMD6
13148,CHMP5,TAPBP,PSMC3,COX8A,PET100,C11orf83,TMEM261,CIRBP
13149,PRR5,PPP1CC,LINC00152,TPR,SMYD4,CDKN1B,LGALS3,UQCRB
13150,SRPRB,HNRNPM,USP10,USP16,IFRD2,PSMB5,MTX1,IGSF6
13151,S1PR5,TRIM13,MRPL3,USE1,STK16,WDR45B,HMOX2,EMB
13152,NDUFB7,PPP1R9B,CTNNBIP1,RPA2,H1FX,MT-ND5,FGFBP2,SDCBP
13153,CDC42SE1,ACTN4,SLC35B1,PEPD,SRP14,RPA2,CEBPG,BID
13154,ADSL,FKBP1A,SMG7,USP33,SKAP1,SNRNP25,NUCKS1,LMAN2
13155,AIM1,CYB5B,C20orf27,ARL2BP,BAD,SDF4,SDPR,PPP1R2
13156,MAGED2,NT5C,VIMP,NLRP1,MRPS16,ESAM,PIH1D1,AKR1B1
13157,METTL5,CD2,CYCS,RIC3,HMGCL,CDK5RAP3,RBM8A,PSMB1
13158,APMAP,ANXA6,POLR3GL,CCT6A,PCF11,DERA,PIGK,SRSF9
13159,SLTM,CNBP,HSPA5,IDI1,DDX19A,HLA-DPB1,TMEM147,SPSB3
13160,TSSC1,SNAP29,NDUFV2,PLK3,UBE2A,SERTAD3,RABAC1,CD38
13161,LPCAT1,PSMC5,ASCC3,ARF5,CMTM7,CCDC109B,TRAPPC6A,HDAC1
13162,USMG5,GYG1,NHP2,ATP2B4,MKRN1,KAT8,PABPC4,IER3IP1-1
13163,F8A1,TOLLIP,DGKZ,TMEM9B,ERCC1,C1orf43,C1QA,LST1
13164,PCGF5,TRAPPC1,NCBP2-AS2,TAPBP,COASY,BUB3,HNRNPM,C9orf78
13165,SET,ICAM3,POP7,COMT,KRT10,RPS3A,SMAD2,AHCY
13166,TXN,DDX54,CUEDC2,CD79B,PPP3CA,SAR1B,MRPL51,KTN1
13167,IFRD1,CHPT1,NDUFS3,IDH3B,ITPKB,C9orf89,EVL,PRMT1
13168,FAM46C,ARL6IP6,CCDC25,PPP1R18,PRKAA1,YWHAE,OSCAR,GLIPR2
13169,TMEM18,ATG3,C6orf226,ALDH9A1,ARFGEF1,BRE,DYNLT1,SSBP1
13170,TIMM13,TCEB2,SUMO2,ARL6IP4,STMN3,SUB1,OPTN,SNHG15
13171,RMDN1,STARD7,CCDC71,LINC00176,LAGE3,COX19,LMAN2,OS9
13172,PPM1G,EIF4E2,ZNF584,PIGH,DLGAP1-AS1,ODC1,JTB,TYMS
13173,EIF2A,MIR142,NCK1,PANK2,USP48,PSMB1,LITAF,BAX
13174,PUF60,DDX41,KRTCAP2,PARP10,RNPEP,LACTB,SF3B5,BCL2L13
13175,RHEB,COX6C,SMIM5,TRA2A,ILK,MFSD10,UQCRC1,STOML2
13176,DHX30,GUK1,PLA2G16,HNRNPUL1,VPS53,RSU1,CMTM6,ADPRHL2
13177,SP110,STAT5A,TNFRSF4,PSMD4,ATP5G1,PEA15,SWAP70,HNRNPF
13178,NCOR1,COMMD5,NOB1,EPS8L2,OGFR,HNRNPAB,ARL16,BIN1
13179,OST4,NASP,PSMD7,HEXA,YIF1B,MRPL32,RPS29,ATP5A1
13180,PDCD10,EMC8,EMC6,DYNLL1,PPP6R2,MKKS,DNAJC3,TMEM208
13181,DOCK8,STAT1,MYADM,MSH3,LINC00657,C19orf66,CSF3R,ITGB2
13182,ATP1B3,IRF9,AHNAK,SRSF2,MMADHC,HNRNPK,UBE2E1,C1orf86
13183,GSTO1,DAD1,PTGER2,IL10RA,SLC25A24,RSBN1L,DDX42,SLU7
13184,TRA2B,ROCK1,UBC,MAGEF1,ERV3-1,CALCOCO2,GOSR2,CWC15
13185,CBR1,ORMDL1,CAMK2G,ANXA5,GUK1,RASGEF1B,LYL1,TTC1
13186,IFITM1,SLC38A10,APMAP,FAU,RBBP6,PPIG,ADH5,PMPCB
13187,AAK1,LYST,LYAR,STX4,ZNF212,ARF1,GIMAP2,CD14
13188,JAK1,BAG5,LCP1,LAT2,PGM1,PAFAH1B2,PSMC2,TNFSF13B
13189,MPC2,VBP1,KDM6A,HMHA1,HNRNPK,RAB34,G0S2,TXNDC17
13190,RFNG,ARHGAP4,INPP4A,IL2RG,GPR108,AIP,YWHAB,FAM133B
13191,OSBPL8,IK,TMEM147,DCTPP1,EXOC4,CD7,CD14,STK17A
13192,NAA50,IL12RB1,SENP6,DPF2,SLC35B3,SRSF7,CYB5R4,ANP32E
13193,URI1,PLAGL2,AMD1,AES,CDC42EP3,PPP1R18,NAP1L4,SH3KBP1
13194,KLRD1,FAM110A,SNX6,DYNLRB1,NDUFB3,NANS,SP100,CAP1
13195,MORF4L2,PFN1,CALR,CRTAP,SYTL1,ATP5D,RANBP1,HNRNPH3
13196,ZBED5,CD302,PPT1,IFI44L,ATF7IP2,MRPS36,MRPS18A,MAD1L1
13197,WDR74,RHOB,HMGB2,BBX,CRELD1,SCAF4,PRMT2,MRPS15
13198,GGNBP2,LINC00309,ACBD6,GNG5,PRELID1,PTPMT1,CEP85L,HSPA5
13199,OGT,LENG8,RPL39,MOAP1,FLOT2,PHB2,PTTG1,HPRT1
13200,C18orf21,HDAC7,UQCRFS1,PML,DYNC1LI2,SEC61A1,CUTC,SELPLG
13201,MOB3A,CLSTN1,RTF1,NCL,BZW2,SEPT6,IFRD1,TUBB
13202,PLEKHF2,OSBPL9,CIAPIN1,IFIT3,KIAA1430,SNRNP70,PPDPF,NFKBIA
13203,MED13,LIMD2,DERL1,PTPN4,PILRB,MRPL11,RP11-290F20.3,NIT2
13204,ENO1,C19orf70,ADI1,CHURC1,HIST1H1C,TMCO1,ARID4A,AIMP1
13205,P2RY10,KIAA0922,C7orf55-LUC7L2,EBAG9,ANAPC15,PGRMC1,TALDO1,MS4A1
13206,SDHAF2,PSMB2,MAEA,FIP1L1,FBRS,RASSF1,EEF1D,SUMO1
13207,VKORC1,CD300A,MLEC,ZC3H14,CALM3,CAPN1,AC005082.12,ARGLU1
13208,PTPRC,DDX21,SAMD3,ARL4A,BATF,CSF1R,UBL3,CCBL2
13209,RPL36,C1QC,PSENEN,OAZ1,PNO1,VDAC2,GLIPR2,GIMAP2
13210,CHCHD10,PUF60,RPS8,CD68,SVIP,TIMM17A,COA3,APOBEC3H
13211,ERCC4,DDX18,METAP2,ZYX,ERLEC1,SSU72,PPM1M,BAZ1A
13212,C12orf57,TSPAN32,ARL6IP5,PPP2R5C,VNN2,PIM1,TRA2A,KIAA0101
13213,WAS,PARP4,GMPR2,SHARPIN,GORASP2,GYPC,C5AR1,IMP3
13214,NUP50,CLK1,MORF4L2,STK4,C7orf50,MAP3K11,LDLRAP1,SRSF11
13215,VPS13A,MAGOH,PTP4A2,SPINT2,NDRG1,TNFAIP8,TUBA4A,PSMA5
13216,SPON2,UQCRFS1,GAS6,PRPF19,EZH1,NPM1,GNAI2,DENND2D
13217,AP3B1,RPL17,UBAC2,CETN2,NBN,TCEA1,PCM1,TOMM22
13218,UBR2,C9orf142,GBP1,BTG2,EIF1AY,CCDC47,CYB5R3,EIF4A2
13219,GPANK1,DAP3,TAF12,NUP107,NDUFA1,RNASE6,TAX1BP1,SEC62
13220,UBL7,VPS51,ALKBH7,CYTH1,PRDX6,ALOX5,NEMF,NUDT21
13221,TSTD1,RRAGA,STK11,MRPL42,UQCR10,IFNGR1,RBBP7,ARPC3
13222,REXO4,PACSIN2,CD151,KMT2E,FGFR1OP2,SERPINB6,GZMH,SLC16A3
13223,EPS15,DERL1,TMBIM4-1,RNF34,C17orf89,TERF2IP,SMARCB1,FYN
13224,AP1S2,OSCAR,LEF1,BANK1,CNN2,RAB4A,RPUSD4,SF1
13225,C19orf25,MPHOSPH8,RPS27L,C19orf52,PSMB4,AKAP9,ERP44,CMTM3
13226,GMPR2,HIST1H2AC,FUS,MBNL1,UTRN,YWHAZ,PSMD2,PLIN2
13227,MANF,TXNDC12,MT-CO1,ZC3H13,MLYCD,PDAP1,BNIP3L,ARF6
13228,ALOX5AP,NUP50,CD300A,SYF2,TMEM261,SLC2A6,ALKBH2,ERCC1
13229,EIF4E2,HSP90AB1,APOBEC3G,SDHB,PIGG,ARPC3,PRPF31,SF3B1
13230,TSPAN13,PIK3IP1,RNF126,CDC40,URB2,RPL22L1,NIN,RNF7
13231,ADAR,MAX,C12orf75,SP100,PRMT1,SQRDL,ADRBK1,GADD45B
13232,RPN2,PGP,SRRT,PMAIP1,YWHAH,CXCL2,PCBP1,TBCB
13233,POLDIP2,MADD,C3orf17,EEF1E1,MAPK13,RNF130,EWSR1,GTF3A
13234,RPL36AL,FGFBP2,RC3H2,ATG12,ZC3H8,POMT1,C1QB,LAGE3
13235,CNTRL,CCZ1,NRGN,P2RY8,MED20,MRPL28,GM2A,TRA2B
13236,SERGEF,THRAP3,SSBP1,BZW1,TAPBPL,CCNDBP1,SNAPIN,THEM4
13237,ARHGAP9,CNDP2,NUDT5,RPL32,MYL6,TMED3,FUNDC2,LUC7L3
13238,EIF3B,TTC3,MYO1F,CCNC,PABPC4,TMEM167B,LYST,PCBP2
13239,RRP15,RPS10,MLX,WASF2,RP11-432I5.1,NENF,RP11-796E2.4,TKT
13240,NONO,NXT2,MZB1,RP11-66N24.4,MAGOHB,SRRM1,HIST1H1C,HSD17B11
13241,HEXB,NDUFAB1,OXNAD1,ZFAND2B,THOC7,BRD4,RTN3,CD164
13242,SAT2,SGK3,ITM2A,TAGAP,USP15,TRIM28,SLBP,XBP1
13243,ERP44,RAB2A,TRAT1,PRKRA,RNASEH2B,CD69,CTSD,CEBPD
13244,CLK3,MRPS15,TMEM123,SLU7,RAB8A,PSMB3,WDSUB1,DDX46
13245,CD164,C11orf58,LEPROTL1,MRPL40,H3F3A,SEMA4A,SETDB2,DNAJA1
13246,MRPL14,ATG4B,FLNA,SNAPIN,AEN,RABGGTB,MRPL54,C5orf56
13247,NDUFB3,CKB,PHKG2,LARP7,RIOK3,MSRB1,ABI3,RHOH
13248,SEC11A,RIOK3,SF3A3,FKBP5,RNH1,CCDC124,MRPS35,FAIM3
13249,NOL8,ACTR2,TIGIT,CANX,NOTCH2NL,PRKAR1A,RAF1,AKR1A1
13250,BLK,ERGIC3,CHP1,TNFAIP3,C10orf54,MARK3,PTPN6,NDUFB1
13251,PFDN1,IRF2,DNAJC8,GSDMD,ECSIT,OSTC,PBXIP1,TRABD
13252,CD97,TPP1,TMED9,MATR3,UBQLN1,PRF1,CNPY2,SNRPG
13253,TUBG2,SLC15A3,KIAA0020,FIS1,BRD2,NMI,MMP24-AS1,GSTP1
13254,PNKD,PANK2,CEBPG,MRPL33,GIMAP1,SEMA4D,IER3IP1-1,FAU
13255,KLF2,HINT1,RPS10,HNRNPA2B1,FOPNL,PDCD2L,HNRNPA3,BUB3
13256,DTD1,NDUFS3,C17orf49,ATP6AP2,RNF167,SCCPDH,VOPP1,UXT
13257,PET100,C19orf38,NCKAP1L,YTHDC1,YWHAQ,MAGED2,C19orf38,WNT5B
13258,C11orf48,PA2G4,OSBPL7,ECI2,C11orf73,HPCAL1,SPSB3,AMICA1
13259,UQCR11-1,IAH1,CES2,TNFRSF4,CTB-31O20.2,CA2,RAB10,DDAH2
13260,GLG1,ACADVL,PRELID1,TNFSF10,C16orf80,DNPEP,TCF7,NDUFAF7
13261,CD300A,GPR183,ST3GAL4,CMTM3,RBM14,DPF2,FAIM3,TMEM205
13262,CLIC3,ATP6V0B,TRAF3IP3,NSA2,RPS11,SLC39A3,PABPC1,TNFAIP3
13263,FBXO8,RASAL3,CCT8,LAMP1,SLC2A8,ALKBH5,EIF2S2,TANK
13264,RER1,PRCP,RNF166,DEDD2,COG3,SDF2L1,RALBP1,ST13
13265,ATG3,PSIP1,DNAJB1,MAT2B,RPL19,EVI2A,PIK3IP1,GDI2
13266,MRPS7,SEP15,RCAN3,PSMD13,RABGAP1L,ARHGAP15,LTA4H,NDUFS2
13267,SRP19,DCTPP1,SNRPD1,CTDSP1,UBXN1,HMGN2,ANXA2R,EIF3H
13268,DECR1,ATP6AP2,OPTN,TCL1A,PLD4,TSC22D3,CHMP6,HLA-B
13269,LSM10,MRPS7,KLF4,NDUFS5,EIF3D,CSRNP1,RNF144B,NAPRT1
13270,SNHG7,CSDE1,NDUFB10,IGJ,UBL4A,RP1-3J17.3,HIGD2A,FGFBP2
13271,TUBA1B,MRPL45,PTCRA,SAMSN1,EFCAB14,PNKD,MRPS26,MRPL54
13272,SLC20A1,CA2,TRABD,NMRAL1,CNOT1,DIAPH1,HDAC1,C11orf58
13273,HVCN1,SNX17,C19orf66,LIMS1,POLR2C,AC147651.3,MTMR11,STK4
13274,TKT,MGST3,DGCR6L,ESYT1,MRPL34,TGFBI,EHD1,H2AFY
13275,DDIT3,PABPC1,TRAPPC3,NELFB,LINC00847,MRPL54,C7orf55,PCBP1
13276,STXBP2,ATXN10,COMMD7,IFITM2,ERP29,MFSD1,PSMB9,ZNF706
13277,HLA-DQA2,PAIP2,LYPLA1,EBPL,TBC1D10C,HLA-DQA2,C12orf57,PCMT1
13278,SQSTM1,TTYH3,NDUFA9,DBI,USP5,SSR3,PLGRKT,MS4A6A
13279,COX6A1,SNRPF,MRPS25,CHRNB1,ZNF428,PLAUR,SMDT1,TRAPPC2L
13280,CDV3,NFATC2IP,SHISA5,MAP2K7,STT3A,SLC11A1,CC2D1A,LLPH
13281,WTAP,TPMT,RPS26,RNASET2,DESI1,LRRC8C,NDUFB3,PSMC3
13282,TECR,MS4A7,WDR61,DNTTIP2,MRPL52,TUBA1A,LYPLAL1,RRM2
13283,IL16,VPS28,VCP,COX7C,UBE3A,GGCT,ZFAND6,CASP1
13284,DUSP1,COX6B1,PQBP1,CCDC107,SND1,AP2B1,EMC4,NUDT5
13285,ITGB2,C5orf56,LGALS3,U2AF1,INO80C,ARHGEF40,TCIRG1,APEX1
13286,TIAL1,RPN1,SPINT2,GBP2,REL,EIF4EBP1,C11orf73,RNASEH2B
13287,NDUFA7-1,CCDC18,CRIP1,PTGDR,SNORA76,MRPS12,NDUFV3,SERBP1
13288,POLR1D,ARIH2,GNB1,HMGN3,RNF139,MAF1,GLRX3,CACYBP
13289,WDR83OS,CTSL,CAPN2,SEPT9,ATP11B,ZNF22,EMB,WSB1
13290,TXNL4A,IL1B,P2RY8,NDUFA1,DOK1,MARCKSL1,NOL7,SPCS2
13291,CD160,DDA1,ATP6V1E1,PLAC8,DEK,RP11-139H15.1,TIMM13,ACAP1
13292,SEC62,ADA,TPRKB,CRIP2,BMPR2,RANGRF,MSN,CNPY3
13293,MRPL28,CCDC85B,MGST3,EIF3E,SRRM1,C14orf166,LZTS2,EVI2B
13294,PHPT1,VKORC1,HLA-B,TMC8,NDUFV1,NKTR,BRK1,MRPS36
13295,C17orf49,PRPF18,DCTN3,ABI3,RIT1,BLOC1S4,ATP5J2,PARK7
13296,TSPAN3,SNHG15,STMN1,NCOA4,HNRNPH1,RAB28,ARPC4,SRP19
13297,STX11,LAMTOR4,DCTN2,FAM162A,EIF2B1,VPS26B,ZFP36L2,TOX4
13298,SCP2,TMEM167A,STX4,RASGRP2,MRPL21,UGP2,U2SURP,EIF4H
13299,CCL3,MAP1LC3B,CD3G,RP11-291B21.2,C15orf57,ERI3,GUSB,GPBP1
13300,STX7,NDUFA5,SBNO1,C11orf31,NECAP1,MLF2,COPS6,METAP1
13301,YARS,NDUFA1,NBR1,NUDT1,NCOA4,CCDC59,TFEB,HCST
13302,ZDHHC6,SHMT2,LSM6,MACF1,CLEC2B,CYCS,PAPOLA,MRPS18B
13303,SETD3,ATP5EP2,DNAJB6,GNAI2,BAX,SRSF9,LCP2,CCNB2
13304,USP8,NOL7,NUCB2,MRPS21,RPL36AL,HNRNPC,CAMLG,PSMB6
13305,DEF8,AKAP13,ABI2,PSMB10,SNX17,HHEX,TMEM176B,RP11-139H15.1
13306,AKIRIN2,ADH5,MIR24-2,TARDBP,KCMF1,LINC00493,POLR3GL,H2AFV
13307,YWHAH,C1orf63,MRPL17,PCNP,RHOH,CD9,RPS27L,CD28
13308,VPS37A,PSME2,FES,API5,TCEA1,TMEM9B,IKZF1,HINT2
13309,MSI2,SCAND1,POMP,SORL1,MAP3K7,ZFP36L1,IRF3,NHP2
13310,DUSP23,GNG11,H2AFJ,NOP56,HIST1H2AC,AUP1,FCGR2B,PRR13
13311,HINT1,SLA,IDH3G,PPP3CC,MID1IP1,SHKBP1,NSA2,FAM49B
13312,ENSA,C21orf33,SNRPE,DDX56,MRPS31,CLU,ACIN1,SLAMF6
13313,UBE2G1,TXN2,SERPINB6,APBA2,DOK2,NEU1,DDOST,TMED2
13314,FDX1,NINJ1,FKBP2,TGFBR2,KIAA2026,MAP3K1,PRAM1,SMIM19
13315,XCL1,RPL10A,ARPC4,ANXA6,IER3IP1-1,NFE2,NDUFB2,CCL3
13316,RPL19,TSC22D1,PIK3IP1,TRIM39,CD9,NR4A1,CAPN1,RPL41
13317,RPL37A,CFP,APBB1IP,GLOD4,IFIT1,ZNF277,TMEM123,CTSW
13318,HN1,MRPL52,SPAG7,PRDX1,BIRC6,SEPW1,CES2,TSPO
13319,TMEM165,IL4R,PASK,SEPT1,TOR1AIP1,CCDC88C,GIMAP4,DECR1
13320,MGRN1,DUSP6,ODF3B,TPGS1,FKBP3,RPS29,NOP10,DDX39A
13321,XRCC5,LILRB2,INPP5D,CCM2,CPNE2,OCEL1,GBP2,COMT
13322,MRPL36,CDKN1C,SRPK2,C1orf43,RPS28,NDUFB11,VAMP2,ATP5D
13323,LMBRD1,COPS6,BZW1,SCML4,PFKM,LYAR,ADIPOR1,TMBIM4-1
13324,TIGIT,RPA3,LRRC26,CCT3,ZC3HAV1,RANBP1,GTPBP6,EIF3F
13325,PLRG1,RBX1,TBCC,RHOG,TMEM109,NDUFA8,SRI,CYB561D2
13326,NDUFB8-1,PPP2R3C,PDIA3,PRSS23,GLUD1,DOK2,RAP1B,FUS
13327,IQGAP2,TAOK3,FOSB,UBA2,TINF2,PF4,BLVRA,RNF181
13328,ISCA1,EMC4,UFD1L,HAVCR2,TUFM,DAD1,IFITM1,RXRA
13329,CYTIP,ARHGEF1,RHOC,ERBB2IP,TPM3,CYC1,SMAP2,RPUSD3
13330,SSU72,SPG7,PPIB,TUBA4A,TECPR1,HNRNPD,IGJ,ATP5E
13331,TOMM7,PLEKHO1,ARL5A,XRN2,PTPN18,SSR2,MRPL32,PYURF
13332,SNX5,NDUFB5,PRMT2,ITGB2,SF1,RSAD2,KIAA0125,BST2
13333,MRPS16,ASNSD1,RNF5,YIPF4,PITHD1,TCF7,FKBP8,LSM5
13334,RPS5,TAPBPL,LAPTM4A,XCL2,DDX3X,EEF1G,ARPC1B,SASH3
13335,RPL10A,HMGA1,SEPW1,USP14,CHD4,EIF3D,APOBEC3G,SSBP4
13336,G6PD,CD55,ATP5G3,LSM2,MGST3,CBX3,SORL1,TNFRSF1B
13337,JMJD6,TAX1BP1,DUSP2,RPS21,SQRDL,SCAND1,XXbac-BPG299F13.17,SUMO2
13338,TRIAP1,SIVA1,VPS29,GYG1,KTN1,UBXN4,CUL9,C17orf62
13339,REST,RPL26,MSI2,CIRBP,C9orf142,RTFDC1,TRAPPC2L,HNRNPM
13340,SNRPG,SEPT9,DNAJC9,ALKBH5,MYEOV2,RENBP,TPGS2,MOB3A
13341,C16orf13,ALKBH7,RNASEH2C,TXN2,IGJ,WSB1,RAB1A,SF3B5
13342,LTA4H,NUDT16,CHST12,S100B,KIF22,LMNA,VPREB3,KCNAB2
13343,RCN2,METRNL,TBCB,CHMP4B,TTC39C,CD63,PRF1,RPL39
13344,YME1L1,MRPL55,SF1,CNDP2,DGUOK,COA6,CALM1,PDCD2
13345,YPEL3,MFNG,NDUFB9,HSD17B10,SELK,CD300C,H2AFZ,PSMB10
13346,NKAP,TPGS1,EFHD2,IRAK4,USP19,GMPR2,ATG4C,GSDMD
13347,METTL23,RIN3,SH3KBP1,LSM14A,IL7R,SUPT4H1,MS4A7,EIF3M
13348,CCSER2,EIF4G2,KRT10,IMPDH2,FUT7,SOCS3,USMG5,CXCR4
13349,PDAP1,PLSCR1,MSRB2,BTN3A3,DUS3L,ANXA4,LSMD1,TMEM59
13350,EPB41L4A-AS1,PSMA3,PRDX6,AIF1,C1orf123,IL17RA,TMA16,C1orf162
13351,CHCHD7,PDIA3,SON,WHSC1L1,PDCD7,SIAH2,DDX17,EIF4A3
13352,MYH9,PTPRE,LLPH,KAT6A,PLP2,ARPC5,HCST,ETFB
13353,PFDN6,LEPROT,PSMB10,RAB34,CHCHD3,PLBD1,CASC7,GIMAP5
13354,GABARAPL2,PQLC3,PDIA6,LPAR6,LINC00152,SRSF4,EIF3F,TTC39C
13355,COA4,SLC25A6,RAD23A,SOD2,DEXI,CNPY2,WIPF1,SEPT9
13356,CLN3-1,ID2,MT-ATP6,PRPF8,GAK,PEBP1,CD53,ARL6IP1
13357,RAP1B,CD47,MCL1,SAAL1,FGD3,TXNL1,HNRNPF,ZBTB8OS
13358,HSD17B11,UQCRQ,ARHGDIA,RILPL2,SSNA1,IGSF6,DAZAP2,USMG5
13359,ALDOA,KDELR2,SVIP,UXS1,NDUFS4,SH3BGRL,MARCKSL1,RSL1D1
13360,UBB,GUSB,VPS13C,BCL11B,RAB2A,PFDN2,UTP6,DNAJB1
13361,C11orf58,RPL15,SP110,SELPLG,CDC40,NDUFB10,PAIP2,CELF1
13362,RPS7,ARHGDIA,DNAJA1,LINC00936,INSIG1,CD97,WHSC1L1,SP100
13363,ECH1,LYSMD2,SET,IK,PHF20,ATF6,PARVG,APOBEC3A
13364,TRPC4AP,MYL6,FGR,SNRPC,C18orf32,GIMAP7,RPL36,SDHC
13365,ORAI1,ARFGAP3,FKBP3,TRADD,APOBEC3G,PLCB2,KHDRBS1,ARRB2
13366,TIMM17A,AIMP1,CCND3,GBP1,S100A8,XRCC6,CHMP3,SAMSN1
13367,SYNE1,ASCL2,CD40LG,PSAP,FERMT3,ASGR1,BTG2,S1PR4
13368,LINC00116,EIF4A2,CHMP5,RBM6,KIF3A,FAM65B,NHP2L1,GZMH
13369,OSTF1,LSM1,ANXA5,TMEM141,TIAL1,IFRD1,SIGLEC9,FMNL1
13370,CCNG1,MYOF,CYTH4,ELOVL5,SPATS2,CD164,YWHAE,GIMAP1
13371,CHCHD5,C5AR1,ASB8,CCDC85B,TRAM1,EXOC6,BUB3,TSTD1
13372,CAMLG,PNISR,KDELR2,RASSF5,HNRNPUL2,SIRPA,NDUFB7,EWSR1
13373,SAFB2,MAFB,TMEM109,SON,MINOS1,ADSL,AL928768.3,ATP6V0B
13374,GRAMD1A,CEP85L,AP2M1,XRRA1,CASP1,SRM,PIGT,ARHGEF1
13375,UNC45A,EIF5AL1,TMEM230,ATP5D,THOC2,MAP3K7CL,NUDC,PPP1R18
13376,SFPQ,GPS1,POP5,DCXR,PHF1,CLEC7A,CLTA,SSR2
13377,TC2N,FAM49A,TMED10,TXK,DNAJA3,TMX1,ANXA4,GSTK1
13378,TNFSF13B,CHMP2A,YIF1B,FAM96A,MRPL32,PDCD6,FOLR3,NOSIP
13379,GRN,NAPRT1,RTN4,ITGA4,WNK1,THOC6,ADD3,MDH2
13380,HAGH,CAPNS1,NDUFA1,HLA-DRB1,HLA-DMA,YWHAB,RNF135,POLR2J
13381,UBE2D3,GINM1,THOC6,EMC3,TMEM192,CITED2,ENTPD5,CEP85L
13382,RNF126,GIMAP5,ALDOA,ERP29,SSBP1,CYTH4,SRRM2,ERP29
13383,ILF3-AS1,SELL,PRDX2,AKR1C3,ILF2,TSC22D4,TWF2,EIF3G
13384,MRPL20,STX8,USP33,PSMD7,OTUB1,SCO2,BTN3A2,PRDX1
13385,DOCK2,CLEC2B,ABI3,CNPY2,ECHS1,DBI,ITGA4,CHCHD1
13386,SLA,AKR1A1,SEC61G,SBNO1,TMEM199,PTPRA,CTSW,LMF2
13387,PGAM1,VCP,HLA-A,CAND1,CHURC1,XRN2,EDF1,PPP2R5C
13388,TOB1,TXNIP,KTN1,BPGM,LSP1,TMA7,EMC7,SON
13389,CXXC5,VDAC1,C20orf24,RPL15,CABIN1,HSD17B10,MPC1,BTN3A2
13390,WDR83,ORAI3,CISD3,PIM2,ODC1,HIST1H1C,GLUD1,LINC00936
13391,DUT,LGALS3,CARD16,TXNDC12,ATP5H,ZFP36,THOC7,SEC11A
13392,ANXA6,CNIH4,MIF,ACAP1,AMICA1,PRDX6,ATP5O,SS18L2
13393,RP11-220I1.1,LDHB,SOD1,NOL7,SUMO1,CTSC,APBB1IP,MMADHC
13394,METTL8,CCT6A,EFHC1,FLT3LG,ADH5,SERP1,ENSA,EPSTI1
13395,MRPL32,SERBP1,RPL7A,CTSS,ZNF622,JUND,GUCD1,FAM107B
13396,TAPSAR1,MRPS16,RPS4Y1,EWSR1,PAFAH1B1,RUFY1,KIAA0930,PIN1
13397,DIAPH1,HNRNPF,RNF181,EMC4,EVI2A,CASP1,NR4A2,MRPL44
13398,SNX3,ARL4A,NDUFS6,CAPG,CCDC53,RGCC,SCPEP1,NAA38
13399,FNTA,SNHG8,LSM1,SREK1IP1,RBM4,SEC61B,VAPA,APOBEC3G
13400,ARL6IP1,MX1,CITED2,ADSS,URM1,LY86,CYBB,SDHB
13401,RPS19BP1,PDCD5,DAZAP1,LRCH4,PEX19,CLTA,MRPL18,LSM10
13402,BTN3A2,SEPT7,TIMM8B,IFT20,NUDCD2,FLYWCH2,CASP4,ARPC5L
13403,MCL1,XAF1,LILRB2,EVL,NDUFA13,DGCR6L,YAE1D1,PDCD4
13404,ST3GAL1,PSMB10,ANAPC11,TMC6,GRK6,ILF3-AS1,TGFB1,PSMD4
13405,SMDT1,PRDX2,RPS20,SLC38A2,PTPRE,CEBPB,CHMP1B,UQCRQ
13406,ACADM,POMP,CAP1,PPIG,TAGAP,STX11,HNRNPR,LGALS9
13407,C19orf43,EIF2S2,BABAM1,SERPINB6,DCK,NUMB,TRAF3IP3,CD69
13408,TLE4,YPEL5,VAMP2,SRSF7,PEMT,UBE2D2,FAM65B,RNPS1
13409,RAB8A,CMTM3,RNF7,NDUFS3,EIF3F,PGK1,KIF5B,KRTCAP2
13410,FAM98A,IDO1,CLEC10A,VASP,VIM-AS1,SMC4,THEM4,RPS9
13411,CD7,LYN,LCK,VDAC1,DHPS,TMEM40,NINJ1,CTC-444N24.11
13412,HSP90B1,MT-ND4L,VPS51,PSMA7,STXBP2,EGLN2,RNF114,PGAM1
13413,TBC1D1,HDDC2,TSEN15,CCT4,ORMDL2,UBA52,YWHAQ,DEK
13414,UBL5,ZNF706,H2AFV,JTB,PCGF5,HMGB1,TRIM14,EEF1G
13415,TSC22D3,EIF3I,COX5B,TCEA1,MRPL55,IL2RG,TMEM173,CCNB1
13416,AP2S1,TAF10,TUFM,CCZ1,TEX264,YBX3,RSRC2,CD2
13417,RPS16,TSPO,MRPL23,LSP1,FXYD5,FAM50A,PSMB6,NEMF
13418,RAB11B,TYMP,PARK7,GNB2L1,IFI6,GNG5,FAM63B,BIRC5
13419,ATRAID,CCT4,PCSK7,HLA-DQA1,GGCT,ZSWIM7,NDUFS5,KHDRBS1
13420,FAM173A,TMED2,RGCC,CAPZB,ZFP36,CORO1A,SRSF5,ITPA
13421,CAP1,SULT1A1,IK,S100A9,PARL,RPL22,IFI35,SUB1
13422,OS9,FMNL1,ZNF706,RPS29,PSAP,CLTB,TNFRSF1B,PSMA7
13423,CCDC107,RAN,APP,ARHGAP30,SERINC1,GAPDH,EAPP,GYPC
13424,ARL14EP,MCL1,IL1B,PMVK,RGS10,BUD31,HMGN1,PRF1
13425,MRPL9,DDX46,IFITM1,PASK,ECHDC1,MZT2A,UXT,MDH1
13426,PILRB,MED10,PPP1R14B,SPAG7,ATP6V0B,POLR1D,MOB1A,CALR
13427,MZT2A,GZMB,METTL9,KIF5B,COX6A1,NUDC,FLNA,ATP5H
13428,CHMP1B,COX7A2,PGLS,GLO1,CCAR1,CCNI,TNFSF13B,RNASET2
13429,PLEKHA3,POLR2C,ATP6V1H,TADA3,TUBB1,CHCHD5,HIST1H2AC,RBM8A
13430,CD247,RHEB,LAMTOR2,SEP15,CLU,C12orf57,MYH9,CCT8
13431,CASP4,PTPRCAP,GNAI2,ARVCF,RPUSD1,COX7A2L,LILRB3,CTSH
13432,EID1,G0S2,PNRC1,PTOV1,RGS1,EIF3E,SP140,EZR
13433,EEF2,RBM39,WBSCR22,HP1BP3,PA2G4,NEAT1,MRPL20,PPA1
13434,ERGIC3,CLU,S100A8,COX5B,ST13,PSMD7,BAZ2A,CORO1B
13435,EIF1,DEK,FYN,STX8,CECR1,FAM107B,METTL21A,HCLS1
13436,IFI27,DDIT4,BRI3,RGS10,MCTS1,RAC1,AHNAK,POP4
13437,LINC00926,MTPN,TNFSF13B,FMNL1,PPP2R5A,AKNA,FXYD5,TBC1D10C
13438,ARPC2,SMDT1,CHCHD2,GIMAP7,SLFN5,BANF1,SOD1,NDUFC2
13439,NHP2L1,C1orf123,COX7A2L,KARS,TRA2B,CALHM2,TXNIP,CD7
13440,SNHG8,NCL,ZNHIT1,HLA-DPB1,MPV17,MYADM,ARPC2,ARHGAP9
13441,BCAP31,APEX1,IRF2BP2,RCSD1,IL10RA,CNPY3,CRIP1,UBB
13442,CRTAP,RAB4B,FKBP11,ORC4,C14orf2,MIEN1,IL32,PSME2
13443,RHOA,MNDA,PSMB3,EFHD2,TUBA1A,DNAJC7,CAST,UBE2L3
13444,PIM1,ANP32E,ANTXR2,LDLRAP1,NDUFS6,C4orf3,CHMP4A,HN1
13445,RABAC1,SH3BGRL3,C12orf57,PDCD6,FCN1,CWC15,IFNGR1,TXNIP
13446,RPLP0,NDUFS5,GSN,ANAPC11,MS4A1,HLA-E,MRPS23,CCNA2
13447,MT-ND3,H2AFY,CPVL,PPT1,OCIAD2,SF3B14,RHOB,PMVK
13448,PPP2R5A,SDPR,TMEM14C,SNHG15,ZFP36L2,SEC62,RAN,CD247
13449,DCAF11,DARS,COMMD3,TTC39C,CCNI,MMD,ARL6IP5,GZMB
13450,PSMB3,ACP1,IL10RA,ARHGDIA,ACAP1,DHPS,RPA2,CAPG
13451,ANAPC13,EMP3,GIMAP1,ERICH1,NOB1,ANXA2,TANK,CASP4
13452,PNISR,MOB1A,FOS,UCP2,ABHD3,CTSZ,GRAMD1A,SNRPB2
13453,XCL2,GTF2A2,SRSF3,SRP9,PPP1CA,OAZ1,SUMO1,ACTR3
13454,MT-CYB,LIMS1,EIF4A3,DNAJA1,KRAS,BNIP3L,LCK,TMEM258
13455,ABHD14A,GHITM,KLHL6,RGS1,C1QBP,FPR1,RPS16,EEF2
13456,EIF4A2,SRSF3,SDHAF2,LUC7L3,TGOLN2,RNF181,PPA1,CCT5
13457,CITED2,GRINA,MZT2A,PTGER4,LBR,METTL9,NDFIP1,MAGOH
13458,POLR2F,NUCKS1,COX6A1,CSRNP1,KMT2E-AS1,ZFAND5,C14orf80,LITAF
13459,STK11IP,CALM3,AP2S1,SERF2,ATP5C1,HLA-C,POP4,FAM26F
13460,GSTP1,GIMAP2,ILF3,SSR4,DNAJB14,CARS2,IL2RG,SRSF7
13461,UFC1,MFSD12,DSTN,LSM1,APRT,RPS10,HSP90AA1,SLC25A5
13462,SEPT7,SPI1,EEF1A1,HSH2D,POLR2K,PHPT1,ZNF544,AIF1
13463,KLRB1,SERF2,FCGRT,LYRM2,CHCHD10,EWSR1,ECH1,RPLP0
13464,SNX17,ACTB,TUBA1A,STAT1,RBX1,CCT5,HOPX,CST3
13465,FCN1,DUSP23,FAM96B,PIGT,MDH2,RPS27,C6orf48,HNRNPDL
13466,LINC00152,PSMG2,CALM3,ATP1A1,MZT2A,ZNF703,PRDX5,HSPA8
13467,SERP1,COPS5,MRPS21,CGGBP1,SRSF5,MGMT,CSK,CITED2
13468,NDUFB10,PSMD11,COX6A1P2,ITGAE,ANP32B,IFI6,EAF2,HNRNPR
13469,FXR1,IGLL5,CFP,DEGS1,EMB,COX6A1,ARHGDIA,HLA-DQB1
13470,EVI2B,MORF4L1,ITM2C,MT-ND2,NFYC,CAPZA2,VAMP5,SAMHD1
13471,NDUFA11,TMEM14B,ATP5H,XBP1,CHMP5,EIF3J,CFL1,NOP10
13472,MMADHC,PGLS,NDUFAF3,ITGB1,CSK,PPP1CA,HSP90AB1,EIF3D
13473,KLHDC2,ATP5A1,FBXO21,NPC2,C11orf48,RPS28,TKT,ATP5F1
13474,FLOT1,PTGES3,GUK1,TFG,EPSTI1,DYNLT1,UBXN11,SEPT1
13475,PYCARD,BIN2,GPX4,OLA1,PEBP1,SPG21,SERBP1,KLF2
13476,CTSD,SPRTN,CLEC4C,PCMT1,NCOR1,UBXN11,KLF6,UBE2L6
13477,GLTSCR2,GLUD1,IDH3B,SH3KBP1,RBM3,BLOC1S1,LILRB2,RPS16
13478,LAPTM5,VMP1,IFITM3,APEX1,IMP3,UCP2,ANAPC5,PNISR
13479,SERINC1,SOD2,SSNA1,LYPLA1,U2AF1,CD48,DOK2,TIGIT
13480,MX2,SH3KBP1,PSME2,OAS1,LCK,GNAS,PRKCB,CYCS
13481,BLOC1S1,ARPC5,COX6B1,ATAD1,SLC25A6,RGS2,STK4,ATP5O
13482,CCT5,PCBP2,EOGT,SRRM2,SOD1,SSR4,WDR77,ZFAS1
13483,NDUFA6,ZMAT2,BIN2,TBCC,NPC2,MRP63,AQP3,ID2
13484,TSPO,GAA,CD63,LSM6,POMP,ANXA1,LGALS9,VAMP8
13485,SH2D2A,PSMB9,ARF1,ICAM3,POLR2J,ALDH2,SEPW1,CD44
13486,PPIB,EIF3H,G3BP2,PTPN6,HNRNPR,NDUFB1,CD7,EIF3L
13487,TAF7,SNW1,ZNF428,YWHAZ,NARF,UBE2D1,CCDC109B,PHF14
13488,REEP5,SERPINA1,MRPL14,TMEM59,SDPR,CD14,LINC00926,COX6C
13489,HLA-DMB,STK10,ARPC1B,FERMT3,PRR13,MPP1,CST7,ATP6V0D1
13490,CLTB,DBNL,NDUFB2,TOMM20,LST1,FXYD5,ZFAS1,EID1
13491,RSF1,NAP1L1,PTGDS,EMG1,PPP2CA,EIF5,IRF1,CSNK2B
13492,LSM7,VAMP2,UBL5,ISG15,GNG11,RBCK1,HMOX1,SRP9
13493,SAMD3,ATP6V0E1,UFC1,SOCS3,YWHAB,RPL35A,SLC25A6,FAM96B
13494,PRR4,UBB,C19orf10,MRPS36,SPG21,RPS3,UQCRC2,MYO1F
13495,GIMAP4,DCTN3,ITGB2,MPHOSPH8,PTGES2,COQ7,HN1,S100A11
13496,HENMT1,KARS,H2AFZ,SELL,COX7A2,TMEM50A,HNRNPH2,UCP2
13497,SPSB3,DTYMK,TSG101,MARCKSL1,C14orf1,SGK1,RASGRP2,TMBIM1
13498,RBM25,GLTSCR2,PABPC1,TAGLN2,STK17A,TMEM66,NRGN,ATP5J2
13499,CMPK1,C4orf3,CEBPD,NAP1L4,TMEM258,GLG1,CELF2,OPTN
13500,DENND2D,MTCH1,MZT2B,RBL2,ZBTB8OS,LILRA5,FAU,EFHD2
13501,GNAS,ATP5B,CCL4,NDUFC2,PRPF31,GSTK1,ARF6,ANXA5
13502,HLA-DMA,CCL4,ID2,RGL4,STAMBP,GNLY,POLR3K,GPSM3
13503,GLRX,TIMM13,SCT,EIF4H,CUL4B,CTD-2035E11.3,LRRFIP1,RGS2
13504,CEBPD,OST4,RPS16,EMC7,EIF3G,ST13,PRR13,UBXN1
13505,STX18,ZYX,SRSF7,DARS,PCBP1,HSD17B11,MANF,THOC7
13506,AP3S1,PPIA,STK10,SMARCA4,GLB1,CAPZB,CORO1B,CUTA
13507,CHST12,RGS19,C10orf54,DSCR3,CD52,HIGD2A,SHISA5,RPL27
13508,RNF14,RPL36,RARRES3,PRDX2,RPS13,PTCRA,PGRMC2,TMBIM6
13509,HTATIP2,ZNHIT3,SEC61B,CYLD,HNRNPA0,SDPR,ST13,HNRNPA0
13510,ATP5I,VDAC3,SUN2,TYMP,CTSS,PCGF1,SRSF9,RBMX
13511,TAGLN2,MYO1G,SRSF2,CCR7,RAB9A,COMMD6,CCDC23,STMN1
13512,TMEM248,METTL13,ATP6V1F,MS4A1,FAM96A,EEF2,PSMD4,FOSB
13513,HIST1H1C,GLG1,EID1,DERL1,NANS,CAP1,RUFY1,CD48
13514,DPY30,RAB11B,FAM49B,MED28,RSL1D1,AP2S1,RCSD1,PMAIP1
13515,HAUS1,RPS29,M6PR,DDX50,HSP90B1,TNFSF13B,PPP1CA,LGALS2
13516,PWP1,BAX,LAMTOR1,OCIAD2,TMEM123,RPS5,CD27,GIMAP4
13517,CMC1,PRDX1,CD8A,TRMT112,TTC38,POLR2J,XRCC6,RPL36
13518,HNRNPH1,UFC1,GZMM,MOB2,SPOCK2,RABAC1,HSD17B11,RPS10
13519,SLC25A5,PKM,NDFIP1,VAMP8,FOS,CEBPD,RPL36AL,COX6B1
13520,ADRM1,UBE2L6,S100A11,DRAP1,PARP9,CPPED1,EIF5B,RPL22
13521,IGLL5,CAMK1,CAPZB,FNBP1,C14orf80,ARF5,TBC1D10C,TUBA1A
13522,PSMB2,LCP1,BID,PTPN7,NEMF,PRUNE,NAAA,DBI
13523,RTFDC1,CUTA,ITM2B,PTPN2,RNF149,MZT2B,EEF2,GNAI2
13524,FAM96B,GADD45B,NPM1,ARHGDIB,PRDX2,RPS2,PSMA7,U2AF1
13525,P4HB,RAC2,TMA7,GALT,AIF1,LTB,GZMK,COX5B
13526,CD53,HMGN1,C1orf162,TAP1,MIR4435-1HG,BLVRB,CYTH2,PLAC8
13527,SFT2D1,GIMAP4,C19orf60,PTGES3,RPS23,RAP1B,SGK1,EVL
13528,COPS6,CCL5,SLC25A5,GRAP2,SSBP4,POLR2L,ACTG1,RPS29
13529,CYB5A,CSK,IER2,CCDC12,NAP1L4,NDUFS7,STK17A,RPL18
13530,RPS24,FKBP8,PHB,THRAP3,CRIP1,THEMIS2,PDIA6,CST7
13531,C10orf32,ACTR3,CUL4B,RPL23A,CNPY3,GUSB,DECR1,IFITM3
13532,PSME1,ATP5I,CCL3,GPS1,EEF1B2,RPL41,CDA,C11orf31
13533,HNRNPK,PRR13,BRK1,MYADM,EIF4A1,MRPL20,CCDC12,SRSF3
13534,ARL4C,RPS26,PTPRC,GNLY,PDIA6,PTMA,ZNF207,COX7A2
13535,C15orf57,ATP5G3,CIR1,CORO1B,HMGB2,CLNS1A,EIF2S3,PSMA2-1
13536,ATP5J2,NME3,NDUFC2,IFI6,TOMM20,NDUFB8-1,CNN2,EEF1B2
13537,SNRPF,OAS1,CD247,HMGN1,DNAJB1,RPS7,C9orf78,SRSF5
13538,HNRNPA1,AP1S2,GNAS,LIMD2,S100A10,ATP5J,IGLL5,HLA-A
13539,HNRNPC,ZNF330,BAG1,TMEM230,PTP4A2,TRIM14,NDUFA12,PYCARD
13540,TCL1A,ANKZF1,ARL6IP4,RPS23,SIT1,IFI27,GZMA,PTTG1
13541,TMBIM6,DNAJC15,TUBA1B,TIMP1,CDV3,ANAPC16,EOGT,HNRNPA3
13542,CALM2,CCND3,ABRACL,SRP72,NDUFC2,TBCB,METTL9,LSP1
13543,MKRN1,ICAM2,DNASE1L3,SUPT4H1,RGS19,PHACTR1,LTB,ARL6IP4
13544,CD3G,PPIB,MORF4L1,RPS18,CDC37,TIMP1,ATP5I,STX10
13545,CD63,LAP3,TMEM59,NSMCE1,RNASET2,GTF3A,PCNP,CD37
13546,PSMD8,LYL1,PLP2,CPQ,TGFBRAP1,HSPA5,KLF2,COQ7
13547,GADD45B,RASSF5,DHRS7,RTN4,S100A4,GSTO1,ISG15,LCK
13548,ATP5L,UBC,PLD4,POLR2E,RPL39,NHP2L1,ANAPC16,LDHA
13549,NDUFV2,RP11-792A8.4,POLE4,MRPL21,NAP1L1,JUN,LUC7L,ATP5C1
13550,PRMT2,TUBB,CXCR3,STK17B,HSP90AB1,ACRBP,CCDC94,RPSAP58
13551,FUS,ARF6,TRAPPC1,RPS15A,BLOC1S1,SAT2,PTPRCAP,UBE2D3
13552,SMIM7,HNRNPA2B1,TIMP1,RBM8A,VPS26B,RGS10,S1PR4,FCN1
13553,CTNNB1,CIRBP,C9orf16,TTC8,NDUFAF4,TRAF3IP3,LSM4,PSMB8
13554,RPL6,EFHD2,WDR1,ARID4A,PBXIP1,IL32,SNX2,CCNI
13555,HSP90AA1,RPS15,EIF3G,TRABD2A,OST4,SNRPD1,SYF2,SELL
13556,C9orf16,MT-CYB,CD7,CRIP1,UBE2I,HMGB2,SLC7A7,TUBA1B
13557,GHITM,TUBA1B,POLR2J,REEP5,CD79A,C1QBP,SERPINA1,S100A8
13558,LAMTOR4,VASP,ATP5B,ETHE1,NOSIP,LAMTOR1,ATP5C1,LDHB
13559,SUN2,ISOC2,CD44,CCDC109B,POLR2I,ARPC2,EFHD2,ZFP36L2
13560,PPBP,SRSF7,MT-CYB,LAT,MT2A,GPX1,YBX1,ZFP36
13561,PSMA7,C9orf16,COX8A,FKBP1A,RPL35,TMEM256,CCDC85B,IER2
13562,INTS12,MYL12B,STRA13,BIRC3,NEDD8,NAAA,HLA-F,MYL12B
13563,NFE2L2,CSNK2B,C9orf142,RPL7A,TALDO1,CSF3R,CBX3,IFITM1
13564,GUK1,RPS6,ARGLU1,APRT,TACC1,TAGLN2,RRP7A,RARRES3
13565,PLEKHF1,ATP6V0D1,FBL,CSNK2B,CD48,NDUFB9,OST4,CNN2
13566,SLC3A2,PLAC8,ARL4C,ENTPD3-AS1,HLA-DQB1,WDR83OS,SRRM1,CD27
13567,HNRNPDL,COPE,GZMK,UBE2B,CST3,TUBA4A,ASB8,LIMD2
13568,RPL18A,STX7,SRP9,IGFBP7,MT-ATP6,TMEM219,RPL13A,PSME1
13569,PLEK,EIF3L,NEAT1,CHMP2A,NDUFB5,TOMM7,RBMX,NEDD8
13570,ZNF92,POLR2I,SPSB2,SIVA1,VAMP8,SRP14,ATP5G2,SLC25A3
13571,FOS,CD44,NDUFS5,FYB,RPS5,RPS20,UBC,TOMM7
13572,RPL10,CASP4,GIMAP5,CLIC3,GSTO1,BTF3,RPS12,RPS21
13573,NDUFA5,CD53,COX5A,NDUFA12,RPL28,TUBB1,NDUFA13,ANXA1
13574,MYLIP,LSP1,RPL23,RHOC,ATP5B,MT-ATP6,NANS,MT-ND4
13575,OCIAD1,NDUFA2,ZNF263,UBXN4,ANXA5,TSC22D1,IGBP1,RPL36AL
13576,CALM1,CASC7,TMEM66,EEF1D,UQCRC2,ATP5G2,MYADM,RPL23
13577,METTL9,COX7C,USP30,APH1A,PXMP4,KLF2,CHTF8,IFI6
13578,AMICA1,TMEM59,NOSIP,LAMTOR2,PKM,MRPL9,AES,ARPC2
13579,APOBEC3G,NKG7,PRF1,RPL37,GPKOW,MS4A6A,ANXA6,HNRNPA2B1
13580,AHSA1,RPS3A,MS4A6A,KLF6,ATP5G3,EIF3F,IFITM3,LCP1
13581,GABARAP,SOD1,ENO1,SNF8,SUB1,VPS29,RPL35A,SQSTM1
13582,ARPC1B,RNH1,RPL6,ARPC5,CD8B,GPX4,ABRACL,GZMA
13583,TBCA,ADAR,HSPA8,RRAGC,S100A9,SNX3,NAP1L1,JUN
13584,TYROBP,CYTIP,ZFP36L2,JUNB,SH3BGRL,BTG1,CD48,TYROBP
13585,CCL4,TMED5,CD99,BIN2,EIF4G2,CCL3,ATP5E,GLTSCR2
13586,STOML2,GDI2,ARHGEF1,ATP5O,MT-ND1,POLR2G,RHOA,NDUFB5
13587,POLR3K,RXRA,AMICA1,SF3B5,NAA20,GSTP1,C19orf43,HLA-DPA1
13588,IGJ,ENO1,LILRB4,CGRRF1,RPL14,NCOR1,RPL38,LGALS1
13589,DDX46,ACAA1,SKP1,EDF1,ZNF836,IL8,NEDD8,RGS1
13590,ABT1,GLRX,APRT,RPS9,RBM7,C2orf88,ARPC5,CD53
13591,RNPEPL1,RPL8,SRP14,SNRPD2,SBDS,ST20,APOBEC3A,LY6E
13592,RPL27,RPS5,TUBB,EIF3I,SPCS2,NGFRAP1,RP11-211G3.2,YWHAB
13593,HLA-F,LAPTM5,IFITM2,ICAM2,ARPC1B,LYZ,LAPTM5,CD52
13594,DDX5,C19orf53,CSTB,SF3B1,BTF3,MPEG1,CIB1,ILF2
13595,FDPS,CCT7,ORMDL2,IGBP1,SAFB2,PSMD4,RPS6,CYBA
13596,RPS2,PTPN6,PSME1,RPL11,RPS26,ZBP1,CD69,LAPTM5
13597,RALY,HLA-DPB1,AP1S2,CD79A,HLA-DQA1,FGR,FPR1,MT2A
13598,CYBA,BID,CLIC3,GIT2,NUDC,RHOA,RPL26,DDX5
13599,LCP1,PF4,ZFP36,CR1,MLX,SELT,EIF4A2,GNLY
13600,GLRX3,WDR1,CNPY3,VPS28,ARGLU1,RWDD1,GMFG,TRAF3IP3
13601,RAD51B,LRRC25,SAMHD1,MRPL23,AES,ATP6V1G1,NPM1,MT-CO2
13602,CST3,TBCB,CAPNS1,PAIP2,TMA7,EMC10,POLD4,CD3E
13603,PFDN5,APH1B,H2AFY,TMEM123,TRAF3IP3,APOBEC3B,RPL30,HLA-DRB5
13604,CLIC1,HLA-F,LST1,POLR3GL,DBI,LY6E,FCGR3A,GIMAP7
13605,CLPP,PSMB8,NDUFB4,SH3BP5,RABAC1,NPC2,CNBP,RPS20
13606,RPL7,CLEC10A,FGFBP2,SKP1,GALT,LINC00936,CD44,COX7C
13607,HLA-DQA1,CHCHD10,COTL1,GOSR2,RPL36A,SNRNP35,MS4A1,TMEM66
13608,TGFB1,SQSTM1,GRN,TRIT1,HSPE1,RPL17,MYL12B,PTPRCAP
13609,HLA-DRB5,FXN,ALOX5AP,SLC2A3,HSPA5,RPS14,CARD16,S100A10
13610,HLA-DQB1,EEF1A1,UBE2D3,CD40LG,TMEM66,RPL19,CALM3,NEAT1
13611,TPT1,ANP32B,RGS10,NT5C,ATP5E,TNFRSF1A,UBE2D3,SLC25A6
13612,CCDC91,IFITM1,RPS3A,SPON2,CXCR4,CD99,POLE4,EIF4A1
13613,MS4A1,DNAJB11,TXN,RPS7,CYBA,FYB,HNRNPDL,GZMK
13614,ITSN2,TMEM176B,GMFG,ATXN7L3B,MRPL51,ASAH1,SLC16A3,RPS26
13615,BSG,HSP90AA1,GSTO1,CEBPB,CD37,THEM4,FKBP1A,RPS23
13616,TMED10,HLA-DQB1,ATPIF1,IRF7,AIM2,DEDD,RPL34,HLA-DPB1
13617,ATP5E,ALDOA,CLEC2B,PSMB9,LDHB,NCF2,RPS4Y1,RAC2
13618,UBXN1,STXBP2,LGALS2,PPBP,CHMP4A,SRSF2,TMEM66,MX2
13619,NKTR,EVL,FYB,C6orf48,RPL32,GPSM3,ATP5H,PRDX3
13620,MTDH,TPM4,RPS12,RBPJ,TSC22D3,CDC5L,SAMD9L,CHCHD2
13621,IER2,PSMC4,RBM39,EIF3F,PF4,GNG11,MT2A,RBM3
13622,SERBP1,ATP1B3,GZMH,FOSB,S1PR4,PPIL2,CCNI,PPP1CA
13623,UBC,HLA-A,ALDH2,EEF1A1,COX6C,TMEM208,LY6E,RPS8
13624,EIF5B,RPL27A,SERPINF1,CD52,HLA-DPB1,SRSF5,HCLS1,BTG1
13625,LDHA,APMAP,PF4,MAL,PSMC5,RPL18,GPSM3,RPL12
13626,ATP5J,CD79B,WHAMM,EGLN2,POLR1D,GRAP2,EXOC6,MANF
13627,RARRES3,ARPC1A,KLRG1,SH3GLB1,RPS27A,CXCR4,CD3D,HMGN1
13628,CD48,COX8A,RHOG,PSMB8,RPL31,HLA-DMA,JUNB,ANXA2
13629,GPSM3,ARHGDIB,RAC1,RPL5,CD27,CHIC2,RPSAP58,RPL27A
13630,PHACTR4,RPL36AL,GABARAP,PLP2,MT-CYB,RPL10A,JUN,ABRACL
13631,ANXA1,FCER1A,GSTK1,PSMC4,UBC,SELK,CD52,HINT1
13632,FXYD5,RPSAP58,XXbac-BPG299F13.17,GMFG,MT-CO2,GABARAPL2,IDH2,RPL13
13633,ZAP70,HSPA8,TSC22D4,NDUFB11,RPS29,KLF6,TUFM,KLF6
13634,KLRG1,NACA,LILRA4,MT-ATP6,CD3E,IGLL5,TPT1,PFDN5
13635,GNB2L1,COTL1,RPL27A,CNBP,S100A11,C19orf43,PFDN5,RPL31
13636,FGFBP2,TPI1,GIMAP7,GTF3A,GSTK1,RPL27,GLTSCR2,S100A9
13637,ARPC3,TMEM165,IRF7,EAPP,PRDX3,ATP5O,DUSP1,DUSP1
13638,RPLP1,ATP5L,LZTS2,RGCC,SAT1,SUMO3,GIMAP7,S100A6
13639,MT2A,TBC1D10C,GIMAP4,COMMD6,GPX1,C6orf48,ISG20,RPS13
13640,C9orf142,LTB,CST7,CISH,MT-CO3,THYN1,NEAT1,ATP5G2
13641,NACA,EEF1B2,ATP5E,C1orf162,CCL5,CXCL10,CFD,RPS5
13642,RPL29,RPL37,PPBP,HCLS1,RPLP0,HIST1H2AC,ITM2B,RPS4Y1
13643,ARPC5L,ARL6IP5,RNASET2,SH3BGRL,ANXA2,FAU,RPS26,CHTF8
13644,HNRNPM,C1QA,GSTP1,EMP3,RPS12,NOSIP,CD63,HLA-DRB1
13645,HOPX,COX5B,ANXA2,RPS28,MT-ND5,TPT1,PF4,RPL6
13646,RORA,NDUFA11,GZMA,SLC25A3,MYL12B,CHMP1B,GSTO1,RPL8
13647,GZMB,CEBPB,RBM3,GLYCTK,LAPTM5,HLA-A,RARRES3,CARD16
13648,RAN,MT2A,IL7R,N4BP2L1,ATXN3,RPL36A,NKG7,COX4I1
13649,ZRANB3,B2M,SPCS1,RPL41,USP8,OLA1,CCL5,NKG7
13650,S100A8,HLA-C,MT-ND5,COX4I1,PFN1,FAM32A,TOMM7,GAPDH
13651,POLR2L,LILRA3,FCER1A,LYZ,BEX2,FOS,SH3BGRL3,RPL5
13652,CXCR4,LSM6,RPL14,PRF1,RPL21,RPLP0,HMGB1,NPM1
13653,UBE2D2,ANXA1,CTSW,FAM210B,OAZ1,MT-CO3,FCN1,GNB2L1
13654,GZMM,YBX1,SERF2,ATP5H,HLA-DRB5,RFXANK,CD79B,RPL37
13655,CD8A,RPS3,RPL4,DDX17,ISG20,DDX5,GNLY,IL32
13656,NDUFA4,LDHA,MT-ND4,BTG1,RPL27,PNRC1,RPL31,UBA52
13657,RPL17,RHOC,S100A9,RPL24,PRR5,RPS25,SAT1,CD3D
13658,PLAC8,ARPC1B,OAZ1,CD69,LYZ,BRI3,CTSS,S100A4
13659,BST2,RAB8A,RPL13A,TMEM50A,RPL13A,ITM2B,HMGB2,RPL7A
13660,LAMP2,CDA,HCST,NAP1L1,TMSB4X,RPL34,SMIM7,RPL17
13661,PFN1,PPDPF,SH3BGRL3,SRSF3,RPS10,TALDO1,MT-CO2,RPS25
13662,CCNI,RPLP1,EIF3K,TCP1,RPLP1,RPS13,ACTB,LTB
13663,PRDX5,TPM3,B2M,RPL10A,FLNA,RPL27A,RPS20,GNB2
13664,IFI44,RPS19,S100A10,CST3,RPS15,HLA-DRA,RPL36A,VIM
13665,NFKBIA,ABI3,CD3E,LGALS1,ATXN10,EIF3K,CD79A,HNRNPA1
13666,CD79B,MVD,RPS27A,NBEAL1,RPL13,CD37,HLA-E,BTF3
13667,NCR3,RPS21,FCER1G,TRAPPC1,PTPRCAP,B2M,ASAH1,RPS18
13668,MT-CO2,RPS7,TMSB10,RPL21,RPL7,RPS15A,RPS24,FOS
13669,CTC-444N24.11,CSTB,TYROBP,FCER1G,VIM,RPS6,RPL15,HLA-DRA
13670,MRP63,UBE2D3,VAMP8,LY6E,IL32,SNRPB,MT-ND2,RPS14
13671,DUSP2,FAM26F,MT-ND2,RBM7,ATP5A1,S100A10,ATP5L,JUNB
13672,RP5-1028K7.2,HLA-DRB1,COMMD5,RPS15,RPL7A,RPS11,RPLP2,CORO1A
13673,HCST,C1QB,NPC2,DHRS7,TRAPPC3,RPL14,RPL18,RPL30
13674,LEPROTL1,EIF1,LDHB,PHF14,YES1,ZNF106,LST1,RPL26
13675,SRGN,ACTG1,CD2,TAF1D,NME3,IER2,AIF1,NACA
13676,ID2,IDH2,ANXA1,FGFBP2,PACS1,STRA13,GAPDH,TPT1
13677,CD79A,MALAT1,EEF1D,RPS14,YBX1,PSMA7,FTH1,RPSA
13678,PGK1,ISCU,EIF4A1,SRP14,CD3D,MT-ND1,PSAP,RPS2
13679,PCSK7,IFITM2,GAPDH,RPS25,RPS18,MYL12A,COTL1,RPL23A
13680,CDC42EP3,HLA-DQA1,ACTG1,RPL35,GZMK,HNRNPA1,IFITM2,ACTG1
13681,PTPRCAP,ISG15,RPS2,FCGR3A,RPL9,NKIRAS2,CD37,RPL9
13682,PRF1,DRAP1,MYL12A,NEAT1,RPL36,EDF1,EVI2B,RPL10A
13683,RPSA,HLA-E,CD3D,PPDPF,EPN1,RPS23,RPL35,RPS15
13684,ANKRA2,RPLP2,GNLY,RPL38,RPS8,NBR1,MT-ND4,RPS24
13685,HLA-DRB1,RPL37A,S100A6,ZNF32,HLA-DPA1,RRS1,RPS27A,MT-CO1
13686,COX6C,RPS8,PFN1,FTH1,CORO1A,ZNF394,PPBP,PFN1
13687,GZMH,RPL21,FTH1,PTMA,STOML2,DUSP1,EIF1,LYZ
13688,FTL,RPL19,H3F3B,ATP5G2,COTL1,RPS16,EIF3M,RPL32
13689,EEF1B2,RPL7A,GPX1,HLA-B,JUNB,RPL31,RPL24,RPL34
13690,S100A9,RPL9,LGALS1,RPL35A,PPBP,CFD,BTG1,RPS6
13691,TMEM222,RPS18,UBB,MLLT11,RPL10,JUNB,RPS25,RPS4X
13692,SH3BGRL3,SAMM50,VIM,RBM39,HLA-DRB1,RPS27A,MT-CYB,RPL7
13693,RPL15,ARAP1,RPS14,NEMF,FTL,RPS4X,RPL7,EEF1A1
13694,HLA-E,RPL35,MYL6,RPL18,RPL30,CD74,HNRNPA1,RPL19
13695,LRRFIP1,RPL24,UBXN4,MT-CO1,MOCS2,C4orf33,RPS27,RPL15
13696,CCT2,ADI1,CFL1,RPS11,DEF6,RPL6,MT-CO3,RPS3
13697,PPIA,RPL30,RPLP0,JUN,S100A6,RPL23A,RPS15A,RPS27
13698,TMX2,RPSA,RPL28,TYROBP,BRWD1,RPL4,ARHGDIB,RPL14
13699,LYZ,WARS,MT-ND1,HLA-DRA,SSR2,RPL13A,HLA-A,RPL29
13700,CCL5,RPL10,IL32,BRWD1,UBA52,RPL5,HLA-C,HMGB2
13701,HLA-DPA1,SAT1,CCL5,C14orf166,ATP6V0E1,RPL3,S100A4,RPL28
13702,S100A6,LST1,TMSB4X,VIM,ANXA2R,UBXN1,MT-CO1,RPS27A
13703,TXNIP,PPBP,RPS4X,RPL22,RPS9,HLA-DPA1,RPL23A,RPS15A
13704,HLA-DPB1,RPS12,NKG7,NUDT16L1,HLA-DRA,CALM1,TMSB10,RPL21
13705,GZMA,FCGR3A,SRGN,CD37,RPLP2,COX4I1,MT-ND1,RPL18A
13706,HLA-C,HLA-B,GZMB,RPL12,RPS27,S100A9,MALAT1,EIF1
13707,CST7,SRGN,S100A4,RPL23,MT-ND4,H3F3B,RPS19,RPS3A
13708,CTSW,RPL12,RPS3,RPLP2,RPS3,LGALS2,RPL21,RPL3
13709,GZMK,RPL28,RPL3,RPS19,UBB,RPS24,PTMA,RPL11
13710,GNLY,C1orf162,CST3,GZMB,FTH1,RPL13,MT-ATP6,RPL13A
13711,HLA-DRA,RPL29,SELL,CD74,RPL8,RPL32,B2M,B2M
13712,CD74,RPL18A,ACTB,TMSB10,CD74,S100A8,TMSB4X,RPL10
13713,NKG7,PRELID1,LYZ,FTL,RPL18A,RPL11,FTL,MALAT1
